global_index,gene_symbol,in_vcc_output,go_terms,reactome_pathways,string_degree,grn_out_degree,grn_in_degree,active_prior_count
0,TSPAN6,1,7,0,17,0,0,2
1,TNMD,1,6,0,33,0,3,3
2,DPM1,1,13,5,67,0,0,3
3,SCYL3,1,7,0,11,0,0,2
4,C1orf112,1,23,0,34,0,0,2
5,FGR,1,40,5,46,0,0,3
6,CFH,1,20,1,62,0,13,4
7,FUCA2,1,11,3,26,0,0,3
8,GCLC,1,32,3,45,0,28,4
9,NFYA,1,19,5,44,91,28,4
10,STPG1,1,4,0,6,0,0,2
11,NIPAL3,1,5,1,19,0,0,3
12,LAS1L,1,16,1,42,0,0,3
13,ENPP4,1,8,1,9,0,0,3
14,SEMA3F,1,21,0,35,0,7,3
15,CFTR,1,50,11,116,0,35,4
16,ANKIB1,1,11,0,13,0,0,2
17,CYP51A1,1,16,5,48,0,12,4
18,KRIT1,1,22,0,34,0,0,2
19,RAD52,1,21,3,84,0,0,3
20,BAD,1,31,5,41,0,12,4
21,LAP3,1,15,0,47,0,1,3
22,CD99,1,8,2,55,0,9,4
23,HS3ST1,1,6,1,33,0,0,3
24,AOC1,1,18,3,39,0,0,3
25,WNT16,1,18,2,40,0,4,4
26,HECW1,1,9,1,38,0,0,3
27,MAD1L1,1,25,6,56,0,8,4
28,LASP1,1,12,0,36,0,1,3
29,SNX11,1,8,0,34,0,0,2
30,TMEM176A,1,3,0,17,0,0,2
31,M6PR,1,22,5,40,0,0,3
32,KLHL13,1,8,2,41,0,0,3
33,CYP26B1,1,31,3,54,0,5,4
34,ICA1,1,12,0,26,0,1,3
35,DBNDD1,1,2,0,22,0,0,2
36,ALS2,1,31,2,44,0,2,4
37,CASP10,1,16,4,38,0,1,4
38,CFLAR,1,52,1,46,0,23,4
39,TFPI,1,11,0,43,0,0,2
40,NDUFAF7,1,9,1,37,0,0,3
41,RBM5,1,14,3,43,0,1,4
42,MTMR7,1,16,2,34,0,0,3
43,SLC7A2,1,21,0,32,0,0,2
44,ARF5,1,14,2,46,0,0,3
45,SARM1,1,31,0,37,0,1,3
46,POLDIP2,1,8,0,34,0,0,2
47,PLXND1,1,23,3,41,0,0,3
48,CD38,1,39,1,77,0,15,4
49,FKBP4,1,22,5,43,0,5,4
50,KDM1A,1,65,9,127,0,20,4
51,RBM6,1,7,0,32,0,0,2
52,CAMKK1,1,11,3,30,0,0,3
53,RECQL,1,20,0,38,0,2,3
54,VPS50,1,8,0,39,0,0,2
55,HSPB6,1,17,0,33,0,0,2
56,ARHGAP33,1,13,3,18,0,0,3
57,NDUFAB1,1,22,5,153,0,0,3
58,PDK4,1,19,3,42,0,25,4
59,SLC22A16,1,14,1,30,0,0,3
60,ZMYND10,1,12,0,48,0,0,2
61,ABCB5,1,13,1,38,0,1,4
62,ARX,1,25,0,37,26,4,3
63,SLC25A13,1,25,3,34,0,0,3
64,ST7,1,5,0,12,0,1,3
65,CDC27,1,20,18,72,0,1,4
66,SLC4A1,1,28,4,68,0,4,4
67,CALCR,1,35,2,37,0,6,4
68,HCCS,1,11,1,37,0,0,3
69,DVL2,1,35,13,88,0,0,3
70,PRSS22,1,8,0,6,0,0,2
71,UPF1,1,46,2,82,0,1,4
72,SKAP2,1,6,1,33,0,1,4
73,SLC25A5,1,29,3,47,0,21,4
74,MCUB,1,14,2,24,0,0,3
75,HOXA11,1,26,1,35,8,1,4
76,DHX33,1,23,0,36,0,0,2
77,MEOX1,1,19,0,33,7,1,3
78,THSD7A,1,4,2,17,0,0,3
79,LIG3,1,27,5,45,0,1,4
80,RPAP3,1,6,0,58,0,0,2
81,ACSM3,1,14,1,35,0,0,3
82,REXO5,1,7,0,15,0,0,2
83,CIAPIN1,1,17,1,41,0,0,3
84,SPPL2B,1,16,1,10,0,0,3
85,FAM214B,1,2,0,23,0,0,2
86,COPZ2,1,12,2,45,0,0,3
87,PRKAR2B,1,33,19,45,0,5,4
88,MSL3,1,12,1,45,0,0,3
89,CREBBP,1,47,57,199,36,74,4
90,TSPOAP1,1,10,6,35,0,16,4
91,MPO,1,40,2,57,0,21,4
92,PON1,1,18,2,45,0,5,4
93,GCFC2,1,8,1,38,0,0,3
94,WDR54,1,10,0,19,0,0,2
95,CROT,1,13,2,34,0,0,3
96,ABCB4,1,27,3,40,0,2,4
97,KMT2E,1,26,0,50,4,3,3
98,RHBDD2,1,10,0,28,0,0,2
99,SOX8,1,45,0,34,4,1,3
100,IBTK,1,9,0,34,0,0,2
101,ZNF195,1,6,1,8,1,0,4
102,MYCBP2,1,26,0,42,0,2,3
103,FBXL3,1,15,4,41,0,0,3
104,ITGAL,1,33,6,60,0,6,4
105,PDK2,1,20,2,34,0,2,4
106,ITGA3,1,45,4,78,0,7,4
107,ZFX,1,9,0,43,4,0,3
108,LAMP2,1,41,3,49,0,0,3
109,ITGA2B,1,24,16,94,0,15,4
110,ASB4,1,11,2,47,0,0,3
111,GDE1,1,13,1,35,0,0,3
112,REX1BD,1,1,0,14,0,0,2
113,CRLF1,1,18,2,20,0,1,4
114,OSBPL7,1,15,1,19,0,0,3
115,TMEM98,1,13,0,19,0,0,2
116,YBX2,1,9,0,38,1,2,3
117,KRT33A,1,9,2,37,0,0,3
118,MAP3K14,1,13,5,42,0,17,4
119,ABCC8,1,43,3,63,0,21,4
120,CACNG3,1,25,2,64,0,0,3
121,TMEM132A,1,9,2,10,0,0,3
122,AP2B1,1,38,14,89,0,0,3
123,TAC1,1,47,2,78,0,19,4
124,ZNF263,1,14,1,35,10,0,4
125,CX3CL1,1,72,2,51,0,10,4
126,SPATA20,1,3,0,21,0,0,2
127,CACNA1G,1,26,2,57,0,2,4
128,TNFRSF12A,1,9,2,37,0,5,4
129,DLX6,1,14,1,33,2,5,4
130,MAP3K9,1,15,0,14,0,0,2
131,RALA,1,34,3,55,0,0,3
132,BAIAP2L1,1,17,4,39,0,0,3
133,KDM7A,1,14,2,40,0,2,4
134,ETV1,1,15,0,38,18,4,3
135,AGK,1,18,2,50,0,0,3
136,ALDH3B1,1,26,2,36,0,1,4
137,TTC22,1,0,0,6,0,0,1
138,PHTF2,1,2,0,12,0,0,2
139,CCL26,1,22,0,47,0,2,3
140,FARP2,1,14,3,34,0,0,3
141,USH1C,1,31,2,55,0,0,3
142,GGCT,1,5,1,34,0,0,3
143,DBF4,1,15,2,38,0,3,4
144,TBXA2R,1,23,4,36,0,16,4
145,IFRD1,1,5,0,34,0,1,3
146,LGALS14,1,4,0,6,0,0,2
147,COX10,1,14,1,52,0,0,3
148,GTF2IRD1,1,10,0,34,6,1,3
149,PAF1,1,19,7,60,0,2,4
150,VPS41,1,36,1,35,0,0,3
151,ARHGAP44,1,26,3,23,0,0,3
152,ELAC2,1,16,4,54,0,1,4
153,SCIN,1,27,0,53,0,0,2
154,ARSD,1,3,2,37,0,0,3
155,PNPLA4,1,17,1,41,0,0,3
156,MYH13,1,12,0,38,0,11,3
157,ADIPOR2,1,13,1,37,0,4,4
158,CDKL3,1,13,0,3,0,0,2
159,UPP2,1,22,2,42,0,0,3
160,PRSS21,1,9,1,18,0,0,3
161,MARK4,1,35,1,33,0,1,4
162,PROM1,1,26,2,46,0,16,4
163,CCDC124,1,9,0,40,0,0,2
164,CEACAM21,1,6,0,15,0,0,2
165,PAFAH1B1,1,83,14,75,0,0,3
166,NOS2,1,45,5,39,0,89,4
167,DNAH9,1,18,0,49,0,1,3
168,KIAA0100,1,5,0,10,0,0,2
169,SLC13A2,1,21,1,29,0,3,4
170,GAS7,1,9,0,37,0,2,3
171,TRAPPC6A,1,12,2,38,0,1,4
172,MATK,1,11,1,36,0,1,4
173,CEACAM7,1,7,1,21,0,1,4
174,CD79B,1,15,4,60,0,8,4
175,SCN4A,1,15,2,47,0,0,3
176,ST7L,1,2,0,5,0,0,2
177,TKTL1,1,7,0,64,0,1,3
178,PAX6,1,57,5,147,140,34,4
179,RPUSD1,1,8,0,37,0,0,2
180,RHBDF1,1,14,0,28,0,0,2
181,LUC7L,1,7,0,48,0,0,2
182,CACNA2D2,1,7,6,43,0,0,3
183,BAIAP3,1,23,0,10,0,1,3
184,TSR3,1,9,1,39,0,0,3
185,PIGQ,1,8,0,34,0,1,3
186,CRAMP1,1,7,0,26,0,0,2
187,TEAD3,1,17,3,35,0,0,3
188,SELE,1,30,1,53,0,29,4
189,DNAJC11,1,6,1,47,0,0,3
190,FMO3,1,9,2,36,0,9,4
191,MYLIP,1,16,3,35,0,2,4
192,NOX1,1,27,4,39,0,19,4
193,E2F2,1,21,5,36,46,6,4
194,PSMB1,1,41,70,71,0,1,4
195,SYN1,1,26,3,69,0,6,4
196,JARID2,1,21,1,38,14,3,4
197,CDKL5,1,34,0,46,0,5,3
198,CAMK1G,1,12,0,36,0,0,2
199,CDK11A,1,30,1,41,0,2,4
200,NADK,1,8,1,57,0,0,3
201,TFAP2B,1,46,5,39,24,0,4
202,TFAP2D,1,11,2,15,9,1,4
203,DLEC1,1,10,0,38,0,2,3
204,CYTH3,1,14,1,36,0,0,3
205,ADAM22,1,17,1,40,0,0,3
206,SYPL1,1,10,0,18,0,0,2
207,CYB561,1,10,0,12,0,0,2
208,SPAG9,1,18,1,44,0,1,4
209,CELSR3,1,17,0,26,0,2,3
210,AASS,1,13,1,35,0,0,3
211,PLEKHG6,1,11,2,18,0,0,3
212,SS18L2,1,1,0,32,0,0,2
213,MPND,1,4,0,36,0,0,2
214,MGST1,1,14,3,39,0,3,4
215,CRY1,1,41,4,52,0,8,4
216,PGLYRP1,1,20,2,44,0,0,3
217,NFIX,1,14,2,32,28,3,4
218,ST3GAL1,1,24,6,50,0,6,4
219,MMP25,1,13,2,33,0,0,3
220,IL32,1,10,2,32,0,9,4
221,PKD1,1,73,1,42,0,23,4
222,MAPK8IP2,1,26,0,46,0,0,2
223,MED24,1,13,5,44,0,0,3
224,RHOBTB2,1,19,1,34,0,1,4
225,HEATR5B,1,9,0,24,0,0,2
226,SEC62,1,12,0,41,0,0,2
227,CSDE1,1,23,0,44,0,1,3
228,UBE3C,1,8,1,39,0,0,3
229,REV3L,1,19,5,54,0,1,4
230,TENM1,1,29,0,17,0,0,2
231,PAX7,1,15,1,45,16,3,4
232,MASP2,1,21,0,39,0,1,3
233,IYD,1,7,1,43,0,0,3
234,FAM76A,1,2,0,9,0,0,2
235,TRAF3IP3,1,16,0,45,0,0,2
236,POMT2,1,8,6,42,0,1,4
237,VTA1,1,11,2,54,0,0,3
238,MLXIPL,1,39,4,51,16,8,4
239,BAZ1B,1,24,2,45,0,1,4
240,RANBP9,1,18,4,40,0,0,3
241,ETV7,1,16,0,31,14,1,3
242,SPRTN,1,21,1,47,0,0,3
243,EEF1AKNMT,1,6,0,38,0,0,2
244,DYRK4,1,10,0,2,0,0,2
245,ZNF207,1,17,0,34,0,0,2
246,UQCRC1,1,18,2,89,0,1,4
247,STARD3NL,1,12,1,33,0,0,3
248,CD9,1,30,3,91,0,7,4
249,HHATL,1,6,0,19,0,0,2
250,NCAPD2,1,18,1,39,0,0,3
251,IFFO1,1,10,0,13,0,0,2
252,GIPR,1,25,2,34,0,4,4
253,SEMA3G,1,14,0,27,0,0,2
254,NISCH,1,11,3,37,0,1,4
255,STAB1,1,16,1,35,0,4,4
256,FUZ,1,23,1,17,0,0,3
257,SLC6A13,1,25,2,28,0,0,3
258,IDS,1,10,4,34,0,0,3
259,PRSS3,1,11,5,35,0,0,3
260,ZNF200,1,3,1,19,0,0,3
261,CD4,1,59,13,276,0,40,4
262,LRRC23,1,7,0,42,0,0,2
263,BTK,1,56,14,98,0,31,4
264,HFE,1,53,1,38,0,2,4
265,SCMH1,1,8,0,35,0,1,3
266,FYN,1,93,41,161,0,2,4
267,HIVEP2,1,7,0,32,8,0,3
268,FMO1,1,15,2,17,0,1,4
269,ELOA,1,12,12,42,0,0,3
270,LYPLA2,1,14,1,40,0,0,3
271,CLCN6,1,15,2,38,0,1,4
272,MRC2,1,9,1,19,0,0,3
273,SLC6A7,1,13,2,15,0,1,4
274,TSPAN9,1,7,0,20,0,1,3
275,BTBD7,1,3,0,15,0,0,2
276,MKS1,1,13,2,50,0,0,3
277,ABHD5,1,13,1,42,0,0,3
278,ANOS1,1,10,2,43,0,3,4
279,AKAP8L,1,21,1,33,0,1,4
280,MBTD1,1,22,0,48,0,0,2
281,UTP18,1,11,2,93,0,0,3
282,RNF216,1,17,1,36,0,0,3
283,TTC19,1,7,1,36,0,0,3
284,PTBP1,1,26,5,66,0,3,4
285,DPF1,1,19,5,38,0,0,3
286,SYT7,1,50,1,37,0,0,3
287,LARS2,1,11,1,43,0,1,4
288,PIK3C2A,1,33,6,62,0,0,3
289,PLAUR,1,39,5,53,0,29,4
290,ANLN,1,19,3,80,0,0,3
291,WIZ,1,12,0,34,0,0,2
292,RABGAP1,1,9,1,34,0,0,3
293,DCN,1,21,12,144,0,15,4
294,QPCTL,1,7,0,38,0,0,2
295,PPP5C,1,41,3,44,0,1,4
296,CEP68,1,7,0,16,0,0,2
297,MAP4K3,1,12,0,23,0,0,2
298,ZBTB32,1,14,0,33,5,0,3
299,TYROBP,1,53,6,133,0,2,4
300,TMEM159,1,4,0,11,0,0,2
301,GABRA3,1,25,1,39,0,0,3
302,BRCA1,1,78,28,282,56,56,4
303,ERCC1,1,30,5,68,0,10,4
304,CD22,1,25,3,66,0,4,4
305,SEMA3B,1,14,0,32,0,1,3
306,MBTPS2,1,17,5,39,0,2,4
307,PRICKLE3,1,5,0,34,0,1,3
308,LTF,1,48,5,111,0,20,4
309,EXTL3,1,23,2,40,0,0,3
310,NR1H4,1,68,6,62,127,11,4
311,ELOVL5,1,20,4,39,0,4,4
312,ALOX5,1,53,15,56,0,18,4
313,KDM5D,1,12,1,44,6,1,4
314,CALCOCO1,1,16,0,26,0,0,2
315,UBR7,1,6,0,31,0,0,2
316,MAP4K5,1,10,0,24,0,0,2
317,EHD3,1,31,1,36,0,0,3
318,PSMC4,1,19,68,69,0,0,3
319,MAN2B2,1,14,1,28,0,0,3
320,SLC7A14,1,11,0,19,0,0,2
321,CLDN11,1,13,1,40,0,5,4
322,SLC25A39,1,7,0,34,0,0,2
323,MVP,1,23,1,32,0,6,4
324,NUB1,1,13,0,39,0,0,2
325,PGM3,1,10,1,47,0,0,3
326,RWDD2A,1,1,0,14,0,0,2
327,CLK1,1,12,0,32,0,1,3
328,POLR3B,1,21,7,67,0,1,4
329,ANGEL1,1,17,0,24,0,0,2
330,RNF14,1,26,1,32,1,0,4
331,DNASE1L1,1,11,1,9,0,0,3
332,DDX11,1,41,1,41,0,4,4
333,HEBP1,1,6,2,17,0,0,3
334,GPRC5A,1,13,0,10,0,10,3
335,MAMLD1,1,5,12,42,0,0,3
336,CD6,1,20,0,40,0,3,3
337,TACC3,1,19,2,52,0,1,4
338,UFL1,1,41,1,34,0,0,3
339,POLA2,1,8,9,48,0,2,4
340,ZC3H3,1,7,1,36,0,0,3
341,CAPN1,1,21,4,40,0,3,4
342,ACPP,1,33,0,33,0,0,2
343,MDH1,1,19,1,0,0,0,2
344,SLC30A9,1,22,0,40,0,0,2
345,MTMR11,1,3,0,10,0,0,2
346,COX15,1,12,2,59,0,0,3
347,CCDC88C,1,23,1,29,0,0,3
348,YAF2,1,13,2,42,0,0,3
349,ZMYND11,1,16,0,33,1,0,3
350,WAS,1,36,7,137,0,4,4
351,DPEP1,1,28,3,13,0,6,4
352,BID,1,29,6,46,0,6,4
353,NPC1L1,1,18,0,34,0,8,3
354,XYLT2,1,13,1,42,0,2,4
355,STMN4,1,10,0,31,0,0,2
356,NUDCD3,1,6,0,43,0,0,2
357,ISL1,1,72,3,95,40,9,4
358,CHDH,1,8,1,37,0,0,3
359,IL20RA,1,20,1,36,0,1,4
360,CLCA1,1,13,1,60,0,3,4
361,CLCA4,1,9,1,38,0,0,3
362,GLT8D1,1,5,0,26,0,0,2
363,ATP2C1,1,31,1,32,0,3,4
364,IGF1,1,89,6,107,0,72,4
365,SLC38A5,1,26,1,34,0,0,3
366,RALBP1,1,29,2,35,0,1,4
367,RUFY3,1,22,0,10,0,0,2
368,CNTN1,1,18,4,41,0,0,3
369,SLC11A1,1,58,4,45,0,15,4
370,WWTR1,1,28,9,64,7,1,4
371,AGPS,1,13,3,36,0,0,3
372,CXorf56,1,10,0,40,0,0,2
373,ATP1A2,1,74,3,49,0,2,4
374,TTC27,1,1,0,41,0,0,2
375,ZNF582,1,7,1,14,0,0,3
376,VSIG2,1,2,0,22,0,0,2
377,PHLDB1,1,3,0,11,0,0,2
378,MARCO,1,16,1,32,0,0,3
379,CYP24A1,1,20,3,39,0,12,4
380,PRDM11,1,15,0,25,0,0,2
381,SYT13,1,14,0,9,0,0,2
382,SNAI2,1,43,3,51,41,43,4
383,CD74,1,81,3,72,0,19,4
384,HGF,1,29,18,69,0,42,4
385,ZRANB1,1,16,2,44,0,0,3
386,NCDN,1,13,0,33,0,0,2
387,ADGRA2,1,18,0,36,0,0,2
388,ZFP64,1,8,0,18,5,1,3
389,MNAT1,1,19,33,52,0,2,4
390,SAMD4A,1,13,0,27,0,1,3
391,RUNX3,1,31,11,53,68,10,4
392,MRE11,1,51,22,76,0,2,4
393,PLEKHB1,1,5,0,15,0,0,2
394,SERPINB1,1,17,2,32,0,8,4
395,CYP3A43,1,11,2,35,0,0,3
396,SLC7A9,1,25,4,44,0,0,3
397,SPAST,1,51,1,58,0,5,4
398,NRXN3,1,22,1,61,0,0,3
399,OSBPL5,1,20,1,41,0,0,3
400,AQR,1,17,6,60,0,1,4
401,CPS1,1,57,3,44,0,11,4
402,C8B,1,15,2,38,0,0,3
403,FHL1,1,16,0,32,0,6,3
404,RTF2,1,9,0,27,0,0,2
405,GABRA1,1,28,2,54,0,1,4
406,NLRP2,1,13,0,37,0,10,3
407,SLC45A4,1,16,0,8,0,0,2
408,RNF10,1,21,0,26,0,0,2
409,ZNF839,1,0,1,10,0,0,2
410,ZDHHC6,1,9,0,28,0,0,2
411,GRAMD1B,1,14,0,16,0,0,2
412,RNH1,1,15,0,33,0,7,3
413,NDUFS1,1,19,3,108,0,0,3
414,RB1CC1,1,27,1,69,0,1,4
415,ERP44,1,14,1,41,0,1,4
416,ALAS1,1,27,4,43,0,6,4
417,BIRC3,1,33,11,66,0,26,4
418,AKAP11,1,10,0,38,0,0,2
419,GLRX2,1,18,0,37,0,0,2
420,SNAPC1,1,10,3,34,0,3,4
421,DERA,1,14,2,61,0,0,3
422,STRAP,1,17,2,36,0,1,4
423,ABCC2,1,30,6,65,0,23,4
424,DEF6,1,13,4,31,0,0,3
425,PLEKHO1,1,8,0,18,0,2,3
426,GCLM,1,23,3,45,0,5,4
427,UBR2,1,24,1,42,0,2,4
428,EHD2,1,26,1,34,0,0,3
429,DEPDC1,1,7,0,42,0,0,2
430,CCDC28A,1,2,0,9,0,1,3
431,RRAGD,1,24,7,48,0,0,3
432,HSF2,1,18,0,26,22,4,3
433,PHF20,1,9,5,61,10,0,4
434,HSD17B6,1,19,1,41,0,1,4
435,NR1H3,1,56,8,42,121,13,4
436,TYMP,1,14,2,62,0,2,4
437,NCAPH2,1,11,1,35,0,0,3
438,TOMM34,1,10,0,33,0,2,3
439,SEC63,1,11,0,60,0,1,3
440,KPNA6,1,13,1,39,0,1,4
441,VIM,1,33,10,55,0,54,4
442,FAS,1,37,7,54,0,44,4
443,RNASET2,1,11,1,33,0,0,3
444,CD44,1,48,10,205,0,78,4
445,KCNG1,1,14,1,38,0,0,3
446,AGPAT4,1,12,1,37,0,0,3
447,SLAMF7,1,11,1,36,0,2,4
448,BTN3A1,1,9,1,37,0,0,3
449,MIPEP,1,7,0,38,0,0,2
450,PRKCH,1,31,2,34,0,3,4
451,INSRR,1,17,0,34,0,0,2
452,IFNGR1,1,20,4,65,0,8,4
453,B4GALT7,1,19,2,52,0,0,3
454,SH2D2A,1,6,1,34,0,0,3
455,VRK2,1,23,5,39,0,1,4
456,TNFRSF1B,1,31,5,48,0,17,4
457,VEZT,1,9,0,42,0,0,2
458,POU2F2,1,19,2,34,46,4,4
459,BRD9,1,16,2,44,0,0,3
460,SNX1,1,33,0,62,0,1,3
461,TBPL1,1,11,0,39,37,1,3
462,ARNTL2,1,22,0,38,0,0,2
463,BCLAF1,1,17,0,48,7,6,3
464,SLC39A9,1,23,0,32,0,0,2
465,ANK1,1,36,5,106,0,5,4
466,IBSP,1,15,2,51,0,31,4
467,TFB1M,1,13,2,55,0,3,4
468,RABEP1,1,22,1,42,0,0,3
469,HMGB3,1,13,0,18,0,1,3
470,NUP160,1,18,37,43,0,0,3
471,BAK1,1,56,3,51,0,19,4
472,MUSK,1,24,1,36,0,4,4
473,IKZF2,1,7,1,38,4,2,4
474,GRN,1,48,1,43,0,0,3
475,FAM13B,1,4,2,23,0,0,3
476,ARHGAP31,1,9,4,32,0,0,3
477,CENPQ,1,9,7,34,0,0,3
478,SARS,1,27,0,0,0,0,1
479,RANBP3,1,8,0,34,0,0,2
480,ARID4A,1,15,2,44,5,0,4
481,EIPR1,1,13,0,29,0,0,2
482,PNPLA6,1,9,1,56,0,2,4
483,IFT88,1,28,5,84,0,1,4
484,ALG1,1,10,2,41,0,1,4
485,ZCCHC8,1,15,2,46,0,0,3
486,ABCF2,1,5,1,42,0,0,3
487,CHPF2,1,7,1,35,0,0,3
488,LRRC7,1,22,7,43,0,0,3
489,FUT8,1,17,2,49,0,1,4
490,UBA6,1,11,3,53,0,0,3
491,GAB2,1,14,17,52,0,3,4
492,ATP6V0A1,1,27,5,52,0,0,3
493,PIAS1,1,40,8,61,6,16,4
494,SLC4A7,1,20,6,49,0,2,4
495,APBA2,1,12,1,42,0,0,3
496,MAP2K3,1,26,2,49,0,8,4
497,EFCAB1,1,17,0,55,0,0,2
498,TMSB10,1,6,0,32,0,1,3
499,ASTE1,1,8,0,16,0,0,2
500,RNF19A,1,13,1,30,0,0,3
501,PEX3,1,11,2,44,0,1,4
502,MYOC,1,37,0,35,0,1,3
503,SH3YL1,1,5,0,23,0,0,2
504,FAM136A,1,4,0,13,0,0,2
505,VCL,1,52,15,123,0,1,4
506,DEPDC1B,1,4,17,50,0,0,3
507,DAPK2,1,22,1,34,0,8,4
508,NSMAF,1,7,1,16,0,0,3
509,ADSS,1,19,0,0,0,0,1
510,STAP1,1,27,0,27,0,0,2
511,TIMP2,1,16,3,47,0,14,4
512,RFC1,1,24,16,42,0,4,4
513,TBC1D23,1,13,0,41,0,0,2
514,CUL3,1,74,11,164,0,1,4
515,MYOM2,1,8,0,44,0,2,3
516,OTC,1,24,5,57,0,4,4
517,CYP46A1,1,23,2,35,0,3,4
518,AC118549.1,1,0,0,0,0,0,0
519,SLC18A1,1,23,0,34,0,0,2
520,USP2,1,25,5,37,0,1,4
521,CASR,1,53,3,70,0,7,4
522,TUBG2,1,24,2,32,0,1,4
523,FLT4,1,38,3,65,0,14,4
524,NSUN2,1,25,1,68,0,0,3
525,FBXO42,1,5,0,40,0,0,2
526,MFAP3,1,5,1,22,0,0,3
527,MRI1,1,9,1,33,0,0,3
528,METTL1,1,14,1,90,0,1,4
529,HOXC8,1,11,1,35,14,3,4
530,AGA,1,9,1,34,0,2,4
531,PI4K2B,1,13,4,40,0,0,3
532,BOD1L1,1,6,1,41,0,0,3
533,MAT2B,1,8,2,36,0,2,4
534,TLL1,1,11,4,33,0,1,4
535,EDC4,1,13,1,50,0,0,3
536,TRIO,1,18,11,55,0,1,4
537,VCAN,1,26,13,78,0,14,4
538,CLEC16A,1,14,0,38,0,0,2
539,MSR1,1,18,1,42,0,16,4
540,CDH1,1,68,19,182,0,133,4
541,MTREX,1,22,4,74,0,0,3
542,DNAH5,1,20,0,55,0,0,2
543,ZFYVE16,1,13,1,35,0,0,3
544,RIPOR1,1,19,0,20,0,0,2
545,C6,1,13,2,33,0,3,4
546,RAI14,1,8,0,22,0,0,2
547,SOX30,1,21,0,15,0,0,2
548,BEST2,1,16,1,16,0,0,3
549,PHLPP2,1,11,1,35,0,1,4
550,SPDL1,1,13,6,34,0,0,3
551,STAU2,1,38,0,33,0,0,2
552,SLC66A1,1,14,1,12,0,0,3
553,CTNS,1,25,2,32,0,1,4
554,RTN4R,1,32,1,43,0,0,3
555,PHF23,1,8,0,36,0,0,2
556,CDH10,1,22,1,43,0,0,3
557,INPP4A,1,23,3,39,0,0,3
558,RAB27B,1,29,3,36,0,0,3
559,PSMA4,1,40,69,71,0,1,4
560,MYO16,1,15,0,12,0,0,2
561,LSG1,1,11,0,54,0,0,2
562,PARP3,1,27,0,37,0,0,2
563,TNC,1,23,5,37,0,32,4
564,THAP3,1,2,0,15,0,0,2
565,RIPOR3,1,1,0,9,0,0,2
566,TDP1,1,14,1,34,0,0,3
567,AIFM2,1,25,1,33,0,1,4
568,C2orf83,1,5,0,16,0,0,2
569,SPATA7,1,15,0,40,0,0,2
570,MED17,1,21,5,68,0,0,3
571,RETSAT,1,7,1,35,0,1,4
572,CAPG,1,25,0,31,0,1,3
573,AP2S1,1,23,14,64,0,0,3
574,USH2A,1,27,0,57,0,0,2
575,ZPBP,1,7,0,40,0,0,2
576,TG,1,6,0,60,0,29,3
577,ADAM28,1,9,0,15,0,0,2
578,BARX2,1,16,0,7,15,3,3
579,DCUN1D1,1,10,1,45,0,1,4
580,JADE2,1,17,1,22,0,0,3
581,ZIC2,1,16,1,42,7,5,4
582,LCP2,1,14,5,83,0,1,4
583,TRIT1,1,11,2,46,0,0,3
584,ADRB1,1,23,2,40,0,8,4
585,GUCA2B,1,11,1,33,0,1,4
586,CUL7,1,27,3,83,0,0,3
587,CTNNA1,1,41,11,70,0,3,4
588,PHKA2,1,11,1,35,0,0,3
589,CNTLN,1,10,0,48,0,0,2
590,EPHA3,1,30,3,42,0,5,4
591,HSPA5,1,58,11,189,0,38,4
592,DSG2,1,39,6,41,0,1,4
593,GEMIN8,1,9,2,35,0,0,3
594,OFD1,1,18,8,79,0,1,4
595,GPM6B,1,15,0,24,0,0,2
596,MAGEC2,1,9,0,54,0,0,2
597,PREX2,1,11,4,30,0,0,3
598,WDR37,1,4,0,37,0,0,2
599,YTHDC2,1,22,1,50,0,1,4
600,CTPS2,1,14,1,47,0,0,3
601,ATP6V1H,1,24,9,41,0,0,3
602,POLR2B,1,19,44,137,0,1,4
603,FAM214A,1,2,0,10,0,0,2
604,ARAP2,1,5,4,24,0,0,3
605,TPR,1,48,31,66,0,0,3
606,CP,1,18,6,48,0,11,4
607,KIAA0556,1,12,0,37,0,0,2
608,DTNBP1,1,39,1,49,0,0,3
609,XK,1,5,1,20,0,0,3
610,ANO2,1,7,3,32,0,2,4
611,C12orf4,1,6,0,20,0,0,2
612,SCML1,1,5,0,12,0,0,2
613,WWC3,1,13,0,16,0,0,2
614,ARHGAP6,1,17,2,29,0,0,3
615,MAP4,1,25,0,36,0,1,3
616,GOPC,1,24,2,50,0,0,3
617,ROS1,1,18,0,37,0,13,3
618,USP28,1,17,1,56,0,1,4
619,HDAC9,1,32,5,45,19,2,4
620,TSPAN17,1,7,0,16,0,0,2
621,NOP16,1,3,0,35,0,1,3
622,CC2D2A,1,8,1,50,0,0,3
623,RRM2B,1,20,2,47,0,8,4
624,ZNF800,1,9,0,5,0,0,2
625,TNFRSF17,1,7,1,41,0,2,4
626,SNX29,1,1,0,23,0,0,2
627,LMO3,1,9,0,31,2,9,3
628,GUCA1A,1,17,1,37,0,0,3
629,RSF1,1,17,1,38,0,6,4
630,VPS13D,1,10,0,21,0,0,2
631,CELF2,1,12,0,33,0,1,3
632,FAM120A,1,11,0,36,0,0,2
633,R3HDM1,1,3,0,13,0,0,2
634,COL9A2,1,9,8,46,0,1,4
635,KITLG,1,19,0,59,0,17,3
636,ERCC8,1,28,5,69,0,0,3
637,ADAMTS6,1,5,2,14,0,0,3
638,H6PD,1,22,0,106,0,2,3
639,VAMP3,1,26,17,84,0,0,3
640,PER3,1,13,4,41,0,2,4
641,UTS2,1,9,2,34,0,1,4
642,TNFRSF9,1,7,1,54,0,8,4
643,EPN3,1,15,0,55,0,0,2
644,LTBP1,1,21,4,40,0,5,4
645,RCN1,1,4,2,32,0,1,4
646,ELN,1,15,3,65,0,17,4
647,RFC2,1,18,23,54,0,1,4
648,ARID1B,1,24,7,47,4,1,4
649,CLPTM1L,1,7,0,35,0,0,2
650,NEDD4L,1,42,5,82,0,3,4
651,FOXP3,1,56,2,85,47,64,4
652,PPP1R3F,1,7,0,39,0,0,2
653,HEXB,1,33,6,33,0,0,3
654,PTCD2,1,5,0,32,0,0,2
655,NEXMIF,1,7,0,18,0,0,2
656,JKAMP,1,6,0,11,0,0,2
657,DKK3,1,13,0,33,0,5,3
658,ARHGEF5,1,16,8,33,0,0,3
659,NFE2L3,1,14,0,32,7,0,3
660,MCUR1,1,9,0,21,0,0,2
661,LIMA1,1,28,0,36,0,3,3
662,LETMD1,1,12,0,14,0,0,2
663,SLC4A8,1,39,1,34,0,0,3
664,LAMC3,1,10,7,37,0,0,3
665,PTGER3,1,16,2,46,0,1,4
666,TNIP3,1,10,1,9,0,5,4
667,MAPK9,1,29,5,101,0,12,4
668,COL23A1,1,11,4,36,0,0,3
669,BCAR1,1,32,4,71,0,2,4
670,FAM160A2,1,8,0,20,0,0,2
671,HERPUD1,1,24,1,32,0,7,4
672,HOMER3,1,15,1,41,0,1,4
673,RAD51,1,65,13,161,0,13,4
674,POLQ,1,35,1,37,0,0,3
675,PIK3CB,1,46,32,111,0,2,4
676,CYBA,1,55,10,42,0,6,4
677,THOC3,1,7,2,37,0,0,3
678,HEBP2,1,7,1,21,0,1,4
679,MPHOSPH9,1,8,0,37,0,0,2
680,PLEKHA5,1,10,1,19,0,0,3
681,PRSS8,1,9,1,33,0,2,4
682,SIKE1,1,8,4,35,0,0,3
683,RRP12,1,4,0,61,0,0,2
684,FNIP2,1,13,1,32,0,1,4
685,MSMO1,1,12,2,49,0,0,3
686,TTC17,1,7,0,11,0,0,2
687,ALX4,1,20,0,36,1,1,3
688,FSTL4,1,6,0,15,0,0,2
689,FOXN3,1,11,0,23,1,0,3
690,METTL24,1,1,0,12,0,0,2
691,AKR7A2,1,16,1,34,0,1,4
692,MRTO4,1,9,0,102,0,0,2
693,NNAT,1,5,0,34,0,1,3
694,USE1,1,11,1,40,0,0,3
695,MCF2L2,1,3,0,13,0,1,3
696,LAMA3,1,24,12,53,0,7,4
697,AP5M1,1,12,0,35,0,0,2
698,ANAPC4,1,16,18,63,0,1,4
699,KCNQ1,1,103,3,84,0,2,4
700,TRAPPC3,1,16,2,41,0,0,3
701,THRAP3,1,23,2,47,0,1,4
702,PHPT1,1,14,0,33,0,0,2
703,ENTPD2,1,20,1,44,0,1,4
704,LY75,1,9,0,40,0,0,2
705,ARID4B,1,14,3,68,12,0,4
706,OPN3,1,28,2,34,0,0,3
707,SDCCAG8,1,16,7,39,0,0,3
708,PTPRN,1,24,0,40,0,0,2
709,HHAT,1,10,2,32,0,2,4
710,KIF1B,1,30,2,44,0,0,3
711,FOXC1,1,53,2,42,18,13,4
712,TBC1D22A,1,5,0,41,0,0,2
713,SYNE2,1,29,1,41,0,0,3
714,PLEKHH1,1,1,0,6,0,0,2
715,ATP9A,1,32,1,16,0,4,4
716,SPO11,1,17,1,71,0,0,3
717,CBLN4,1,10,0,19,0,3,3
718,CHRDL2,1,7,0,27,0,0,2
719,FAM168A,1,2,0,20,0,0,2
720,RELT,1,7,0,27,0,0,2
721,GALC,1,7,1,44,0,0,3
722,NOP58,1,21,3,116,0,0,3
723,SZRD1,1,1,0,31,0,0,2
724,KCNH2,1,43,2,55,0,7,4
725,CUL1,1,38,36,164,0,1,4
726,FAM114A2,1,2,1,35,0,0,3
727,CYFIP2,1,21,5,61,0,2,4
728,TAB2,1,24,16,61,0,2,4
729,GINM1,1,2,0,19,0,0,2
730,EIF2AK2,1,41,6,82,0,11,4
731,USP36,1,21,0,33,0,0,2
732,KMT2C,1,14,8,63,2,0,4
733,MCOLN3,1,17,1,35,0,0,3
734,CCDC85A,1,2,0,9,0,0,2
735,PUM2,1,24,1,52,0,0,3
736,ITIH4,1,11,1,72,0,0,3
737,ITIH1,1,10,0,37,0,0,2
738,HPF1,1,14,0,26,0,0,2
739,ZFR,1,9,0,36,0,0,2
740,ZNF280C,1,6,0,13,0,0,2
741,NPFFR2,1,11,2,26,0,0,3
742,PHF21B,1,1,0,12,0,0,2
743,TRAF1,1,19,2,50,0,8,4
744,RC3H2,1,20,0,45,0,0,2
745,IL17RB,1,17,1,32,0,1,4
746,TRAF3IP2,1,53,0,33,0,6,3
747,GYG2,1,7,4,41,0,0,3
748,DCBLD2,1,8,0,14,0,1,3
749,SERPINB3,1,13,1,38,0,7,4
750,SOAT1,1,18,1,41,0,1,4
751,PKP2,1,43,2,39,0,0,3
752,MSH4,1,16,1,50,0,1,4
753,F7,1,51,6,39,0,8,4
754,GDI2,1,24,2,79,0,0,3
755,PRDM1,1,20,3,45,57,20,4
756,ATG5,1,45,4,90,0,4,4
757,TMCC3,1,6,0,9,0,0,2
758,PITHD1,1,5,0,12,0,0,2
759,MTA3,1,17,11,42,12,4,4
760,USP13,1,27,2,63,0,0,3
761,ATP11B,1,25,2,26,0,0,3
762,LAMC2,1,10,11,45,0,6,4
763,CDK14,1,16,0,40,0,0,2
764,SEC61A1,1,21,2,102,0,0,3
765,PPP1R12A,1,26,5,49,0,1,4
766,RASGRF1,1,19,2,49,0,4,4
767,CAMK2B,1,35,22,67,0,0,3
768,CROCC,1,18,0,37,0,0,2
769,POLR3E,1,8,7,52,0,1,4
770,ATP2B4,1,61,3,45,0,1,4
771,ZC3H11A,1,10,2,38,0,1,4
772,RIOK2,1,16,1,56,0,0,3
773,YIPF1,1,11,0,35,0,0,2
774,NDC1,1,14,31,44,0,0,3
775,DGKG,1,18,1,37,0,1,4
776,TBXAS1,1,19,3,33,0,8,4
777,PARP12,1,13,0,43,0,0,2
778,ALDH18A1,1,23,1,141,0,1,4
779,TARBP1,1,9,0,37,0,0,2
780,GATB,1,9,0,57,0,0,2
781,MXD1,1,11,0,34,27,6,3
782,CDK17,1,10,0,45,0,0,2
783,DNAJC25,1,3,0,35,0,0,2
784,SLC2A3,1,22,4,46,0,17,4
785,PSD,1,13,0,17,0,0,2
786,CTDP1,1,20,15,41,0,0,3
787,YBX3,1,22,0,37,25,4,3
788,STYK1,1,7,0,8,0,0,2
789,WNK1,1,54,1,45,0,4,4
790,CCAR1,1,16,3,36,0,1,4
791,OGFR,1,7,0,9,0,0,2
792,GNA15,1,12,9,79,0,0,3
793,CREB3L3,1,23,2,47,8,1,4
794,PIGV,1,8,1,32,0,0,3
795,PTPRU,1,20,1,36,0,2,4
796,SNRNP40,1,25,3,73,0,0,3
797,RIMBP2,1,7,0,28,0,0,2
798,COL11A1,1,16,8,63,0,5,4
799,QSER1,1,1,0,28,0,0,2
800,MPC1,1,5,1,15,0,0,3
801,ACAA1,1,21,5,97,0,0,3
802,BCAT1,1,15,1,44,0,1,4
803,HDAC7,1,25,7,41,12,7,4
804,LZTS1,1,10,0,22,0,0,2
805,PRDM6,1,9,0,28,0,0,2
806,WNT8A,1,17,4,39,0,1,4
807,SPAG4,1,9,0,33,0,0,2
808,NCKAP1,1,22,7,81,0,1,4
809,GUCY1B1,1,21,2,38,0,2,4
810,SFSWAP,1,7,0,32,0,0,2
811,TNK2,1,32,1,39,0,0,3
812,MON2,1,13,0,35,0,0,2
813,CDH3,1,28,2,43,0,16,4
814,ARSF,1,4,2,37,0,0,3
815,GPBP1,1,10,0,10,0,0,2
816,DGAT2,1,34,3,61,0,3,4
817,ZNF112,1,6,1,9,0,0,3
818,CS,1,11,4,143,0,7,4
819,LTK,1,21,1,13,0,0,3
820,ELMO2,1,7,5,40,0,0,3
821,WAPL,1,24,4,40,0,0,3
822,VMP1,1,20,0,39,0,5,3
823,APPBP2,1,17,0,44,0,0,2
824,POLD1,1,28,18,113,0,7,4
825,SEZ6,1,12,0,13,0,0,2
826,EIF4B,1,12,9,49,0,1,4
827,SLC6A16,1,7,0,2,0,0,2
828,BICRA,1,13,2,36,0,0,3
829,SPHK2,1,42,1,44,0,1,4
830,CA11,1,5,0,15,0,1,3
831,ISOC2,1,6,0,33,0,0,2
832,U2AF2,1,22,6,118,0,2,4
833,EPN1,1,14,3,50,0,0,3
834,MED29,1,10,3,44,0,1,4
835,AHRR,1,17,5,32,3,2,4
836,GSC2,1,12,0,30,1,1,3
837,ZNF275,1,5,0,6,0,0,2
838,MTMR1,1,13,2,46,0,0,3
839,GPC1,1,22,18,85,0,2,4
840,HAGH,1,9,0,33,0,1,3
841,RNF4,1,29,2,61,0,6,4
842,CASP8,1,73,22,108,0,27,4
843,LIMCH1,1,12,0,17,0,0,2
844,INTS13,1,17,1,32,0,0,3
845,TM7SF3,1,7,0,16,0,0,2
846,DLX3,1,26,0,34,20,5,3
847,SPA17,1,14,0,37,0,0,2
848,TSPAN32,1,6,0,36,0,0,2
849,CCN5,1,11,0,18,0,10,3
850,DMRT3,1,12,0,33,2,0,3
851,ST3GAL6,1,11,4,36,0,0,3
852,ATP2C2,1,21,1,37,0,0,3
853,NGFR,1,46,11,70,0,20,4
854,CDON,1,13,3,34,0,0,3
855,TAF2,1,17,10,71,0,3,4
856,HIPK2,1,45,6,44,9,3,4
857,TNPO3,1,12,0,42,0,0,2
858,RFXANK,1,10,0,39,5,0,3
859,TMEM161A,1,7,0,21,0,0,2
860,LPAR2,1,15,3,42,0,1,4
861,CTSA,1,16,6,47,0,2,4
862,SUGP2,1,7,0,22,0,0,2
863,SLC12A2,1,57,1,54,0,1,4
864,SNX24,1,7,0,25,0,0,2
865,EYA2,1,12,1,34,0,6,4
866,CNN2,1,17,2,34,0,1,4
867,ABCA7,1,50,1,42,0,1,4
868,SNCAIP,1,13,1,36,0,0,3
869,DDX20,1,31,2,40,0,3,4
870,BTBD1,1,9,2,39,0,0,3
871,FAR2,1,7,1,20,0,0,3
872,POU1F1,1,22,0,42,47,22,3
873,CHI3L2,1,4,0,22,0,0,2
874,SBNO2,1,13,0,15,0,4,3
875,PMS1,1,13,0,41,0,0,2
876,HMG20B,1,5,3,44,1,0,4
877,CALCRL,1,26,3,32,0,1,4
878,TAF11,1,17,11,57,0,3,4
879,ANKS1A,1,8,0,33,0,0,2
880,AP3D1,1,44,0,46,0,0,2
881,ZNF76,1,14,0,19,7,0,3
882,SLC9A3R2,1,18,0,44,0,0,2
883,NTHL1,1,21,5,38,0,4,4
884,UHRF1BP1,1,4,0,24,0,0,2
885,GNAI3,1,28,8,143,0,0,3
886,IPO5,1,21,1,51,0,0,3
887,OAT,1,12,1,64,0,13,4
888,WDR3,1,8,2,90,0,0,3
889,PKN2,1,37,6,36,0,0,3
890,WDR18,1,11,1,43,0,0,3
891,TRAM2,1,6,0,23,0,1,3
892,NTN1,1,19,6,52,0,5,4
893,GLP2R,1,10,2,33,0,0,3
894,MCM10,1,13,2,62,0,6,4
895,DGKA,1,18,1,37,0,2,4
896,ERBB3,1,51,0,73,0,11,3
897,ROPN1,1,9,1,35,0,0,3
898,ANKRD44,1,1,0,19,0,0,2
899,KARS,1,31,0,0,0,0,1
900,ADAT1,1,7,1,16,0,0,3
901,PDIA5,1,9,1,36,0,0,3
902,TBC1D22B,1,4,0,39,0,0,2
903,NDUFB4,1,8,2,48,0,0,3
904,SPEN,1,16,1,39,2,2,4
905,MYLK,1,25,2,47,0,20,4
906,ZC3H15,1,9,1,47,0,0,3
907,MAP2K4,1,24,5,50,0,3,4
908,PACC1,1,6,0,25,0,0,2
909,SNAP91,1,19,2,48,0,2,4
910,SLK,1,19,3,32,0,0,3
911,CYB5R4,1,18,1,45,0,0,3
912,COL17A1,1,15,7,54,0,0,3
913,GSTO2,1,15,2,47,0,0,3
914,SEC61A2,1,10,2,55,0,0,3
915,PRKCQ,1,29,9,38,0,13,4
916,TLE2,1,12,4,39,0,3,4
917,ASB1,1,10,2,35,0,0,3
918,FAM107B,1,1,0,32,0,0,2
919,ME1,1,24,4,34,0,7,4
920,TBC1D1,1,5,1,36,0,0,3
921,CDK13,1,24,2,48,0,0,3
922,MTHFD2,1,15,1,44,0,1,4
923,SLC9A7,1,21,1,33,0,0,3
924,FOXJ2,1,21,1,28,1,0,4
925,YBX1,1,40,10,111,82,8,4
926,PDE4A,1,17,2,41,0,0,3
927,PPP2R5A,1,16,24,56,0,0,3
928,CTNNA2,1,39,1,56,0,2,4
929,ELAVL1,1,41,2,110,0,12,4
930,TIE1,1,21,0,45,0,5,3
931,DIP2B,1,10,0,41,0,1,3
932,SMARCD1,1,34,11,45,0,1,4
933,KDM4A,1,19,3,49,0,3,4
934,NFYC,1,19,5,36,23,0,4
935,ZMYND12,1,6,0,15,0,0,2
936,SLC9A3,1,29,1,57,0,7,4
937,NGEF,1,14,6,39,0,1,4
938,ASPM,1,15,0,94,0,4,3
939,CD84,1,16,2,34,0,2,4
940,ELOVL1,1,18,3,32,0,2,4
941,SPI1,1,63,2,85,312,33,4
942,ZNRD1,1,15,0,42,0,0,2
943,MPPED2,1,7,0,13,0,6,3
944,CLDN18,1,19,1,42,0,0,3
945,ZBTB11,1,7,0,20,0,0,2
946,ATXN3,1,39,2,54,0,2,4
947,GOLGA5,1,12,1,43,0,0,3
948,FGFR2,1,121,5,97,0,12,4
949,LRRC40,1,3,0,42,0,0,2
950,ISOC1,1,3,0,39,0,0,2
951,EML1,1,18,0,28,0,0,2
952,TRMT11,1,11,1,65,0,0,3
953,THUMPD1,1,6,1,29,0,0,3
954,MSANTD3,1,1,0,9,0,0,2
955,KIF26A,1,13,4,37,0,0,3
956,ATG2B,1,18,0,47,0,0,2
957,ARFGEF1,1,27,0,37,0,0,2
958,ACSM2B,1,13,4,34,0,0,3
959,ZFAT,1,9,0,18,2,0,3
960,MTFR1,1,7,0,23,0,0,2
961,STAG3,1,14,1,51,0,2,4
962,FECH,1,23,2,86,0,5,4
963,MYO9A,1,25,3,33,0,0,3
964,DDX3Y,1,14,0,35,0,0,2
965,PFKP,1,17,1,48,0,4,4
966,IDI1,1,13,2,40,0,0,3
967,SP100,1,46,2,48,3,1,4
968,KLF6,1,14,0,40,56,6,3
969,PLPP1,1,24,1,32,0,7,4
970,NEO1,1,11,2,50,0,1,4
971,TRAM1,1,9,1,35,0,0,3
972,PHKA1,1,12,1,37,0,0,3
973,TNFRSF1A,1,42,7,110,0,15,4
974,CACNB1,1,14,5,39,0,0,3
975,EVI5,1,9,0,38,0,0,2
976,STOML1,1,7,0,42,0,0,2
977,PKM,1,36,2,116,0,15,4
978,DHX29,1,19,0,41,0,0,2
979,DNTTIP2,1,9,0,41,0,1,3
980,METTL22,1,9,1,28,0,0,3
981,TP53BP1,1,36,5,136,1,17,4
982,TRO,1,6,0,11,0,0,2
983,RRP15,1,3,0,59,0,0,2
984,RHOA,1,86,26,292,0,22,4
985,DHX8,1,18,1,83,0,0,3
986,PRKCZ,1,49,5,70,0,3,4
987,ZFY,1,12,0,34,0,0,2
988,IARS2,1,13,2,41,0,0,3
989,SYT1,1,85,11,100,0,3,4
990,NAV3,1,14,0,24,0,0,2
991,IDH3G,1,12,2,48,0,0,3
992,ROGDI,1,16,0,29,0,0,2
993,PDZD4,1,1,0,18,0,0,2
994,ATP2B3,1,21,3,39,0,0,3
995,ROCK1,1,78,15,75,0,13,4
996,CBFB,1,16,25,61,3,4,4
997,PDK3,1,15,2,33,0,2,4
998,HYAL2,1,52,2,35,0,0,3
999,HDAC4,1,44,9,66,23,2,4
1000,RASSF1,1,17,0,63,0,17,3
1001,FGFR3,1,38,4,82,0,17,4
1002,IFI35,1,17,1,87,0,3,4
1003,HEATR6,1,1,0,31,0,0,2
1004,COASY,1,11,1,57,0,0,3
1005,PLEKHH3,1,2,0,15,0,0,2
1006,MEF2A,1,33,2,48,105,9,4
1007,OTUD5,1,18,2,46,0,1,4
1008,TFE3,1,24,1,40,36,1,4
1009,TBC1D25,1,5,1,38,0,0,3
1010,ACSL4,1,26,2,51,0,3,4
1011,INPP5A,1,14,1,38,0,0,3
1012,GPKOW,1,8,2,50,0,0,3
1013,GRIPAP1,1,18,0,39,0,0,2
1014,FTSJ1,1,19,1,62,0,0,3
1015,PRR11,1,4,0,14,0,1,3
1016,REEP1,1,12,1,43,0,0,3
1017,ATP11A,1,24,2,32,0,0,3
1018,POLR1A,1,22,5,78,0,1,4
1019,LAPTM4A,1,7,0,17,0,0,2
1020,TTC7A,1,5,0,24,0,1,3
1021,IP6K2,1,26,2,33,0,1,4
1022,SRBD1,1,8,0,39,0,0,2
1023,KIF2A,1,31,10,76,0,1,4
1024,RASGRP2,1,15,4,36,0,0,3
1025,PSME4,1,14,1,43,0,0,3
1026,IFT80,1,13,1,46,0,0,3
1027,SIRT2,1,94,1,42,0,4,4
1028,ERLEC1,1,11,5,57,0,0,3
1029,PPP2R5B,1,8,24,51,0,0,3
1030,PYGM,1,9,1,65,0,1,4
1031,PAGE1,1,1,0,17,0,0,2
1032,PITX1,1,20,0,37,37,8,3
1033,TRPC7,1,12,4,27,0,0,3
1034,MAST4,1,9,0,17,0,0,2
1035,ADGRF5,1,14,1,31,0,0,3
1036,SDK2,1,7,1,19,0,0,3
1037,ADAM7,1,11,0,8,0,0,2
1038,NUP133,1,18,37,51,0,0,3
1039,NUCKS1,1,27,0,23,1,0,3
1040,VPS35,1,71,1,92,0,0,3
1041,DNAJA2,1,14,2,46,0,0,3
1042,BCL3,1,34,0,46,26,12,3
1043,KCNAB2,1,28,2,56,0,2,4
1044,ABCC9,1,31,4,46,0,2,4
1045,GAL,1,30,2,68,0,19,4
1046,CLEC2D,1,11,1,34,0,2,4
1047,FUNDC1,1,7,1,44,0,0,3
1048,MAOB,1,13,1,63,0,13,4
1049,RORA,1,44,8,44,78,9,4
1050,DRD4,1,48,2,49,0,0,3
1051,TGFBR3,1,68,10,35,0,4,4
1052,PLA2G10,1,39,6,45,0,0,3
1053,HES2,1,14,0,0,0,0,1
1054,ATP1B3,1,26,4,43,0,0,3
1055,NEDD4,1,63,5,77,0,3,4
1056,PIGB,1,7,1,35,0,0,3
1057,MAPK6,1,18,1,46,0,1,4
1058,GNB5,1,28,28,123,0,0,3
1059,RAB27A,1,38,5,49,0,5,4
1060,HDHD5,1,2,0,20,0,0,2
1061,UFD1,1,22,6,80,0,0,3
1062,LRP6,1,51,5,94,0,4,4
1063,GUCY2C,1,13,2,45,0,3,4
1064,SCT,1,21,2,55,0,12,4
1065,PHRF1,1,3,0,33,0,0,2
1066,ELP1,1,10,1,38,0,6,4
1067,NUCB2,1,17,0,33,0,0,2
1068,PFN2,1,24,2,33,0,0,3
1069,PTPN3,1,18,2,37,0,0,3
1070,SPTB,1,24,4,32,0,2,4
1071,DAPP1,1,10,1,33,0,0,3
1072,FGF10,1,55,24,66,0,26,4
1073,SLC44A1,1,16,3,17,0,0,3
1074,TMEM260,1,5,0,35,0,0,2
1075,SMG6,1,20,1,47,0,0,3
1076,EXOC5,1,12,3,45,0,0,3
1077,CLTCL1,1,24,5,73,0,0,3
1078,FGF22,1,19,21,52,0,0,3
1079,FSTL3,1,17,3,33,0,8,4
1080,DGCR2,1,4,0,36,0,0,2
1081,RNF126,1,21,1,36,0,0,3
1082,ZXDC,1,8,0,11,6,2,3
1083,JMJD6,1,33,2,46,0,0,3
1084,POLB,1,35,7,36,0,4,4
1085,ST6GALNAC1,1,8,1,49,0,0,3
1086,WIPI1,1,32,2,51,0,0,3
1087,FRMPD1,1,8,0,25,0,0,2
1088,GBA2,1,27,1,46,0,2,4
1089,NDST1,1,12,1,42,0,0,3
1090,AP3M2,1,24,0,35,0,0,2
1091,ST6GALNAC2,1,8,5,32,0,0,3
1092,CHAT,1,12,2,42,0,12,4
1093,TESK2,1,14,0,13,0,0,2
1094,CFAP20,1,20,0,41,0,4,3
1095,CSNK2A2,1,27,14,75,0,8,4
1096,PTPN21,1,5,0,25,0,0,2
1097,EIF2B3,1,17,1,39,0,0,3
1098,CAMK2A,1,44,22,104,0,9,4
1099,TCOF1,1,13,0,35,0,0,2
1100,OSBPL3,1,18,1,33,0,0,3
1101,EPHA8,1,23,3,38,0,5,4
1102,SLC12A3,1,22,2,44,0,0,3
1103,RAD18,1,27,2,61,0,1,4
1104,ATP2B1,1,30,4,39,0,2,4
1105,TRPM5,1,19,2,42,0,0,3
1106,NCK2,1,31,8,76,0,3,4
1107,MAP4K4,1,24,1,35,0,4,4
1108,MGAT4A,1,18,4,32,0,0,3
1109,WDR1,1,28,1,43,0,0,3
1110,SNX13,1,7,0,38,0,0,2
1111,MS4A12,1,4,0,27,0,1,3
1112,ARHGAP10,1,11,4,22,0,0,3
1113,ING3,1,21,1,66,0,0,3
1114,VASH1,1,18,1,30,0,0,3
1115,LMCD1,1,9,1,10,0,0,3
1116,BUD23,1,16,2,62,0,0,3
1117,SEL1L,1,15,7,59,0,1,4
1118,TRIP13,1,16,0,50,0,0,2
1119,ATP6AP1,1,34,4,48,0,1,4
1120,TCF3,1,38,6,88,119,17,4
1121,TRIB2,1,12,0,29,0,7,3
1122,DAZAP1,1,16,0,41,0,1,3
1123,MBD3,1,26,12,36,1,8,4
1124,PRLH,1,8,1,32,0,0,3
1125,HLTF,1,37,1,50,0,3,4
1126,FAM50A,1,7,1,31,0,0,3
1127,FAM3A,1,6,0,9,0,2,3
1128,CPSF1,1,9,7,64,0,0,3
1129,MYO3B,1,20,2,43,0,0,3
1130,CYBRD1,1,15,1,36,0,1,4
1131,CDH19,1,16,1,33,0,0,3
1132,PDCD2,1,10,0,32,0,1,3
1133,SLC6A15,1,21,2,17,0,0,3
1134,RDH11,1,14,3,34,0,0,3
1135,PRKACA,1,86,39,611,0,52,4
1136,ADGRL1,1,15,0,176,0,0,2
1137,SPP2,1,8,3,35,0,1,4
1138,ACTN1,1,50,7,77,0,0,3
1139,ZFYVE26,1,18,0,39,0,1,3
1140,EPN2,1,14,2,50,0,0,3
1141,PTPN18,1,9,2,25,0,0,3
1142,LIMS2,1,10,1,14,0,0,3
1143,ASIC4,1,7,1,18,0,0,3
1144,SPEG,1,9,0,8,0,2,3
1145,LNX1,1,14,1,56,0,0,3
1146,ALDH3A2,1,26,2,79,0,2,4
1147,TFRC,1,63,18,124,0,14,4
1148,SREBF1,1,63,3,97,123,30,4
1149,TRPC5,1,32,2,46,0,0,3
1150,AFF4,1,15,4,54,0,0,3
1151,UBE2D1,1,17,37,139,0,0,3
1152,MPP5,1,34,0,49,0,0,2
1153,RHOBTB1,1,15,1,34,0,0,3
1154,SMC1A,1,30,7,65,0,1,4
1155,HSD17B10,1,41,5,46,0,1,4
1156,MARK2,1,38,0,43,0,0,2
1157,HMMR,1,14,3,64,0,4,4
1158,CHFR,1,10,0,36,0,2,3
1159,TRHDE,1,13,0,3,0,0,2
1160,P4HA2,1,9,2,39,0,1,4
1161,FCGR2B,1,55,2,54,0,7,4
1162,NFATC3,1,26,3,34,39,2,4
1163,TRNT1,1,22,2,44,0,1,4
1164,ACADVL,1,22,2,47,0,1,4
1165,STK10,1,17,4,32,0,0,3
1166,FBXW11,1,22,12,63,0,0,3
1167,ACAP1,1,8,0,34,0,0,2
1168,CRMP1,1,25,1,48,0,3,4
1169,EVC,1,11,2,33,0,0,3
1170,DERL2,1,17,6,60,0,0,3
1171,SIDT1,1,7,0,36,0,1,3
1172,NDE1,1,28,13,51,0,0,3
1173,MRVI1,1,6,0,32,0,0,2
1174,TMEM38A,1,10,0,37,0,0,2
1175,AP1M1,1,25,5,63,0,0,3
1176,PVR,1,23,2,47,0,14,4
1177,XRCC1,1,27,5,59,0,8,4
1178,SCARB1,1,49,0,102,0,29,3
1179,CYP2W1,1,19,2,32,0,0,3
1180,MCM2,1,28,7,67,0,4,4
1181,MOV10L1,1,17,1,33,0,1,4
1182,PANX2,1,13,1,16,0,0,3
1183,SELENOO,1,7,0,41,0,0,2
1184,TP63,1,47,9,51,190,22,4
1185,ALPK1,1,14,2,30,0,0,3
1186,LLGL2,1,16,0,36,0,1,3
1187,PDE8A,1,14,1,36,0,0,3
1188,CLCN4,1,18,1,27,0,0,3
1189,NLE1,1,3,0,46,0,0,2
1190,SDHA,1,18,3,113,0,0,3
1191,SMARCE1,1,35,10,57,4,0,4
1192,FNDC8,1,5,0,12,0,0,2
1193,GSDMB,1,16,0,35,0,0,2
1194,KDM5A,1,25,2,48,16,2,4
1195,ADAM11,1,14,1,12,0,0,3
1196,PPP2R3A,1,15,0,41,0,0,2
1197,FERMT2,1,54,3,47,0,1,4
1198,ABCB11,1,34,3,52,0,8,4
1199,DHRS9,1,16,2,38,0,1,4
1200,CD5L,1,11,1,35,0,4,4
1201,PTGS2,1,40,8,73,0,108,4
1202,IGF2BP2,1,19,1,59,0,6,4
1203,MAP3K13,1,22,0,22,0,1,3
1204,ST6GAL1,1,14,6,51,0,5,4
1205,TBX21,1,33,1,62,44,15,4
1206,FRY,1,9,0,5,0,0,2
1207,PICALM,1,62,4,85,0,0,3
1208,NSF,1,28,6,68,0,0,3
1209,GLI2,1,59,5,67,147,6,4
1210,CLASP1,1,50,14,41,0,1,4
1211,NOTCH3,1,24,8,56,0,12,4
1212,CLNS1A,1,16,1,42,0,1,4
1213,PPP2R2C,1,5,0,54,0,1,3
1214,TEAD2,1,21,4,33,6,1,4
1215,EED,1,19,10,63,0,2,4
1216,CDHR2,1,26,0,19,0,0,2
1217,SNCB,1,14,1,49,0,1,4
1218,TSG101,1,46,6,89,3,2,4
1219,NCBP3,1,15,0,52,0,1,3
1220,ATP2A3,1,25,4,36,0,3,4
1221,CA12,1,8,1,36,0,3,4
1222,MGLL,1,18,4,76,0,2,4
1223,NTN4,1,11,2,30,0,0,3
1224,BCS1L,1,11,2,72,0,0,3
1225,NUAK1,1,15,1,19,0,2,4
1226,DPP8,1,8,0,34,0,0,2
1227,ZNF532,1,4,1,19,0,0,3
1228,SCARF1,1,14,1,38,0,2,4
1229,LMAN1,1,21,9,70,0,0,3
1230,HACD3,1,19,1,35,0,5,4
1231,IPCEF1,1,10,0,12,0,0,2
1232,ZZEF1,1,4,0,30,0,0,2
1233,NOX3,1,13,3,34,0,0,3
1234,ENO1,1,34,3,81,17,4,4
1235,SLC12A1,1,19,2,53,0,0,3
1236,MYDGF,1,13,1,18,0,0,3
1237,ANO8,1,6,4,24,0,0,3
1238,TUBE1,1,12,0,32,0,0,2
1239,ARHGEF10L,1,8,5,26,0,0,3
1240,TXK,1,20,1,39,0,0,3
1241,WSCD2,1,2,0,6,0,1,3
1242,KCNQ2,1,20,2,69,0,2,4
1243,TACR2,1,27,2,32,0,0,3
1244,ACTR6,1,12,0,37,0,2,3
1245,TIPIN,1,16,1,49,0,0,3
1246,SRI,1,35,5,35,0,0,3
1247,EIF4G3,1,13,2,35,0,1,4
1248,NUP37,1,9,37,37,0,0,3
1249,SEMA3A,1,31,3,48,0,0,3
1250,GTSE1,1,11,2,41,0,0,3
1251,SEMA3C,1,23,0,32,0,2,3
1252,TTC38,1,2,0,16,0,0,2
1253,ACAT1,1,26,6,72,0,7,4
1254,GRAMD4,1,8,0,12,0,1,3
1255,CELSR1,1,27,0,35,0,0,2
1256,WNT8B,1,16,4,37,0,5,4
1257,ZNF638,1,12,1,42,0,0,3
1258,SLC25A40,1,8,0,10,0,0,2
1259,TIMM21,1,11,2,53,0,0,3
1260,ADD2,1,27,1,40,0,0,3
1261,FGF4,1,15,39,64,0,17,4
1262,RASAL2,1,11,3,32,0,0,3
1263,VPS9D1,1,8,0,24,0,0,2
1264,ZNF37A,1,6,1,5,0,0,3
1265,MARK3,1,19,10,40,0,2,4
1266,SLC25A3,1,12,0,39,0,1,3
1267,FNDC3B,1,5,0,28,0,6,3
1268,FOSL2,1,21,0,44,41,3,3
1269,CACNG5,1,16,0,43,0,0,2
1270,CACNG4,1,24,5,60,0,0,3
1271,FRYL,1,6,0,35,0,0,2
1272,TMEM131,1,3,0,13,0,0,2
1273,FSCN1,1,40,1,38,0,14,4
1274,ACTB,1,95,46,298,0,26,4
1275,MOCOS,1,10,1,38,0,0,3
1276,PLD1,1,32,8,60,0,18,4
1277,ATP12A,1,20,1,55,0,3,4
1278,WDR62,1,14,0,40,0,0,2
1279,DLG1,1,90,10,81,0,3,4
1280,RAB7A,1,50,18,82,0,0,3
1281,BCAP29,1,8,0,17,0,0,2
1282,SEC31B,1,12,1,32,0,0,3
1283,SART3,1,27,0,43,0,3,3
1284,ARHGAP15,1,10,2,38,0,0,3
1285,TUBA3D,1,13,32,42,0,0,3
1286,PAX2,1,74,3,69,24,8,4
1287,EXOSC7,1,26,8,42,0,0,3
1288,KIFAP3,1,33,6,49,0,0,3
1289,MKRN2,1,14,0,32,0,0,2
1290,MCM6,1,20,6,72,0,6,4
1291,REXO2,1,14,1,27,0,0,3
1292,RBM7,1,13,3,43,0,0,3
1293,RBMS2,1,9,0,23,0,0,2
1294,BAZ2A,1,23,1,35,0,1,4
1295,PTPN23,1,23,1,46,0,0,3
1296,MLH1,1,34,7,60,0,16,4
1297,UNG,1,14,0,46,0,6,3
1298,FMO4,1,7,0,11,0,1,3
1299,KLHL20,1,21,2,57,0,0,3
1300,RGS11,1,10,2,41,0,0,3
1301,SLC46A1,1,29,3,38,0,8,4
1302,PLXNA2,1,17,4,46,0,3,4
1303,SPAG5,1,26,0,59,0,1,3
1304,ANKRD13A,1,8,0,11,0,0,2
1305,TPD52,1,13,1,34,0,1,4
1306,ACACB,1,37,4,52,0,9,4
1307,TRAF4,1,28,0,34,0,3,3
1308,PAG1,1,9,2,33,0,0,3
1309,GPATCH1,1,7,1,38,0,0,3
1310,ICAM3,1,15,3,36,0,1,4
1311,NT5C2,1,19,3,68,0,0,3
1312,MCAM,1,12,9,51,0,4,4
1313,GPC4,1,19,16,56,0,2,4
1314,MBNL3,1,8,0,36,0,0,2
1315,CAMSAP3,1,32,0,35,0,0,2
1316,RAP1GAP,1,24,2,37,0,1,4
1317,XAB2,1,17,6,80,0,0,3
1318,ARHGEF1,1,13,5,76,0,2,4
1319,STXBP2,1,28,2,40,0,1,4
1320,MAP2K7,1,29,4,48,0,2,4
1321,NMRK2,1,9,1,31,0,0,3
1322,DGKD,1,27,1,39,0,0,3
1323,CTTNBP2,1,10,0,38,0,0,2
1324,ACTL6B,1,33,3,67,0,0,3
1325,RARB,1,21,3,43,49,32,4
1326,TOP2B,1,23,1,39,0,6,4
1327,TM9SF3,1,2,0,11,0,0,2
1328,NFKB2,1,24,14,50,807,8,4
1329,UBE2T,1,21,2,50,0,0,3
1330,PPP1R12B,1,16,4,35,0,0,3
1331,DNAJC10,1,19,1,70,0,0,3
1332,GTF3C1,1,14,3,38,0,1,4
1333,IL4R,1,23,2,59,0,2,4
1334,USP33,1,25,2,37,0,0,3
1335,PAK3,1,24,13,36,0,3,4
1336,CAPN6,1,10,1,27,0,5,4
1337,DCX,1,14,1,50,0,1,4
1338,SNRPA,1,15,2,68,0,0,3
1339,SPAG6,1,10,0,52,0,2,3
1340,EXOSC5,1,24,8,46,0,0,3
1341,DYNC1I2,1,17,20,68,0,0,3
1342,APBB1IP,1,10,10,42,0,0,3
1343,LRCH4,1,6,0,32,0,0,2
1344,FAM76B,1,6,0,11,0,0,2
1345,SIRT6,1,87,2,41,2,3,4
1346,TYR,1,24,2,63,0,21,4
1347,POLD3,1,17,19,36,0,0,3
1348,ACTN2,1,59,9,88,0,0,3
1349,CAPZB,1,22,9,92,0,0,3
1350,GPR137B,1,11,0,11,0,0,2
1351,NAALAD2,1,12,1,16,0,0,3
1352,JADE1,1,28,1,26,0,1,4
1353,SLC25A43,1,8,0,32,0,0,2
1354,UBE2A,1,24,3,42,0,1,4
1355,FGFR1,1,43,5,115,0,82,4
1356,FKBP6,1,16,2,59,0,0,3
1357,SMC1B,1,15,1,56,0,1,4
1358,FBLN1,1,30,1,44,0,6,4
1359,ITGA8,1,24,5,61,0,3,4
1360,CST7,1,20,0,34,0,0,2
1361,MAP2,1,47,0,45,0,8,3
1362,PIAS2,1,20,1,48,4,4,4
1363,AMPH,1,13,1,84,0,0,3
1364,ARAF,1,17,11,49,0,1,4
1365,MCCC1,1,14,4,56,0,1,4
1366,LAMP3,1,19,0,34,0,1,3
1367,FAP,1,34,0,35,0,5,3
1368,NEBL,1,12,0,32,0,0,2
1369,ACER3,1,15,1,36,0,0,3
1370,UBE2K,1,18,3,76,0,0,3
1371,PIK3C3,1,51,12,117,0,28,4
1372,N4BP2,1,9,0,34,0,0,2
1373,TIGAR,1,21,1,37,0,4,4
1374,TULP3,1,29,1,38,0,1,4
1375,SYNJ2,1,30,2,46,0,0,3
1376,ADCY2,1,19,14,48,0,0,3
1377,PPP2R5C,1,14,24,56,0,3,4
1378,RBFOX1,1,14,1,50,0,1,4
1379,GNB1,1,25,34,618,0,2,4
1380,HOXA9,1,24,0,53,35,26,3
1381,EDN1,1,129,3,71,0,41,4
1382,MLLT10,1,12,0,35,0,2,3
1383,ZCWPW1,1,11,0,40,0,0,2
1384,ADCYAP1R1,1,31,3,35,0,1,4
1385,FGF20,1,18,37,55,0,3,4
1386,P2RY10,1,4,2,32,0,1,4
1387,ITM2A,1,6,0,3,0,0,2
1388,NRDC,1,17,0,33,0,0,2
1389,VDAC3,1,14,3,47,0,0,3
1390,PCM1,1,28,7,59,0,0,3
1391,TNRC6C,1,11,25,42,0,0,3
1392,CBFA2T2,1,10,1,35,0,1,4
1393,BRINP1,1,12,0,21,0,1,3
1394,ITCH,1,54,10,77,0,5,4
1395,PKD2L2,1,5,0,29,0,0,2
1396,TP53INP2,1,10,0,9,0,0,2
1397,SDF4,1,18,0,36,0,0,2
1398,MYH7B,1,17,0,38,0,4,3
1399,BPIFB2,1,4,3,31,0,0,3
1400,TP73,1,39,8,41,112,25,4
1401,TOLLIP,1,29,2,38,0,1,4
1402,UBE2D4,1,12,1,39,0,0,3
1403,CLUL1,1,3,0,26,0,1,3
1404,RUNX1T1,1,9,0,39,1,10,3
1405,CDH17,1,29,1,99,0,10,4
1406,THOC1,1,13,2,46,0,7,4
1407,FKBP7,1,6,0,18,0,0,2
1408,OSBPL6,1,18,1,28,0,0,3
1409,SLC1A3,1,36,4,50,0,16,4
1410,XRCC5,1,54,5,108,0,3,4
1411,LXN,1,4,0,22,0,9,3
1412,SP140,1,8,0,30,1,0,3
1413,MKNK1,1,14,1,33,0,0,3
1414,TNS1,1,10,0,35,0,0,2
1415,REXO1,1,6,0,32,0,0,2
1416,SAR1A,1,22,0,33,0,1,3
1417,CDC14A,1,21,2,45,0,2,4
1418,RAPGEF3,1,32,4,42,0,2,4
1419,CEACAM1,1,67,4,38,0,13,4
1420,SENP1,1,17,2,39,0,3,4
1421,DUSP13,1,12,0,11,0,0,2
1422,CIC,1,14,0,32,3,4,3
1423,LIPE,1,22,2,61,0,10,4
1424,FDFT1,1,12,3,70,0,4,4
1425,PAFAH1B3,1,15,1,41,0,0,3
1426,OPHN1,1,34,10,40,0,0,3
1427,AFM,1,9,0,38,0,6,3
1428,KIF22,1,24,4,64,0,0,3
1429,SCGN,1,9,0,36,0,0,2
1430,CARMIL1,1,26,1,40,0,0,3
1431,PGM1,1,16,5,56,0,0,3
1432,DDX1,1,29,1,42,0,5,4
1433,DNM2,1,61,12,67,0,0,3
1434,EPB41L2,1,21,1,32,0,0,3
1435,RIMS1,1,29,6,48,0,0,3
1436,MOXD1,1,9,0,20,0,0,2
1437,STX7,1,32,0,62,0,0,2
1438,RABL2B,1,15,0,34,0,0,2
1439,KEAP1,1,24,6,97,0,11,4
1440,DDX43,1,7,0,25,0,0,2
1441,PTPRH,1,13,0,13,0,0,2
1442,DCT,1,19,2,37,0,11,4
1443,SLC35C2,1,8,0,35,0,0,2
1444,CRYBG3,1,5,0,7,0,0,2
1445,EPHA6,1,13,3,38,0,1,4
1446,SCTR,1,18,2,34,0,2,4
1447,RFX3,1,27,1,32,6,0,4
1448,RIF1,1,23,1,36,0,0,3
1449,RAB21,1,34,2,40,0,0,3
1450,SLC4A4,1,22,3,46,0,4,4
1451,SMARCA2,1,42,10,61,0,14,4
1452,RDH8,1,12,1,34,0,0,3
1453,SESN1,1,20,2,43,0,3,4
1454,MID2,1,23,0,30,1,0,3
1455,PIH1D3,1,11,0,51,0,0,2
1456,COL5A3,1,12,15,41,0,4,4
1457,SRCAP,1,19,0,40,2,1,3
1458,PUM3,1,9,0,60,0,0,2
1459,CPB2,1,7,2,46,0,7,4
1460,CHRNA3,1,41,3,36,0,10,4
1461,KCNN2,1,18,2,36,0,3,4
1462,CNOT4,1,16,3,42,1,0,4
1463,PSEN1,1,98,14,88,0,17,4
1464,CPOX,1,18,1,35,0,8,4
1465,CLDND1,1,8,0,15,0,0,2
1466,MOK,1,11,0,29,0,1,3
1467,HSP90AA1,1,113,55,292,0,22,4
1468,RBL1,1,18,7,36,0,4,4
1469,DLGAP4,1,13,1,39,0,0,3
1470,IGSF9B,1,6,0,13,0,0,2
1471,CFHR2,1,7,1,32,0,0,3
1472,NDC80,1,29,6,93,0,3,4
1473,AP4E1,1,15,2,67,0,0,3
1474,RSBN1,1,6,0,22,0,0,2
1475,MAGI3,1,17,0,41,0,0,2
1476,CXCL2,1,11,3,48,0,24,4
1477,AFP,1,6,2,64,0,39,4
1478,COL4A4,1,11,14,42,0,1,4
1479,TCF7,1,21,10,63,23,4,4
1480,OSTM1,1,6,1,36,0,10,4
1481,CDH7,1,16,1,34,0,0,3
1482,IMPG2,1,8,0,39,0,0,2
1483,EXD2,1,23,0,28,0,0,2
1484,ARG2,1,26,2,51,0,1,4
1485,MEF2C,1,107,7,63,80,25,4
1486,PTPRC,1,74,3,153,0,11,4
1487,CACNA1S,1,22,1,85,0,2,4
1488,PKP1,1,33,4,56,0,1,4
1489,UBA5,1,19,2,47,0,0,3
1490,STK17B,1,15,0,16,0,1,3
1491,CDC14B,1,16,1,34,0,0,3
1492,ZNF510,1,4,1,19,0,0,3
1493,LRP2,1,59,5,63,0,2,4
1494,JMJD4,1,12,1,34,0,0,3
1495,DUSP12,1,14,0,37,0,0,2
1496,AACS,1,6,1,37,0,5,4
1497,DELE1,1,15,1,22,0,0,3
1498,SLC13A1,1,13,1,25,0,0,3
1499,CADPS2,1,16,0,17,0,0,2
1500,PCDHB4,1,11,0,16,0,0,2
1501,PCDHA6,1,8,0,5,0,0,2
1502,PCDHGA2,1,6,0,6,0,0,2
1503,HSPB11,1,12,0,38,0,0,2
1504,PHLPP1,1,14,1,38,0,1,4
1505,ATP8B1,1,40,1,38,0,1,4
1506,IL12RB2,1,24,3,49,0,2,4
1507,SMARCD3,1,32,20,58,2,2,4
1508,WDR70,1,7,1,46,0,0,3
1509,FYB1,1,14,2,52,0,1,4
1510,MPP4,1,13,0,19,0,0,2
1511,STRADB,1,10,1,42,0,0,3
1512,BZW1,1,6,0,24,0,1,3
1513,PGR,1,37,7,71,122,27,4
1514,C1QTNF3,1,22,0,13,0,6,3
1515,ME2,1,10,2,35,0,2,4
1516,C5orf22,1,1,0,30,0,1,3
1517,CCNT2,1,22,10,61,0,0,3
1518,FAM135A,1,2,1,6,0,0,3
1519,COL19A1,1,13,3,40,0,0,3
1520,EPB41L3,1,29,3,34,0,1,4
1521,COBLL1,1,7,0,24,0,0,2
1522,DLG3,1,25,10,66,0,0,3
1523,KCNK2,1,39,2,36,0,0,3
1524,SERTAD4,1,3,0,25,0,0,2
1525,TRAF5,1,28,0,48,0,2,3
1526,GEMIN5,1,23,2,39,0,0,3
1527,OPRK1,1,53,3,0,0,4,3
1528,NFE2L1,1,33,0,36,8,3,3
1529,SEMA5B,1,10,2,19,0,2,4
1530,GSK3B,1,130,26,166,0,21,4
1531,ITGB5,1,23,7,87,0,3,4
1532,ERC1,1,22,0,44,0,0,2
1533,XPO1,1,30,19,98,0,3,4
1534,RNF13,1,15,0,26,0,0,2
1535,TRPM3,1,16,1,32,0,2,4
1536,PALB2,1,11,10,126,0,0,3
1537,DOP1A,1,11,0,14,0,0,2
1538,LYRM2,1,3,1,21,0,0,3
1539,BCKDHB,1,12,7,68,0,0,3
1540,KAT6A,1,36,2,42,11,0,4
1541,TUT7,1,16,3,34,0,0,3
1542,ULK2,1,23,0,50,0,0,2
1543,GRHL2,1,31,1,32,9,1,4
1544,TNPO1,1,15,3,54,0,2,4
1545,PLOD1,1,16,1,76,0,1,4
1546,P2RX5,1,30,2,32,0,0,3
1547,DIS3,1,23,8,52,0,0,3
1548,PIBF1,1,20,0,39,0,1,3
1549,TDRD3,1,15,0,42,0,0,2
1550,NUFIP1,1,19,0,43,0,0,2
1551,PDS5B,1,15,4,35,0,0,3
1552,OXCT1,1,15,2,34,0,1,4
1553,RRAGB,1,20,7,53,0,0,3
1554,EPYC,1,6,0,32,0,1,3
1555,CYLD,1,43,6,63,0,9,4
1556,SLC27A5,1,20,3,34,0,2,4
1557,ZNF324,1,7,2,7,0,0,3
1558,ZNF671,1,6,1,12,0,0,3
1559,ZNF416,1,10,1,13,0,0,3
1560,ZNF586,1,5,1,6,0,0,3
1561,ZNF446,1,10,1,35,0,0,3
1562,ZNF264,1,6,2,12,0,0,3
1563,FAT1,1,19,0,41,0,0,2
1564,YTHDC1,1,17,1,60,0,0,3
1565,CHMP2B,1,49,9,47,0,0,3
1566,SMAP2,1,4,0,24,0,0,2
1567,PPIE,1,24,7,59,0,0,3
1568,ZMPSTE24,1,21,0,34,0,0,2
1569,STARD7,1,17,3,33,0,3,4
1570,NOA1,1,12,0,41,0,0,2
1571,REST,1,52,5,46,78,10,4
1572,HAL,1,8,1,36,0,3,4
1573,SSH1,1,26,0,39,0,1,3
1574,GSTP1,1,66,4,68,0,42,4
1575,APLP2,1,16,3,55,0,0,3
1576,FAM234B,1,4,0,8,0,0,2
1577,SLCO1A2,1,13,3,58,0,2,4
1578,WBP11,1,11,2,37,0,0,3
1579,EIF3I,1,14,7,52,0,0,3
1580,NKAIN1,1,3,0,11,0,0,2
1581,COL16A1,1,16,4,48,0,0,3
1582,TXLNA,1,5,1,35,0,0,3
1583,APOB,1,50,20,125,0,22,4
1584,NCOA1,1,46,22,76,87,0,4
1585,AGBL5,1,12,1,24,0,0,3
1586,EFR3B,1,5,0,16,0,0,2
1587,KIF3C,1,16,5,37,0,0,3
1588,RAB10,1,51,4,62,0,0,3
1589,GCKR,1,20,2,36,0,3,4
1590,HADHA,1,18,8,58,0,0,3
1591,MAPRE3,1,26,1,56,0,0,3
1592,CAD,1,54,1,55,0,8,4
1593,CD59,1,25,5,55,0,8,4
1594,CD82,1,5,0,40,0,18,3
1595,BCORL1,1,9,0,37,0,0,2
1596,ATRX,1,33,3,83,3,1,4
1597,AK6,1,13,1,35,0,0,3
1598,MYNN,1,6,0,25,0,0,2
1599,MECOM,1,26,3,40,17,9,4
1600,SCAMP1,1,18,1,34,0,0,3
1601,PREP,1,13,0,38,0,0,2
1602,HACE1,1,16,2,15,0,0,3
1603,SEH1L,1,19,1,62,0,0,3
1604,WDR47,1,10,0,22,0,0,2
1605,WDFY1,1,9,0,32,0,0,2
1606,OVGP1,1,10,1,39,0,0,3
1607,SLC25A24,1,15,0,34,0,0,2
1608,MAP3K4,1,14,0,33,0,3,3
1609,PILRA,1,6,1,42,0,0,3
1610,IGSF9,1,14,0,7,0,0,2
1611,ABCB1,1,39,4,66,0,91,4
1612,ZNF213,1,6,1,21,0,0,3
1613,AKR1B1,1,31,3,57,0,12,4
1614,CPNE3,1,22,2,32,0,0,3
1615,RRN3,1,10,2,37,0,1,4
1616,CTTN,1,47,2,83,0,1,4
1617,WNT11,1,34,5,54,0,4,4
1618,MTIF2,1,13,1,61,0,1,4
1619,DDHD2,1,12,1,40,0,0,3
1620,TTC39A,1,2,0,9,0,1,3
1621,EPS15,1,36,6,87,0,0,3
1622,ORC1,1,13,8,47,0,0,3
1623,MGST2,1,23,2,35,0,0,3
1624,CHERP,1,16,4,46,0,0,3
1625,ATG16L1,1,27,1,76,0,0,3
1626,USP40,1,7,0,33,0,0,2
1627,POMGNT1,1,9,4,36,0,1,4
1628,RAD54L,1,16,0,40,0,0,2
1629,MAST2,1,16,0,31,0,0,2
1630,DNAJA1,1,31,2,55,0,0,3
1631,B4GALT1,1,33,8,65,0,5,4
1632,CHMP5,1,44,2,40,0,0,3
1633,NFX1,1,18,0,36,4,0,3
1634,AQP6,1,19,1,33,0,0,3
1635,DIMT1,1,11,1,54,0,1,4
1636,IPO11,1,10,0,33,0,0,2
1637,FOLH1,1,16,1,43,0,6,4
1638,EIF2AK1,1,23,2,34,0,10,4
1639,NME8,1,14,0,119,0,0,2
1640,EPDR1,1,10,0,20,0,0,2
1641,SNX10,1,23,0,30,0,0,2
1642,SEPHS1,1,15,0,36,0,0,2
1643,HBQ1,1,9,0,36,0,0,2
1644,ITPKC,1,11,1,35,0,0,3
1645,CEACAM6,1,16,3,36,0,3,4
1646,FAT2,1,14,0,32,0,0,2
1647,RBM22,1,23,2,66,0,0,3
1648,TMED2,1,30,5,64,0,0,3
1649,ERO1B,1,15,1,35,0,0,3
1650,ZFAND6,1,10,1,44,0,0,3
1651,HSD17B2,1,11,1,39,0,6,4
1652,TXLNG,1,6,0,40,0,3,3
1653,PPEF1,1,12,1,36,0,0,3
1654,LAT2,1,10,1,32,0,1,4
1655,HUWE1,1,37,2,63,0,0,3
1656,ZW10,1,30,7,42,0,1,4
1657,ALG9,1,9,2,12,0,0,3
1658,MYBPC2,1,5,1,39,0,0,3
1659,NOX4,1,40,3,37,0,21,4
1660,ACOX3,1,16,2,66,0,0,3
1661,MTMR2,1,29,4,42,0,0,3
1662,PPP1R15A,1,31,2,58,0,6,4
1663,HSD17B14,1,6,1,32,0,0,3
1664,TRIP6,1,16,0,41,0,1,3
1665,ACHE,1,32,3,42,0,49,4
1666,FTL,1,18,4,47,0,0,3
1667,SRRT,1,15,5,60,0,0,3
1668,BAX,1,64,7,59,0,66,4
1669,NLK,1,29,1,32,0,9,4
1670,PIGS,1,7,1,33,0,0,3
1671,ADAMTS2,1,9,3,47,0,0,3
1672,TMPRSS11E,1,8,0,7,0,0,2
1673,ATXN7L3,1,12,1,44,0,0,3
1674,PGS1,1,10,1,24,0,0,3
1675,PSMC5,1,37,68,72,0,2,4
1676,UIMC1,1,19,5,47,0,3,4
1677,CETP,1,29,3,56,0,15,4
1678,MMP2,1,62,7,73,0,85,4
1679,MT3,1,50,1,29,0,1,4
1680,LPCAT2,1,23,1,45,0,0,3
1681,GNAO1,1,31,1,85,0,0,3
1682,OGFOD1,1,17,1,38,0,0,3
1683,SH3BP2,1,3,0,33,0,1,3
1684,NOP14,1,17,2,80,0,0,3
1685,ADD1,1,35,3,46,0,2,4
1686,L2HGDH,1,6,1,37,0,0,3
1687,TXNDC16,1,4,0,24,0,0,2
1688,RTRAF,1,16,1,35,0,0,3
1689,NID2,1,13,1,32,0,1,4
1690,GMCL1,1,5,0,12,0,0,2
1691,SF3B2,1,22,5,98,0,0,3
1692,KLHL42,1,10,2,52,0,0,3
1693,DNM1L,1,44,1,60,0,4,4
1694,PTHLH,1,23,2,43,0,33,4
1695,PHACTR3,1,5,0,13,0,0,2
1696,ERGIC2,1,16,0,34,0,0,2
1697,TFAP2C,1,23,9,43,32,6,4
1698,AURKA,1,55,8,98,0,18,4
1699,CASS4,1,12,0,34,0,0,2
1700,PIR,1,13,1,35,1,0,4
1701,AAMDC,1,3,0,11,0,0,2
1702,RFX2,1,17,1,34,4,0,4
1703,METTL2A,1,6,0,28,0,0,2
1704,SULT2B1,1,20,0,46,0,1,3
1705,ALG6,1,10,2,40,0,0,3
1706,CNOT3,1,14,3,54,0,0,3
1707,GP6,1,21,3,58,0,4,4
1708,PTPN4,1,13,3,28,0,0,3
1709,DDX18,1,11,0,73,0,1,3
1710,KHSRP,1,25,2,56,0,1,4
1711,GNA11,1,28,11,84,0,3,4
1712,ASAP3,1,9,0,14,0,0,2
1713,EDEM2,1,14,2,38,0,2,4
1714,DNMT3B,1,13,5,63,60,7,4
1715,REM1,1,7,0,28,0,0,2
1716,TPX2,1,21,2,67,0,1,4
1717,PDRG1,1,7,0,36,0,2,3
1718,EPB41L1,1,9,4,40,0,0,3
1719,SLC15A1,1,16,1,57,0,5,4
1720,DOCK9,1,9,3,31,0,0,3
1721,ANKRD10,1,2,0,22,0,0,2
1722,TGDS,1,7,0,35,0,0,2
1723,DOCK3,1,10,5,39,0,0,3
1724,C3orf18,1,1,0,32,0,0,2
1725,COQ9,1,9,1,38,0,1,4
1726,TMEM40,1,2,0,6,0,0,2
1727,KIF9,1,22,2,42,0,0,3
1728,ARHGAP28,1,7,1,16,0,0,3
1729,CRLS1,1,12,2,41,0,0,3
1730,DEFB127,1,6,2,43,0,0,3
1731,PPP1R13B,1,12,5,32,0,4,4
1732,ATRN,1,4,0,32,0,0,2
1733,SMOX,1,12,0,23,0,0,2
1734,SIGLEC1,1,12,1,49,0,1,4
1735,FKBP1A,1,38,7,76,0,3,4
1736,NSFL1C,1,15,1,43,0,1,4
1737,SLC4A11,1,29,0,23,0,0,2
1738,C20orf194,1,1,0,21,0,0,2
1739,ZNF343,1,9,1,7,0,0,3
1740,EBF4,1,14,0,15,0,0,2
1741,CPXM1,1,5,0,15,0,0,2
1742,MAVS,1,47,12,91,0,6,4
1743,LZTS3,1,6,0,15,0,0,2
1744,F11,1,16,4,39,0,2,4
1745,XRN2,1,24,4,52,0,0,3
1746,KIZ,1,5,0,24,0,0,2
1747,DYNLL1,1,45,24,93,0,0,3
1748,TESC,1,29,0,17,0,3,3
1749,SNX5,1,37,1,55,0,0,3
1750,SIRPG,1,10,2,32,0,0,3
1751,MAPKAPK5,1,29,3,34,0,0,3
1752,P2RX7,1,58,5,35,0,1,4
1753,ESF1,1,6,0,54,0,0,2
1754,RBBP9,1,5,0,32,0,0,2
1755,ANAPC5,1,14,18,54,0,0,3
1756,SLC23A2,1,16,1,33,0,1,4
1757,SLC8B1,1,25,2,30,0,0,3
1758,TMEM230,1,13,0,33,0,0,2
1759,DZANK1,1,3,0,16,0,0,2
1760,KDM2B,1,33,1,47,4,8,4
1761,CFAP61,1,11,0,35,0,0,2
1762,LHX5,1,14,0,34,1,0,3
1763,TASP1,1,8,1,32,0,0,3
1764,OAS1,1,40,3,63,0,10,4
1765,GCN1,1,18,1,46,0,1,4
1766,PXN,1,25,7,94,0,2,4
1767,SIRT4,1,28,2,34,0,1,4
1768,RPH3A,1,26,0,37,0,0,2
1769,KIF16B,1,34,2,46,0,0,3
1770,TRMT6,1,7,1,53,0,0,3
1771,CHGB,1,10,2,36,0,8,4
1772,PEBP1,1,10,7,41,0,13,4
1773,TBX5,1,47,3,58,19,4,4
1774,BRAP,1,14,5,33,0,1,4
1775,ERP29,1,22,0,38,0,1,3
1776,NOS1,1,78,3,58,0,20,4
1777,FUS,1,26,4,102,4,9,4
1778,IGBP1,1,13,0,41,0,9,3
1779,FXYD5,1,18,0,26,0,0,2
1780,ZNF302,1,6,1,11,0,1,4
1781,GRAMD1A,1,10,0,22,0,0,2
1782,FXYD3,1,20,3,21,0,4,4
1783,HEPH,1,10,3,34,0,1,4
1784,CDIP1,1,10,0,16,0,0,2
1785,CMTM1,1,5,0,15,0,0,2
1786,KCNH4,1,10,1,23,0,0,3
1787,GANAB,1,17,5,45,0,0,3
1788,GMIP,1,9,3,18,0,0,3
1789,RBM41,1,7,0,44,0,0,2
1790,BIRC5,1,53,10,82,0,58,4
1791,LAG3,1,15,1,61,0,0,3
1792,MLF2,1,7,0,32,0,1,3
1793,OTUB2,1,9,1,39,0,0,3
1794,DDX24,1,11,0,51,0,0,2
1795,ZBTB25,1,9,0,23,0,0,2
1796,NECAP1,1,11,3,35,0,0,3
1797,ARHGAP4,1,16,3,32,0,0,3
1798,ANKRD24,1,5,0,5,0,0,2
1799,DHX32,1,8,0,49,0,0,2
1800,RCOR1,1,16,4,77,3,0,4
1801,GPATCH2L,1,2,0,31,0,0,2
1802,LTBP4,1,19,2,32,0,4,4
1803,BLVRB,1,12,2,39,0,0,3
1804,SLC9A1,1,71,2,84,0,8,4
1805,SPTLC1,1,15,1,60,0,0,3
1806,PAPOLA,1,13,5,55,0,0,3
1807,CCNK,1,22,10,48,0,1,4
1808,PCBP4,1,13,3,32,0,1,4
1809,RGS1,1,14,2,43,0,1,4
1810,YPEL3,1,2,0,32,0,1,3
1811,NDUFB2,1,8,2,36,0,0,3
1812,NUDC,1,15,7,47,0,0,3
1813,MAEA,1,18,1,34,0,0,3
1814,ICAM1,1,37,6,92,0,55,4
1815,STRN4,1,19,0,39,0,0,2
1816,IRAK3,1,42,2,34,0,4,4
1817,LYZ,1,14,3,41,0,19,4
1818,SI,1,17,2,43,0,11,4
1819,MUL1,1,42,3,44,0,0,3
1820,TFAP4,1,31,0,32,35,4,3
1821,PDCD7,1,10,1,33,0,0,3
1822,SPG21,1,9,0,42,0,2,3
1823,FETUB,1,8,0,27,0,1,3
1824,DNAJB11,1,16,2,66,0,0,3
1825,P3H2,1,12,1,40,0,0,3
1826,THPO,1,31,1,45,0,26,4
1827,CHRD,1,47,0,55,0,6,3
1828,FLT3LG,1,15,10,63,0,2,4
1829,RAB11FIP3,1,36,1,51,0,0,3
1830,GNPTG,1,8,0,32,0,0,2
1831,ZNF268,1,23,1,8,1,4,4
1832,GOLGA3,1,8,1,34,0,0,3
1833,PABPC4,1,16,0,42,0,1,3
1834,CD209,1,34,4,52,0,1,4
1835,CERS4,1,12,1,37,0,0,3
1836,MCOLN1,1,39,2,44,0,0,3
1837,USP48,1,12,1,42,0,0,3
1838,EFNB1,1,16,4,40,0,0,3
1839,PDPR,1,5,1,38,0,0,3
1840,AARS,1,25,0,0,0,0,1
1841,GLG1,1,11,1,39,0,0,3
1842,KIF4A,1,21,5,68,0,0,3
1843,TNRC6A,1,13,25,57,0,1,4
1844,PLEKHG2,1,5,4,24,0,1,4
1845,DLL3,1,8,2,35,0,2,4
1846,NAT14,1,7,0,19,0,0,2
1847,PITPNM2,1,23,1,14,0,0,3
1848,EXOC1,1,14,4,49,0,0,3
1849,RBM27,1,8,1,35,0,0,3
1850,POU4F3,1,18,0,39,6,6,3
1851,OSBPL8,1,24,1,43,0,0,3
1852,DTX2,1,12,1,34,0,0,3
1853,NLRC4,1,24,2,57,0,2,4
1854,PUS7,1,13,1,51,0,0,3
1855,LAMB4,1,8,0,39,0,0,2
1856,NRCAM,1,24,3,49,0,4,4
1857,LAMB1,1,41,13,53,0,12,4
1858,SLC26A4,1,21,2,72,0,3,4
1859,SLC26A3,1,23,2,46,0,16,4
1860,DLD,1,24,13,77,0,16,4
1861,WDR7,1,3,0,36,0,0,2
1862,TXNL1,1,5,7,45,0,0,3
1863,IL5RA,1,16,3,52,0,8,4
1864,ABCC6,1,27,2,36,0,8,4
1865,CMTM6,1,10,1,19,0,0,3
1866,ITGA6,1,33,11,67,0,6,4
1867,RAPGEF4,1,17,4,52,0,0,3
1868,MAP3K20,1,41,0,18,0,0,2
1869,SMPX,1,7,0,37,0,0,2
1870,FH,1,21,2,81,0,0,3
1871,SEL1L3,1,1,0,27,0,0,2
1872,TF,1,41,7,47,0,28,4
1873,CDV3,1,1,0,9,0,0,2
1874,MYO15A,1,16,2,59,0,1,4
1875,ALKBH5,1,18,1,44,0,0,3
1876,APOH,1,29,1,73,0,1,4
1877,NLRP1,1,43,1,53,0,3,4
1878,PITPNM3,1,13,1,32,0,0,3
1879,SPAG7,1,4,0,7,0,0,2
1880,ORC6,1,12,7,32,0,0,3
1881,ZFHX4,1,9,0,29,1,1,3
1882,SLC17A6,1,28,1,48,0,2,4
1883,CPA1,1,9,1,36,0,2,4
1884,ZC3HC1,1,8,1,33,0,0,3
1885,ESR1,1,66,17,223,561,82,4
1886,RGS17,1,12,3,40,0,0,3
1887,TMEM101,1,3,0,19,0,0,2
1888,CD200,1,30,1,38,0,8,4
1889,CCDC80,1,8,0,35,0,1,3
1890,CMA1,1,21,3,36,0,2,4
1891,PSME1,1,13,4,41,0,0,3
1892,PPP2R3C,1,11,0,38,0,0,2
1893,HAUS4,1,10,7,40,0,0,3
1894,JPH4,1,11,0,34,0,0,2
1895,MYH7,1,27,0,93,0,19,3
1896,CEBPE,1,22,1,36,34,7,4
1897,SLC7A8,1,34,2,45,0,1,4
1898,OSGEP,1,11,1,37,0,1,4
1899,SLC22A17,1,10,1,20,0,2,4
1900,RNF31,1,25,3,45,0,3,4
1901,SCFD1,1,19,2,67,0,0,3
1902,G2E3,1,16,0,33,0,0,2
1903,HECTD1,1,12,1,33,0,0,3
1904,HNRNPC,1,27,7,143,0,4,4
1905,RPGRIP1,1,8,0,53,0,0,2
1906,SUPT16H,1,15,14,88,0,0,3
1907,TOX4,1,10,0,29,0,0,2
1908,GEMIN2,1,16,2,36,0,0,3
1909,TGM1,1,15,1,73,0,9,4
1910,TINF2,1,17,14,42,0,8,4
1911,DAZL,1,11,0,64,0,0,2
1912,TBL1Y,1,8,0,39,0,0,2
1913,SEMA6A,1,21,1,34,0,3,4
1914,TRPM7,1,30,1,46,0,0,3
1915,TYRO3,1,37,1,34,0,1,4
1916,WDR76,1,8,0,45,0,1,3
1917,CAPN3,1,48,1,46,0,0,3
1918,SNAP23,1,27,12,85,0,0,3
1919,TBX15,1,15,0,31,28,1,3
1920,PHGDH,1,12,1,53,0,5,4
1921,COL9A3,1,8,8,40,0,1,4
1922,EZR,1,79,4,113,0,14,4
1923,MYL6,1,16,7,55,0,0,3
1924,AGO1,1,28,28,76,0,4,4
1925,TEKT2,1,16,0,55,0,1,3
1926,CLSPN,1,10,4,46,0,1,4
1927,RFFL,1,24,1,27,0,0,3
1928,UNC13D,1,19,1,36,0,0,3
1929,MFSD11,1,2,0,37,0,0,2
1930,DPYSL2,1,20,2,58,0,6,4
1931,TGFB2,1,122,5,49,0,29,4
1932,GPATCH2,1,5,0,35,0,0,2
1933,NUP50,1,7,30,48,0,0,3
1934,CDC45,1,16,4,91,0,3,4
1935,COMT,1,21,4,82,0,9,4
1936,ADA2,1,12,2,33,0,0,3
1937,VNN3,1,0,0,24,0,0,1
1938,ECHDC1,1,6,0,44,0,0,2
1939,LRRFIP2,1,3,0,18,0,0,2
1940,SEC22C,1,6,1,40,0,0,3
1941,XYLB,1,9,1,44,0,0,3
1942,HDAC6,1,95,12,64,0,0,3
1943,OR1I1,1,7,1,15,0,0,3
1944,GABRP,1,14,0,33,0,0,2
1945,KRT31,1,14,2,37,0,0,3
1946,CDC6,1,25,8,100,0,18,4
1947,UPRT,1,10,0,49,0,0,2
1948,CDC23,1,21,18,70,0,0,3
1949,AAAS,1,14,31,37,0,0,3
1950,CBX5,1,37,4,66,0,12,4
1951,FMO2,1,10,1,12,0,0,3
1952,SUCO,1,7,0,35,0,0,2
1953,MSH2,1,48,7,63,0,8,4
1954,MAP3K1,1,16,5,52,0,7,4
1955,DHPS,1,11,1,32,0,3,4
1956,HOOK2,1,21,0,32,0,0,2
1957,NXPE1,1,4,0,7,0,0,2
1958,ARCN1,1,19,2,52,0,0,3
1959,EPB41L4B,1,11,0,13,0,2,3
1960,TMEM38B,1,12,0,27,0,0,2
1961,PSMD5,1,7,1,36,0,0,3
1962,PTGS1,1,18,2,61,0,12,4
1963,NUP188,1,9,31,37,0,1,4
1964,CRAT,1,17,3,35,0,2,4
1965,SH2D3C,1,12,0,40,0,0,2
1966,NANS,1,9,1,37,0,0,3
1967,TBC1D2,1,10,1,26,0,0,3
1968,WHRN,1,29,2,56,0,0,3
1969,PDE6C,1,11,0,44,0,0,2
1970,CWF19L1,1,6,0,34,0,0,2
1971,SEMA4G,1,10,0,8,0,0,2
1972,BTAF1,1,10,0,36,2,1,3
1973,IKZF5,1,13,0,13,1,0,3
1974,BLNK,1,21,3,45,0,3,4
1975,CYP26A1,1,20,2,63,0,11,4
1976,TDRD1,1,12,1,35,0,1,4
1977,SORBS1,1,30,1,40,0,0,3
1978,CRTAC1,1,8,0,7,0,0,2
1979,BAMBI,1,15,1,35,0,7,4
1980,IL11,1,19,1,45,0,15,4
1981,MYO3A,1,26,2,58,0,0,3
1982,WAC,1,15,1,38,0,0,3
1983,CREM,1,20,0,39,78,7,3
1984,NUBP2,1,16,1,35,0,0,3
1985,TPSD1,1,5,0,4,0,7,3
1986,SMIM24,1,3,0,36,0,0,2
1987,TREM2,1,140,4,69,0,5,4
1988,KCNK16,1,18,2,35,0,0,3
1989,CRISP3,1,9,1,34,0,5,4
1990,FKBP5,1,12,4,58,0,6,4
1991,SRPK1,1,26,2,52,0,1,4
1992,BRPF3,1,16,3,41,0,0,3
1993,PGC,1,5,0,33,0,1,3
1994,TMEM14A,1,6,0,29,0,0,2
1995,EFHC1,1,18,0,64,0,2,3
1996,NCR2,1,7,2,43,0,0,3
1997,HSP90AB1,1,70,22,249,0,17,4
1998,MLN,1,5,2,37,0,0,3
1999,CDC5L,1,26,2,159,1,1,4
2000,ITPR3,1,44,15,101,0,1,4
2001,ZNF184,1,7,1,7,1,0,4
2002,DSP,1,50,6,50,0,3,4
2003,SIRT1,1,163,9,110,58,33,4
2004,HNRNPH3,1,12,0,36,0,0,2
2005,JAK2,1,134,39,145,0,6,4
2006,IL12RB1,1,33,2,58,0,5,4
2007,ABL1,1,121,13,112,10,20,4
2008,ACOT7,1,23,1,36,0,3,4
2009,SH3GLB1,1,32,0,36,0,1,3
2010,CDC7,1,21,3,44,0,1,4
2011,SYDE2,1,8,1,22,0,0,3
2012,PCSK5,1,33,2,37,0,1,4
2013,SCD,1,13,4,52,0,19,4
2014,TMED1,1,14,0,22,0,0,2
2015,ABLIM1,1,14,1,33,0,0,3
2016,ERMP1,1,7,0,25,0,0,2
2017,RAB18,1,22,4,39,0,7,4
2018,NRP1,1,104,8,71,0,16,4
2019,PRTFDC1,1,5,0,37,0,0,2
2020,PALMD,1,7,0,28,0,0,2
2021,TSPAN15,1,12,1,27,0,0,3
2022,H2AFY2,1,24,0,0,0,0,1
2023,WASHC2A,1,12,0,28,0,0,2
2024,MAST3,1,12,0,12,0,0,2
2025,MZF1,1,14,0,38,22,0,3
2026,OCEL1,1,4,0,7,0,0,2
2027,MYO9B,1,32,9,43,0,0,3
2028,KCNK6,1,13,2,26,0,0,3
2029,CATSPERG,1,7,1,38,0,0,3
2030,PSMD8,1,16,68,74,0,0,3
2031,FBXL19,1,11,2,43,0,0,3
2032,STX1B,1,40,2,56,0,0,3
2033,HSD3B7,1,9,3,37,0,0,3
2034,SETD1A,1,19,3,76,0,0,3
2035,BCL7C,1,15,9,37,0,0,3
2036,MAGEB2,1,4,0,24,0,0,2
2037,EFNA2,1,14,3,36,0,3,4
2038,CIRBP,1,19,0,34,0,1,3
2039,ATP5F1D,1,14,2,70,0,0,3
2040,CBARP,1,9,0,11,0,0,2
2041,PCDH11Y,1,10,0,26,0,1,3
2042,AMELY,1,5,0,39,0,1,3
2043,PRKY,1,0,0,35,0,0,1
2044,IGFALS,1,7,1,34,0,0,3
2045,HNRNPM,1,15,5,80,0,0,3
2046,MARCH2,1,17,0,0,0,0,1
2047,NDUFB7,1,10,2,81,0,0,3
2048,TECR,1,14,1,37,0,0,3
2049,TIMM13,1,7,1,43,0,0,3
2050,CDC34,1,17,5,44,0,1,4
2051,MTAP,1,12,2,51,0,2,4
2052,MISP,1,17,0,12,0,0,2
2053,CEP170B,1,2,0,19,0,0,2
2054,POLR2E,1,24,56,139,0,0,3
2055,POLRMT,1,17,3,46,0,0,3
2056,HCN2,1,36,1,10,0,1,4
2057,CDHR5,1,19,0,25,0,0,2
2058,IZUMO4,1,3,1,28,0,0,3
2059,RASSF7,1,4,0,30,0,0,2
2060,GADD45B,1,7,0,36,0,25,3
2061,PALM,1,28,0,10,0,1,3
2062,MADCAM1,1,13,0,35,0,4,3
2063,MKNK2,1,18,0,32,0,1,3
2064,ARVCF,1,10,0,38,0,1,3
2065,TRMT2A,1,8,0,45,0,0,2
2066,ZDHHC8,1,17,2,45,0,0,3
2067,KLHL22,1,28,2,47,0,0,3
2068,MED15,1,11,4,50,1,0,4
2069,SERPIND1,1,7,5,52,0,2,4
2070,SNAP29,1,28,2,75,0,0,3
2071,CRKL,1,32,6,72,0,0,3
2072,LZTR1,1,11,0,46,0,0,2
2073,MMP11,1,11,3,32,0,8,4
2074,CECR2,1,13,0,43,0,3,3
2075,SMARCB1,1,44,10,77,4,7,4
2076,P2RX6,1,29,2,30,0,1,4
2077,DERL3,1,11,3,47,0,1,4
2078,SLC7A4,1,10,0,33,0,0,2
2079,BCL2L13,1,8,0,32,0,2,3
2080,DDTL,1,4,0,8,0,0,2
2081,DDT,1,11,0,7,0,1,3
2082,OSM,1,23,2,38,0,13,4
2083,CABIN1,1,13,1,33,0,5,4
2084,TBC1D10A,1,10,1,33,0,0,3
2085,SUSD2,1,5,0,9,0,0,2
2086,SF3A1,1,20,4,92,0,0,3
2087,GGT5,1,12,5,46,0,0,3
2088,RNF215,1,3,0,20,0,0,2
2089,SEC14L2,1,9,0,8,0,0,2
2090,SEC14L3,1,2,0,5,0,0,2
2091,SPECC1L,1,13,0,39,0,0,2
2092,PPIL2,1,18,2,46,0,1,4
2093,UPB1,1,15,1,35,0,0,3
2094,YPEL1,1,1,0,12,0,0,2
2095,SNRPD3,1,53,10,160,0,1,4
2096,PES1,1,18,1,100,0,5,4
2097,MAPK1,1,69,63,184,0,29,4
2098,PRODH,1,10,1,57,0,7,4
2099,PPM1F,1,25,1,34,0,0,3
2100,SLC35E4,1,5,0,11,0,0,2
2101,TOP3B,1,12,0,38,0,0,2
2102,CRYBB3,1,4,0,36,0,0,2
2103,CYTH4,1,7,1,40,0,0,3
2104,ESS2,1,5,0,33,0,0,2
2105,MFNG,1,8,1,23,0,0,3
2106,CARD10,1,14,0,32,0,5,3
2107,LRP5L,1,0,0,13,0,0,1
2108,SLC25A1,1,13,1,48,0,10,4
2109,GRK3,1,16,2,388,0,1,4
2110,PLA2G3,1,26,3,47,0,0,3
2111,LGALS2,1,8,0,27,0,0,2
2112,GGA1,1,20,2,43,0,0,3
2113,HIRA,1,22,2,36,1,1,4
2114,SH3BP1,1,27,1,12,0,0,3
2115,SEZ6L,1,7,0,30,0,0,2
2116,LGALS1,1,23,2,49,0,16,4
2117,HPS4,1,23,1,34,0,3,4
2118,PIK3IP1,1,7,0,6,0,2,3
2119,SRRD,1,4,0,7,0,0,2
2120,PATZ1,1,14,0,30,12,0,3
2121,TRIOBP,1,15,0,46,0,0,2
2122,TFIP11,1,18,1,62,0,0,3
2123,GCAT,1,9,0,32,0,0,2
2124,GGTLC2,1,5,0,10,0,0,2
2125,CRYBB1,1,4,0,35,0,2,3
2126,ANKRD54,1,8,0,29,0,0,2
2127,EIF3L,1,18,7,36,0,0,3
2128,SNU13,1,38,3,90,0,0,3
2129,MICALL1,1,33,0,36,0,0,2
2130,POLR2F,1,23,56,121,0,24,4
2131,SOX10,1,43,4,71,34,5,4
2132,CCDC134,1,12,0,22,0,0,2
2133,DEPDC5,1,15,1,40,0,0,3
2134,PICK1,1,38,2,63,0,0,3
2135,TTC28,1,7,0,31,0,0,2
2136,SLC16A8,1,11,2,34,0,0,3
2137,CENPM,1,6,7,43,0,0,3
2138,SEPTIN3,1,16,0,32,0,0,2
2139,SLC5A1,1,33,3,51,0,6,4
2140,SLC5A4,1,9,1,22,0,0,3
2141,KDELR3,1,12,3,38,0,0,3
2142,CYP2D6,1,32,6,54,0,5,4
2143,DDX17,1,32,1,48,0,1,4
2144,DMC1,1,32,1,40,0,0,3
2145,TCF20,1,7,0,36,4,0,3
2146,HSCB,1,13,4,43,0,0,3
2147,CBY1,1,22,1,32,0,1,4
2148,TOMM22,1,10,2,58,0,0,3
2149,RSPH14,1,8,0,38,0,0,2
2150,XBP1,1,99,0,95,49,10,3
2151,RTCB,1,20,1,38,0,1,4
2152,JOSD1,1,8,1,49,0,0,3
2153,FBXO7,1,34,2,44,0,1,4
2154,GTPBP1,1,18,0,38,0,1,3
2155,POLDIP3,1,15,2,47,0,1,4
2156,RAB36,1,7,2,39,0,1,4
2157,TIMP3,1,11,1,63,0,27,4
2158,PPP6R2,1,7,0,36,0,0,2
2159,SBF1,1,14,2,38,0,0,3
2160,SUN2,1,20,2,48,0,0,3
2161,CYB5R3,1,21,3,45,0,0,3
2162,DNAL4,1,8,1,43,0,0,3
2163,C22orf31,1,0,0,9,0,0,1
2164,MIOX,1,9,1,38,0,0,3
2165,LMF2,1,4,1,10,0,0,3
2166,RHBDD3,1,2,0,21,0,0,2
2167,PACSIN2,1,33,1,40,0,0,3
2168,TTLL1,1,12,1,36,0,0,3
2169,RASL10A,1,6,0,14,0,0,2
2170,AP1B1,1,25,4,64,0,0,3
2171,HMGXB4,1,6,0,35,0,1,3
2172,TOM1,1,27,1,33,0,5,4
2173,NEFH,1,25,0,34,0,2,3
2174,CHKB,1,6,2,34,0,0,3
2175,BIK,1,10,0,34,0,6,3
2176,HMOX1,1,46,10,62,0,64,4
2177,MCAT,1,11,1,53,0,15,4
2178,THOC5,1,12,3,50,0,0,3
2179,MCM5,1,20,7,90,0,8,4
2180,APOBEC3H,1,18,2,32,0,0,3
2181,ARSA,1,15,3,43,0,0,3
2182,TSPO,1,54,1,39,0,11,4
2183,RASD2,1,10,0,35,0,0,2
2184,TTLL12,1,12,1,29,0,0,3
2185,CBX7,1,10,0,44,0,0,2
2186,PDGFB,1,78,8,44,0,31,4
2187,CABP7,1,6,0,18,0,0,2
2188,ZMAT5,1,12,1,45,0,0,3
2189,RBFOX2,1,16,1,63,1,8,4
2190,SYNGR1,1,14,1,32,0,0,3
2191,TAB1,1,20,15,66,0,7,4
2192,ASCC2,1,16,2,36,0,0,3
2193,MTMR3,1,21,2,32,0,0,3
2194,MIEF1,1,16,1,35,0,0,3
2195,APOL4,1,6,0,11,0,0,2
2196,PNPLA5,1,10,1,14,0,0,3
2197,APOL1,1,14,3,52,0,0,3
2198,PNPLA3,1,29,1,51,0,3,4
2199,MYH9,1,76,14,106,0,7,4
2200,CACNA1I,1,12,2,42,0,0,3
2201,SAMM50,1,13,3,53,0,0,3
2202,TXN2,1,8,2,39,0,3,4
2203,FOXRED2,1,5,0,28,0,0,2
2204,GRAP2,1,12,8,57,0,2,4
2205,EIF3D,1,18,7,51,0,0,3
2206,TNRC6B,1,12,24,39,0,0,3
2207,SGSM3,1,14,0,34,0,0,2
2208,IFT27,1,28,1,53,0,0,3
2209,PVALB,1,8,1,74,0,0,3
2210,KIAA0930,1,4,0,18,0,0,2
2211,NCF4,1,14,8,50,0,2,4
2212,CSF2RB,1,24,6,50,0,2,4
2213,SLC25A17,1,26,2,38,0,0,3
2214,UPK3A,1,9,0,24,0,1,3
2215,FAM118A,1,3,0,26,0,0,2
2216,KCTD17,1,11,0,40,0,0,2
2217,ST13,1,7,1,37,0,1,4
2218,IL2RB,1,26,4,58,0,19,4
2219,RBX1,1,104,42,258,0,0,3
2220,EP300,1,107,62,339,72,20,4
2221,L3MBTL2,1,14,2,52,0,0,3
2222,CHADL,1,9,0,7,0,0,2
2223,RANGAP1,1,21,10,72,0,1,4
2224,ZC3H7B,1,7,0,33,0,0,2
2225,PHF5A,1,23,4,77,5,5,4
2226,ACO2,1,9,4,75,0,1,4
2227,POLR3H,1,15,7,51,0,0,3
2228,TRMU,1,7,1,40,0,0,3
2229,PMM1,1,8,1,38,0,0,3
2230,DESI1,1,17,0,37,0,0,2
2231,CERK,1,11,1,48,0,3,4
2232,BRD1,1,21,2,48,0,1,4
2233,ZBED4,1,15,0,9,0,0,2
2234,MLC1,1,26,0,9,0,4,3
2235,HDAC10,1,23,6,34,0,0,3
2236,KCNK10,1,9,2,34,0,0,3
2237,ABHD4,1,11,0,42,0,0,2
2238,KHNYN,1,10,0,12,0,0,2
2239,FKBP3,1,7,0,44,0,0,2
2240,SDR39U1,1,2,0,18,0,0,2
2241,CTSG,1,37,9,59,0,12,4
2242,GZMH,1,7,2,45,0,0,3
2243,GZMB,1,20,4,76,0,19,4
2244,RBM23,1,11,0,30,0,0,2
2245,PRMT5,1,47,3,77,1,2,4
2246,COCH,1,7,0,29,0,0,2
2247,AP4S1,1,11,1,55,0,0,3
2248,POLE2,1,12,10,60,0,4,4
2249,VCPKMT,1,11,1,24,0,0,3
2250,SOS2,1,8,5,43,0,0,3
2251,CDKL1,1,14,0,15,0,0,2
2252,NIN,1,19,0,60,0,0,2
2253,PYGL,1,20,2,51,0,0,3
2254,TRIM9,1,13,1,33,0,0,3
2255,PSMC6,1,27,69,61,0,7,4
2256,GNPNAT1,1,9,1,32,0,0,3
2257,DDHD1,1,8,1,35,0,0,3
2258,CDKN3,1,13,0,45,0,1,3
2259,CNIH1,1,9,2,44,0,1,4
2260,CGRRF1,1,6,0,17,0,1,3
2261,ATP6V1D,1,31,6,49,0,0,3
2262,CCDC198,1,4,0,9,0,0,2
2263,PLEK2,1,11,0,147,0,1,3
2264,PIGH,1,5,1,34,0,0,3
2265,LRRC74A,1,0,0,14,0,0,1
2266,PSMA3,1,40,69,58,0,0,3
2267,VTI1B,1,32,1,65,0,0,3
2268,TIMM9,1,11,2,52,0,0,3
2269,GSTZ1,1,16,3,38,0,2,4
2270,KIAA0586,1,8,0,42,0,0,2
2271,TMED8,1,3,0,13,0,0,2
2272,SAMD15,1,2,0,7,0,0,2
2273,AHSA1,1,11,0,54,0,0,2
2274,DAAM1,1,17,6,51,0,2,4
2275,ISM2,1,2,0,14,0,0,2
2276,SPTLC2,1,15,1,52,0,5,4
2277,RIN3,1,18,1,43,0,0,3
2278,LGMN,1,37,3,38,0,3,4
2279,ALKBH1,1,24,0,36,0,1,3
2280,SNW1,1,39,14,114,4,2,4
2281,CHGA,1,22,1,55,0,10,4
2282,ITPK1,1,17,3,35,0,1,4
2283,DHRS7,1,8,0,14,0,0,2
2284,PPM1A,1,23,2,44,0,0,3
2285,SIX4,1,39,0,30,8,1,3
2286,GALNT16,1,5,1,28,0,0,3
2287,ASB2,1,22,2,36,0,2,4
2288,CEP128,1,13,0,38,0,0,2
2289,ERH,1,10,0,39,0,0,2
2290,HIF1A,1,82,11,121,414,35,4
2291,SUSD6,1,3,0,6,0,1,3
2292,SRSF5,1,18,6,59,0,0,3
2293,SLC10A1,1,11,1,45,0,15,4
2294,EIF5,1,13,2,52,0,1,4
2295,SERPINA4,1,5,2,39,0,1,4
2296,SLC8A3,1,51,4,27,0,2,4
2297,DICER1,1,41,5,100,0,5,4
2298,ZFYVE21,1,5,0,17,0,0,2
2299,MTHFD1,1,24,1,45,0,2,4
2300,TCL1A,1,10,0,40,0,7,3
2301,ZC3H14,1,16,0,50,0,0,2
2302,TELO2,1,18,0,40,0,0,2
2303,PCNX1,1,1,0,8,0,0,2
2304,BDKRB1,1,17,3,40,0,13,4
2305,GSKIP,1,13,0,11,0,0,2
2306,VRK1,1,30,2,35,0,2,4
2307,PSMC1,1,20,69,77,0,0,3
2308,PAPLN,1,5,0,9,0,0,2
2309,PPP4R3A,1,11,0,40,0,0,2
2310,C14orf93,1,3,0,7,0,0,2
2311,PSMB5,1,31,69,51,0,5,4
2312,YY1,1,60,6,93,242,18,4
2313,ACIN1,1,19,2,41,0,0,3
2314,CCNB1IP1,1,10,0,34,0,0,2
2315,TRIP11,1,18,3,42,0,0,3
2316,APEX1,1,50,6,57,39,17,4
2317,EFS,1,9,0,26,0,0,2
2318,ARHGAP5,1,13,14,32,0,0,3
2319,CINP,1,7,0,32,0,0,2
2320,DHRS2,1,16,0,32,0,3,3
2321,SRP54,1,22,1,49,0,0,3
2322,CPNE6,1,17,1,34,0,0,3
2323,CHD8,1,29,2,69,0,1,4
2324,PCK2,1,23,1,36,0,29,4
2325,PRORP,1,8,3,43,0,0,3
2326,DCAF11,1,9,1,49,0,0,3
2327,NFKBIA,1,32,15,92,0,31,4
2328,EMC9,1,7,0,12,0,0,2
2329,PSME2,1,15,5,39,0,0,3
2330,BRMS1L,1,10,0,40,0,0,2
2331,REC8,1,21,1,67,0,0,3
2332,TM9SF1,1,4,0,30,0,0,2
2333,SEC23A,1,17,6,48,0,0,3
2334,GMPR2,1,9,1,31,0,0,3
2335,PNN,1,18,1,45,0,0,3
2336,RABGGTA,1,14,2,67,0,0,3
2337,NFATC4,1,25,0,37,39,4,3
2338,PLTP,1,34,0,53,0,6,3
2339,PCIF1,1,11,0,30,0,0,2
2340,GSS,1,15,2,41,0,6,4
2341,MMP9,1,37,10,112,0,86,4
2342,VSX1,1,12,0,38,4,1,3
2343,TRPC4AP,1,13,1,42,0,1,4
2344,PYGB,1,12,2,54,0,0,3
2345,ABHD12,1,21,1,39,0,0,3
2346,PROCR,1,11,2,36,0,1,4
2347,GINS1,1,9,1,43,0,1,4
2348,NINL,1,6,7,44,0,0,3
2349,CD40,1,34,0,88,0,35,3
2350,UQCC1,1,6,1,38,0,0,3
2351,ZMYND8,1,31,1,35,8,1,4
2352,SGK2,1,14,1,33,0,0,3
2353,IFT52,1,16,2,38,0,0,3
2354,MYBL2,1,11,3,42,41,8,4
2355,R3HDML,1,2,0,19,0,0,2
2356,HNF4A,1,42,2,76,258,32,4
2357,NDRG3,1,7,0,20,0,0,2
2358,SLA2,1,15,1,34,0,0,3
2359,RAB5IF,1,8,1,33,0,0,3
2360,NFATC2,1,36,5,50,89,10,4
2361,RIMS4,1,10,0,21,0,0,2
2362,PABPC1L,1,14,0,33,0,0,2
2363,STK4,1,35,1,38,0,0,3
2364,SALL4,1,8,3,65,19,4,4
2365,ADNP,1,34,1,39,1,0,4
2366,PFDN4,1,11,1,40,0,4,4
2367,DOK5,1,5,1,27,0,1,4
2368,CSTF1,1,7,5,45,0,0,3
2369,BMP7,1,64,2,66,0,11,4
2370,RAE1,1,17,30,69,0,3,4
2371,TPD52L2,1,7,0,19,0,0,2
2372,DNAJC5,1,22,3,50,0,0,3
2373,NELFCD,1,11,15,54,0,2,4
2374,CTSZ,1,26,5,46,0,0,3
2375,PRPF6,1,27,3,80,0,0,3
2376,TUBB1,1,22,32,47,0,0,3
2377,PRELID3B,1,8,0,26,0,0,2
2378,HRH3,1,15,1,32,0,1,4
2379,MTG2,1,14,0,44,0,0,2
2380,PSMA7,1,37,69,60,0,0,3
2381,SLCO4A1,1,12,1,32,0,0,3
2382,NTSR1,1,54,2,40,0,2,4
2383,MRGBP,1,13,1,48,0,0,3
2384,TCFL5,1,17,0,6,3,1,3
2385,DIDO1,1,7,0,37,0,4,3
2386,GID8,1,13,1,40,0,0,3
2387,SLC17A9,1,19,0,23,0,1,3
2388,BIRC7,1,21,1,35,0,4,4
2389,NKAIN4,1,4,0,18,0,0,2
2390,ARFGAP1,1,9,4,37,0,0,3
2391,AVP,1,52,10,52,0,29,4
2392,COL20A1,1,5,2,35,0,0,3
2393,CHRNA4,1,42,3,39,0,0,3
2394,EEF1A2,1,15,1,50,0,6,4
2395,PTK6,1,31,12,41,0,7,4
2396,GMEB2,1,15,0,33,0,0,2
2397,C20orf27,1,8,0,16,0,0,2
2398,SPEF1,1,28,0,19,0,0,2
2399,CDC25B,1,19,4,39,0,12,4
2400,ISM1,1,2,0,10,0,0,2
2401,RNF24,1,4,0,24,0,0,2
2402,ARFRP1,1,13,1,45,0,0,3
2403,NDUFAF5,1,6,1,39,0,0,3
2404,SEL1L2,1,5,0,19,0,0,2
2405,TRIB3,1,29,8,37,0,10,4
2406,RASSF2,1,16,0,27,0,0,2
2407,CSNK2A1,1,40,15,90,0,11,4
2408,SLC52A3,1,11,1,26,0,0,3
2409,ANGPT4,1,18,1,33,0,2,4
2410,RSPO4,1,8,1,25,0,0,3
2411,CDS2,1,10,1,37,0,0,3
2412,HM13,1,18,1,42,0,0,3
2413,SNPH,1,10,0,30,0,0,2
2414,MYLK2,1,21,0,49,0,0,2
2415,SIRPB1,1,9,3,23,0,0,3
2416,SEC23B,1,15,0,41,0,1,3
2417,FERMT1,1,28,0,32,0,0,2
2418,HAO1,1,13,2,56,0,0,3
2419,PDYN,1,11,4,70,0,13,4
2420,CCM2L,1,5,0,20,0,1,3
2421,PLCB4,1,17,3,57,0,3,4
2422,MYL9,1,19,8,62,0,5,4
2423,HCK,1,53,9,75,0,3,4
2424,TM9SF4,1,12,0,32,0,1,3
2425,TLDC2,1,2,0,15,0,0,2
2426,CRNKL1,1,16,2,102,0,0,3
2427,POFUT1,1,6,1,44,0,1,4
2428,SAMHD1,1,28,2,43,0,15,4
2429,PAK5,1,21,5,36,0,1,4
2430,KIF3B,1,42,6,45,0,0,3
2431,NOP56,1,20,3,106,0,1,4
2432,MANBAL,1,2,0,8,0,0,2
2433,IDH3B,1,12,1,48,0,0,3
2434,MAPRE1,1,42,14,66,0,3,4
2435,JAG1,1,51,12,59,0,14,4
2436,CDK5RAP1,1,20,0,36,0,0,2
2437,SNTA1,1,26,1,43,0,0,3
2438,OXT,1,57,2,74,0,20,4
2439,TTI1,1,11,0,37,0,0,2
2440,E2F1,1,47,17,97,294,47,4
2441,RPRD1B,1,12,1,36,0,0,3
2442,PXMP4,1,4,1,35,0,0,3
2443,CHMP4B,1,55,9,55,0,1,4
2444,BPI,1,17,3,32,0,7,4
2445,CST9L,1,4,0,16,0,0,2
2446,SLC32A1,1,33,2,78,0,0,3
2447,CST3,1,26,4,43,0,1,4
2448,ASIP,1,16,0,34,0,1,3
2449,CST4,1,8,0,40,0,1,3
2450,ACTR5,1,17,2,36,0,1,4
2451,WFDC2,1,15,1,33,0,2,4
2452,AHCY,1,9,4,34,0,0,3
2453,PPP1R16B,1,16,0,31,0,0,2
2454,SPINT3,1,2,0,9,0,0,2
2455,FAM83D,1,21,0,36,0,0,2
2456,EPPIN,1,15,1,24,0,2,4
2457,DHX35,1,17,1,55,0,0,3
2458,DNTTIP1,1,12,1,25,0,0,3
2459,MAP1LC3A,1,35,3,57,0,4,4
2460,SYNDIG1,1,20,0,24,0,0,2
2461,PIGU,1,10,1,32,0,0,3
2462,TNNC2,1,7,1,45,0,0,3
2463,ACOT8,1,24,5,43,0,1,4
2464,APMAP,1,4,0,46,0,1,3
2465,CELF4,1,19,0,24,0,0,2
2466,ZNF516,1,13,0,34,0,0,2
2467,CDH20,1,17,0,33,0,0,2
2468,ADNP2,1,8,1,24,1,0,4
2469,RBFA,1,8,0,36,0,0,2
2470,USP14,1,24,2,92,0,0,3
2471,VAPA,1,43,3,81,0,1,4
2472,METTL4,1,19,0,33,0,0,2
2473,LPIN2,1,10,4,45,0,2,4
2474,SMCHD1,1,17,0,37,0,0,2
2475,MYOM1,1,12,0,34,0,1,3
2476,MYL12A,1,8,2,43,0,0,3
2477,CEP76,1,6,7,39,0,0,3
2478,ST8SIA5,1,9,2,28,0,0,3
2479,CEP192,1,16,7,53,0,0,3
2480,RNMT,1,12,3,41,0,0,3
2481,SMAD7,1,59,7,65,59,35,4
2482,LIPG,1,21,1,52,0,7,4
2483,LAMA1,1,30,9,47,0,10,4
2484,RNF125,1,16,1,38,0,0,3
2485,ANKRD12,1,2,0,19,0,0,2
2486,NOL4,1,4,0,14,0,0,2
2487,POLI,1,10,4,48,0,10,4
2488,MIB1,1,17,6,35,0,4,4
2489,RBBP8,1,19,17,73,0,4,4
2490,RIOK3,1,22,1,36,0,0,3
2491,CSTF2,1,15,6,54,0,0,3
2492,H2BFM,1,7,0,0,0,0,1
2493,MXRA5,1,6,0,30,0,0,2
2494,VSIG1,1,6,0,13,0,0,2
2495,PSMD10,1,18,1,41,0,4,4
2496,ATG4A,1,13,1,37,0,1,4
2497,STS,1,14,3,56,0,10,4
2498,TBL1X,1,18,21,53,1,2,4
2499,GPR143,1,25,3,50,0,1,4
2500,PGRMC1,1,25,1,32,0,2,4
2501,POLA1,1,31,10,67,0,5,4
2502,MID1,1,23,1,33,0,1,4
2503,NKAP,1,12,1,46,0,0,3
2504,RHOXF1,1,14,0,3,1,0,3
2505,NXT2,1,10,0,39,0,0,2
2506,GUCY2F,1,23,1,47,0,0,3
2507,ATP1B4,1,11,1,40,0,0,3
2508,ALG13,1,9,2,41,0,0,3
2509,PRPS2,1,17,1,34,0,1,4
2510,TLR8,1,35,3,65,0,4,4
2511,MOSPD1,1,8,0,20,0,0,2
2512,AMMECR1,1,3,0,18,0,0,2
2513,CHRDL1,1,7,3,21,0,0,3
2514,WDR13,1,3,0,19,0,0,2
2515,SUV39H1,1,45,2,69,0,4,4
2516,PAGE4,1,13,0,12,0,0,2
2517,SRPX,1,7,0,10,0,4,3
2518,GLRA2,1,27,1,32,0,0,3
2519,XIAP,1,38,14,88,0,19,4
2520,STAG2,1,18,7,49,0,1,4
2521,ATP11C,1,22,1,31,0,0,3
2522,MCF2,1,11,11,48,0,1,4
2523,F9,1,19,14,41,0,2,4
2524,ABCD1,1,50,6,35,0,0,3
2525,CCDC22,1,15,1,70,0,0,3
2526,CACNA1F,1,16,0,76,0,0,2
2527,SYP,1,27,1,92,0,5,4
2528,PLP2,1,11,0,27,0,0,2
2529,BMX,1,16,2,32,0,1,4
2530,LUZP4,1,5,2,41,0,0,3
2531,PLS3,1,15,0,37,0,1,3
2532,NAA10,1,17,0,45,0,1,3
2533,RENBP,1,12,1,31,0,0,3
2534,ELF4,1,22,0,29,49,3,3
2535,SMARCA1,1,26,0,42,49,16,3
2536,MTMR8,1,12,1,40,0,0,3
2537,ASB9,1,9,2,45,0,0,3
2538,ZC3H12B,1,6,0,5,0,0,2
2539,RBBP7,1,30,25,133,0,3,4
2540,PPP1R2C,1,4,0,12,0,1,3
2541,KCND1,1,15,2,35,0,0,3
2542,OPN1LW,1,17,4,34,0,2,4
2543,SLC25A14,1,13,1,28,0,1,4
2544,FMR1,1,105,0,114,0,14,3
2545,PIM2,1,16,0,32,0,4,3
2546,SCML2,1,8,0,43,0,0,2
2547,SLC35A2,1,13,2,55,0,3,4
2548,PQBP1,1,22,2,41,0,2,4
2549,RS1,1,14,0,28,0,4,3
2550,PCSK1N,1,15,0,33,0,3,3
2551,EMD,1,27,9,67,0,2,4
2552,TAZ,1,16,0,42,0,0,2
2553,PGK1,1,22,4,64,0,7,4
2554,GATA1,1,56,3,113,139,29,4
2555,MAGT1,1,13,6,47,0,0,3
2556,SMS,1,5,1,42,0,2,4
2557,PHEX,1,21,0,32,0,9,3
2558,UBL4A,1,14,1,50,0,0,3
2559,CD99L2,1,7,1,37,0,0,3
2560,EEA1,1,26,1,66,0,0,3
2561,RP2,1,16,1,22,0,0,3
2562,JADE3,1,10,1,17,0,0,3
2563,CDK16,1,23,0,40,0,0,2
2564,USP11,1,11,2,46,0,0,3
2565,PCYT1B,1,11,1,33,0,0,3
2566,BRS3,1,12,2,36,0,3,4
2567,HTATSF1,1,17,2,43,0,0,3
2568,VGLL1,1,7,0,24,0,0,2
2569,CD40LG,1,34,4,75,0,23,4
2570,TIMP1,1,28,7,74,0,39,4
2571,KLHL4,1,9,0,13,0,0,2
2572,GABRE,1,21,0,34,0,0,2
2573,PCDH11X,1,6,0,39,0,0,2
2574,FGD1,1,18,3,32,0,0,3
2575,PIN4,1,15,0,33,0,0,2
2576,PORCN,1,12,2,34,0,0,3
2577,ITIH6,1,4,0,11,0,0,2
2578,MAGED2,1,11,1,35,0,0,3
2579,RBM3,1,15,0,36,0,1,3
2580,KLF8,1,9,0,16,20,3,3
2581,SRPX2,1,20,0,34,0,1,3
2582,SYTL4,1,20,1,34,0,5,4
2583,ZDHHC15,1,19,0,19,0,0,2
2584,CENPI,1,12,7,46,0,0,3
2585,DRP2,1,10,2,18,0,0,3
2586,TAF7L,1,7,10,40,0,1,4
2587,PBDC1,1,3,0,17,0,0,2
2588,GLA,1,21,2,47,0,1,4
2589,ARMCX3,1,8,1,17,0,0,3
2590,BEX4,1,15,0,7,0,0,2
2591,RUBCNL,1,10,0,36,0,0,2
2592,NALCN,1,20,1,33,0,0,3
2593,FGF14,1,11,1,34,0,0,3
2594,HTR2A,1,61,2,42,0,3,4
2595,NDFIP2,1,17,0,25,0,0,2
2596,TNFSF13B,1,20,4,46,0,16,4
2597,FNDC3A,1,11,0,19,0,0,2
2598,MLNR,1,10,2,34,0,0,3
2599,CDADC1,1,12,0,34,0,0,2
2600,CAB39L,1,3,1,35,0,0,3
2601,KLF5,1,17,2,41,67,10,4
2602,STK24,1,25,2,49,0,0,3
2603,ACP5,1,9,1,41,0,18,4
2604,DNAJC3,1,21,7,52,0,1,4
2605,UGGT2,1,11,1,38,0,0,3
2606,ARHGEF7,1,28,11,58,0,0,3
2607,FGF9,1,17,38,57,0,4,4
2608,SGCG,1,14,1,36,0,2,4
2609,PARP4,1,23,3,35,0,0,3
2610,SUPT20H,1,9,1,40,5,0,4
2611,SLC25A15,1,13,2,14,0,0,3
2612,KPNA3,1,12,3,44,0,0,3
2613,FLT1,1,36,2,69,0,30,4
2614,RGCC,1,39,1,18,0,9,4
2615,VWA8,1,6,0,31,0,0,2
2616,DGKH,1,22,1,38,0,0,3
2617,KATNAL1,1,19,0,32,0,0,2
2618,INTS6,1,14,1,44,0,0,3
2619,ACOD1,1,23,0,36,0,0,2
2620,DHRS12,1,0,0,20,0,0,1
2621,MEDAG,1,3,0,9,0,0,2
2622,TSC22D1,1,18,0,17,7,4,3
2623,CLN5,1,25,0,32,0,0,2
2624,OLFM4,1,16,1,40,0,7,4
2625,MSLN,1,15,3,40,0,6,4
2626,MGRN1,1,20,1,32,0,0,3
2627,ZNF629,1,5,0,35,0,0,2
2628,TRADD,1,35,11,73,0,9,4
2629,HSF4,1,16,0,36,11,0,3
2630,CORO1A,1,44,1,53,0,0,3
2631,MAPK3,1,64,59,199,0,8,4
2632,GDPD3,1,12,1,51,0,0,3
2633,ELMO3,1,4,0,29,0,3,3
2634,MT4,1,8,1,9,0,0,3
2635,PHKB,1,9,1,41,0,0,3
2636,LYRM1,1,3,0,14,0,0,2
2637,NUTF2,1,17,0,43,0,1,3
2638,NUP93,1,15,31,59,0,0,3
2639,CENPT,1,14,7,37,0,0,3
2640,TSNAXIP1,1,3,0,37,0,0,2
2641,NFAT5,1,28,0,33,48,1,3
2642,LONP2,1,22,2,40,0,0,3
2643,N4BP1,1,14,1,21,0,0,3
2644,CBLN1,1,24,0,35,0,0,2
2645,ARL2BP,1,18,1,32,0,0,3
2646,PLLP,1,15,0,28,0,0,2
2647,ZNF423,1,14,1,35,4,2,4
2648,CCL22,1,16,3,47,0,7,4
2649,DHODH,1,13,1,52,0,2,4
2650,CCL17,1,10,1,44,0,5,4
2651,CTCF,1,35,2,76,135,6,4
2652,ACD,1,23,14,35,0,0,3
2653,POLR2C,1,11,44,141,0,1,4
2654,PARD6A,1,24,7,39,0,0,3
2655,ZNF821,1,7,0,12,0,0,2
2656,MMP15,1,17,3,27,0,3,4
2657,USB1,1,9,0,35,0,0,2
2658,CYB5B,1,10,3,46,0,0,3
2659,CCDC113,1,7,0,40,0,0,2
2660,PRSS54,1,3,0,15,0,0,2
2661,NME3,1,23,1,45,0,1,4
2662,NDRG4,1,23,0,25,0,0,2
2663,PSMD7,1,19,69,59,0,0,3
2664,SETD6,1,13,1,26,0,0,3
2665,SLC38A7,1,13,0,23,0,0,2
2666,VAC14,1,13,3,46,0,0,3
2667,HAS3,1,18,1,47,0,0,3
2668,TANGO6,1,2,0,17,0,0,2
2669,COG4,1,9,3,58,0,0,3
2670,SMPD3,1,19,2,37,0,1,4
2671,SLC7A6OS,1,3,0,32,0,0,2
2672,SLC7A6,1,20,2,41,0,0,3
2673,PLA2G15,1,23,1,34,0,0,3
2674,ESRP2,1,8,1,38,0,2,4
2675,FA2H,1,17,1,42,0,1,4
2676,WDR59,1,11,1,36,0,0,3
2677,MON1B,1,9,1,34,0,0,3
2678,CMC2,1,2,1,43,0,0,3
2679,AXIN1,1,49,17,93,0,11,4
2680,HCFC1R1,1,2,0,14,0,2,3
2681,NPRL3,1,7,1,47,0,7,4
2682,MLYCD,1,20,0,39,0,2,3
2683,MPG,1,15,3,34,0,6,4
2684,NECAB2,1,17,0,27,0,0,2
2685,HSDL1,1,2,0,43,0,0,2
2686,TAF1C,1,13,6,38,0,1,4
2687,NAGPA,1,10,0,26,0,0,2
2688,WFDC1,1,4,0,7,0,0,2
2689,SEC14L5,1,2,0,8,0,0,2
2690,COTL1,1,16,1,32,0,0,3
2691,USP10,1,26,2,38,0,0,3
2692,CRISPLD2,1,12,1,11,0,0,3
2693,TSC2,1,38,7,82,0,7,4
2694,ZNF500,1,8,1,22,0,0,3
2695,NME4,1,23,1,40,0,0,3
2696,ABCC1,1,44,8,40,0,12,4
2697,LMF1,1,3,1,28,0,1,4
2698,FOXF1,1,36,2,36,8,5,4
2699,CIAO3,1,7,1,35,0,0,3
2700,MTHFSD,1,3,0,49,0,0,2
2701,CLCN7,1,14,1,43,0,1,4
2702,HAGHL,1,2,0,22,0,0,2
2703,ANTKMT,1,6,0,30,0,0,2
2704,SLC7A5,1,62,3,53,0,2,4
2705,METRN,1,5,0,24,0,0,2
2706,FBXO31,1,16,2,22,0,0,3
2707,STUB1,1,66,8,94,0,4,4
2708,RHBDL1,1,5,0,20,0,0,2
2709,NUBP1,1,18,1,37,0,0,3
2710,UBE2I,1,37,29,153,0,6,4
2711,ZP2,1,14,1,46,0,1,4
2712,MEFV,1,34,2,61,0,5,4
2713,CRYM,1,21,1,33,0,0,3
2714,EEF2K,1,26,1,34,0,0,3
2715,CAPN15,1,7,1,23,0,0,3
2716,PIEZO1,1,21,3,42,0,0,3
2717,GSPT1,1,15,4,51,0,2,4
2718,ZNF174,1,15,0,30,2,0,3
2719,CLUAP1,1,12,0,46,0,0,2
2720,UBFD1,1,2,0,42,0,0,2
2721,PRSS33,1,5,0,13,0,0,2
2722,EARS2,1,13,1,55,0,1,4
2723,ELOB,1,24,20,134,0,0,3
2724,GGA2,1,14,2,40,0,0,3
2725,AQP8,1,34,3,35,0,0,3
2726,CPPED1,1,7,1,24,0,0,3
2727,USP31,1,6,0,20,0,0,2
2728,HMOX2,1,11,5,37,0,1,4
2729,DNAJA3,1,43,0,44,0,0,2
2730,BFAR,1,16,0,19,0,0,2
2731,SALL1,1,35,2,43,6,5,4
2732,TOX3,1,13,0,36,6,0,3
2733,RBL2,1,20,9,54,0,19,4
2734,QPRT,1,10,1,53,0,0,3
2735,XYLT1,1,14,1,49,0,5,4
2736,PYCARD,1,93,6,57,0,4,4
2737,RPGRIP1L,1,17,2,69,0,0,3
2738,MAZ,1,16,0,41,41,2,3
2739,STX4,1,62,5,72,0,0,3
2740,CDIPT,1,14,1,83,0,0,3
2741,BCKDK,1,23,2,38,0,0,3
2742,KAT8,1,46,2,71,4,0,4
2743,NOMO1,1,8,0,18,0,0,2
2744,IL21R,1,12,1,46,0,5,4
2745,SYT17,1,13,0,11,0,0,2
2746,TMC5,1,5,0,12,0,0,2
2747,CCP110,1,13,9,71,0,0,3
2748,VPS35L,1,10,1,33,0,0,3
2749,SLC6A2,1,30,2,41,0,8,4
2750,RNF40,1,17,1,37,0,1,4
2751,KNOP1,1,3,0,32,0,0,2
2752,AQP9,1,25,2,39,0,3,4
2753,AAGAB,1,3,0,29,0,0,2
2754,IQCH,1,4,0,4,0,0,2
2755,LACTB,1,6,0,24,0,1,3
2756,CORO2B,1,19,0,19,0,0,2
2757,CSK,1,34,13,52,0,0,3
2758,HERC1,1,8,1,26,0,0,3
2759,TRIP4,1,25,1,41,0,0,3
2760,MTFMT,1,5,1,51,0,0,3
2761,RASL12,1,6,0,9,0,0,2
2762,AP3B2,1,20,0,39,0,0,2
2763,ACSBG1,1,12,1,35,0,4,4
2764,IGDCC4,1,4,0,19,0,0,2
2765,RAB11A,1,72,6,139,0,4,4
2766,CTSH,1,52,4,39,0,1,4
2767,TTC23,1,3,0,13,0,0,2
2768,CD276,1,12,0,40,0,0,2
2769,FAH,1,9,1,36,0,1,4
2770,CEMIP,1,22,1,12,0,0,3
2771,RPAP1,1,3,0,31,0,1,3
2772,HOMER2,1,20,1,33,0,0,3
2773,EHD4,1,27,0,21,0,0,2
2774,TMEM87A,1,13,1,32,0,0,3
2775,ZNF106,1,4,0,35,0,0,2
2776,CEP152,1,14,7,45,0,0,3
2777,ATP8B4,1,18,2,18,0,0,3
2778,OCA2,1,17,1,51,0,5,4
2779,DTWD1,1,3,0,16,0,0,2
2780,TGM5,1,6,1,33,0,0,3
2781,FAM189A1,1,1,0,16,0,0,2
2782,GABPB1,1,6,0,36,0,0,2
2783,TJP1,1,40,6,145,0,9,4
2784,BMF,1,11,2,32,0,0,3
2785,DMXL2,1,10,0,26,0,0,2
2786,SCG3,1,9,3,29,0,2,4
2787,EIF3J,1,11,7,39,0,0,3
2788,SPG11,1,24,0,54,0,0,2
2789,RHOV,1,11,1,37,0,0,3
2790,VPS18,1,35,1,51,0,0,3
2791,OIP5,1,13,1,55,0,1,4
2792,SLC30A4,1,22,0,35,0,0,2
2793,BLOC1S6,1,83,1,48,0,1,4
2794,MYEF2,1,6,0,27,0,2,3
2795,SGK3,1,16,1,32,0,1,4
2796,PDGFRL,1,8,0,8,0,1,3
2797,CSPP1,1,9,0,34,0,0,2
2798,ZDHHC2,1,30,2,28,0,2,4
2799,BRF2,1,15,2,41,0,1,4
2800,TRIM35,1,11,1,12,0,1,4
2801,ZFAND1,1,8,0,16,0,0,2
2802,CA2,1,15,4,43,0,18,4
2803,FZD3,1,34,4,53,0,1,4
2804,INTS9,1,14,1,41,0,0,3
2805,RIPK2,1,50,9,51,0,3,4
2806,EYA1,1,17,2,47,0,8,4
2807,NBN,1,50,20,55,0,8,4
2808,TRPA1,1,44,1,69,0,0,3
2809,CPQ,1,12,0,12,0,0,2
2810,DECR1,1,9,1,33,0,0,3
2811,CALB1,1,40,1,53,0,3,4
2812,IMPAD1,1,10,0,36,0,0,2
2813,SFRP1,1,73,2,50,0,15,4
2814,LAPTM4B,1,23,0,27,0,1,3
2815,UBE2W,1,16,2,37,0,0,3
2816,POP1,1,15,1,47,0,2,4
2817,NIPAL2,1,4,1,24,0,0,3
2818,IKBKB,1,47,29,104,0,8,4
2819,PLAT,1,26,2,57,0,20,4
2820,JPH1,1,14,0,32,0,0,2
2821,DKK4,1,6,3,42,0,6,4
2822,STK3,1,30,1,34,0,0,3
2823,GDAP1,1,11,1,53,0,1,4
2824,RAB2A,1,22,2,50,0,0,3
2825,EIF3E,1,25,7,53,0,1,4
2826,EMC2,1,9,0,41,0,0,2
2827,ESRP1,1,10,2,50,0,3,4
2828,CCN4,1,26,0,32,0,2,3
2829,NDRG1,1,22,1,36,0,20,4
2830,ZC2HC1A,1,1,0,12,0,0,2
2831,IL7,1,25,1,62,0,15,4
2832,STMN2,1,23,1,41,0,5,4
2833,ARMC1,1,7,0,31,0,0,2
2834,TRPS1,1,17,0,32,14,3,3
2835,SPAG1,1,7,0,42,0,0,2
2836,CHRAC1,1,13,0,40,0,0,2
2837,NCALD,1,11,1,48,0,0,3
2838,SNX16,1,13,0,33,0,0,2
2839,GML,1,5,0,18,0,1,3
2840,UBR5,1,33,0,58,0,0,2
2841,GSDMD,1,32,8,40,0,0,3
2842,TSTA3,1,16,0,38,0,0,2
2843,PYCR3,1,7,1,32,0,0,3
2844,ANXA13,1,19,0,13,0,0,2
2845,SQLE,1,18,2,66,0,4,4
2846,SH2D4A,1,5,0,23,0,0,2
2847,INTS10,1,8,1,38,0,0,3
2848,ERI1,1,17,1,37,0,0,3
2849,SLC39A14,1,37,1,37,0,0,3
2850,MTMR9,1,16,3,28,0,1,4
2851,LEPROTL1,1,6,0,29,0,0,2
2852,DCTN6,1,7,5,49,0,1,4
2853,R3HCC1,1,1,0,13,0,0,2
2854,GSR,1,16,0,84,0,4,3
2855,TNFRSF10A,1,20,8,42,0,8,4
2856,UBXN8,1,8,0,34,0,0,2
2857,PPP2CB,1,23,35,100,0,0,3
2858,ERICH1,1,1,0,18,0,0,2
2859,NEFM,1,13,0,38,0,1,3
2860,TUSC3,1,10,5,37,0,0,3
2861,ARHGEF10,1,13,7,36,0,0,3
2862,KLHDC4,1,1,0,21,0,0,2
2863,MCM4,1,21,6,81,0,2,4
2864,ADAM2,1,12,1,41,0,3,4
2865,KCTD9,1,6,0,32,0,0,2
2866,FGL1,1,13,0,39,0,4,3
2867,ASAH1,1,27,3,48,0,4,4
2868,BNIP3L,1,24,1,44,0,3,4
2869,MAN2B1,1,10,2,36,0,0,3
2870,KCNN4,1,26,1,47,0,1,4
2871,TULP2,1,6,0,34,0,0,2
2872,NUCB1,1,13,2,33,0,2,4
2873,DHDH,1,8,0,38,0,0,2
2874,GYS1,1,11,4,51,0,1,4
2875,MAP4K1,1,15,0,34,0,1,3
2876,ECH1,1,13,2,43,0,0,3
2877,HNRNPL,1,21,4,68,0,2,4
2878,NFKBIB,1,9,5,35,18,9,4
2879,LHB,1,15,6,33,0,32,4
2880,CGB3,1,12,0,13,0,11,3
2881,TUBB4A,1,26,38,52,0,0,3
2882,SARS2,1,12,1,37,0,1,4
2883,KCNA7,1,13,1,34,0,0,3
2884,SNRNP70,1,22,2,100,0,0,3
2885,CLPTM1,1,7,0,23,0,0,2
2886,RELB,1,29,4,43,803,11,4
2887,CLASRP,1,4,0,38,0,1,3
2888,LIN7B,1,17,4,36,0,0,3
2889,PPP1R37,1,1,0,7,0,0,2
2890,FCGRT,1,10,0,36,0,14,3
2891,PIH1D1,1,23,0,52,0,0,2
2892,CKM,1,10,1,43,0,30,4
2893,ARHGEF18,1,16,5,34,0,0,3
2894,PPP1R13L,1,13,1,32,1,0,4
2895,PEX11G,1,6,0,32,0,0,2
2896,ERCC2,1,59,30,122,0,4,4
2897,DOT1L,1,26,1,57,8,3,4
2898,PLEKHJ1,1,4,0,13,0,0,2
2899,SLC17A7,1,38,2,72,0,0,3
2900,RNASEH2A,1,14,0,45,0,0,2
2901,KLC3,1,10,5,48,0,0,3
2902,CD37,1,5,0,39,0,0,2
2903,SF3A2,1,21,4,102,0,0,3
2904,AMH,1,22,2,51,0,18,4
2905,DKKL1,1,9,0,33,0,0,2
2906,LYL1,1,14,1,36,10,7,4
2907,OAZ1,1,10,2,40,0,0,3
2908,TRMT1,1,12,1,46,0,1,4
2909,STX10,1,20,1,52,0,0,3
2910,RETN,1,13,2,48,0,25,4
2911,FCER2,1,19,3,38,0,14,4
2912,DMPK,1,21,1,32,0,6,4
2913,CLEC4M,1,28,1,36,0,0,3
2914,RSPH6A,1,13,0,34,0,0,2
2915,TBC1D17,1,7,1,36,0,0,3
2916,IL4I1,1,22,1,49,0,0,3
2917,TLE6,1,27,0,36,0,3,3
2918,CCDC130,1,7,0,42,0,0,2
2919,PTOV1,1,7,0,27,0,1,3
2920,TLE5,1,12,1,33,4,2,4
2921,NOVA2,1,13,0,35,0,0,2
2922,SGTA,1,17,1,46,0,0,3
2923,LILRB1,1,54,1,47,0,4,4
2924,MED25,1,17,4,35,0,2,4
2925,LILRA1,1,10,1,33,0,0,3
2926,SNAPC2,1,10,3,37,0,0,3
2927,C19orf53,1,0,0,27,0,0,1
2928,TIMM44,1,9,1,46,0,0,3
2929,CCDC61,1,10,0,32,0,0,2
2930,IL27RA,1,25,2,40,0,0,3
2931,ASF1B,1,13,0,43,0,7,3
2932,TNNT1,1,10,1,44,0,3,4
2933,VRK3,1,14,1,34,0,0,3
2934,FAM32A,1,9,1,38,0,0,3
2935,PPP6R1,1,9,1,35,0,0,3
2936,C19orf44,1,1,0,11,0,0,2
2937,MED26,1,13,4,45,1,0,4
2938,OLFM2,1,12,0,36,0,0,2
2939,RASAL3,1,13,1,40,0,0,3
2940,AKAP8,1,25,0,35,0,0,2
2941,EPHX3,1,6,0,16,0,0,2
2942,ILVBL,1,10,0,46,0,0,2
2943,ZNF419,1,6,1,13,1,0,4
2944,SYDE1,1,10,6,30,0,0,3
2945,CASP14,1,15,2,43,0,10,4
2946,SLC1A6,1,22,2,35,0,1,4
2947,AURKC,1,28,0,37,0,1,3
2948,POP4,1,15,1,39,0,0,3
2949,CCNE1,1,15,14,64,0,53,4
2950,URI1,1,23,0,37,1,0,3
2951,PDCD5,1,17,0,38,0,8,3
2952,ANKRD27,1,25,1,35,0,0,3
2953,TIMM50,1,18,1,48,0,2,4
2954,LGALS13,1,11,0,32,0,0,2
2955,FBL,1,30,2,104,0,0,3
2956,DYRK1B,1,15,0,37,0,1,3
2957,CLC,1,9,0,30,0,5,3
2958,CNTD2,1,5,0,37,0,0,2
2959,GPI,1,36,4,119,0,0,3
2960,AKT2,1,38,33,86,0,11,4
2961,PLD3,1,19,2,49,0,0,3
2962,PRX,1,8,1,35,0,1,4
2963,PIAS4,1,30,13,45,2,2,4
2964,NUMBL,1,11,0,49,0,3,3
2965,EBI3,1,24,2,19,0,3,4
2966,YJU2,1,9,1,53,0,0,3
2967,SHD,1,2,0,5,0,0,2
2968,TBCB,1,13,1,34,0,0,3
2969,FSD1,1,12,0,19,0,3,3
2970,POLR2I,1,14,44,85,0,0,3
2971,OVOL3,1,13,0,13,0,0,2
2972,CLIP3,1,27,1,34,0,0,3
2973,ZFR2,1,4,0,6,0,0,2
2974,SLC1A5,1,30,6,63,0,4,4
2975,PRKD2,1,39,1,39,0,1,4
2976,TJP3,1,15,0,46,0,0,2
2977,APLP1,1,22,0,53,0,1,3
2978,CACTIN,1,25,1,43,0,0,3
2979,CCDC9,1,3,0,31,0,0,2
2980,HNRNPUL1,1,9,1,39,0,2,4
2981,FZR1,1,21,14,64,0,0,3
2982,BBC3,1,24,4,42,0,27,4
2983,TGFB1,1,178,21,144,0,50,4
2984,DENND3,1,7,1,20,0,0,3
2985,DMAC2,1,5,1,34,0,0,3
2986,CEACAM4,1,8,0,30,0,0,2
2987,PLIN3,1,17,6,42,0,0,3
2988,MYH14,1,26,6,41,0,8,4
2989,SIGLEC8,1,8,1,33,0,1,4
2990,CD79A,1,15,4,76,0,29,4
2991,LIM2,1,6,0,65,0,1,3
2992,ICAM4,1,14,2,26,0,1,4
2993,NOP53,1,33,0,52,0,0,2
2994,NKG7,1,12,0,41,0,0,2
2995,ICAM5,1,21,2,26,0,1,4
2996,ETFB,1,8,2,57,0,0,3
2997,CD33,1,24,3,61,0,5,4
2998,CEACAM5,1,17,2,88,0,7,4
2999,CRX,1,22,0,75,29,4,3
3000,BABAM1,1,17,5,44,0,0,3
3001,TYK2,1,31,21,86,0,2,4
3002,SULT2A1,1,18,3,43,0,19,4
3003,CDC37,1,21,20,81,0,0,3
3004,NAPA,1,33,6,86,0,1,4
3005,RABAC1,1,12,0,41,0,0,2
3006,ATP1A3,1,34,3,57,0,5,4
3007,MEIS3,1,18,0,13,2,1,3
3008,PTPRS,1,35,4,48,0,0,3
3009,CNFN,1,3,0,35,0,0,2
3010,ZNRF4,1,12,0,24,0,0,2
3011,MEGF8,1,26,0,15,0,0,2
3012,KDELR1,1,14,3,39,0,0,3
3013,CYTH2,1,15,1,37,0,0,3
3014,GRWD1,1,14,0,84,0,0,2
3015,GRIN2D,1,40,8,57,0,2,4
3016,SYNGR4,1,4,0,14,0,0,2
3017,CLEC11A,1,8,0,32,0,0,2
3018,CCDC114,1,10,0,67,0,0,2
3019,CARD8,1,34,2,36,0,5,4
3020,LIG1,1,17,11,49,0,1,4
3021,SIGLEC6,1,7,1,23,0,0,3
3022,ZNF175,1,14,1,2,1,3,4
3023,PLA2G4C,1,31,5,41,0,5,4
3024,SIGLEC5,1,8,2,33,0,0,3
3025,CABP5,1,8,0,25,0,0,2
3026,HAS1,1,15,1,50,0,4,4
3027,RAB3D,1,19,2,34,0,1,4
3028,DBP,1,15,1,32,33,7,4
3029,TMEM205,1,2,0,13,0,0,2
3030,CAPS,1,5,0,11,0,0,2
3031,PLPPR2,1,7,1,23,0,0,3
3032,FAM83E,1,5,0,17,0,0,2
3033,RASIP1,1,15,0,34,0,1,3
3034,THEG,1,4,0,16,0,0,2
3035,FGF21,1,16,2,49,0,22,4
3036,BCAT2,1,17,1,42,0,0,3
3037,MIER2,1,11,0,26,0,0,2
3038,PLEKHA4,1,13,1,35,0,0,3
3039,PPP2R1A,1,38,45,107,0,7,4
3040,TNPO2,1,8,0,40,0,0,2
3041,WDR83OS,1,8,0,38,0,0,2
3042,CACNG7,1,23,3,73,0,0,3
3043,GCDH,1,14,1,54,0,0,3
3044,LILRB5,1,8,1,16,0,0,3
3045,KLF1,1,17,0,54,25,8,3
3046,DNASE2,1,9,1,36,0,3,4
3047,MAST1,1,19,0,8,0,0,2
3048,LENG1,1,2,1,35,0,0,3
3049,PRPF31,1,30,1,93,0,0,3
3050,TFPT,1,20,2,44,0,1,4
3051,JAK3,1,47,11,83,0,6,4
3052,SLC5A5,1,25,3,36,0,21,4
3053,KCNN1,1,14,1,37,0,0,3
3054,ARRDC2,1,5,0,20,0,0,2
3055,PIK3R2,1,24,48,113,0,0,3
3056,RAB3A,1,48,10,88,0,1,4
3057,PDE4C,1,11,2,29,0,0,3
3058,ISYNA1,1,6,1,43,0,7,4
3059,ELL,1,18,14,48,0,0,3
3060,CRTC1,1,12,4,32,0,4,4
3061,COMP,1,25,2,51,0,8,4
3062,UPK1A,1,10,1,20,0,1,4
3063,COPE,1,14,2,47,0,0,3
3064,DDX49,1,12,2,44,0,0,3
3065,ETV2,1,11,0,25,8,5,3
3066,ATP4A,1,18,1,46,0,1,4
3067,ARMC6,1,2,0,26,0,0,2
3068,TMEM147,1,9,0,56,0,0,2
3069,GAPDHS,1,14,3,59,0,0,3
3070,TMEM59L,1,4,0,42,0,0,2
3071,HAMP,1,22,0,41,0,28,3
3072,USF2,1,21,1,33,109,9,4
3073,LSR,1,13,2,35,0,0,3
3074,KXD1,1,10,0,36,0,0,2
3075,FKBP8,1,21,1,59,0,0,3
3076,SUGP1,1,7,3,48,0,0,3
3077,HPN,1,32,2,33,0,6,4
3078,ZNF14,1,5,1,5,1,0,4
3079,SCN1B,1,36,3,69,0,0,3
3080,PBX4,1,18,0,38,3,0,3
3081,ERF,1,14,1,21,16,4,4
3082,GSK3A,1,60,6,45,0,4,4
3083,ATP13A1,1,14,1,29,0,0,3
3084,ZNF574,1,9,0,26,0,0,2
3085,GRIK5,1,24,1,39,0,0,3
3086,SIPA1L3,1,15,0,20,0,0,2
3087,ZNF85,1,9,0,12,1,0,3
3088,ETHE1,1,10,1,32,0,0,3
3089,CADM4,1,22,0,17,0,0,2
3090,SMG9,1,10,1,33,0,0,3
3091,AVL9,1,4,0,16,0,0,2
3092,RUNDC3B,1,0,0,14,0,0,1
3093,CFAP69,1,11,0,33,0,0,2
3094,GTPBP10,1,12,0,50,0,0,2
3095,RASA4,1,9,1,32,0,0,3
3096,CDK6,1,46,9,65,0,26,4
3097,PMPCB,1,11,2,77,0,1,4
3098,DNAJC2,1,20,1,43,1,0,4
3099,TFPI2,1,5,1,35,0,12,4
3100,BET1,1,14,2,85,0,0,3
3101,NAMPT,1,24,3,51,0,13,4
3102,TWISTNB,1,11,0,52,0,0,2
3103,PIK3CG,1,47,9,66,0,2,4
3104,PON3,1,12,2,21,0,0,3
3105,PON2,1,10,1,16,0,5,4
3106,ITGB8,1,25,3,72,0,2,4
3107,HBP1,1,10,0,18,41,3,3
3108,DUS4L,1,6,0,33,0,0,2
3109,SP4,1,9,0,18,44,5,3
3110,WDR91,1,10,1,22,0,0,3
3111,DNAH11,1,18,0,50,0,1,3
3112,CBLL1,1,18,3,40,0,0,3
3113,DLX5,1,22,3,45,37,13,4
3114,MTPN,1,14,0,40,0,0,2
3115,STEAP1B,1,4,0,4,0,0,2
3116,PTN,1,48,2,40,0,7,4
3117,MPP6,1,6,0,35,0,0,2
3118,GSDME,1,20,4,34,0,1,4
3119,ATP6V0A4,1,28,4,47,0,0,3
3120,ZC3HAV1,1,19,1,60,0,1,4
3121,TTC26,1,15,0,46,0,0,2
3122,OGDH,1,24,3,48,0,1,4
3123,NPVF,1,6,0,39,0,0,2
3124,ADAP1,1,11,1,21,0,0,3
3125,TFEC,1,14,1,23,3,4,4
3126,CAV2,1,43,1,48,0,1,4
3127,CAV1,1,120,27,151,0,34,4
3128,MET,1,35,19,104,0,35,4
3129,RNF32,1,5,0,14,0,0,2
3130,LMBR1,1,5,0,22,0,0,2
3131,WNT2,1,28,2,44,0,30,4
3132,HOXA1,1,29,1,33,26,6,4
3133,DNAJB6,1,21,1,40,0,1,4
3134,HOXA2,1,15,2,37,5,3,4
3135,HOXA3,1,14,1,42,2,1,4
3136,LFNG,1,15,4,37,0,3,4
3137,HOXA5,1,18,0,39,15,5,3
3138,HOXA6,1,12,1,28,0,0,3
3139,BRAT1,1,18,0,16,0,0,2
3140,IQCE,1,4,1,30,0,0,3
3141,ANKRD7,1,1,0,14,0,0,2
3142,VIPR2,1,14,2,35,0,0,3
3143,TSPAN12,1,6,0,32,0,0,2
3144,SSBP1,1,17,3,55,0,2,4
3145,HOXA13,1,19,0,39,16,0,3
3146,CPED1,1,1,0,13,0,0,2
3147,EVX1,1,11,0,26,3,0,3
3148,HIBADH,1,8,1,44,0,0,3
3149,TAX1BP1,1,17,2,50,0,0,3
3150,CPVL,1,3,0,32,0,0,2
3151,CHN2,1,8,1,31,0,0,3
3152,GRB10,1,20,7,52,0,10,4
3153,ABHD11,1,8,0,37,0,0,2
3154,COBL,1,28,0,36,0,0,2
3155,FKBP14,1,5,1,39,0,0,3
3156,PLEKHA8,1,28,2,32,0,0,3
3157,STX1A,1,66,14,110,0,0,3
3158,NOD1,1,38,7,55,0,3,4
3159,GARS,1,21,0,0,0,0,1
3160,CRHR2,1,21,2,37,0,0,3
3161,EPHB6,1,14,4,36,0,0,3
3162,MINDY4,1,4,0,13,0,0,2
3163,CASP2,1,32,3,44,0,10,4
3164,CHCHD2,1,12,2,47,0,0,3
3165,CCL24,1,23,0,39,0,2,3
3166,HSPB1,1,48,4,50,0,18,4
3167,NPTX2,1,6,0,33,0,0,2
3168,BUD31,1,13,2,84,0,0,3
3169,PTCD1,1,8,0,38,0,0,2
3170,CYP3A5,1,24,2,85,0,9,4
3171,ZKSCAN1,1,8,1,23,0,0,3
3172,EIF3B,1,21,7,64,0,2,4
3173,SNX8,1,10,0,36,0,0,2
3174,NUDT1,1,21,0,32,0,0,2
3175,PTPRZ1,1,17,2,41,0,3,4
3176,TAF6,1,27,11,99,0,2,4
3177,WASL,1,34,13,131,0,0,3
3178,HYAL4,1,12,2,13,0,0,3
3179,SPAM1,1,8,2,37,0,0,3
3180,AIMP2,1,10,3,34,0,2,4
3181,TFR2,1,20,1,33,0,0,3
3182,FSCN3,1,15,0,17,0,0,2
3183,MOSPD3,1,2,0,10,0,0,2
3184,PAX4,1,24,1,48,8,5,4
3185,PCOLCE,1,12,2,38,0,0,3
3186,FBXO24,1,10,0,13,0,0,2
3187,PPP1R17,1,6,0,29,0,0,2
3188,RBM28,1,4,1,72,0,0,3
3189,USP42,1,8,1,22,0,0,3
3190,IMPDH1,1,20,4,63,0,1,4
3191,AGFG2,1,7,0,28,0,0,2
3192,LSM5,1,24,2,68,0,0,3
3193,SERPINE1,1,42,7,70,0,79,4
3194,AP1S1,1,23,4,59,0,0,3
3195,MOGAT3,1,12,1,35,0,0,3
3196,C1GALT1,1,7,2,67,0,0,3
3197,PLOD3,1,21,1,63,0,0,3
3198,RPA3,1,16,29,53,0,1,4
3199,ZNHIT1,1,19,0,40,0,0,2
3200,CLDN15,1,12,1,34,0,0,3
3201,NOBOX,1,8,0,38,3,3,3
3202,GLCCI1,1,4,0,14,0,2,3
3203,MYL10,1,5,1,35,0,0,3
3204,PHF14,1,16,0,19,0,0,2
3205,NRF1,1,11,3,37,85,14,4
3206,TMEM106B,1,11,0,34,0,0,2
3207,EZH2,1,62,10,168,116,15,4
3208,CEP41,1,9,7,44,0,0,3
3209,ZNF862,1,6,0,20,0,0,2
3210,SFRP4,1,26,0,44,0,5,3
3211,MEST,1,14,0,37,0,2,3
3212,MEOX2,1,17,0,32,6,3,3
3213,ANKMY2,1,3,0,34,0,0,2
3214,ACTR3C,1,2,0,32,0,0,2
3215,POU6F2,1,13,0,13,4,0,3
3216,TSPAN13,1,4,0,20,0,0,2
3217,RARRES2,1,30,1,36,0,5,4
3218,AGR2,1,20,0,46,0,11,3
3219,AHR,1,49,5,32,180,23,4
3220,CHCHD3,1,15,2,42,0,0,3
3221,GIMAP2,1,6,0,13,0,0,2
3222,TMEM176B,1,5,0,23,0,0,2
3223,GLI3,1,48,5,60,35,5,4
3224,PSMA2,1,44,70,66,0,0,3
3225,COA1,1,6,3,36,0,0,3
3226,BLVRA,1,14,2,40,0,6,4
3227,URGCP,1,4,0,5,0,0,2
3228,TMEM248,1,2,0,24,0,0,2
3229,RHEB,1,29,7,66,0,0,3
3230,PRKAG2,1,29,11,66,0,0,3
3231,AEBP1,1,16,0,32,5,2,3
3232,POLD2,1,13,19,45,0,9,4
3233,MYL7,1,10,1,47,0,5,4
3234,GCK,1,32,6,56,0,27,4
3235,BCL7B,1,16,9,41,0,0,3
3236,YKT6,1,30,8,88,0,0,3
3237,TBL2,1,11,0,37,0,0,2
3238,GALNTL5,1,3,1,35,0,0,3
3239,CLIP2,1,10,0,34,0,0,2
3240,EIF4H,1,14,5,45,0,5,4
3241,LIMK1,1,29,6,48,0,0,3
3242,SPATA6L,1,3,0,10,0,0,2
3243,SLC1A1,1,88,3,57,0,1,4
3244,LHX2,1,18,2,65,40,2,4
3245,FKTN,1,17,1,42,0,1,4
3246,FSD1L,1,3,0,6,0,0,2
3247,CNTNAP3,1,7,0,9,0,0,2
3248,SPIN1,1,15,0,21,0,0,2
3249,NMRK1,1,7,1,35,0,0,3
3250,TMEM245,1,2,0,5,0,0,2
3251,PRUNE2,1,6,0,20,0,0,2
3252,MEGF9,1,2,0,5,0,0,2
3253,TRIM14,1,13,1,34,1,0,4
3254,CORO2A,1,8,0,28,0,0,2
3255,TGFBR1,1,97,10,66,0,9,4
3256,SEC61B,1,17,3,79,0,1,4
3257,C5,1,32,5,43,0,3,4
3258,OGN,1,13,5,42,0,4,4
3259,ASPN,1,9,1,46,0,2,4
3260,ECM2,1,11,0,34,0,0,2
3261,TLE4,1,11,4,45,1,4,4
3262,LHX6,1,17,0,46,0,3,3
3263,PTGR1,1,14,2,24,0,0,3
3264,SUSD1,1,2,0,24,0,0,2
3265,AMBP,1,33,1,70,0,2,4
3266,AKNA,1,14,0,16,2,0,3
3267,TNFSF8,1,11,1,33,0,0,3
3268,DNM1,1,31,8,52,0,2,4
3269,ENG,1,63,0,48,0,8,3
3270,AK1,1,16,1,45,0,1,4
3271,CDC37L1,1,9,1,32,0,0,3
3272,RLN2,1,7,2,32,0,3,4
3273,RLN1,1,5,0,25,0,2,3
3274,PLGRKT,1,4,0,20,0,0,2
3275,TBC1D13,1,7,1,38,0,0,3
3276,RIC1,1,16,3,56,0,0,3
3277,KDM4C,1,18,2,38,0,4,4
3278,DOCK8,1,17,4,38,0,0,3
3279,KANK1,1,28,2,40,0,1,4
3280,ELAVL2,1,9,1,42,0,2,4
3281,NCS1,1,16,0,39,0,0,2
3282,TESK1,1,27,1,14,0,1,4
3283,KCNT1,1,12,0,42,0,0,2
3284,CA9,1,13,2,45,0,15,4
3285,FUBP3,1,12,0,42,0,0,2
3286,TYRP1,1,20,2,47,0,14,4
3287,CREB3,1,46,1,51,14,7,4
3288,RGP1,1,17,3,43,0,0,3
3289,MPDZ,1,16,0,56,0,0,2
3290,LHX3,1,22,1,58,12,4,4
3291,DDX58,1,45,0,146,0,0,2
3292,EDF1,1,15,0,37,0,4,3
3293,GLIS3,1,12,0,45,8,0,3
3294,BAG1,1,14,1,46,0,11,4
3295,RAPGEF1,1,18,6,46,0,0,3
3296,NPDC1,1,3,1,16,0,1,4
3297,APBA1,1,19,3,45,0,2,4
3298,SETX,1,34,0,47,0,0,2
3299,SH3GL2,1,28,10,49,0,0,3
3300,PTGDS,1,18,2,37,0,18,4
3301,ABCA2,1,51,1,36,0,5,4
3302,SHB,1,7,1,35,0,0,3
3303,UBE2R2,1,9,2,32,0,0,3
3304,ABHD17B,1,16,1,32,0,0,3
3305,EXOSC3,1,29,8,47,0,0,3
3306,ZFAND5,1,4,0,23,0,0,2
3307,DVL1,1,56,8,109,0,5,4
3308,PDLIM1,1,25,0,37,0,0,2
3309,CCNJ,1,6,0,12,0,0,2
3310,DNTT,1,13,0,36,0,3,3
3311,GATA3,1,99,8,106,178,28,4
3312,ATRNL1,1,3,0,5,0,0,2
3313,HPS1,1,12,1,26,0,0,3
3314,PHYH,1,16,3,38,0,0,3
3315,RASSF4,1,2,0,8,0,0,2
3316,DNMBP,1,15,1,35,0,0,3
3317,RAB11FIP2,1,19,1,39,0,0,3
3318,CXCL12,1,58,5,80,0,36,4
3319,ERLIN1,1,12,3,39,0,0,3
3320,EIF3A,1,23,7,53,0,0,3
3321,PKD2L1,1,44,0,41,0,0,2
3322,CUBN,1,30,5,35,0,2,4
3323,TRDMT1,1,10,1,37,0,2,4
3324,DDX50,1,10,0,46,0,1,3
3325,MAPK8,1,49,12,132,0,28,4
3326,SEC23IP,1,16,1,41,0,0,3
3327,ATE1,1,10,0,31,0,0,2
3328,NSMCE4A,1,12,1,51,0,0,3
3329,PLEKHA1,1,19,1,20,0,0,3
3330,PALD1,1,5,0,11,0,1,3
3331,UNC5B,1,11,3,34,0,1,4
3332,CDH23,1,21,2,76,0,2,4
3333,VSIR,1,20,0,32,0,0,2
3334,SPOCK2,1,12,0,13,0,1,3
3335,MICU1,1,24,2,35,0,1,4
3336,PPP3CB,1,43,6,61,0,0,3
3337,CCSER2,1,5,0,15,0,0,2
3338,BMPR1A,1,63,1,65,0,1,4
3339,MINPP1,1,21,1,37,0,0,3
3340,ACTA2,1,30,6,68,0,35,4
3341,LIPA,1,10,1,33,0,3,4
3342,TLX1,1,12,0,34,9,6,3
3343,TWNK,1,19,3,37,0,1,4
3344,LZTS2,1,13,0,33,0,5,3
3345,SFXN3,1,15,0,19,0,1,3
3346,KAZALD1,1,9,0,7,0,0,2
3347,FBXW4,1,10,3,38,0,0,3
3348,FGF8,1,35,1,94,0,35,4
3349,NPM3,1,9,0,26,0,1,3
3350,TNKS2,1,22,5,45,0,0,3
3351,PITX3,1,24,0,35,22,3,3
3352,GBF1,1,29,6,50,0,0,3
3353,ARHGAP21,1,16,13,34,0,0,3
3354,CPEB3,1,35,0,35,0,0,2
3355,FBXL15,1,11,2,37,0,0,3
3356,CUEDC2,1,9,0,32,0,0,2
3357,SUFU,1,24,5,55,0,0,3
3358,ANKRD26,1,3,3,32,0,2,4
3359,ACBD5,1,10,4,39,0,0,3
3360,LHPP,1,9,1,42,0,0,3
3361,LARP4B,1,9,0,40,0,1,3
3362,GTPBP4,1,19,0,131,0,0,2
3363,EDRF1,1,3,0,18,0,0,2
3364,BCCIP,1,21,0,43,0,0,2
3365,MTPAP,1,17,1,34,0,0,3
3366,NEURL1,1,31,6,34,0,1,4
3367,SH3PXD2A,1,9,2,39,0,2,4
3368,PITRM1,1,11,1,33,0,1,4
3369,STN1,1,16,2,56,0,0,3
3370,MAP3K8,1,14,2,33,0,10,4
3371,DKK1,1,38,3,62,0,38,4
3372,EBF3,1,10,0,20,9,1,3
3373,GLRX3,1,19,1,48,0,0,3
3374,SORCS1,1,6,0,34,0,0,2
3375,TASOR2,1,10,0,13,0,0,2
3376,XPNPEP1,1,11,0,35,0,0,2
3377,SMC3,1,33,7,76,0,7,4
3378,SHOC2,1,21,3,44,0,0,3
3379,TFAM,1,18,3,56,12,8,4
3380,CCDC6,1,9,0,45,0,0,2
3381,CUL2,1,25,5,96,0,1,4
3382,CCNY,1,15,0,22,0,1,3
3383,UBE2S,1,22,19,64,0,3,4
3384,ZMIZ1,1,18,0,32,2,1,3
3385,DNAJC12,1,2,0,39,0,1,3
3386,PPIF,1,21,0,56,0,1,3
3387,PBLD,1,14,0,18,0,0,2
3388,TSPAN14,1,12,2,32,0,0,3
3389,LGI1,1,26,1,42,0,3,4
3390,TBC1D12,1,5,0,17,0,0,2
3391,CYP2C18,1,18,1,48,0,2,4
3392,KRT23,1,9,3,33,0,0,3
3393,CRYBA1,1,11,0,36,0,2,3
3394,NUFIP2,1,10,0,54,0,0,2
3395,GIT1,1,50,10,50,0,3,4
3396,FBXL20,1,11,2,37,0,0,3
3397,RUNDC3A,1,6,0,39,0,0,2
3398,UBTF,1,15,5,40,9,2,4
3399,CSF3,1,21,5,85,0,21,4
3400,PSMD3,1,22,69,75,0,0,3
3401,CASC3,1,28,5,48,0,0,3
3402,RAPGEFL1,1,7,0,13,0,1,3
3403,RNF43,1,12,2,39,0,0,3
3404,WNT3,1,36,3,51,0,2,4
3405,ASPA,1,12,1,33,0,0,3
3406,RAD51C,1,28,11,61,0,1,4
3407,SEPTIN4,1,38,0,34,0,0,2
3408,MTMR4,1,25,3,41,0,0,3
3409,TRIM37,1,30,1,40,0,0,3
3410,P2RX1,1,36,3,41,0,1,4
3411,DHX40,1,9,0,43,0,0,2
3412,KRT37,1,10,2,31,0,0,3
3413,TUBD1,1,15,0,32,0,0,2
3414,KPNB1,1,38,15,78,0,3,4
3415,GOSR2,1,13,5,65,0,0,3
3416,PNPO,1,11,1,42,0,0,3
3417,TRIM16L,1,2,0,17,0,0,2
3418,CDK5RAP3,1,44,0,28,0,0,2
3419,CBX1,1,19,2,60,0,3,4
3420,RECQL5,1,27,0,50,0,0,2
3421,PIGL,1,4,1,39,0,0,3
3422,GALK1,1,13,2,44,0,1,4
3423,INTS2,1,12,1,48,0,0,3
3424,CAMTA2,1,14,0,23,0,1,3
3425,MED13,1,17,5,50,0,0,3
3426,HOXB6,1,13,0,34,4,1,3
3427,ENO3,1,13,2,47,0,5,4
3428,PFN1,1,33,4,79,0,1,4
3429,RNF167,1,26,0,25,0,0,2
3430,SLC25A11,1,16,2,38,0,0,3
3431,RASD1,1,15,0,36,0,2,3
3432,CHRNE,1,30,1,36,0,6,4
3433,RAI1,1,8,2,12,0,0,3
3434,NUP88,1,11,30,47,0,1,4
3435,C1QBP,1,46,6,46,0,2,4
3436,SLC6A4,1,58,2,68,0,5,4
3437,BLMH,1,16,1,36,0,4,4
3438,CPD,1,11,3,36,0,6,4
3439,GOSR1,1,14,2,110,0,1,4
3440,CCDC47,1,18,0,46,0,0,2
3441,MED31,1,14,5,74,0,0,3
3442,DRG2,1,10,1,50,0,2,4
3443,FTSJ3,1,16,1,92,0,0,3
3444,AKAP10,1,10,1,47,0,1,4
3445,ALDH3A1,1,19,1,45,0,9,4
3446,SMARCD2,1,26,10,45,0,0,3
3447,ICAM2,1,16,4,39,0,1,4
3448,SYNGR2,1,9,0,14,0,1,3
3449,B9D1,1,13,1,36,0,0,3
3450,UTP6,1,12,2,84,0,0,3
3451,DDX5,1,49,7,74,2,3,4
3452,C17orf75,1,6,0,36,0,0,2
3453,CYTH1,1,13,1,36,0,0,3
3454,PSMD11,1,23,69,71,0,1,4
3455,LGALS3BP,1,11,1,36,0,9,4
3456,ASIC2,1,20,1,34,0,0,3
3457,CCL7,1,23,1,37,0,11,4
3458,CCL2,1,59,6,100,0,85,4
3459,CCL8,1,23,0,35,0,8,3
3460,CCL1,1,19,2,36,0,14,4
3461,PEX12,1,18,3,57,0,0,3
3462,KRT32,1,11,2,32,0,0,3
3463,DHX58,1,23,1,51,0,0,3
3464,KAT2A,1,72,17,94,1,5,4
3465,RAB5C,1,21,7,45,0,0,3
3466,NAGLU,1,11,2,39,0,0,3
3467,HSD17B1,1,18,2,35,0,15,4
3468,MLX,1,25,1,30,5,1,4
3469,CNTNAP1,1,30,1,40,0,0,3
3470,ABI3,1,25,0,37,0,2,3
3471,EZH1,1,23,1,44,0,0,3
3472,DLX4,1,16,0,8,41,3,3
3473,PPP1R9B,1,77,0,48,0,2,3
3474,COL1A1,1,53,27,149,0,39,4
3475,SGCA,1,17,1,40,0,15,4
3476,VAT1,1,14,1,8,0,0,3
3477,LRRC59,1,10,0,39,0,1,3
3478,RND2,1,11,1,42,0,1,4
3479,ALOX12,1,29,6,47,0,11,4
3480,HDAC5,1,38,6,53,9,0,4
3481,ABCC3,1,24,5,46,0,31,4
3482,LUC7L3,1,10,1,59,0,0,3
3483,PPY,1,10,2,73,0,2,4
3484,MPP2,1,13,0,37,0,0,2
3485,SMURF2,1,30,9,61,0,3,4
3486,DUSP3,1,31,1,38,0,0,3
3487,CACNG1,1,13,0,54,0,0,2
3488,EFTUD2,1,31,3,162,0,0,3
3489,HLF,1,16,0,34,18,0,3
3490,SLC16A6,1,11,0,6,0,0,2
3491,PRKAR1A,1,38,14,52,0,5,4
3492,EFNB3,1,14,4,40,0,3,4
3493,FAM20A,1,12,2,58,0,0,3
3494,YWHAE,1,53,21,125,0,5,4
3495,MMD,1,12,0,8,0,0,2
3496,RANGRF,1,27,1,35,0,0,3
3497,DPH1,1,12,1,33,0,0,3
3498,MAP2K6,1,28,7,51,0,3,4
3499,DHRS7B,1,6,1,30,0,0,3
3500,WSB1,1,9,2,36,0,1,4
3501,RCVRN,1,9,1,63,0,3,4
3502,MYH1,1,20,0,53,0,8,3
3503,SLC9A3R1,1,65,0,59,0,0,2
3504,MYH3,1,26,1,56,0,1,4
3505,NAT9,1,6,0,37,0,0,2
3506,TMEM104,1,4,0,13,0,0,2
3507,VTN,1,48,8,104,0,2,4
3508,TNFAIP1,1,19,2,44,0,3,4
3509,IFT20,1,39,1,47,0,2,4
3510,TMEM97,1,15,0,32,0,0,2
3511,CDR2L,1,4,0,21,0,0,2
3512,PMP22,1,16,1,32,0,5,4
3513,FOXN1,1,25,0,34,54,6,3
3514,UNC119,1,17,0,49,0,0,2
3515,ALDOC,1,16,3,47,0,3,4
3516,SUPT6H,1,14,4,53,0,0,3
3517,RAB34,1,30,1,32,0,1,4
3518,PHF12,1,10,0,46,0,0,2
3519,PHOX2B,1,37,0,37,15,4,3
3520,TMEM33,1,12,0,33,0,1,3
3521,GABRA4,1,26,1,35,0,2,4
3522,GNRHR,1,9,2,39,0,22,4
3523,SLAIN2,1,12,0,32,0,0,2
3524,OCIAD1,1,10,0,23,0,0,2
3525,UGT2B10,1,5,2,38,0,0,3
3526,CWH43,1,3,0,16,0,0,2
3527,DCUN1D4,1,6,1,44,0,0,3
3528,USP46,1,14,0,39,0,0,2
3529,SULT1E1,1,16,2,40,0,12,4
3530,ODAM,1,16,1,32,0,1,4
3531,SMR3A,1,4,0,8,0,0,2
3532,CHIC2,1,7,0,8,0,0,2
3533,NMU,1,36,3,59,0,2,4
3534,KIAA1211,1,6,0,0,0,0,1
3535,LAMTOR3,1,25,9,57,0,0,3
3536,PF4V1,1,11,2,35,0,1,4
3537,NFKB1,1,67,30,145,919,29,4
3538,AREG,1,28,20,46,0,15,4
3539,MANBA,1,10,2,41,0,0,3
3540,UBE2D3,1,23,14,126,0,6,4
3541,MAPK10,1,22,4,0,0,0,2
3542,ELF2,1,14,1,22,10,0,4
3543,NDUFC1,1,8,2,40,0,0,3
3544,UCP1,1,29,3,54,0,31,4
3545,TBC1D9,1,4,0,23,0,0,2
3546,ZNF330,1,7,0,13,0,0,2
3547,INPP4B,1,13,3,43,0,1,4
3548,GAB1,1,19,25,43,0,0,3
3549,KLHL2,1,14,2,48,0,0,3
3550,IL2,1,43,4,141,0,97,4
3551,CPE,1,28,1,36,0,2,4
3552,WFS1,1,44,3,59,0,1,4
3553,ANXA10,1,8,0,14,0,0,2
3554,GRPEL1,1,13,2,84,0,0,3
3555,GAR1,1,17,2,53,0,0,3
3556,FRG1,1,10,0,44,0,0,2
3557,CLCN3,1,37,1,41,0,1,4
3558,AADAT,1,13,2,40,0,0,3
3559,GALNT7,1,8,1,27,0,0,3
3560,DHX15,1,26,4,96,0,1,4
3561,SOD3,1,15,2,38,0,5,4
3562,SEPSECS,1,12,1,38,0,0,3
3563,CPZ,1,8,0,10,0,0,2
3564,TRIM2,1,9,1,33,0,0,3
3565,SLC2A9,1,19,2,39,0,0,3
3566,FBXW7,1,47,3,76,0,4,4
3567,NEIL3,1,21,6,40,0,0,3
3568,TBC1D19,1,1,0,41,0,0,2
3569,CLNK,1,11,0,19,0,1,3
3570,NSD2,1,19,5,42,8,0,4
3571,SH3D19,1,10,1,34,0,0,3
3572,STIM2,1,13,0,40,0,0,2
3573,NKX3-2,1,15,1,35,7,7,4
3574,MFSD10,1,11,0,34,0,0,2
3575,GLRB,1,32,1,21,0,0,3
3576,BST1,1,17,3,64,0,1,4
3577,RAPGEF2,1,65,1,36,0,0,3
3578,HGFAC,1,11,1,39,0,2,4
3579,SNX25,1,5,0,32,0,0,2
3580,LRP2BP,1,2,0,12,0,0,2
3581,UFSP2,1,11,0,20,0,0,2
3582,KLF3,1,13,0,28,12,1,3
3583,KLHL5,1,8,2,36,0,0,3
3584,FAM149A,1,0,0,22,0,0,1
3585,NCAPG,1,14,1,74,0,1,4
3586,UGDH,1,13,1,50,0,6,4
3587,PPARGC1A,1,51,13,125,28,54,4
3588,DDX25,1,15,0,32,0,0,2
3589,CRYAB,1,48,1,55,0,24,4
3590,DBX1,1,8,0,33,0,0,2
3591,HTATIP2,1,9,0,40,14,0,3
3592,CTSC,1,26,5,40,0,2,4
3593,CCDC34,1,7,0,30,0,0,2
3594,ZBTB16,1,49,2,56,43,3,4
3595,ELP4,1,9,1,60,0,0,3
3596,ZPR1,1,37,0,42,0,0,2
3597,MTCH2,1,14,0,53,0,0,2
3598,FNBP4,1,2,0,35,0,1,3
3599,TECTA,1,8,1,34,0,0,3
3600,SC5D,1,8,3,47,0,0,3
3601,CRTAM,1,19,1,36,0,0,3
3602,JHY,1,2,0,10,0,0,2
3603,B3GAT1,1,9,1,35,0,1,4
3604,HSPA8,1,65,21,171,0,5,4
3605,P2RX3,1,25,2,37,0,2,4
3606,VWA5A,1,3,0,17,0,1,3
3607,DNAJC4,1,4,0,27,0,0,2
3608,SIAE,1,9,0,28,0,0,2
3609,SNX15,1,7,0,48,0,0,2
3610,LPXN,1,18,0,38,0,0,2
3611,DTX4,1,15,4,28,0,0,3
3612,ATG2A,1,20,0,41,0,0,2
3613,EHD1,1,41,1,41,0,3,4
3614,OSBP,1,31,2,55,0,0,3
3615,UNC93B1,1,14,2,40,0,0,3
3616,PUS3,1,12,1,43,0,0,3
3617,DCPS,1,17,1,32,0,0,3
3618,KMT5B,1,16,1,47,0,1,4
3619,FOXRED1,1,4,1,44,0,0,3
3620,PPP6R3,1,9,2,36,0,0,3
3621,NRXN2,1,23,1,98,0,0,3
3622,MS4A6A,1,5,0,54,0,0,2
3623,MS4A4A,1,6,0,41,0,0,2
3624,ST3GAL4,1,19,9,38,0,2,4
3625,CPT1A,1,30,3,44,0,13,4
3626,CCND1,1,51,18,106,1,171,4
3627,CCDC86,1,8,0,32,0,0,2
3628,PRPF19,1,31,6,119,0,0,3
3629,TMEM109,1,10,0,40,0,0,2
3630,CCKBR,1,17,3,38,0,3,4
3631,HPX,1,10,1,56,0,0,3
3632,TRIM3,1,17,1,35,0,1,4
3633,CHORDC1,1,10,0,33,0,2,3
3634,FOLR1,1,35,3,35,0,11,4
3635,ANAPC15,1,12,17,38,0,1,4
3636,FOLR3,1,12,1,33,0,1,4
3637,PANX1,1,32,4,46,0,0,3
3638,ARHGEF17,1,6,5,35,0,0,3
3639,APOA5,1,39,5,63,0,13,4
3640,APOA4,1,53,5,48,0,10,4
3641,APOC3,1,37,4,66,0,44,4
3642,CEP164,1,9,7,81,0,0,3
3643,RNF141,1,4,0,9,0,0,2
3644,CEP126,1,8,0,22,0,0,2
3645,EIF4G2,1,16,2,42,0,0,3
3646,IL10RA,1,32,2,63,0,1,4
3647,GALNT18,1,5,1,32,0,1,4
3648,BIRC2,1,55,13,82,0,8,4
3649,UBE4A,1,10,1,51,0,0,3
3650,DDX6,1,37,1,104,0,1,4
3651,UPK2,1,6,0,22,0,4,3
3652,CBL,1,56,20,111,0,2,4
3653,NECTIN1,1,34,2,43,0,0,3
3654,HIPK3,1,16,0,33,0,1,3
3655,KIAA1549L,1,1,0,11,0,0,2
3656,FBXO3,1,11,0,34,0,0,2
3657,PDHX,1,7,3,46,0,1,4
3658,SLC1A2,1,41,3,52,0,17,4
3659,COMMD9,1,11,2,59,0,0,3
3660,SLC15A3,1,14,1,19,0,0,3
3661,CD5,1,8,0,74,0,6,3
3662,ACCS,1,5,0,23,0,0,2
3663,SCGB2A2,1,3,0,13,0,1,3
3664,MDK,1,69,3,40,0,4,4
3665,AMBRA1,1,39,1,68,0,0,3
3666,MADD,1,19,0,40,0,0,2
3667,PTPMT1,1,13,1,24,0,0,3
3668,NAA40,1,10,0,25,0,0,2
3669,CARS,1,13,0,0,0,0,1
3670,SLC22A18,1,0,0,45,0,0,1
3671,CD81,1,44,2,80,0,2,4
3672,SLC35F2,1,9,0,19,0,0,2
3673,C11orf21,1,1,0,4,0,0,2
3674,ELMOD1,1,6,0,13,0,0,2
3675,CALCA,1,54,3,35,0,38,4
3676,SOX6,1,28,1,39,24,8,4
3677,C11orf58,1,4,0,29,0,0,2
3678,PITPNM1,1,27,1,38,0,0,3
3679,AIP,1,16,2,35,6,0,4
3680,NUP98,1,32,0,97,0,0,2
3681,NDUFS8,1,15,2,129,0,2,4
3682,TCIRG1,1,28,6,51,0,9,4
3683,CHKA,1,16,2,36,0,7,4
3684,EXPH5,1,9,0,34,0,0,2
3685,HPS5,1,8,0,34,0,3,3
3686,GTF2H1,1,14,29,46,0,0,3
3687,POU2AF1,1,12,0,46,5,4,3
3688,PTPN5,1,12,1,36,0,1,4
3689,VWF,1,23,25,105,0,10,4
3690,PSMD9,1,14,1,36,0,3,4
3691,P3H3,1,11,1,37,0,0,3
3692,PPFIBP1,1,12,2,40,0,0,3
3693,PRPF40B,1,9,0,38,0,0,2
3694,CD69,1,13,0,61,0,14,3
3695,PRDM4,1,12,1,32,8,0,4
3696,CLEC2B,1,9,1,28,0,1,4
3697,COQ5,1,11,1,44,0,1,4
3698,SELPLG,1,13,1,46,0,2,4
3699,CORO1C,1,43,0,36,0,2,3
3700,ASIC1,1,22,1,31,0,0,3
3701,DAO,1,22,2,50,0,0,3
3702,CAPRIN2,1,13,0,7,0,0,2
3703,TSPAN11,1,3,0,7,0,0,2
3704,KCTD10,1,19,0,41,0,2,3
3705,SLC11A2,1,70,3,56,0,3,4
3706,MLEC,1,9,2,31,0,0,3
3707,MVK,1,15,2,48,0,2,4
3708,CSRNP2,1,10,0,12,0,0,2
3709,CAMKK2,1,22,4,34,0,2,4
3710,BIN2,1,14,2,34,0,0,3
3711,IL23A,1,41,2,42,0,23,4
3712,ATP5F1B,1,29,5,79,0,0,3
3713,PTGES3,1,25,8,77,0,0,3
3714,SYT10,1,20,2,28,0,0,3
3715,BCL7A,1,16,9,41,0,0,3
3716,RSRC2,1,2,0,34,0,1,3
3717,CYP27B1,1,29,3,42,0,11,4
3718,MYF6,1,24,2,40,11,5,4
3719,MYF5,1,22,2,39,26,17,4
3720,LIN7A,1,20,3,42,0,0,3
3721,KRT18,1,26,4,46,0,9,4
3722,ACSS3,1,8,2,37,0,0,3
3723,TNS2,1,10,0,32,0,0,2
3724,GLI1,1,43,4,65,171,12,4
3725,PPM1H,1,9,0,19,0,0,2
3726,METAP2,1,12,1,41,0,2,4
3727,LTA4H,1,23,7,35,0,1,4
3728,ELK3,1,20,0,4,23,2,3
3729,SLC6A12,1,18,3,31,0,1,4
3730,WNT5B,1,23,2,40,0,2,4
3731,MAGOHB,1,16,5,62,0,1,4
3732,TRPV4,1,77,2,61,0,1,4
3733,ITFG2,1,8,1,37,0,0,3
3734,FOXM1,1,32,3,59,93,19,4
3735,PRMT8,1,16,0,39,0,0,2
3736,PARP11,1,13,0,20,0,0,2
3737,ARPC3,1,20,5,48,0,1,4
3738,GPN3,1,6,0,44,0,0,2
3739,VPS29,1,15,1,73,0,0,3
3740,FGF6,1,11,28,51,0,1,4
3741,MYL2,1,26,1,99,0,16,4
3742,RAD51AP1,1,23,8,50,0,1,4
3743,CUX2,1,20,0,42,2,1,3
3744,SH2B3,1,31,3,43,0,0,3
3745,AKAP3,1,16,0,35,0,0,2
3746,MANSC1,1,3,0,25,0,0,2
3747,KCNA1,1,46,1,52,0,5,4
3748,DUSP16,1,20,4,32,0,4,4
3749,CREBL2,1,15,0,12,2,0,3
3750,ACAD10,1,10,1,44,0,0,3
3751,ALDH2,1,20,4,76,0,10,4
3752,CDKN1B,1,39,16,95,0,102,4
3753,GPRC5D,1,8,0,15,0,0,2
3754,NAA25,1,6,0,42,0,0,2
3755,GSG1,1,3,0,3,0,1,3
3756,SCNN1A,1,30,2,42,0,18,4
3757,LTBR,1,20,2,51,0,8,4
3758,OGFOD2,1,6,0,20,0,0,2
3759,CDK2AP1,1,12,2,35,0,2,4
3760,OAS3,1,33,3,50,0,0,3
3761,OAS2,1,24,4,64,0,0,3
3762,ART4,1,5,1,10,0,0,3
3763,MGP,1,11,0,39,0,7,3
3764,RASAL1,1,10,1,33,0,0,3
3765,ARHGDIB,1,14,6,35,0,2,4
3766,GTF2H3,1,14,29,40,0,0,3
3767,EIF2B1,1,17,1,34,0,0,3
3768,DDX55,1,12,0,44,0,0,2
3769,SLC38A1,1,34,2,36,0,4,4
3770,RERGL,1,3,0,7,0,0,2
3771,ENDOU,1,17,0,17,0,1,3
3772,C12orf49,1,3,0,6,0,0,2
3773,VDR,1,44,3,0,131,40,3
3774,FZD10,1,16,1,39,0,0,3
3775,RFC5,1,18,23,51,0,0,3
3776,STX2,1,26,0,43,0,0,2
3777,ADGRD1,1,9,0,36,0,0,2
3778,COPZ1,1,12,2,38,0,0,3
3779,TBC1D30,1,8,0,27,0,0,2
3780,CAND1,1,19,3,98,0,0,3
3781,IL26,1,16,1,34,0,0,3
3782,IFNG,1,63,7,268,0,102,4
3783,RAB5B,1,22,6,46,0,0,3
3784,MDM1,1,12,0,12,0,0,2
3785,NUP107,1,17,37,57,0,0,3
3786,CNOT2,1,19,3,56,0,3,4
3787,TIMELESS,1,28,1,60,0,2,4
3788,CPSF6,1,24,2,67,0,0,3
3789,KRR1,1,12,2,110,0,0,3
3790,NOP2,1,17,2,70,0,0,3
3791,CHD4,1,37,14,106,4,9,4
3792,UHRF1BP1L,1,8,0,13,0,0,2
3793,COPS7A,1,11,4,52,0,0,3
3794,ING4,1,25,1,32,15,7,4
3795,GNB3,1,23,31,151,0,0,3
3796,CDCA3,1,4,0,57,0,1,3
3797,CHPT1,1,15,1,56,0,0,3
3798,USP5,1,20,2,67,0,0,3
3799,GNPTAB,1,12,0,32,0,0,2
3800,SPSB2,1,9,2,32,0,0,3
3801,ENO2,1,26,2,63,0,5,4
3802,ATN1,1,16,1,39,0,0,3
3803,C12orf57,1,10,0,25,0,0,2
3804,PTPN6,1,52,21,79,0,24,4
3805,LPCAT3,1,25,3,42,0,1,4
3806,NT5DC3,1,4,0,8,0,0,2
3807,SLCO1B3,1,13,5,41,0,5,4
3808,APOBEC1,1,23,2,34,0,0,3
3809,NANOG,1,25,7,125,50,38,4
3810,SUDS3,1,17,4,57,0,0,3
3811,GOLT1B,1,10,0,37,0,0,2
3812,GYS2,1,9,3,44,0,4,4
3813,LDHB,1,20,1,0,0,2,3
3814,PRKAB1,1,12,9,62,0,1,4
3815,CMAS,1,9,1,25,0,1,4
3816,HCFC2,1,17,1,35,0,0,3
3817,ST8SIA1,1,11,1,34,0,7,4
3818,CLEC4A,1,15,1,39,0,0,3
3819,C2CD5,1,16,1,35,0,0,3
3820,AICDA,1,22,2,42,0,10,4
3821,RAB35,1,29,3,52,0,0,3
3822,PHC1,1,14,10,60,0,1,4
3823,COX6A1,1,10,4,57,0,5,4
3824,RFX4,1,12,0,17,4,0,3
3825,RIC8B,1,10,0,35,0,2,3
3826,SRSF9,1,12,6,46,0,0,3
3827,FGFR1OP2,1,5,2,34,0,0,3
3828,KLRB1,1,9,1,50,0,1,4
3829,COL12A1,1,12,4,54,0,0,3
3830,BTN3A3,1,8,1,32,0,0,3
3831,TDP2,1,21,1,36,0,0,3
3832,FRK,1,18,2,34,0,1,4
3833,DSE,1,10,1,32,0,0,3
3834,RWDD1,1,6,1,33,0,0,3
3835,RSPH4A,1,14,0,66,0,0,2
3836,MAK,1,28,0,30,0,1,3
3837,TMEM14C,1,5,0,34,0,0,2
3838,PAK1IP1,1,6,0,39,0,0,2
3839,GCNT2,1,19,0,47,0,0,2
3840,SMIM8,1,2,0,9,0,0,2
3841,NEDD9,1,39,0,37,0,3,3
3842,CEP85L,1,4,0,13,0,0,2
3843,ADTRP,1,19,0,31,0,0,2
3844,ASF1A,1,19,1,42,0,2,4
3845,MCM9,1,25,0,54,0,0,2
3846,FAM184A,1,5,0,7,0,0,2
3847,RNGTT,1,13,3,37,0,1,4
3848,MAN1A1,1,16,2,39,0,1,4
3849,GABRR2,1,20,1,23,0,0,3
3850,SERINC1,1,9,1,21,0,1,4
3851,HDDC2,1,4,0,30,0,0,2
3852,TPD52L1,1,9,1,32,0,0,3
3853,HINT3,1,6,0,12,0,0,2
3854,NCOA7,1,9,0,29,0,0,2
3855,RIPOR2,1,27,2,38,0,0,3
3856,SASH1,1,18,0,16,0,0,2
3857,UST,1,9,2,32,0,1,4
3858,ULBP1,1,13,1,32,0,4,4
3859,FBXO5,1,30,5,35,0,5,4
3860,MTRF1L,1,6,1,38,0,0,3
3861,PPARD,1,71,3,38,99,15,4
3862,OPRM1,1,44,6,69,0,27,4
3863,FANCE,1,8,2,51,0,0,3
3864,TULP1,1,19,0,48,0,0,2
3865,SLC26A8,1,14,0,24,0,0,2
3866,MAPK14,1,52,18,122,0,10,4
3867,RHAG,1,17,4,41,0,1,4
3868,KCTD20,1,3,0,37,0,0,2
3869,STK38,1,25,2,37,0,1,4
3870,SRSF3,1,17,6,84,0,6,4
3871,SOD2,1,55,6,64,0,41,4
3872,IL17A,1,41,3,79,0,56,4
3873,IL17F,1,27,3,36,0,10,4
3874,MCM3,1,24,6,86,0,4,4
3875,RNF8,1,38,4,59,0,0,3
3876,PHACTR1,1,13,0,37,0,0,2
3877,MDGA1,1,14,1,32,0,0,3
3878,ICK,1,20,0,35,0,0,2
3879,FBXO9,1,12,2,34,0,0,3
3880,CD83,1,10,0,39,0,9,3
3881,MDN1,1,11,0,41,0,0,2
3882,GLP1R,1,18,3,54,0,4,4
3883,SAYSD1,1,6,0,16,0,0,2
3884,BMP5,1,38,0,40,0,1,3
3885,BACH2,1,17,1,41,8,1,4
3886,RBM24,1,26,0,32,0,2,3
3887,CAP2,1,14,1,34,0,0,3
3888,TREML2,1,5,1,32,0,0,3
3889,ZNF451,1,12,0,37,3,2,3
3890,BAG2,1,21,2,47,0,2,4
3891,RAB23,1,26,1,34,0,0,3
3892,TSPO2,1,14,0,22,0,0,2
3893,FHL5,1,4,0,18,0,0,2
3894,GPR63,1,5,0,22,0,0,2
3895,KHDRBS2,1,12,1,38,0,0,3
3896,FBXL4,1,16,2,41,0,0,3
3897,CCNC,1,12,9,53,0,3,4
3898,PRDM13,1,8,0,32,1,2,3
3899,E2F3,1,24,6,35,67,12,4
3900,SIM1,1,15,0,34,4,5,3
3901,ASCC3,1,20,2,38,0,1,4
3902,HDGFL1,1,2,0,15,0,0,2
3903,BVES,1,27,0,21,0,0,2
3904,COL9A1,1,10,8,46,0,1,4
3905,MED23,1,14,5,43,2,2,4
3906,WASF1,1,33,6,68,0,2,4
3907,GPLD1,1,33,1,62,0,0,3
3908,ALDH5A1,1,11,1,55,0,1,4
3909,CRYBG1,1,3,0,17,0,2,3
3910,VNN1,1,16,3,33,0,4,4
3911,VNN2,1,6,2,34,0,0,3
3912,ACOT13,1,13,1,42,0,3,4
3913,SMAP1,1,7,0,21,0,1,3
3914,C6orf62,1,2,0,20,0,0,2
3915,B3GAT2,1,7,1,35,0,0,3
3916,GMNN,1,19,4,42,0,5,4
3917,EYA4,1,10,1,41,0,2,4
3918,SOBP,1,7,0,3,0,0,2
3919,NR2E1,1,25,2,39,15,1,4
3920,SNX3,1,33,2,57,0,0,3
3921,SLC17A2,1,11,0,20,0,0,2
3922,HBS1L,1,15,1,65,0,0,3
3923,TRIM38,1,12,1,32,0,0,3
3924,PEX7,1,11,1,41,0,0,3
3925,ZBTB24,1,5,0,19,0,0,2
3926,FIG4,1,20,3,47,0,0,3
3927,PERP,1,14,2,33,0,4,4
3928,ARFGEF3,1,6,0,11,0,0,2
3929,SLC16A10,1,19,1,28,0,0,3
3930,HECA,1,8,0,16,0,2,3
3931,ADGRG6,1,26,1,35,0,0,3
3932,PHACTR2,1,6,1,32,0,0,3
3933,EPM2A,1,36,2,36,0,0,3
3934,OR12D3,1,7,1,19,0,0,3
3935,SLC39A7,1,14,1,35,0,0,3
3936,CCR6,1,35,3,61,0,4,4
3937,UNC93A,1,7,0,32,0,0,2
3938,SLC22A2,1,48,5,45,0,7,4
3939,PHF1,1,17,1,42,2,0,4
3940,CUTA,1,8,0,17,0,0,2
3941,PACRG,1,26,0,62,0,0,2
3942,QKI,1,39,1,59,0,0,3
3943,C6orf118,1,0,0,29,0,0,1
3944,PDE10A,1,15,2,43,0,0,3
3945,MDFI,1,14,0,33,0,0,2
3946,TFEB,1,31,2,48,8,0,4
3947,SMOC2,1,19,0,34,0,2,3
3948,CCND3,1,16,6,43,0,37,4
3949,BYSL,1,14,1,149,0,0,3
3950,FAM120B,1,3,2,35,0,0,3
3951,TBP,1,38,22,140,156,21,4
3952,GUCA1B,1,18,1,52,0,0,3
3953,PRPH2,1,10,0,67,0,11,3
3954,BICRAL,1,12,2,35,0,0,3
3955,PPP2R5D,1,11,28,50,0,1,4
3956,PTK7,1,21,0,44,0,2,3
3957,SRF,1,52,5,74,102,20,4
3958,CUL9,1,13,1,36,0,0,3
3959,DNPH1,1,18,1,10,0,2,4
3960,DUSP22,1,21,0,49,0,0,2
3961,EXOC2,1,15,3,54,0,0,3
3962,COX7A2,1,10,4,44,0,0,3
3963,TMEM30A,1,23,0,34,0,0,2
3964,GMDS,1,11,1,41,0,0,3
3965,SENP6,1,12,0,36,0,0,2
3966,IMPG1,1,10,0,20,0,0,2
3967,VEGFA,1,127,7,0,0,142,3
3968,PRPF4B,1,0,0,52,0,0,1
3969,TTK,1,24,0,87,0,2,3
3970,SLC29A1,1,42,3,39,0,6,4
3971,CCN6,1,15,0,11,0,2,3
3972,BTN2A1,1,8,1,33,0,0,3
3973,LAMA4,1,20,8,48,0,1,4
3974,TENT5A,1,8,0,32,0,0,2
3975,CLIC5,1,16,2,35,0,0,3
3976,FBRSL1,1,1,0,16,0,0,2
3977,ENPP5,1,6,0,9,0,0,2
3978,LY86,1,5,1,41,0,0,3
3979,PRSS16,1,7,0,16,0,0,2
3980,MEP1A,1,13,0,32,0,2,3
3981,TBX18,1,26,0,40,13,1,3
3982,ERBIN,1,24,23,55,0,1,4
3983,PCDHB2,1,11,0,8,0,0,2
3984,HARS2,1,11,1,36,0,0,3
3985,NUDT12,1,22,1,60,0,0,3
3986,CEP72,1,9,7,37,0,0,3
3987,MAN2A1,1,17,3,42,0,0,3
3988,SEMA5A,1,32,3,37,0,1,4
3989,C7,1,12,2,35,0,3,4
3990,TENT4A,1,19,2,48,0,2,4
3991,GHR,1,52,2,45,0,11,4
3992,HMGCS1,1,15,3,69,0,7,4
3993,DAP,1,5,0,18,0,3,3
3994,NME5,1,18,0,40,0,1,3
3995,BRD8,1,16,1,54,0,1,4
3996,KIF20A,1,21,5,113,0,0,3
3997,NNT,1,13,1,34,0,0,3
3998,HSPA9,1,39,8,173,0,13,4
3999,PFDN1,1,10,1,34,0,0,3
4000,HBEGF,1,27,31,54,0,20,4
4001,SLC4A9,1,17,1,31,0,1,4
4002,LOX,1,20,2,68,0,14,4
4003,GZMK,1,16,0,50,0,0,2
4004,CDH9,1,17,1,43,0,0,3
4005,APBB3,1,11,0,22,0,1,3
4006,TMCO6,1,4,0,27,0,0,2
4007,SPARC,1,24,4,64,0,24,4
4008,IK,1,14,1,48,0,1,4
4009,HMGCR,1,21,1,88,0,14,4
4010,CERT1,1,26,0,50,0,5,3
4011,FAF2,1,19,2,76,0,0,3
4012,HAND1,1,37,1,15,12,8,4
4013,PCDHB3,1,12,0,13,0,0,2
4014,PCDHB5,1,12,0,18,0,0,2
4015,PCDHB6,1,13,0,13,0,0,2
4016,PCDHB7,1,7,0,13,0,0,2
4017,PDE8B,1,11,1,36,0,0,3
4018,CLK4,1,9,0,27,0,0,2
4019,PCDHB15,1,8,0,12,0,0,2
4020,HAVCR1,1,15,2,34,0,1,4
4021,GRM6,1,23,2,52,0,0,3
4022,ITK,1,19,2,73,0,6,4
4023,RNF130,1,7,1,18,0,0,3
4024,THG1L,1,21,1,29,0,0,3
4025,ARSB,1,22,5,37,0,1,4
4026,CLINT1,1,15,2,58,0,1,4
4027,THBS4,1,21,1,43,0,1,4
4028,CNOT6,1,16,4,43,0,0,3
4029,IL12B,1,75,4,34,0,40,4
4030,BTNL8,1,8,1,28,0,0,3
4031,TTC1,1,10,0,37,0,0,2
4032,MSH3,1,20,3,50,0,5,4
4033,RASGRF2,1,13,7,42,0,0,3
4034,GABRG2,1,33,2,53,0,4,4
4035,CCNG1,1,8,1,40,0,10,4
4036,POLR3G,1,16,7,41,0,0,3
4037,DROSHA,1,25,1,74,0,2,4
4038,CDH6,1,20,1,34,0,3,4
4039,LMNB1,1,22,10,50,0,0,3
4040,ARRDC3,1,11,0,31,0,1,3
4041,GOLPH3,1,33,0,67,0,1,3
4042,SUB1,1,19,0,38,0,4,3
4043,NPR3,1,22,0,34,0,0,2
4044,FAM172A,1,10,0,17,0,0,2
4045,SLC27A6,1,14,1,28,0,0,3
4046,TARS,1,13,0,0,0,0,1
4047,IRX4,1,13,0,33,4,1,3
4048,LNPEP,1,23,3,39,0,7,4
4049,PDE4D,1,43,2,42,0,1,4
4050,RAD1,1,12,7,37,0,0,3
4051,BRIX1,1,7,0,83,0,0,2
4052,AGXT2,1,12,2,67,0,0,3
4053,PRLR,1,26,2,39,0,10,4
4054,SLC12A7,1,15,1,31,0,0,3
4055,IL4,1,54,4,121,0,79,4
4056,RAD50,1,44,20,40,0,1,4
4057,IL5,1,19,4,68,0,55,4
4058,ST8SIA4,1,13,2,19,0,4,4
4059,GNPDA1,1,14,1,35,0,0,3
4060,PCDH12,1,13,0,12,0,0,2
4061,SKP1,1,52,37,179,0,1,4
4062,NUP155,1,14,31,63,0,2,4
4063,PPP2CA,1,51,38,148,0,5,4
4064,FGF1,1,39,40,61,0,8,4
4065,NR3C1,1,60,7,75,276,34,4
4066,C5orf15,1,1,0,8,0,0,2
4067,PPWD1,1,8,1,37,0,0,3
4068,LIFR,1,26,2,38,0,3,4
4069,TRIM23,1,20,0,55,0,0,2
4070,TRAPPC13,1,7,1,36,0,0,3
4071,C9,1,16,2,42,0,0,3
4072,SEC24A,1,13,6,49,0,0,3
4073,TXNDC15,1,5,0,24,0,0,2
4074,TTC33,1,1,0,35,0,0,2
4075,RARS,1,17,0,0,0,0,1
4076,WWC1,1,21,2,39,0,3,4
4077,H2AFY,1,53,0,0,0,0,1
4078,TCERG1,1,19,2,54,0,1,4
4079,DPYSL3,1,27,1,57,0,0,3
4080,SMAD5,1,47,1,51,34,0,4
4081,CSNK1A1,1,32,16,67,0,7,4
4082,HMGXB3,1,3,0,8,0,0,2
4083,ERGIC1,1,12,0,22,0,0,2
4084,PDGFRB,1,68,6,118,0,15,4
4085,CDX1,1,21,0,34,39,15,3
4086,ATP6V0E1,1,12,6,34,0,1,4
4087,BNIP1,1,23,1,41,0,0,3
4088,STC2,1,18,2,31,0,6,4
4089,CPEB4,1,29,0,34,0,0,2
4090,HRH2,1,15,2,23,0,0,3
4091,DBN1,1,22,4,42,0,1,4
4092,ZNF346,1,11,0,36,0,1,3
4093,UNC5A,1,11,3,35,0,1,4
4094,EHHADH,1,19,2,84,0,1,4
4095,CNTN3,1,3,1,32,0,0,3
4096,SMC4,1,25,2,55,0,1,4
4097,SELENOK,1,16,0,38,0,0,2
4098,ACTR8,1,20,2,49,0,0,3
4099,TBCCD1,1,8,0,35,0,0,2
4100,TIMMDC1,1,6,1,53,0,1,4
4101,CRBN,1,17,1,82,0,1,4
4102,KNG1,1,23,9,118,0,13,4
4103,HRG,1,38,3,51,0,0,3
4104,BCL6,1,38,4,72,79,18,4
4105,HGD,1,7,1,35,0,0,3
4106,CLDN16,1,17,1,45,0,1,4
4107,ARL6,1,25,1,24,0,0,3
4108,NPHP3,1,26,1,38,0,0,3
4109,CD86,1,24,9,94,0,20,4
4110,AMOTL2,1,22,1,37,0,0,3
4111,NIT2,1,13,1,35,0,0,3
4112,FAM162A,1,7,0,17,0,1,3
4113,OGG1,1,34,8,47,0,9,4
4114,KPNA1,1,16,10,52,0,1,4
4115,PCCB,1,11,4,64,0,0,3
4116,UBE3A,1,31,1,73,0,2,4
4117,ARMC8,1,10,2,36,0,0,3
4118,CEP70,1,8,7,35,0,0,3
4119,RBP2,1,15,1,33,0,11,4
4120,RBP1,1,15,3,38,0,12,4
4121,SLC25A36,1,6,0,14,0,0,2
4122,GRK7,1,17,1,37,0,0,3
4123,RNF7,1,26,3,82,0,1,4
4124,TFDP2,1,18,18,35,5,1,4
4125,XRN1,1,31,4,91,0,1,4
4126,KAT2B,1,62,21,124,15,42,4
4127,BCHE,1,29,4,38,0,1,4
4128,SERPINI2,1,4,0,16,0,0,2
4129,PDCD10,1,31,0,44,0,1,3
4130,LRRC31,1,0,0,19,0,0,1
4131,WNT5A,1,117,12,77,0,15,4
4132,PFKFB4,1,10,1,36,0,1,4
4133,COL7A1,1,15,10,40,0,8,4
4134,FGF12,1,21,1,33,0,1,4
4135,PRKAR2A,1,30,13,40,0,0,3
4136,HES1,1,86,9,41,74,48,4
4137,USP4,1,15,4,43,0,0,3
4138,ACAP2,1,13,0,33,0,0,2
4139,ECT2,1,39,6,50,0,4,4
4140,GNAT1,1,35,3,62,0,0,3
4141,GNAI2,1,44,10,155,0,7,4
4142,TFG,1,9,2,50,0,1,4
4143,USP9Y,1,15,0,34,0,0,2
4144,HYAL1,1,28,4,29,0,5,4
4145,TUSC2,1,4,0,11,0,0,2
4146,NPRL2,1,8,1,50,0,0,3
4147,CYB561D2,1,11,0,13,0,0,2
4148,C3orf14,1,1,0,13,0,0,2
4149,FXR1,1,61,1,64,0,1,4
4150,CBLB,1,23,1,36,0,1,4
4151,BBX,1,8,0,32,1,1,3
4152,IFT57,1,19,2,39,0,0,3
4153,GNB4,1,12,29,121,0,0,3
4154,HHLA2,1,11,0,33,0,0,2
4155,IQCG,1,17,0,28,0,0,2
4156,GBE1,1,12,2,54,0,1,4
4157,MORC1,1,5,0,28,0,0,2
4158,UMPS,1,14,1,70,0,0,3
4159,NCBP2,1,34,30,133,0,0,3
4160,SNX4,1,21,0,56,0,0,2
4161,C3orf52,1,3,0,7,0,0,2
4162,FRMD4B,1,7,0,14,0,0,2
4163,SLC41A3,1,9,0,26,0,0,2
4164,ROPN1B,1,15,0,9,0,0,2
4165,PLXNA1,1,14,6,61,0,1,4
4166,ATP6V1A,1,41,6,52,0,1,4
4167,ABTB1,1,4,0,27,0,0,2
4168,PODXL2,1,6,1,25,0,0,3
4169,UPK1B,1,7,0,34,0,6,3
4170,CSPG5,1,24,10,39,0,0,3
4171,KLHL18,1,7,0,33,0,0,2
4172,SCAP,1,19,2,34,0,1,4
4173,EFCC1,1,1,0,18,0,0,2
4174,KIAA1257,1,0,0,23,0,0,1
4175,NEK11,1,12,1,12,0,1,4
4176,PLSCR4,1,11,0,6,0,0,2
4177,HEMK1,1,11,0,33,0,0,2
4178,CISH,1,9,3,44,0,40,4
4179,MAPKAPK3,1,22,4,33,0,1,4
4180,ACVR2B,1,41,4,68,0,0,3
4181,WDR48,1,19,4,49,0,1,4
4182,COMMD2,1,6,1,68,0,0,3
4183,GORASP1,1,9,3,44,0,1,4
4184,PEX5L,1,11,0,35,0,0,2
4185,RRP9,1,11,2,74,0,0,3
4186,ABCC5,1,34,4,35,0,1,4
4187,AADAC,1,17,1,37,0,0,3
4188,ABHD14B,1,11,1,29,0,0,3
4189,EIF1B,1,8,0,35,0,0,2
4190,ARHGEF26,1,6,4,14,0,0,3
4191,KLHL24,1,12,0,39,0,1,3
4192,PLCH1,1,13,1,36,0,0,3
4193,VIPR1,1,16,2,35,0,4,4
4194,DNAH1,1,16,0,54,0,0,2
4195,SSR3,1,7,1,37,0,2,4
4196,ZBTB47,1,4,0,7,0,0,2
4197,TNNC1,1,23,1,34,0,2,4
4198,NKTR,1,7,0,42,0,0,2
4199,CLCN2,1,28,1,37,0,2,4
4200,FOXP1,1,51,0,44,25,5,3
4201,EIF4G1,1,32,15,100,0,3,4
4202,SPCS1,1,10,7,43,0,0,3
4203,NEK4,1,16,0,35,0,0,2
4204,SLC4A3,1,19,1,26,0,0,3
4205,INO80D,1,14,2,37,0,0,3
4206,EEF1B2,1,8,1,46,0,0,3
4207,ADAM23,1,14,1,32,0,1,4
4208,DGUOK,1,17,1,41,0,1,4
4209,MOB1A,1,8,1,33,0,0,3
4210,KANSL3,1,12,2,39,0,0,3
4211,LMAN2L,1,11,2,40,0,2,4
4212,RTKN,1,11,4,35,0,0,3
4213,TTL,1,7,1,34,0,0,3
4214,IL1A,1,40,7,97,0,21,4
4215,CCL20,1,17,3,75,0,17,4
4216,PIKFYVE,1,42,3,59,0,0,3
4217,KCNIP3,1,23,2,37,13,0,4
4218,FAHD2A,1,5,0,32,0,0,2
4219,NCL,1,29,0,81,0,5,3
4220,ACTR1B,1,14,3,37,0,0,3
4221,SLC35F5,1,3,0,17,0,0,2
4222,ZAP70,1,29,4,77,0,4,4
4223,ACTR3,1,22,5,57,0,1,4
4224,STEAP3,1,14,7,43,0,1,4
4225,EPB41L5,1,14,1,33,0,0,3
4226,TFCP2L1,1,13,0,33,3,0,3
4227,SF3B6,1,19,5,58,0,0,3
4228,TP53I3,1,5,1,31,0,2,4
4229,DNAJC27,1,7,0,43,0,0,2
4230,POMC,1,34,13,172,0,39,4
4231,STAM2,1,13,8,58,0,0,3
4232,OTOF,1,15,2,56,0,1,4
4233,GPD2,1,7,2,76,0,1,4
4234,CENPA,1,22,7,88,0,0,3
4235,CYTIP,1,6,0,36,0,0,2
4236,ACVR1,1,63,0,63,0,6,3
4237,TANC1,1,8,0,33,0,0,2
4238,SLC30A3,1,30,1,39,0,0,3
4239,MPV17,1,12,1,33,0,1,4
4240,GTF3C2,1,11,3,41,0,1,4
4241,EIF2B4,1,20,1,37,0,0,3
4242,NRBP1,1,21,2,30,0,0,3
4243,ITGB6,1,21,5,78,0,0,3
4244,FNDC4,1,6,0,32,0,0,2
4245,ITGA4,1,51,6,76,0,5,4
4246,PSMD14,1,33,70,101,0,0,3
4247,SNX17,1,23,0,50,0,0,2
4248,ASB3,1,5,2,36,0,0,3
4249,PPM1G,1,12,0,38,0,0,2
4250,PDE1A,1,14,3,40,0,0,3
4251,REEP6,1,8,0,35,0,0,2
4252,PCSK4,1,16,0,23,0,0,2
4253,GCG,1,28,7,122,0,32,4
4254,APC2,1,30,0,49,0,0,2
4255,IFIH1,1,37,13,130,0,0,3
4256,GCA,1,12,1,13,0,1,4
4257,INO80B,1,12,2,39,0,0,3
4258,MOGS,1,11,5,60,0,0,3
4259,TTC31,1,0,0,17,0,0,1
4260,NDUFS7,1,19,2,78,0,0,3
4261,PCGF1,1,12,0,53,0,2,3
4262,GRB14,1,12,1,35,0,2,4
4263,CLIP4,1,6,0,10,0,0,2
4264,TLX2,1,14,0,24,3,2,3
4265,SPTBN1,1,42,10,56,0,2,4
4266,AUP1,1,17,1,41,0,0,3
4267,RTN4,1,61,1,53,0,1,4
4268,HTRA2,1,47,2,51,0,2,4
4269,LOXL3,1,25,2,27,0,0,3
4270,DOK1,1,10,2,34,0,1,4
4271,GALNT3,1,14,3,36,0,2,4
4272,POLE4,1,9,10,38,0,0,3
4273,TACR1,1,62,4,35,0,6,4
4274,CCDC88A,1,45,2,32,0,1,4
4275,ACADL,1,22,3,58,0,2,4
4276,EVA1A,1,4,2,30,0,0,3
4277,LANCL1,1,13,0,23,0,0,2
4278,WDR75,1,11,2,60,0,0,3
4279,EFEMP1,1,20,1,45,0,1,4
4280,REG1A,1,10,1,18,0,7,4
4281,FANCL,1,16,2,42,0,0,3
4282,FN1,1,53,30,298,0,66,4
4283,STAT1,1,64,26,200,287,19,4
4284,GLS,1,12,3,50,0,4,4
4285,PAPOLG,1,11,2,58,0,0,3
4286,DNAH6,1,11,0,48,0,0,2
4287,PECR,1,9,2,42,0,3,4
4288,UNC50,1,6,0,36,0,0,2
4289,IGFBP2,1,25,1,40,0,15,4
4290,ELMOD3,1,7,0,19,0,0,2
4291,IGFBP5,1,33,2,41,0,16,4
4292,USP34,1,12,2,43,0,1,4
4293,EFHD1,1,7,0,5,0,0,2
4294,KCNJ13,1,9,0,34,0,0,2
4295,CCT4,1,21,6,80,0,0,3
4296,GGCX,1,13,2,35,0,0,3
4297,NEU2,1,11,2,33,0,2,4
4298,EHBP1,1,9,0,43,0,0,2
4299,OTX1,1,13,0,35,3,1,3
4300,TXNDC9,1,8,0,48,0,0,2
4301,COQ10B,1,4,2,19,0,0,3
4302,GNLY,1,7,1,42,0,6,4
4303,SF3B1,1,36,6,134,0,1,4
4304,ST3GAL5,1,8,2,35,0,3,4
4305,CHST10,1,11,2,32,0,0,3
4306,PDCL3,1,20,0,38,0,0,2
4307,MOB4,1,12,0,43,0,0,2
4308,HSPE1,1,14,2,67,0,1,4
4309,KDM3A,1,20,2,52,0,12,4
4310,PLCD4,1,18,1,55,0,0,3
4311,CHMP3,1,56,9,51,0,0,3
4312,ZNF142,1,4,0,24,0,0,2
4313,IL1R2,1,17,2,39,0,2,4
4314,PRKAG3,1,18,9,53,0,1,4
4315,SMYD1,1,11,1,46,0,6,4
4316,IL1R1,1,29,3,50,0,9,4
4317,WNT6,1,20,2,39,0,2,4
4318,IL1RL2,1,17,0,32,0,0,2
4319,IL1RL1,1,23,0,37,0,8,3
4320,IL18R1,1,23,2,46,0,8,4
4321,IL18RAP,1,18,1,35,0,0,3
4322,SLC9A2,1,18,1,34,0,12,4
4323,FHL2,1,19,1,55,7,8,4
4324,MLPH,1,15,1,34,0,0,3
4325,CNPPD1,1,5,0,11,0,0,2
4326,UXS1,1,14,2,40,0,0,3
4327,ABCB6,1,43,2,40,0,4,4
4328,STK16,1,16,0,18,0,0,2
4329,SLC5A7,1,23,4,34,0,0,3
4330,HDLBP,1,13,2,43,0,7,4
4331,PPP1R7,1,8,0,42,0,1,3
4332,PASK,1,17,0,24,0,0,2
4333,STK25,1,22,0,42,0,0,2
4334,PROC,1,16,11,48,0,7,4
4335,ID2,1,47,1,40,54,40,4
4336,TAF1B,1,14,6,35,0,2,4
4337,HPCAL1,1,4,0,32,0,6,3
4338,ODC1,1,14,2,39,0,24,4
4339,BIRC6,1,24,2,52,0,0,3
4340,NOL10,1,5,0,61,0,0,2
4341,PLEKHB2,1,4,0,6,0,0,2
4342,GORASP2,1,11,1,42,0,0,3
4343,STRN,1,26,7,57,0,0,3
4344,CEBPZ,1,7,0,72,19,2,3
4345,PRKD3,1,16,1,36,0,8,4
4346,DCAF17,1,9,1,51,0,0,3
4347,QPCT,1,9,1,30,0,2,4
4348,RAB3GAP1,1,30,2,44,0,1,4
4349,SLC25A12,1,21,3,33,0,0,3
4350,RMDN2,1,11,0,22,0,0,2
4351,DLX2,1,22,0,46,21,3,3
4352,LCT,1,16,2,33,0,21,4
4353,DARS,1,18,0,0,0,0,1
4354,SRSF7,1,15,7,59,0,2,4
4355,SDC1,1,16,19,117,0,18,4
4356,PLCL1,1,13,0,18,0,0,2
4357,SLC1A4,1,42,1,44,0,1,4
4358,SOS1,1,36,62,79,0,2,4
4359,KYNU,1,13,1,40,0,0,3
4360,WIPF1,1,17,5,53,0,1,4
4361,ORC2,1,15,7,43,0,3,4
4362,COX7A2L,1,9,4,38,0,2,4
4363,PNO1,1,11,2,46,0,0,3
4364,ORC4,1,16,7,37,0,0,3
4365,PLEK,1,35,1,167,0,5,4
4366,RND3,1,14,1,52,0,3,4
4367,ATF2,1,77,10,60,116,4,4
4368,THADA,1,8,1,32,0,0,3
4369,AAK1,1,20,2,33,0,0,3
4370,TRAK2,1,28,2,42,0,0,3
4371,C2orf42,1,3,0,17,0,0,2
4372,TIA1,1,21,1,48,0,0,3
4373,PCYOX1,1,10,0,43,0,0,2
4374,KISS1R,1,20,2,38,0,3,4
4375,EPAS1,1,35,8,61,82,11,4
4376,ARID3A,1,12,1,34,7,1,4
4377,CD207,1,12,1,40,0,1,4
4378,GRIN3B,1,32,1,44,0,0,3
4379,VAX2,1,22,0,12,4,0,3
4380,ATP6V1B1,1,31,5,66,0,0,3
4381,NFE2L2,1,67,17,52,178,12,4
4382,MSH6,1,37,4,69,0,7,4
4383,PLEKHA3,1,10,1,28,0,0,3
4384,SPR,1,9,2,36,0,0,3
4385,EPHA4,1,78,4,42,0,10,4
4386,PARD3B,1,16,0,26,0,0,2
4387,FARSB,1,14,1,37,0,0,3
4388,ALMS1,1,12,7,45,0,1,4
4389,BCL9,1,11,2,37,0,3,4
4390,PRRX1,1,17,0,39,6,2,3
4391,DHCR24,1,20,3,40,0,8,4
4392,DNAJC16,1,2,0,36,0,0,2
4393,MARK1,1,30,0,32,0,4,3
4394,TNR,1,15,1,32,0,0,3
4395,GPX7,1,10,1,80,0,0,3
4396,SCP2,1,44,3,78,0,6,4
4397,TPSG1,1,7,0,4,0,0,2
4398,PAPPA2,1,9,1,17,0,0,3
4399,RALGPS2,1,6,0,29,0,0,2
4400,ANGPTL1,1,6,0,14,0,0,2
4401,CEP104,1,6,0,32,0,0,2
4402,FAM20B,1,7,1,39,0,0,3
4403,TCEANC2,1,5,0,43,0,0,2
4404,TMEM59,1,15,2,40,0,0,3
4405,LRRC42,1,1,0,24,0,0,2
4406,WRAP73,1,8,0,32,0,1,3
4407,NPHS2,1,14,1,39,0,3,4
4408,ICMT,1,7,2,34,0,0,3
4409,CHD5,1,24,2,32,0,2,4
4410,QSOX1,1,15,4,33,0,3,4
4411,STXBP3,1,26,2,45,0,1,4
4412,PHF13,1,11,0,32,0,0,2
4413,ERRFI1,1,29,0,23,0,3,3
4414,PARK7,1,116,4,70,8,5,4
4415,KIAA1324,1,15,0,4,0,0,2
4416,OPRD1,1,35,3,40,0,6,4
4417,AMPD2,1,15,1,52,0,1,4
4418,SRSF4,1,14,6,52,0,0,3
4419,MECR,1,9,1,44,0,0,3
4420,KCNC4,1,21,1,39,0,0,3
4421,EDEM3,1,13,1,40,0,0,3
4422,WDR77,1,18,2,54,0,0,3
4423,ATP5PB,1,13,2,67,0,0,3
4424,RAP1A,1,49,16,79,0,5,4
4425,HDAC1,1,75,42,354,78,9,4
4426,CAPZA1,1,16,9,69,0,0,3
4427,S100PBP,1,4,0,8,0,0,2
4428,RNF19B,1,15,2,13,0,0,3
4429,SCAMP3,1,9,0,18,0,0,2
4430,TRIM62,1,16,1,30,1,1,4
4431,ASH1L,1,17,1,61,4,1,4
4432,DLGAP3,1,13,1,43,0,0,3
4433,SFPQ,1,32,2,52,26,1,4
4434,RHOU,1,20,2,43,0,0,3
4435,GON4L,1,6,0,32,0,0,2
4436,ARHGEF2,1,43,4,43,0,0,3
4437,LAMTOR2,1,23,9,64,0,0,3
4438,MEF2D,1,20,5,48,27,3,4
4439,DOCK7,1,22,4,39,0,0,3
4440,SRM,1,10,1,39,0,1,4
4441,FBXO2,1,18,2,43,0,0,3
4442,FBXO6,1,15,3,46,0,0,3
4443,C1orf21,1,1,0,7,0,0,2
4444,SWT1,1,3,0,15,0,0,2
4445,MAD2L2,1,37,5,64,0,0,3
4446,DNAJC6,1,16,3,55,0,0,3
4447,LEPR,1,38,0,53,0,3,3
4448,IVNS1ABP,1,15,0,30,0,0,2
4449,KIAA2013,1,2,0,36,0,0,2
4450,MFN2,1,21,3,84,0,7,4
4451,PRG4,1,7,0,32,0,3,3
4452,MIIP,1,3,0,13,0,0,2
4453,SMG7,1,14,1,40,0,0,3
4454,NCF2,1,18,8,46,0,11,4
4455,PDC,1,8,0,32,0,1,3
4456,SLC35D1,1,13,3,37,0,0,3
4457,PLA2G4A,1,36,13,66,0,18,4
4458,GADD45A,1,25,2,41,0,43,4
4459,PRAMEF1,1,8,0,50,0,0,2
4460,PRAMEF12,1,8,0,43,0,0,2
4461,WLS,1,29,1,43,0,0,3
4462,PRDM2,1,18,0,36,11,2,3
4463,RGS2,1,32,1,36,0,6,4
4464,RPE65,1,28,1,62,0,7,4
4465,RO60,1,9,0,32,0,0,2
4466,AMPD1,1,10,1,51,0,2,4
4467,UCHL5,1,22,2,87,0,0,3
4468,BCAS2,1,18,2,52,0,1,4
4469,SRSF11,1,9,6,52,0,0,3
4470,CTH,1,22,3,67,0,2,4
4471,AGMAT,1,11,1,38,0,0,3
4472,OLFML3,1,3,0,16,0,0,2
4473,TNNI3K,1,13,0,33,0,1,3
4474,CFHR3,1,6,1,32,0,0,3
4475,PLEKHM2,1,9,0,30,0,0,2
4476,CRYZ,1,15,0,35,0,6,3
4477,PHTF1,1,3,0,23,0,0,2
4478,ZBTB17,1,21,2,36,42,0,4
4479,CD58,1,17,2,42,0,3,4
4480,TFAP2E,1,13,2,13,2,1,4
4481,CD2,1,30,1,100,0,13,4
4482,TTF2,1,12,0,41,0,0,2
4483,NR5A2,1,52,2,41,60,17,4
4484,KIF21B,1,15,2,37,0,0,3
4485,TMEM9,1,11,0,11,0,0,2
4486,ADPRHL2,1,18,0,34,0,0,2
4487,MAP7D1,1,6,0,23,0,0,2
4488,WARS2,1,9,1,36,0,2,4
4489,HAO2,1,9,2,50,0,0,3
4490,OSCP1,1,5,0,14,0,0,2
4491,EXOC8,1,20,3,41,0,0,3
4492,GNPAT,1,13,3,56,0,0,3
4493,TSNAX,1,20,1,42,0,0,3
4494,C1orf109,1,10,0,35,0,0,2
4495,RRAGC,1,34,7,55,0,0,3
4496,NID1,1,20,2,47,0,1,4
4497,LGALS8,1,11,0,38,0,2,3
4498,NT5C1A,1,15,2,56,0,0,3
4499,HPCAL4,1,6,0,23,0,1,3
4500,MTR,1,18,6,67,0,4,4
4501,BMP8B,1,7,0,34,0,0,2
4502,MYCL,1,12,0,41,1,4,3
4503,SIPA1L2,1,6,0,34,0,0,2
4504,ZP4,1,15,1,37,0,0,3
4505,RLF,1,8,0,19,4,4,3
4506,KMO,1,20,1,40,0,0,3
4507,ZNF684,1,6,1,16,0,0,3
4508,KCNQ4,1,14,3,49,0,2,4
4509,RIMS3,1,15,0,22,0,0,2
4510,AKT3,1,26,29,78,0,0,3
4511,ETV3,1,17,0,22,11,3,3
4512,ACADM,1,21,4,72,0,7,4
4513,ST6GALNAC5,1,9,2,33,0,0,3
4514,SLAMF1,1,35,0,49,0,1,3
4515,CD48,1,14,1,63,0,0,3
4516,ADGRL2,1,10,0,181,0,0,2
4517,PADI2,1,19,2,16,0,2,4
4518,SDHB,1,21,3,106,0,6,4
4519,MFAP2,1,11,2,35,0,0,3
4520,RPF1,1,9,0,51,0,0,2
4521,KDM5B,1,20,3,49,30,4,4
4522,UAP1,1,9,1,36,0,0,3
4523,ACTL8,1,15,0,34,0,0,2
4524,CTBS,1,10,0,30,0,0,2
4525,RGS4,1,26,3,44,0,14,4
4526,KLHL12,1,19,1,61,0,0,3
4527,IGSF21,1,9,0,26,0,0,2
4528,SSX2IP,1,11,0,34,0,0,2
4529,ZNHIT6,1,12,0,37,0,0,2
4530,PLA2G2D,1,15,6,40,0,0,3
4531,RBBP5,1,14,13,89,0,1,4
4532,GBP3,1,17,4,33,0,0,3
4533,GBP1,1,43,6,49,0,8,4
4534,KIF17,1,19,2,59,0,2,4
4535,GPR89A,1,10,0,32,0,0,2
4536,CDK18,1,11,0,42,0,0,2
4537,RAB29,1,45,1,35,0,0,3
4538,CD160,1,27,1,37,0,1,4
4539,ECE1,1,42,1,32,0,4,4
4540,HMGCL,1,16,2,47,0,0,3
4541,GALE,1,8,2,42,0,0,3
4542,ID3,1,22,1,32,29,16,4
4543,CR2,1,24,2,46,0,25,4
4544,CD46,1,21,1,46,0,7,4
4545,PRPF3,1,26,1,93,0,1,4
4546,APH1A,1,22,13,37,0,2,4
4547,P3H1,1,22,1,48,0,0,3
4548,SLC2A1,1,53,5,78,0,23,4
4549,EBNA1BP2,1,7,1,83,0,2,4
4550,CDC20,1,30,20,182,0,6,4
4551,MPL,1,21,1,38,0,8,4
4552,ARTN,1,14,3,36,0,1,4
4553,IPO13,1,10,0,38,0,4,3
4554,ATP6V0B,1,22,6,54,0,1,4
4555,B4GALT2,1,10,2,47,0,0,3
4556,ERI3,1,6,0,24,0,0,2
4557,PTCH2,1,11,1,34,0,2,4
4558,AKR1A1,1,24,2,35,0,5,4
4559,PRDX1,1,23,5,54,0,9,4
4560,PIK3R3,1,17,18,110,0,3,4
4561,TSPAN1,1,9,0,25,0,0,2
4562,BLZF1,1,11,1,38,0,0,3
4563,CCDC181,1,10,0,20,0,0,2
4564,SLC19A2,1,14,1,34,0,4,4
4565,FAAH,1,26,1,45,0,3,4
4566,NSUN4,1,17,1,49,0,0,3
4567,TMED5,1,12,1,31,0,0,3
4568,MROH9,1,0,0,11,0,0,1
4569,DR1,1,20,2,45,4,9,4
4570,CNN3,1,11,0,32,0,0,2
4571,PRRC2C,1,8,0,35,0,0,2
4572,F3,1,33,3,62,0,25,4
4573,ABCD3,1,28,6,37,0,1,4
4574,VAMP4,1,28,3,75,0,1,4
4575,DPH5,1,4,1,37,0,0,3
4576,FASLG,1,44,9,59,0,54,4
4577,PTBP2,1,13,0,39,0,5,3
4578,TNFSF4,1,52,1,40,0,6,4
4579,PRDX6,1,26,2,53,0,12,4
4580,DARS2,1,18,1,49,0,2,4
4581,HSD11B1,1,12,2,41,0,13,4
4582,IRF6,1,22,2,41,14,2,4
4583,UTP25,1,14,2,48,0,0,3
4584,PLPPR5,1,7,1,7,0,0,3
4585,PLPPR4,1,13,1,17,0,0,3
4586,SERPINC1,1,12,6,71,0,10,4
4587,RCAN3,1,11,1,30,0,0,3
4588,SYF2,1,15,1,86,0,0,3
4589,RSRP1,1,3,0,17,0,0,2
4590,SLC35A3,1,14,2,17,0,0,3
4591,RCOR3,1,10,0,32,0,0,2
4592,STMN1,1,17,1,40,0,24,4
4593,MTFR1L,1,5,0,12,0,0,2
4594,MAN1C1,1,12,2,35,0,0,3
4595,NEK2,1,33,10,70,0,5,4
4596,DHDDS,1,10,2,42,0,3,4
4597,NENF,1,9,0,31,0,0,2
4598,NSL1,1,10,6,36,0,0,3
4599,PROX1,1,72,0,35,28,12,3
4600,ARID1A,1,27,9,58,8,0,4
4601,CENPF,1,36,7,83,0,0,3
4602,RPA2,1,30,29,67,0,1,4
4603,PPP1R8,1,14,2,43,0,1,4
4604,STX12,1,28,0,63,0,0,2
4605,MARC2,1,14,0,15,0,0,2
4606,SLC5A9,1,11,1,24,0,0,3
4607,OSBPL9,1,21,1,26,0,0,3
4608,TXNDC12,1,6,0,57,0,0,2
4609,ESYT2,1,16,1,33,0,0,3
4610,CD3EAP,1,0,0,38,0,0,1
4611,MESD,1,17,0,25,0,0,2
4612,RCN2,1,4,0,36,0,0,2
4613,CHRNB4,1,35,4,36,0,3,4
4614,MUC5B,1,8,6,83,0,15,4
4615,CTSD,1,30,7,62,0,15,4
4616,COLEC11,1,19,3,35,0,0,3
4617,STAG1,1,15,7,47,0,0,3
4618,A4GNT,1,9,1,27,0,0,3
4619,STK11,1,48,4,54,0,10,4
4620,KMT2A,1,34,10,87,63,9,4
4621,TREH,1,8,1,38,0,0,3
4622,IFT46,1,15,1,40,0,0,3
4623,MMP8,1,21,4,39,0,3,4
4624,APOA1,1,78,20,117,0,33,4
4625,ZNF541,1,10,0,12,0,1,3
4626,SLC8A2,1,42,3,35,0,0,3
4627,KPTN,1,15,1,36,0,0,3
4628,KIF14,1,49,3,71,0,1,4
4629,TNNT2,1,23,1,65,0,5,4
4630,DDX59,1,8,0,35,0,0,2
4631,CAMSAP2,1,22,0,37,0,0,2
4632,ATF6,1,40,4,54,52,5,4
4633,CRYGD,1,8,0,33,0,4,3
4634,MREG,1,15,0,20,0,0,2
4635,TNP1,1,20,0,45,0,2,3
4636,FASTKD2,1,14,3,43,0,0,3
4637,NRP2,1,40,2,43,0,7,4
4638,CREB1,1,78,0,132,448,20,3
4639,KLF7,1,21,0,20,10,1,3
4640,TTR,1,12,6,78,0,12,4
4641,B4GALT6,1,15,4,33,0,0,3
4642,C1orf54,1,1,0,3,0,0,2
4643,CA14,1,6,1,27,0,0,3
4644,CASC1,1,7,0,32,0,0,2
4645,LRMP,1,13,0,32,0,0,2
4646,ATP10B,1,20,1,14,0,1,4
4647,SPCS2,1,7,7,40,0,0,3
4648,USP35,1,7,0,28,0,0,2
4649,ELOVL4,1,20,1,35,0,0,3
4650,FILIP1,1,6,1,27,0,0,3
4651,CASP8AP2,1,17,1,32,0,8,4
4652,HMGN3,1,8,0,12,0,4,3
4653,UBE3D,1,15,1,15,0,0,3
4654,CNR1,1,25,2,46,0,10,4
4655,SPACA1,1,5,0,51,0,0,2
4656,ANKRD13C,1,9,0,18,0,0,2
4657,SGIP1,1,15,2,49,0,5,4
4658,PHF3,1,2,0,45,0,0,2
4659,ZC2HC1B,1,1,0,10,0,0,2
4660,ADGB,1,10,0,34,0,0,2
4661,PLAGL1,1,15,1,39,18,5,4
4662,FBXO30,1,7,2,26,0,0,3
4663,TNFAIP3,1,62,6,64,0,13,4
4664,AKAP7,1,20,0,41,0,0,2
4665,RAB32,1,32,2,39,0,0,3
4666,MYB,1,37,7,37,165,35,4
4667,ALDH8A1,1,8,1,37,0,0,3
4668,SGK1,1,23,5,48,0,21,4
4669,RNF146,1,15,4,40,0,0,3
4670,ARG1,1,23,4,53,0,16,4
4671,CCN2,1,19,2,58,0,52,4
4672,TCF21,1,44,0,34,14,6,3
4673,PMFBP1,1,8,0,30,0,0,2
4674,FBXL5,1,13,4,44,0,0,3
4675,MED28,1,12,3,43,0,0,3
4676,SLC16A7,1,24,1,21,0,1,4
4677,RXYLT1,1,8,1,25,0,0,3
4678,ZNF430,1,6,1,8,0,0,3
4679,VAMP8,1,43,7,81,0,0,3
4680,DCLRE1B,1,20,1,42,0,0,3
4681,MYL12B,1,13,7,52,0,0,3
4682,FOXO3,1,56,15,100,180,18,4
4683,ARMC2,1,3,0,36,0,0,2
4684,GHRH,1,22,2,69,0,7,4
4685,RPN2,1,10,5,51,0,0,3
4686,TGIF2,1,11,3,29,0,1,4
4687,CASQ2,1,30,2,48,0,0,3
4688,OLFM3,1,7,0,32,0,1,3
4689,PKD2,1,111,1,44,0,8,4
4690,ABCG2,1,37,9,65,0,25,4
4691,SPP1,1,32,7,75,0,78,4
4692,STBD1,1,21,6,36,0,0,3
4693,CCNI,1,9,0,34,0,0,2
4694,RARRES1,1,6,0,12,0,1,3
4695,MFSD1,1,10,0,15,0,0,2
4696,RAB3GAP2,1,22,2,41,0,0,3
4697,EEF2KMT,1,7,1,27,0,1,4
4698,PPL,1,17,2,49,0,1,4
4699,UBN1,1,11,1,32,0,0,3
4700,KLF12,1,14,0,17,11,1,3
4701,UCHL3,1,15,3,51,0,1,4
4702,PCDH17,1,13,0,16,0,0,2
4703,HS1BP3,1,5,0,18,0,2,3
4704,LDAH,1,10,0,5,0,0,2
4705,WDR35,1,14,2,51,0,0,3
4706,CCND2,1,21,4,41,0,58,4
4707,FGF23,1,30,40,52,0,2,4
4708,ELL2,1,9,1,39,0,1,4
4709,DNAH7,1,22,0,37,0,0,2
4710,CYP20A1,1,6,0,34,0,0,2
4711,NDUFB3,1,9,2,59,0,0,3
4712,GTF3C3,1,12,3,41,0,0,3
4713,SATB2,1,20,2,49,31,2,4
4714,UBE2B,1,29,4,45,0,10,4
4715,TRPM6,1,20,1,43,0,1,4
4716,GDA,1,12,1,34,0,2,4
4717,KLF9,1,10,1,32,25,3,4
4718,TJP2,1,28,5,59,0,1,4
4719,ECRG4,1,18,0,3,0,5,3
4720,ITGB1BP1,1,55,0,32,0,0,2
4721,CPSF3,1,14,6,58,0,0,3
4722,PIGZ,1,7,1,38,0,0,3
4723,SENP5,1,12,1,36,0,0,3
4724,CCDC92,1,6,0,40,0,0,2
4725,C1orf198,1,2,0,73,0,0,2
4726,TRIM67,1,4,0,25,0,0,2
4727,HEATR1,1,18,2,73,0,0,3
4728,PTBP3,1,9,0,34,0,0,2
4729,RAD23B,1,21,4,83,0,0,3
4730,FKBP15,1,9,0,33,0,0,2
4731,CTNNAL1,1,9,0,33,0,2,3
4732,ABITRAM,1,12,0,15,0,0,2
4733,WDR34,1,19,0,39,0,0,2
4734,SET,1,24,2,37,0,3,4
4735,PTPA,1,21,0,42,0,11,3
4736,GLE1,1,21,1,44,0,0,3
4737,RAB14,1,42,5,43,0,0,3
4738,CNTRL,1,13,7,40,0,0,3
4739,TRIM32,1,58,2,63,0,1,4
4740,FBXW2,1,8,3,41,0,0,3
4741,PHF19,1,14,1,33,0,0,3
4742,NEK6,1,31,3,35,0,1,4
4743,BSPRY,1,5,0,7,0,0,2
4744,PPP6C,1,11,2,53,0,0,3
4745,NDUFA8,1,11,2,87,0,0,3
4746,HDHD3,1,4,0,28,0,0,2
4747,RBM18,1,4,0,26,0,0,2
4748,SLC46A2,1,10,0,25,0,0,2
4749,HSDL2,1,4,0,85,0,0,2
4750,MAPKAP1,1,39,7,43,0,1,4
4751,NR4A3,1,52,1,36,39,8,4
4752,INVS,1,10,0,49,0,2,3
4753,GALNT12,1,6,2,32,0,0,3
4754,DENND1A,1,10,1,43,0,0,3
4755,ALG2,1,12,2,40,0,0,3
4756,CSF3R,1,17,4,61,0,10,4
4757,KDSR,1,13,1,39,0,0,3
4758,VPS4B,1,52,2,45,0,2,4
4759,ONECUT2,1,12,0,33,3,1,3
4760,C19orf25,1,1,0,22,0,0,2
4761,ZBTB45,1,9,0,16,0,0,2
4762,DCAF4,1,7,1,52,0,0,3
4763,PROX2,1,17,0,13,0,0,2
4764,VSX2,1,12,0,48,27,3,3
4765,FCF1,1,10,2,72,0,0,3
4766,PGF,1,17,2,35,0,10,4
4767,IFI27L2,1,6,0,4,0,0,2
4768,BBOF1,1,6,0,14,0,0,2
4769,NEK9,1,13,3,34,0,0,3
4770,ACYP1,1,2,0,12,0,0,2
4771,IFT43,1,10,1,38,0,0,3
4772,NPC2,1,24,2,36,0,0,3
4773,DNAL1,1,6,0,34,0,0,2
4774,IRF2BPL,1,11,0,10,4,4,3
4775,ACOT2,1,18,4,33,0,1,4
4776,LTBP2,1,16,2,42,0,0,3
4777,AREL1,1,11,1,32,0,0,3
4778,MLH3,1,14,1,41,0,3,4
4779,TTLL5,1,13,1,40,0,1,4
4780,FLVCR2,1,15,0,25,0,0,2
4781,ABCD4,1,21,3,47,0,0,3
4782,DLST,1,16,4,49,0,15,4
4783,PPP4R4,1,7,0,34,0,0,2
4784,TGFB3,1,50,4,50,0,17,4
4785,ZC2HC1C,1,1,0,41,0,0,2
4786,SLIRP,1,14,2,38,0,0,3
4787,RBM25,1,9,2,76,0,0,3
4788,ALDH6A1,1,8,1,39,0,0,3
4789,GPR68,1,11,2,38,0,0,3
4790,ESRRB,1,40,1,50,8,3,4
4791,EIF2B2,1,21,1,34,0,0,3
4792,NRDE2,1,13,0,42,0,0,2
4793,COQ6,1,16,1,46,0,0,3
4794,ZNF410,1,14,0,8,6,0,3
4795,RHOQ,1,27,3,69,0,0,3
4796,SUPT7L,1,10,1,55,0,0,3
4797,KLHL29,1,5,0,9,0,1,3
4798,DNMT3A,1,42,6,78,46,10,4
4799,TMEM214,1,3,0,39,0,0,2
4800,ATAD2B,1,9,0,37,0,0,2
4801,FKBP1B,1,24,2,41,0,1,4
4802,ATL2,1,12,1,37,0,0,3
4803,YPEL5,1,13,1,29,0,0,3
4804,FAM98A,1,9,0,34,0,0,2
4805,YIPF4,1,9,0,16,0,0,2
4806,AFTPH,1,9,0,38,0,0,2
4807,LGALSL,1,2,0,9,0,0,2
4808,CNRIP1,1,10,0,19,0,0,2
4809,BCL11A,1,35,4,64,13,4,4
4810,CRIPT,1,20,0,36,0,1,3
4811,EPCAM,1,20,6,57,0,18,4
4812,SLC17A5,1,24,4,28,0,0,3
4813,OGFRL1,1,3,0,2,0,0,2
4814,SLF2,1,19,0,28,0,0,2
4815,IDE,1,45,3,41,0,5,4
4816,TECTB,1,6,1,37,0,0,3
4817,ELOVL3,1,16,4,34,0,4,4
4818,IFIT3,1,12,4,67,0,7,4
4819,NKX2-3,1,9,0,17,2,2,3
4820,IFIT2,1,11,4,57,0,3,4
4821,GPAM,1,15,6,41,0,7,4
4822,CUTC,1,10,1,24,0,0,3
4823,PPP1R3C,1,12,2,37,0,2,4
4824,PYROXD2,1,5,0,22,0,0,2
4825,CNNM1,1,7,0,28,0,0,2
4826,MXI1,1,13,0,37,7,3,3
4827,SMNDC1,1,11,4,35,0,0,3
4828,C10orf88,1,5,0,19,0,0,2
4829,HELLS,1,18,1,38,0,2,4
4830,PRLHR,1,12,1,23,0,3,4
4831,TCTN3,1,10,1,33,0,0,3
4832,DENND10,1,10,0,41,0,0,2
4833,AVPI1,1,2,0,12,0,0,2
4834,WDR11,1,18,1,32,0,1,4
4835,ARMH3,1,7,0,14,0,0,2
4836,KCNIP2,1,30,1,38,0,2,4
4837,CFAP58,1,16,0,32,0,0,2
4838,GOT1,1,40,3,77,0,9,4
4839,CPN1,1,11,1,25,0,0,3
4840,C10orf95,1,1,0,0,0,0,1
4841,SFRP5,1,16,0,37,0,3,3
4842,GNA13,1,29,6,120,0,1,4
4843,HOXB8,1,14,0,33,3,3,3
4844,KANSL1,1,15,2,57,0,0,3
4845,HOXB5,1,16,0,36,4,1,3
4846,CRHR1,1,31,2,58,0,10,4
4847,HOXB3,1,17,1,34,9,5,4
4848,HOXB1,1,16,1,34,8,10,4
4849,DUSP1,1,36,2,45,0,30,4
4850,PANK3,1,10,1,18,0,0,3
4851,MSX2,1,23,1,46,46,16,4
4852,TEK,1,62,2,68,0,9,4
4853,RCL1,1,12,2,52,0,0,3
4854,CAAP1,1,2,0,15,0,0,2
4855,EQTN,1,7,0,18,0,0,2
4856,MOB3B,1,6,0,15,0,0,2
4857,INSL6,1,3,0,22,0,0,2
4858,INSL4,1,7,0,14,0,0,2
4859,MLANA,1,7,1,30,0,2,4
4860,CD274,1,35,7,80,0,11,4
4861,IFNA6,1,14,6,35,0,1,4
4862,IFNA8,1,14,6,35,0,3,4
4863,GRIA2,1,32,5,116,0,9,4
4864,NUP43,1,8,37,41,0,0,3
4865,MTHFD1L,1,18,1,42,0,1,4
4866,LRP11,1,10,0,14,0,0,2
4867,CCDC170,1,5,0,34,0,0,2
4868,PCMT1,1,8,1,41,0,0,3
4869,PLEKHG1,1,5,2,32,0,0,3
4870,MYCT1,1,2,0,6,0,2,3
4871,CXorf21,1,13,0,9,0,0,2
4872,MAGEB4,1,4,0,15,0,0,2
4873,CYSTM1,1,5,1,7,0,0,3
4874,WDR55,1,4,0,37,0,0,2
4875,ARAP3,1,12,4,18,0,1,4
4876,PCDHB8,1,8,0,11,0,0,2
4877,PCDHB10,1,11,0,13,0,0,2
4878,PCDHB14,1,12,0,11,0,0,2
4879,PCDHB12,1,8,0,10,0,0,2
4880,SLC25A2,1,13,1,7,0,0,3
4881,TNN,1,21,1,36,0,0,3
4882,CENPL,1,7,7,38,0,0,3
4883,TNFSF18,1,24,1,38,0,0,3
4884,SEC16B,1,13,1,55,0,0,3
4885,GORAB,1,7,0,33,0,0,2
4886,GPR31,1,12,2,26,0,0,3
4887,ACAT2,1,10,1,68,0,6,4
4888,TCP1,1,27,7,103,0,2,4
4889,TTLL2,1,5,1,28,0,0,3
4890,SNX19,1,9,0,18,0,0,2
4891,KCNJ5,1,29,2,49,0,0,3
4892,MSANTD2,1,0,0,7,0,0,1
4893,TP53AIP1,1,3,1,23,0,2,4
4894,TEX11,1,15,0,48,0,2,3
4895,ARR3,1,16,0,45,0,3,3
4896,PDZD11,1,15,5,40,0,0,3
4897,SLC10A7,1,9,0,18,0,2,3
4898,NUDCD1,1,5,0,111,0,0,2
4899,ENY2,1,19,1,69,0,0,3
4900,MASTL,1,17,1,35,0,0,3
4901,KIAA1217,1,4,0,22,0,1,3
4902,LYZL1,1,2,0,31,0,0,2
4903,PLXDC2,1,3,0,15,0,0,2
4904,EPC1,1,30,2,46,0,0,3
4905,IQSEC3,1,13,1,26,0,0,3
4906,CCDC77,1,2,0,33,0,0,2
4907,TAF12,1,24,11,78,0,3,4
4908,ENOX1,1,7,0,25,0,1,3
4909,TNFSF11,1,34,4,55,0,57,4
4910,MTRF1,1,6,1,37,0,0,3
4911,SOHLH2,1,15,0,33,2,0,3
4912,DNAJC15,1,8,0,32,0,0,2
4913,PROSER1,1,1,0,16,0,0,2
4914,UFM1,1,12,0,36,0,1,3
4915,WBP4,1,14,1,49,0,0,3
4916,ELF1,1,15,2,20,75,2,4
4917,SMAD9,1,28,1,49,6,0,4
4918,HSPH1,1,19,2,56,0,3,4
4919,KBTBD7,1,10,3,38,0,4,4
4920,ALG5,1,8,1,39,0,3,4
4921,EXOSC8,1,24,8,51,0,1,4
4922,ETF1,1,16,5,51,0,1,4
4923,TGFBI,1,23,1,47,0,6,4
4924,FAM53C,1,3,0,18,0,0,2
4925,SIL1,1,9,0,55,0,0,2
4926,PAIP2,1,7,0,32,0,0,2
4927,MYOT,1,15,0,54,0,0,2
4928,KDM3B,1,9,1,41,2,0,4
4929,EGR1,1,50,3,79,338,45,4
4930,SERP1,1,11,3,34,0,1,4
4931,PLS1,1,20,2,37,0,0,3
4932,ZFP30,1,5,1,10,0,0,3
4933,NR2C1,1,26,2,30,15,1,4
4934,UTP20,1,16,2,67,0,0,3
4935,TMPO,1,12,10,53,0,4,4
4936,ARL1,1,19,1,42,0,0,3
4937,GLT8D2,1,4,0,14,0,0,2
4938,MTERF2,1,8,0,32,0,0,2
4939,SOCS2,1,24,4,39,0,7,4
4940,NFYB,1,20,5,48,39,0,4
4941,WASHC3,1,8,0,40,0,0,2
4942,APAF1,1,32,8,63,0,7,4
4943,DUSP4,1,17,3,32,0,6,4
4944,CLU,1,83,5,102,0,25,4
4945,TNFRSF10B,1,21,8,58,0,25,4
4946,SORBS3,1,17,1,36,0,1,4
4947,PTK2B,1,84,4,70,0,9,4
4948,CHRNA2,1,33,2,36,0,5,4
4949,ADRA1A,1,40,3,33,0,3,4
4950,PPP3CC,1,21,2,63,0,0,3
4951,PDLIM2,1,17,0,38,0,0,2
4952,EPHX2,1,22,3,63,0,5,4
4953,RNF170,1,6,0,37,0,0,2
4954,NPPB,1,25,0,39,0,25,3
4955,UBIAD1,1,19,1,40,0,2,4
4956,TARDBP,1,36,0,96,0,0,2
4957,TNFRSF8,1,12,1,54,0,10,4
4958,PRAMEF2,1,8,0,46,0,0,2
4959,ZNF706,1,5,1,14,0,0,3
4960,LYPLA1,1,17,2,62,0,0,3
4961,CRISPLD1,1,4,0,7,0,0,2
4962,COPS5,1,31,5,101,2,15,4
4963,RDH10,1,14,2,35,0,0,3
4964,EPX,1,13,1,32,0,0,3
4965,AKAP1,1,10,2,45,0,1,4
4966,COIL,1,12,0,40,0,0,2
4967,TRIM25,1,29,17,65,0,4,4
4968,SCPEP1,1,7,0,12,0,0,2
4969,SPOP,1,14,2,73,0,0,3
4970,TBX2,1,54,1,34,28,10,4
4971,SLC35B1,1,13,0,33,0,0,2
4972,TBX4,1,16,0,35,4,1,3
4973,TEX14,1,14,0,19,0,0,2
4974,FAM117A,1,0,0,8,0,0,1
4975,NCAPH,1,19,1,49,0,0,3
4976,LRAT,1,18,3,53,0,3,4
4977,TMEM131L,1,5,0,24,0,2,3
4978,MND1,1,5,1,42,0,0,3
4979,TRIM6,1,32,1,17,0,0,3
4980,ABCC11,1,22,1,21,0,0,3
4981,TENT4B,1,22,1,45,0,0,3
4982,ADCY7,1,19,14,51,0,0,3
4983,CEP89,1,16,1,37,0,0,3
4984,TSHZ3,1,14,0,32,6,0,3
4985,ECHDC2,1,7,0,37,0,0,2
4986,TAS2R8,1,9,3,33,0,0,3
4987,PLBD1,1,5,4,17,0,0,3
4988,PRB2,1,2,0,32,0,0,2
4989,PYROXD1,1,12,0,32,0,0,2
4990,IAPP,1,33,4,49,0,21,4
4991,KCNJ8,1,29,1,39,0,3,4
4992,TAS2R7,1,9,3,39,0,0,3
4993,TAS2R9,1,8,2,36,0,0,3
4994,PSPC1,1,17,0,37,0,0,2
4995,ZNF549,1,6,1,20,0,0,3
4996,ZSCAN18,1,5,0,25,1,0,3
4997,ZNF211,1,6,1,14,0,0,3
4998,PDZRN3,1,10,0,17,0,0,2
4999,RGSL1,1,1,3,33,0,0,3
5000,LHX4,1,15,1,43,5,1,4
5001,RNF2,1,29,10,96,0,1,4
5002,TRMT1L,1,8,0,44,0,0,2
5003,SEC22A,1,5,1,39,0,0,3
5004,CSTA,1,13,1,54,0,6,4
5005,DPPA4,1,5,2,34,0,11,4
5006,POPDC2,1,10,0,13,0,0,2
5007,B4GALT4,1,14,2,44,0,0,3
5008,NAA50,1,18,0,41,0,0,2
5009,CD80,1,21,8,82,0,18,4
5010,KIF18A,1,30,10,72,0,2,4
5011,GJA8,1,9,1,50,0,0,3
5012,DESI2,1,10,0,22,0,0,2
5013,MAPK8IP1,1,33,0,40,0,2,3
5014,CRY2,1,35,4,45,0,2,4
5015,PEX16,1,15,1,35,0,0,3
5016,DEPDC7,1,4,0,17,0,0,2
5017,CAT,1,54,5,38,0,26,4
5018,PILRB,1,7,1,30,0,0,3
5019,ZMYM2,1,8,4,43,0,0,3
5020,GJB6,1,20,1,41,0,1,4
5021,GJA3,1,10,1,41,0,0,3
5022,TBC1D15,1,7,1,43,0,0,3
5023,ADGRB2,1,11,0,31,0,1,3
5024,HCRTR1,1,14,2,36,0,0,3
5025,ZCCHC17,1,8,0,39,0,0,2
5026,FABP3,1,28,1,38,0,3,4
5027,KHDRBS1,1,37,1,61,0,3,4
5028,TMEM39B,1,4,0,5,0,0,2
5029,CCRL2,1,27,1,50,0,1,4
5030,CCR2,1,67,5,86,0,10,4
5031,POLR3GL,1,6,7,42,0,1,4
5032,GHSR,1,68,2,51,0,0,3
5033,TNFSF10,1,24,6,39,0,37,4
5034,ZNF639,1,14,0,11,0,0,2
5035,SLITRK3,1,12,2,32,0,0,3
5036,PIK3CA,1,59,60,160,0,9,4
5037,PDS5A,1,10,4,49,0,0,3
5038,TMEM156,1,1,0,25,0,0,2
5039,LIAS,1,12,1,50,0,0,3
5040,CPXM2,1,4,0,9,0,0,2
5041,TMEM54,1,2,0,7,0,0,2
5042,ZSCAN20,1,5,0,37,0,0,2
5043,CSMD2,1,5,0,4,0,0,2
5044,HPCA,1,28,0,37,0,0,2
5045,LRIF1,1,9,0,21,0,0,2
5046,TMIGD3,1,11,0,7,0,0,2
5047,CLCC1,1,9,0,33,0,0,2
5048,GPSM2,1,25,1,44,0,0,3
5049,GTDC1,1,7,0,11,0,0,2
5050,CXCR4,1,53,7,126,0,55,4
5051,ZRANB3,1,18,0,37,0,0,2
5052,ACVR2A,1,38,5,63,0,0,3
5053,POLK,1,15,7,34,0,4,4
5054,SV2C,1,11,3,35,0,0,3
5055,FLT3,1,42,27,63,0,12,4
5056,MTIF3,1,8,1,49,0,0,3
5057,GTF3A,1,8,2,33,26,1,4
5058,RASL11A,1,6,0,9,0,0,2
5059,UBL3,1,3,0,13,0,0,2
5060,FYTTD1,1,8,2,36,0,0,3
5061,MTERF4,1,13,1,46,0,0,3
5062,XPNPEP2,1,6,1,65,0,0,3
5063,SASH3,1,6,0,40,0,0,2
5064,OCRL,1,41,8,59,0,1,4
5065,PAEP,1,7,0,40,0,6,3
5066,OBP2A,1,5,0,31,0,0,2
5067,TBX22,1,15,0,34,3,1,3
5068,FMOD,1,8,6,58,0,1,4
5069,MYOG,1,41,3,66,48,44,4
5070,LAX1,1,15,0,32,0,0,2
5071,PLG,1,31,6,112,0,12,4
5072,KIAA1191,1,3,0,18,0,0,2
5073,COPA,1,22,2,52,0,0,3
5074,CD244,1,15,1,48,0,3,4
5075,LY9,1,10,0,38,0,0,2
5076,HS3ST2,1,6,1,35,0,0,3
5077,RBBP6,1,21,3,45,0,0,3
5078,ZC3H7A,1,8,0,33,0,0,2
5079,PRM2,1,11,1,39,0,2,4
5080,SERAC1,1,9,0,24,0,0,2
5081,ANXA11,1,28,0,35,0,0,2
5082,LDB3,1,15,0,59,0,0,2
5083,OPN4,1,23,2,36,0,0,3
5084,SHLD2,1,12,0,32,0,0,2
5085,PRXL2A,1,5,0,16,0,1,3
5086,ZNF205,1,12,1,13,2,2,4
5087,NAA60,1,14,0,34,0,0,2
5088,ODF2L,1,5,0,20,0,0,2
5089,PTGFR,1,16,2,35,0,10,4
5090,SPATA1,1,1,0,6,0,0,2
5091,TRMT13,1,5,1,38,0,1,4
5092,LRRC39,1,3,0,42,0,0,2
5093,RWDD3,1,5,1,8,0,0,3
5094,ZNF644,1,5,0,38,0,0,2
5095,CCDC18,1,2,0,27,0,0,2
5096,RPAP2,1,13,1,52,0,0,3
5097,SLC66A2,1,7,0,21,0,0,2
5098,BBS9,1,16,1,37,0,0,3
5099,PMS2,1,22,6,49,0,4,4
5100,ZMIZ2,1,11,0,31,0,1,3
5101,OCM,1,3,0,27,0,0,2
5102,SEPTIN7,1,33,1,42,0,3,4
5103,EEPD1,1,6,1,34,0,0,3
5104,KLHL7,1,13,0,48,0,0,2
5105,HERPUD2,1,4,0,7,0,0,2
5106,CBX3,1,30,4,72,0,2,4
5107,HNRNPA2B1,1,33,5,94,0,3,4
5108,WIPF3,1,12,5,34,0,0,3
5109,NXPH1,1,6,0,34,0,0,2
5110,NPY,1,53,3,119,0,16,4
5111,FAM126A,1,7,0,26,0,0,2
5112,HOXA7,1,23,0,38,12,7,3
5113,INHBA,1,72,5,36,0,20,4
5114,FKBP9,1,4,1,33,0,0,3
5115,NT5C3A,1,15,0,45,0,0,2
5116,ARL4A,1,10,0,24,0,1,3
5117,CCZ1,1,8,1,40,0,0,3
5118,POLM,1,12,1,40,0,1,4
5119,RAMP3,1,35,2,34,0,0,3
5120,MRM2,1,11,1,56,0,0,3
5121,TWIST1,1,58,5,49,73,24,4
5122,SMU1,1,10,1,52,0,0,3
5123,GLIPR2,1,8,0,13,0,0,2
5124,SLC25A51,1,6,1,20,0,0,3
5125,CLTA,1,39,14,53,0,0,3
5126,RECK,1,22,1,37,0,11,4
5127,SPINK4,1,4,0,22,0,1,3
5128,TAF1L,1,17,10,39,0,1,4
5129,ACO1,1,18,2,58,0,3,4
5130,PHF24,1,7,0,9,0,0,2
5131,DNAI1,1,21,0,72,0,1,3
5132,DCAF10,1,7,1,54,0,0,3
5133,CNTFR,1,28,1,41,0,1,4
5134,KIAA1549,1,5,1,36,0,0,3
5135,TRIM24,1,33,3,52,1,0,4
5136,CYREN,1,14,0,18,0,0,2
5137,CALD1,1,15,1,42,0,6,4
5138,AKR1D1,1,19,3,55,0,0,3
5139,NUDT10,1,11,1,15,0,0,3
5140,SFTPA1,1,8,7,39,0,11,4
5141,NEUROG3,1,28,3,58,35,10,4
5142,PLAU,1,33,2,65,0,46,4
5143,SRGN,1,16,1,33,0,3,4
5144,CHST3,1,12,3,34,0,2,4
5145,BICC1,1,6,0,34,0,0,2
5146,CISD1,1,10,0,37,0,0,2
5147,EGR2,1,33,4,63,64,15,4
5148,ECD,1,7,0,28,0,0,2
5149,P4HA1,1,11,2,39,0,3,4
5150,SLC25A16,1,10,1,32,0,0,3
5151,ZWINT,1,15,6,62,0,0,3
5152,VPS26A,1,15,1,60,0,0,3
5153,RBM19,1,8,0,44,0,0,2
5154,CIT,1,19,5,39,0,0,3
5155,IFT81,1,22,1,40,0,0,3
5156,ACADS,1,12,2,59,0,0,3
5157,HVCN1,1,24,3,21,0,0,3
5158,DDX54,1,18,0,56,0,0,2
5159,MED13L,1,7,3,52,0,0,3
5160,CDKN2C,1,11,4,52,0,12,4
5161,RNF11,1,12,0,42,0,0,2
5162,RASSF8,1,2,0,29,0,1,3
5163,BHLHE41,1,24,1,33,23,7,4
5164,SSPN,1,11,1,34,0,0,3
5165,ITPR2,1,33,14,61,0,2,4
5166,CCDC91,1,8,0,27,0,0,2
5167,WWP1,1,16,4,54,0,2,4
5168,ACOT9,1,12,1,32,0,0,3
5169,PRDX4,1,23,1,42,0,2,4
5170,DDX39A,1,18,2,44,0,0,3
5171,PKN1,1,35,6,39,0,2,4
5172,TRIR,1,9,0,49,0,0,2
5173,ADGRE5,1,17,2,30,0,3,4
5174,WDR83,1,9,1,47,0,2,4
5175,GIPC1,1,32,4,43,0,0,3
5176,ACTRT1,1,12,0,26,0,0,2
5177,CCDC70,1,2,0,26,0,0,2
5178,SPRYD7,1,1,0,35,0,0,2
5179,EBPL,1,5,0,26,0,0,2
5180,ATP7B,1,32,1,45,0,0,3
5181,ZC3H13,1,9,0,62,0,0,2
5182,NLN,1,13,1,32,0,0,3
5183,CENPK,1,8,7,37,0,0,3
5184,OPTN,1,30,10,84,0,6,4
5185,ITIH5,1,4,0,4,0,0,2
5186,ATF1,1,26,2,34,79,2,4
5187,TSFM,1,9,1,62,0,3,4
5188,NEUROD4,1,16,0,18,4,8,3
5189,ARHGAP9,1,11,4,46,0,0,3
5190,NCKAP1L,1,48,8,53,0,0,3
5191,MMP19,1,15,2,25,0,2,4
5192,PFDN5,1,18,1,41,0,0,3
5193,SPATS2,1,3,0,7,0,0,2
5194,ORMDL2,1,8,1,32,0,0,3
5195,NR4A1,1,40,3,44,96,27,4
5196,PDE1B,1,14,3,40,0,0,3
5197,HOXC13,1,17,0,36,7,4,3
5198,CDK2,1,54,27,134,0,28,4
5199,LRP1,1,70,2,50,0,9,4
5200,HOXC11,1,14,1,26,3,1,4
5201,ATG101,1,14,1,49,0,0,3
5202,NFE2,1,23,2,37,22,12,4
5203,HOXC12,1,6,0,11,0,0,2
5204,IKZF4,1,15,0,21,7,0,3
5205,SMUG1,1,11,3,40,0,2,4
5206,TUBA1B,1,19,32,61,0,2,4
5207,EEF1AKMT3,1,8,0,19,0,0,2
5208,KBTBD4,1,3,0,18,0,0,2
5209,SARDH,1,4,1,49,0,0,3
5210,DBH,1,21,1,37,0,27,4
5211,ATPAF1,1,6,0,34,0,0,2
5212,STIL,1,31,0,45,0,2,3
5213,HJURP,1,11,2,63,0,0,3
5214,IL13RA2,1,17,1,39,0,2,4
5215,COL10A1,1,9,6,56,0,19,4
5216,AMD1,1,7,1,0,0,1,3
5217,NDUFAF4,1,7,1,44,0,0,3
5218,USP45,1,15,1,32,0,0,3
5219,PLP1,1,13,0,51,0,8,3
5220,SERPINA7,1,4,0,36,0,2,3
5221,MORF4L2,1,15,1,51,0,0,3
5222,H2BFWT,1,10,0,0,0,0,1
5223,RAB9B,1,16,5,39,0,0,3
5224,NRK,1,5,0,5,0,0,2
5225,FAM199X,1,1,0,20,0,0,2
5226,ESX1,1,16,0,40,1,2,3
5227,ATXN3L,1,8,1,39,0,0,3
5228,RAB9A,1,24,4,47,0,1,4
5229,METTL8,1,10,0,34,0,0,2
5230,TTC21B,1,12,2,51,0,0,3
5231,NMI,1,22,1,32,0,1,4
5232,TNFAIP6,1,23,1,46,0,10,4
5233,ACVR1C,1,29,3,33,0,1,4
5234,BAZ2B,1,8,0,25,0,0,2
5235,SLC36A1,1,28,2,46,0,0,3
5236,LPGAT1,1,18,1,25,0,0,3
5237,BATF3,1,19,0,33,3,2,3
5238,G0S2,1,6,1,32,0,8,4
5239,KCNJ2,1,33,5,42,0,2,4
5240,RAP2C,1,25,1,20,0,0,3
5241,EXOSC9,1,33,8,48,0,1,4
5242,PLA2G12A,1,8,6,40,0,0,3
5243,B9D2,1,13,7,39,0,0,3
5244,COQ8B,1,9,1,37,0,0,3
5245,PFKFB2,1,15,1,33,0,2,4
5246,C4BPA,1,12,2,37,0,3,4
5247,C4BPB,1,8,2,36,0,4,4
5248,RAB38,1,40,2,32,0,0,3
5249,GPR83,1,11,1,36,0,0,3
5250,AGO2,1,53,25,130,0,1,4
5251,MXD4,1,11,1,20,1,2,4
5252,CKS2,1,8,0,47,0,6,3
5253,DAW1,1,8,0,41,0,0,2
5254,ACSL3,1,27,2,48,0,3,4
5255,CHPF,1,12,1,41,0,0,3
5256,DNPEP,1,11,0,37,0,0,2
5257,INHA,1,42,4,35,0,15,4
5258,MOGAT1,1,9,1,38,0,1,4
5259,OBSL1,1,19,1,48,0,0,3
5260,FAM124B,1,3,1,15,0,0,3
5261,SLC12A4,1,18,1,33,0,0,3
5262,ENKD1,1,17,0,11,0,0,2
5263,MC3R,1,23,3,38,0,0,3
5264,GCNT7,1,4,1,22,0,0,3
5265,CTCFL,1,17,0,37,9,0,3
5266,FAM210B,1,11,0,19,0,0,2
5267,PI3,1,12,2,48,0,24,4
5268,FAM209A,1,4,0,36,0,0,2
5269,SNX21,1,8,0,27,0,0,2
5270,SLPI,1,18,3,37,0,10,4
5271,WFDC3,1,6,0,25,0,0,2
5272,TTPAL,1,4,0,4,0,0,2
5273,PREX1,1,23,12,37,0,1,4
5274,KCNS1,1,15,1,45,0,0,3
5275,SLC12A5,1,30,1,44,0,5,4
5276,ARHGAP40,1,6,2,9,0,0,3
5277,SDC4,1,21,18,84,0,12,4
5278,NCOA3,1,28,6,80,68,9,4
5279,PIGT,1,10,1,39,0,0,3
5280,SEMG2,1,12,0,35,0,0,2
5281,NCOA5,1,10,0,36,0,0,2
5282,VAPB,1,37,6,85,0,1,4
5283,PARD6B,1,19,2,36,0,0,3
5284,ATP5F1E,1,8,2,42,0,0,3
5285,CHD6,1,15,2,33,0,0,3
5286,PLCG1,1,39,35,153,0,5,4
5287,TOX2,1,7,0,14,3,0,3
5288,SRSF6,1,21,7,63,0,0,3
5289,GDAP1L1,1,1,0,18,0,0,2
5290,GTSF1L,1,2,0,17,0,0,2
5291,ARFGEF2,1,36,1,36,0,1,4
5292,ZNFX1,1,18,0,32,0,0,2
5293,ZNF831,1,1,0,26,0,0,2
5294,EDN3,1,27,3,57,0,10,4
5295,CSE1L,1,12,0,48,0,0,2
5296,RAB22A,1,20,1,38,0,0,3
5297,PTGIS,1,28,2,39,0,2,4
5298,STAU1,1,33,0,54,0,0,2
5299,CDH26,1,21,0,32,0,0,2
5300,SNAI1,1,31,4,69,76,35,4
5301,MOCS3,1,16,1,44,0,0,3
5302,STX16,1,24,2,80,0,0,3
5303,PMEPA1,1,12,1,32,0,6,4
5304,RNF114,1,8,1,36,0,1,4
5305,ANKRD60,1,0,0,17,0,0,1
5306,DDX27,1,9,0,54,0,0,2
5307,RBPJL,1,15,0,35,2,1,3
5308,SEMG1,1,17,2,39,0,1,4
5309,C20orf85,1,2,0,29,0,0,2
5310,BCAS4,1,2,0,35,0,0,2
5311,KCNK15,1,6,1,20,0,0,3
5312,TP53TG5,1,7,0,10,0,1,3
5313,PCK1,1,30,6,47,0,54,4
5314,ZBP1,1,23,5,36,0,1,4
5315,NEURL2,1,6,1,34,0,0,3
5316,MAGEA10,1,4,0,36,0,0,2
5317,MTRR,1,18,5,42,0,1,4
5318,FASTKD3,1,9,0,44,0,0,2
5319,PEPD,1,11,0,42,0,1,3
5320,CHST8,1,11,1,29,0,0,3
5321,IQSEC2,1,19,0,35,0,0,2
5322,VAMP7,1,47,6,91,0,3,4
5323,IL9R,1,12,1,39,0,0,3
5324,XG,1,4,0,4,0,0,2
5325,STAMBP,1,23,1,47,0,0,3
5326,NAGK,1,14,1,32,0,0,3
5327,MCEE,1,7,1,42,0,0,3
5328,PAIP2B,1,6,0,21,0,0,2
5329,SNRNP27,1,10,1,37,0,1,4
5330,MPHOSPH10,1,15,2,82,0,0,3
5331,IL17C,1,8,1,33,0,5,4
5332,ATP8A1,1,31,2,23,0,2,4
5333,USP22,1,24,2,45,0,1,4
5334,POF1B,1,11,0,29,0,1,3
5335,HIF3A,1,18,3,35,5,0,4
5336,ZNF576,1,4,0,9,0,0,2
5337,IRGC,1,9,0,5,0,0,2
5338,ZNF45,1,4,1,14,0,0,3
5339,LYPD3,1,6,1,37,0,5,4
5340,CEACAM8,1,12,3,42,0,0,3
5341,NDP,1,15,0,34,0,0,2
5342,USP9X,1,44,7,65,0,0,3
5343,CRISP2,1,2,0,36,0,0,2
5344,F13A1,1,11,3,40,0,5,4
5345,GRM4,1,17,3,52,0,0,3
5346,TRERF1,1,15,0,28,14,0,3
5347,PACSIN1,1,27,1,42,0,1,4
5348,BTN2A2,1,10,1,22,0,0,3
5349,SIRT5,1,28,2,36,0,0,3
5350,MRS2,1,7,1,28,0,0,3
5351,WRNIP1,1,18,0,35,0,0,2
5352,RRP36,1,7,2,59,0,0,3
5353,BTN1A1,1,9,1,32,0,1,4
5354,SNRPC,1,19,2,60,0,0,3
5355,SLC17A3,1,23,1,33,0,0,3
5356,SLC17A1,1,14,1,41,0,1,4
5357,SERPINB6,1,14,2,31,0,4,4
5358,XPO5,1,19,1,50,0,0,3
5359,HIST1H1D,1,17,0,0,0,0,1
5360,PEX6,1,20,1,39,0,0,3
5361,NQO2,1,14,1,24,0,4,4
5362,OARD1,1,12,0,26,0,0,2
5363,UNC5CL,1,11,0,11,0,0,2
5364,AARS2,1,16,1,47,0,1,4
5365,HIST1H1A,1,20,0,0,0,0,1
5366,ZNF391,1,5,0,7,0,0,2
5367,MOCS1,1,13,0,56,0,0,2
5368,MED20,1,15,5,40,0,0,3
5369,OR2B6,1,6,1,12,0,0,3
5370,TBCC,1,13,1,27,0,0,3
5371,SPDEF,1,12,0,35,18,4,3
5372,TCP11,1,11,0,37,0,1,3
5373,MAD2L1BP,1,9,0,20,0,0,2
5374,APOBEC2,1,8,2,33,0,0,3
5375,KLHDC3,1,12,1,37,0,0,3
5376,GNMT,1,12,3,37,0,1,4
5377,DNAH8,1,18,0,46,0,3,3
5378,TREM1,1,11,3,41,0,8,4
5379,MEA1,1,4,0,32,0,0,2
5380,KLHL31,1,6,0,34,0,0,2
5381,COL21A1,1,8,2,34,0,0,3
5382,CDKN1A,1,60,25,106,0,244,4
5383,SOX4,1,50,1,42,23,7,4
5384,GLO1,1,14,1,50,0,0,3
5385,CPNE5,1,9,0,21,0,0,2
5386,KCNK17,1,9,2,35,0,0,3
5387,RREB1,1,22,0,35,8,0,3
5388,SSR1,1,8,2,39,0,1,4
5389,RIOK1,1,15,1,44,0,0,3
5390,NRN1,1,11,1,30,0,2,4
5391,SLC35B3,1,7,2,24,0,0,3
5392,RPP40,1,14,2,43,0,0,3
5393,ATXN1,1,24,0,57,0,3,3
5394,NUP153,1,20,30,96,0,0,3
5395,DEK,1,20,3,36,0,7,4
5396,EEF1E1,1,11,3,36,0,0,3
5397,CRISP1,1,4,0,39,0,1,3
5398,RUNX2,1,29,0,111,114,67,3
5399,OPN5,1,18,2,33,0,0,3
5400,GCM2,1,17,0,26,2,0,3
5401,LRRFIP1,1,14,3,40,17,0,4
5402,RAB17,1,34,1,29,0,0,3
5403,CXCL6,1,16,2,38,0,5,4
5404,EREG,1,43,28,43,0,12,4
5405,TRIM51,1,5,0,21,0,0,2
5406,MYRF,1,18,0,36,10,0,3
5407,SCGB1D2,1,1,0,23,0,0,2
5408,SCGB2A1,1,3,0,30,0,1,3
5409,AHNAK,1,24,0,39,0,0,2
5410,EMC3,1,7,1,39,0,0,3
5411,SSUH2,1,5,0,8,0,0,2
5412,WNT1,1,49,6,81,0,28,4
5413,SH3TC1,1,2,0,7,0,0,2
5414,CNOT1,1,29,3,75,0,0,3
5415,LRRC29,1,0,0,24,0,0,1
5416,BBS2,1,31,1,42,0,0,3
5417,MT1G,1,14,1,20,0,5,4
5418,MT2A,1,15,2,36,0,13,4
5419,C16orf70,1,7,0,24,0,0,2
5420,GOT2,1,21,5,109,0,1,4
5421,DOK4,1,5,1,33,0,0,3
5422,PIWIL1,1,22,1,50,0,2,4
5423,GPR18,1,6,2,41,0,0,3
5424,CLYBL,1,10,0,33,0,1,3
5425,TMTC4,1,8,0,19,0,0,2
5426,RAP2A,1,32,0,41,0,0,2
5427,SLC10A2,1,7,1,40,0,14,4
5428,ABCC4,1,39,4,55,0,6,4
5429,EFNB2,1,33,4,61,0,12,4
5430,SOX21,1,15,0,17,2,1,3
5431,TM9SF2,1,13,0,28,0,8,3
5432,C17orf53,1,11,0,0,0,0,1
5433,KIF25,1,16,2,44,0,0,3
5434,IRF1,1,35,5,66,155,19,4
5435,UPF3B,1,16,5,45,0,1,4
5436,RNF113A,1,14,1,49,0,0,3
5437,SEPTIN6,1,22,0,40,0,0,2
5438,TMEM255A,1,1,0,14,0,0,2
5439,NDUFA1,1,9,2,53,0,0,3
5440,AMELX,1,31,2,54,0,10,4
5441,DMAC2L,1,6,2,35,0,1,4
5442,BMP4,1,120,11,106,0,73,4
5443,PTGER2,1,13,2,39,0,8,4
5444,FAM193A,1,4,0,8,0,0,2
5445,GRK4,1,16,0,33,0,1,3
5446,SOX9,1,113,8,86,89,42,4
5447,TEKT3,1,20,0,61,0,0,2
5448,MYH2,1,19,2,64,0,6,4
5449,HS3ST3B1,1,7,1,35,0,0,3
5450,SLC25A35,1,6,0,11,0,0,2
5451,GGA3,1,26,3,54,0,0,3
5452,ARMC7,1,4,0,42,0,0,2
5453,NUP85,1,16,37,54,0,0,3
5454,SLC25A19,1,12,1,33,0,1,4
5455,MIF4GD,1,12,0,20,0,0,2
5456,NT5C,1,24,2,49,0,0,3
5457,MSTO1,1,8,0,26,0,0,2
5458,C1orf61,1,2,0,0,0,0,1
5459,TTF1,1,8,5,33,52,20,4
5460,GTF3C4,1,14,3,36,0,0,3
5461,DDX31,1,9,0,42,0,0,2
5462,BARHL1,1,10,0,30,0,1,3
5463,KIR2DL1,1,8,1,43,0,0,3
5464,PPP1R12C,1,9,0,55,0,0,2
5465,MBOAT7,1,17,1,23,0,0,3
5466,SRMS,1,15,1,2,0,0,3
5467,OPRL1,1,20,2,0,0,0,2
5468,SLC2A4RG,1,6,0,39,1,0,3
5469,NPBWR2,1,11,2,35,0,0,3
5470,FNDC11,1,1,0,13,0,0,2
5471,BHLHE23,1,10,0,18,3,3,3
5472,PPDPF,1,2,0,4,0,1,3
5473,IL1B,1,99,10,233,0,81,4
5474,PLGLB2,1,0,0,5,0,0,1
5475,IL37,1,21,2,39,0,3,4
5476,CHCHD5,1,4,1,33,0,0,3
5477,PAX8,1,52,2,50,29,10,4
5478,INSIG2,1,15,1,35,0,4,4
5479,POLR1B,1,19,5,76,0,0,3
5480,CCDC93,1,8,0,37,0,0,2
5481,PSD4,1,8,0,10,0,1,3
5482,SLC25A23,1,15,0,37,0,0,2
5483,PSPN,1,11,3,34,0,2,4
5484,GTF2F1,1,22,35,79,1,4,4
5485,ALKBH7,1,13,0,31,0,0,2
5486,CLPP,1,15,1,64,0,1,4
5487,TNFSF9,1,14,1,36,0,0,3
5488,GRIA3,1,29,5,60,0,0,3
5489,THOC2,1,16,2,46,0,0,3
5490,MED1,1,63,15,105,15,14,4
5491,ATG4C,1,13,1,37,0,2,4
5492,CD70,1,18,1,37,0,4,4
5493,C3,1,55,11,102,0,19,4
5494,SH2D3A,1,5,0,38,0,0,2
5495,TRIP10,1,17,2,46,0,2,4
5496,GPR108,1,8,0,16,0,0,2
5497,TNFSF14,1,29,3,36,0,12,4
5498,FOSB,1,31,4,55,37,10,4
5499,OPA3,1,3,0,34,0,0,2
5500,SNRPD2,1,41,7,165,0,0,3
5501,RTN2,1,21,0,37,0,0,2
5502,EML2,1,12,0,12,0,0,2
5503,VASP,1,26,3,71,0,8,4
5504,SYMPK,1,15,6,69,0,1,4
5505,GPCPD1,1,8,2,34,0,0,3
5506,SDCBP2,1,16,0,34,0,0,2
5507,PANK2,1,13,1,32,0,1,4
5508,TGM3,1,14,0,34,0,1,3
5509,GNRH2,1,5,2,34,0,10,4
5510,DEFB126,1,3,2,36,0,0,3
5511,FOXA2,1,38,8,80,125,16,4
5512,CD93,1,15,1,40,0,0,3
5513,GZF1,1,11,0,22,1,0,3
5514,PAX1,1,11,0,45,5,2,3
5515,NAPB,1,11,5,50,0,0,3
5516,CST8,1,4,0,10,0,1,3
5517,NKX2-4,1,13,0,6,0,0,2
5518,CENPB,1,14,0,36,0,0,2
5519,PSMF1,1,14,1,39,0,0,3
5520,NKX2-2,1,19,2,50,25,8,4
5521,DTD1,1,10,0,4,0,0,2
5522,CSTL1,1,4,0,8,0,0,2
5523,RBCK1,1,20,4,39,2,0,4
5524,TMX4,1,5,0,32,0,0,2
5525,CST11,1,9,0,22,0,0,2
5526,STK35,1,11,0,42,0,1,3
5527,SNRPB,1,51,10,142,0,2,4
5528,NRSN2,1,8,0,18,0,0,2
5529,AP5S1,1,12,0,37,0,0,2
5530,RRBP1,1,10,2,47,0,0,3
5531,BMP2,1,107,4,93,0,50,4
5532,ZNF133,1,9,1,18,0,0,3
5533,FLRT3,1,32,2,39,0,0,3
5534,OVOL2,1,31,0,17,1,1,3
5535,PCSK2,1,17,1,38,0,2,4
5536,GFRA4,1,8,3,32,0,0,3
5537,MKKS,1,33,1,32,0,0,3
5538,BFSP1,1,11,0,35,0,0,2
5539,DSTN,1,14,0,37,0,1,3
5540,LAMP5,1,20,0,21,0,0,2
5541,SNRPB2,1,22,4,85,0,1,4
5542,MGME1,1,9,1,35,0,0,3
5543,LRRN4,1,5,0,8,0,0,2
5544,TBC1D20,1,19,2,41,0,0,3
5545,ITPA,1,12,2,104,0,1,4
5546,TCF15,1,19,0,35,7,1,3
5547,OTOR,1,4,0,12,0,0,2
5548,MCM8,1,28,6,49,0,6,4
5549,BANF2,1,7,0,36,0,0,2
5550,TMEM74B,1,1,0,3,0,0,2
5551,FAM110A,1,9,0,14,0,0,2
5552,SIRPD,1,2,0,14,0,0,2
5553,DEFB129,1,3,2,33,0,0,3
5554,S1PR4,1,12,2,36,0,1,4
5555,NCLN,1,13,0,51,0,0,2
5556,CITED1,1,47,2,35,0,2,4
5557,HNRNPR,1,12,4,56,0,1,4
5558,ZNF436,1,7,1,35,7,0,4
5559,MAX,1,29,4,50,44,4,4
5560,ARMCX5,1,1,0,11,0,0,2
5561,GDF5,1,24,1,51,0,6,4
5562,MMP24,1,20,1,22,0,0,3
5563,NECAB3,1,11,0,32,0,0,2
5564,ID1,1,17,3,36,59,28,4
5565,RALY,1,10,0,37,0,0,2
5566,DYNLRB1,1,17,1,38,0,0,3
5567,C20orf173,1,6,0,29,0,0,2
5568,EIF2S2,1,14,12,70,0,1,4
5569,ERGIC3,1,15,0,34,0,0,2
5570,ROMO1,1,16,0,42,0,0,2
5571,FAM83C,1,4,0,15,0,0,2
5572,BPIFB1,1,5,1,33,0,1,4
5573,CEP250,1,22,7,41,0,0,3
5574,PLAGL2,1,8,0,25,8,0,3
5575,MMP24OS,1,0,0,0,0,0,0
5576,GRPR,1,17,2,40,0,3,4
5577,KDM5C,1,12,1,59,12,7,4
5578,AMOT,1,33,0,53,0,0,2
5579,TMEM115,1,10,1,39,0,0,3
5580,PSMB2,1,39,69,71,0,0,3
5581,AGO3,1,28,27,68,0,1,4
5582,UROD,1,10,1,37,0,2,4
5583,ST3GAL3,1,15,10,40,0,2,4
5584,TMEM53,1,7,0,24,0,0,2
5585,HECTD3,1,6,1,29,0,0,3
5586,KLC1,1,12,6,87,0,0,3
5587,XRCC3,1,31,4,47,0,1,4
5588,TUBGCP3,1,22,2,42,0,0,3
5589,MCF2L,1,12,8,24,0,0,3
5590,F10,1,17,9,43,0,6,4
5591,PCID2,1,19,0,35,0,0,2
5592,PROZ,1,9,4,28,0,2,4
5593,SLURP1,1,10,0,46,0,2,3
5594,LRFN3,1,14,1,29,0,0,3
5595,IGFLR1,1,2,0,14,0,1,3
5596,CAPNS1,1,12,5,35,0,9,4
5597,PDCD2L,1,6,0,21,0,0,2
5598,GPR42,1,5,0,5,0,0,2
5599,RBM42,1,12,1,40,0,0,3
5600,KIRREL2,1,10,1,28,0,7,4
5601,UBA2,1,16,2,50,0,0,3
5602,FFAR2,1,19,2,40,0,0,3
5603,HCST,1,11,1,50,0,2,4
5604,FFAR1,1,11,5,36,0,4,4
5605,COX6B1,1,10,4,68,0,0,3
5606,KRT36,1,12,2,34,0,1,4
5607,THRA,1,36,1,45,76,7,4
5608,CCR7,1,62,2,95,0,16,4
5609,NR1D1,1,57,7,39,24,11,4
5610,FRMD8,1,5,0,29,0,0,2
5611,PRDX5,1,36,0,36,0,4,3
5612,BCL2L12,1,8,0,15,0,1,3
5613,IRF3,1,48,16,89,79,14,4
5614,PRMT1,1,45,6,62,0,5,4
5615,RRAS,1,21,2,77,0,1,4
5616,PRRG2,1,6,0,15,0,0,2
5617,SCAF1,1,6,0,33,0,0,2
5618,PRR12,1,5,0,13,0,0,2
5619,TSKS,1,4,0,17,0,0,2
5620,FLRT1,1,19,1,34,0,0,3
5621,ASL,1,11,2,49,0,0,3
5622,SBDS,1,20,0,36,0,0,2
5623,CSN1S1,1,6,1,32,0,5,4
5624,STATH,1,14,0,39,0,1,3
5625,HTN1,1,15,1,25,0,0,3
5626,STAT5A,1,42,23,85,194,14,4
5627,WNK4,1,37,1,43,0,5,4
5628,BECN1,1,76,9,135,0,8,4
5629,PRKCG,1,42,6,74,0,25,4
5630,TRAP1,1,17,2,60,0,1,4
5631,GLIS2,1,18,0,35,0,0,2
5632,NSRP1,1,10,1,34,0,0,3
5633,DNAJC8,1,4,3,39,0,0,3
5634,AHDC1,1,9,0,7,0,0,2
5635,IFI6,1,21,2,42,0,1,4
5636,DACH2,1,5,0,25,1,0,3
5637,ZNF384,1,4,0,35,24,0,3
5638,EMG1,1,16,2,68,0,0,3
5639,SSX1,1,7,0,37,0,0,2
5640,UXT,1,22,1,45,0,5,4
5641,CFP,1,15,6,47,0,0,3
5642,ELK1,1,33,4,28,61,4,4
5643,TIMM17B,1,7,1,44,0,0,3
5644,PCNX4,1,2,0,3,0,0,2
5645,ATG14,1,37,4,60,0,1,4
5646,KTN1,1,11,9,38,0,0,3
5647,SIX1,1,61,1,44,18,2,4
5648,RHOJ,1,15,1,52,0,1,4
5649,DLGAP5,1,16,1,97,0,5,4
5650,L3HYPDH,1,2,0,28,0,0,2
5651,HSPA2,1,29,5,75,0,1,4
5652,ZBTB1,1,24,0,22,0,1,3
5653,TRMT5,1,9,1,53,0,0,3
5654,SGPP1,1,13,1,38,0,1,4
5655,PLEKHG3,1,8,5,34,0,0,3
5656,PZP,1,7,0,23,0,0,2
5657,PRDM7,1,7,1,17,0,0,3
5658,RHOT1,1,16,2,37,0,0,3
5659,EVI2A,1,4,0,31,0,0,2
5660,OMG,1,2,1,47,0,0,3
5661,WDR60,1,18,0,36,0,0,2
5662,AIF1L,1,11,0,5,0,0,2
5663,FAM78A,1,1,0,9,0,0,2
5664,NUP214,1,16,31,82,0,7,4
5665,CTAG2,1,2,0,31,0,0,2
5666,AVPR2,1,30,6,50,0,5,4
5667,SLC10A3,1,4,0,10,0,0,2
5668,MAP2K2,1,37,14,56,0,8,4
5669,HNRNPH2,1,8,4,41,0,0,3
5670,ARMCX1,1,5,0,14,0,1,3
5671,TMEM35A,1,8,0,8,0,0,2
5672,NXF5,1,8,0,41,0,0,2
5673,TIMM8A,1,10,1,42,0,0,3
5674,ZC4H2,1,13,0,21,0,0,2
5675,CANX,1,23,10,135,0,0,3
5676,INTS11,1,14,1,46,0,0,3
5677,RGS13,1,9,2,38,0,1,4
5678,IPPK,1,12,2,27,0,0,3
5679,ZNF484,1,4,1,3,0,0,3
5680,OMD,1,6,5,41,0,0,3
5681,FGD3,1,15,3,34,0,0,3
5682,HIVEP3,1,9,1,37,6,1,4
5683,PPCS,1,10,1,28,0,0,3
5684,EDN2,1,29,2,35,0,1,4
5685,BCL11B,1,14,2,66,18,1,4
5686,COX7C,1,9,4,86,0,2,4
5687,TRAF2,1,71,17,97,0,12,4
5688,ABHD8,1,10,0,33,0,0,2
5689,MASP1,1,23,5,41,0,0,3
5690,ATP13A4,1,21,1,6,0,0,3
5691,PLAAT1,1,17,1,35,0,3,4
5692,HELB,1,19,0,32,0,0,2
5693,IL22,1,11,2,70,0,8,4
5694,TSPAN8,1,7,0,38,0,1,3
5695,BEST3,1,7,1,23,0,0,3
5696,RAB3IP,1,20,4,96,0,0,3
5697,PTPRB,1,16,1,37,0,0,3
5698,DYRK2,1,25,1,33,0,1,4
5699,YEATS4,1,20,2,62,0,6,4
5700,TAS2R4,1,10,3,37,0,0,3
5701,CRYGN,1,3,0,19,0,0,2
5702,LRRC61,1,1,0,28,0,1,3
5703,TRPV5,1,17,1,46,0,0,3
5704,IDUA,1,12,4,38,0,0,3
5705,FGFRL1,1,11,1,29,0,1,4
5706,TMEM175,1,14,0,29,0,0,2
5707,AUNIP,1,11,0,26,0,0,2
5708,PIN1,1,45,5,40,6,15,4
5709,FBXL12,1,9,2,32,0,0,3
5710,EMC1,1,9,0,42,0,0,2
5711,PLA2G5,1,28,6,40,0,0,3
5712,UBR4,1,34,3,39,0,0,3
5713,HP1BP3,1,13,0,28,0,0,2
5714,ADGRE2,1,16,1,28,0,0,3
5715,SIN3B,1,17,2,52,3,3,4
5716,OR7A10,1,7,1,37,0,0,3
5717,SLC35E1,1,6,0,28,0,0,2
5718,EPS15L1,1,14,3,41,0,0,3
5719,KLF2,1,26,0,36,60,9,3
5720,OR7C2,1,8,1,42,0,0,3
5721,OR7C1,1,9,2,19,0,0,3
5722,F2RL3,1,15,3,34,0,2,4
5723,UQCR11,1,7,2,61,0,0,3
5724,GFER,1,12,1,50,0,4,4
5725,SYNGR3,1,13,0,29,0,0,2
5726,PKMYT1,1,22,3,45,0,0,3
5727,WFIKKN1,1,8,0,26,0,0,2
5728,WDR24,1,15,1,45,0,0,3
5729,FBXL16,1,5,2,33,0,1,4
5730,CHTF18,1,12,1,41,0,0,3
5731,GNG13,1,9,32,450,0,0,3
5732,MACF1,1,33,0,38,0,0,2
5733,SMARCA4,1,73,17,130,10,28,4
5734,KDM4B,1,10,3,37,0,5,4
5735,TICAM1,1,28,17,43,0,7,4
5736,METTL25,1,0,0,32,0,0,1
5737,IL17B,1,12,0,32,0,0,2
5738,EMC6,1,11,0,33,0,0,2
5739,OR1E2,1,9,1,27,0,0,3
5740,METTL16,1,21,0,38,0,0,2
5741,TUBA4A,1,18,39,54,0,1,4
5742,VIL1,1,51,0,32,0,2,3
5743,AAMP,1,9,4,35,0,0,3
5744,PNKD,1,13,0,33,0,0,2
5745,TNFRSF19,1,12,0,32,0,1,3
5746,RNF6,1,19,1,33,0,2,4
5747,ECHS1,1,13,7,63,0,0,3
5748,ZNF835,1,6,0,8,0,0,2
5749,AKAP9,1,32,10,68,0,0,3
5750,GNG11,1,8,29,75,0,0,3
5751,SEM1,1,21,79,46,0,0,3
5752,GNGT1,1,13,30,81,0,1,4
5753,HIP1,1,50,3,36,0,2,4
5754,PTPN12,1,18,6,39,0,0,3
5755,POR,1,40,1,48,0,8,4
5756,FGL2,1,9,1,40,0,7,4
5757,STYXL1,1,11,0,14,0,2,3
5758,STEAP4,1,16,1,18,0,5,4
5759,GNAI1,1,49,10,183,0,2,4
5760,PEX1,1,18,1,35,0,0,3
5761,MTERF1,1,11,2,33,0,1,4
5762,SGCE,1,15,1,54,0,0,3
5763,RBM48,1,5,0,40,0,0,2
5764,CASD1,1,3,0,20,0,0,2
5765,ZNF780B,1,7,0,6,0,0,2
5766,LRFN1,1,7,1,35,0,0,3
5767,ZFP36,1,60,1,53,0,13,4
5768,SRD5A3,1,11,3,42,0,1,4
5769,SPINK2,1,7,0,22,0,0,2
5770,RASL11B,1,5,0,17,0,1,3
5771,PAICS,1,15,1,40,0,1,4
5772,KDR,1,80,7,135,0,55,4
5773,PPAT,1,9,1,48,0,2,4
5774,TUBGCP6,1,16,2,45,0,0,3
5775,ADM2,1,14,2,35,0,1,4
5776,DGCR6L,1,2,0,31,0,0,2
5777,DGCR8,1,22,2,48,0,0,3
5778,ASPHD2,1,2,0,8,0,0,2
5779,VPREB3,1,4,1,32,0,0,3
5780,SDF2L1,1,10,0,43,0,0,2
5781,GAL3ST1,1,14,1,15,0,1,4
5782,YWHAH,1,33,8,75,0,1,4
5783,RFPL1,1,7,0,21,0,0,2
5784,RFPL2,1,5,0,23,0,0,2
5785,GNAZ,1,20,5,45,0,0,3
5786,MGAT3,1,15,1,32,0,0,3
5787,ADORA2A,1,67,4,47,0,5,4
5788,ATF4,1,80,7,66,110,8,4
5789,A4GALT,1,9,1,36,0,1,4
5790,RFPL3,1,6,0,17,0,0,2
5791,CDC42EP1,1,16,7,34,0,0,3
5792,APOL3,1,10,0,7,0,0,2
5793,MCHR1,1,27,4,53,0,0,3
5794,TPST2,1,9,4,29,0,0,3
5795,BAIAP2L2,1,14,1,39,0,0,3
5796,MPST,1,20,1,33,0,0,3
5797,GALR3,1,18,2,32,0,0,3
5798,TST,1,13,2,39,0,1,4
5799,APOL5,1,8,0,7,0,0,2
5800,IGLL1,1,8,1,35,0,10,4
5801,APOL2,1,14,0,17,0,0,2
5802,RAC2,1,43,8,155,0,5,4
5803,LIF,1,29,3,37,0,12,4
5804,C22orf23,1,1,0,28,0,0,2
5805,APOBEC3A,1,17,2,33,0,1,4
5806,APOBEC3F,1,24,0,34,0,0,2
5807,RIBC2,1,7,0,61,0,0,2
5808,KRT17,1,19,3,44,0,8,4
5809,EMC4,1,7,1,34,0,0,3
5810,RNF112,1,25,0,19,0,0,2
5811,SPECC1,1,6,0,32,0,0,2
5812,CPA4,1,7,0,33,0,0,2
5813,DOCK4,1,19,4,46,0,0,3
5814,POT1,1,28,14,40,0,2,4
5815,TAS2R16,1,11,3,42,0,1,4
5816,ATP6V1F,1,25,5,52,0,0,3
5817,LSM8,1,19,1,59,0,0,3
5818,CDHR3,1,16,0,35,0,0,2
5819,VGF,1,11,3,34,0,7,4
5820,PODXL,1,23,0,37,0,4,3
5821,FOXP2,1,28,1,50,11,2,4
5822,STRIP2,1,7,0,26,0,0,2
5823,IFT22,1,11,1,37,0,0,3
5824,MKLN1,1,21,1,40,0,0,3
5825,DNAJB9,1,15,1,43,0,4,4
5826,FLNC,1,17,1,77,0,0,3
5827,LRRC4,1,12,0,29,0,1,3
5828,CALU,1,10,3,35,0,0,3
5829,CCDC136,1,5,0,33,0,0,2
5830,SMO,1,53,5,67,0,2,4
5831,IRF5,1,34,3,44,33,8,4
5832,LRRC17,1,5,0,17,0,0,2
5833,KLHDC10,1,11,1,35,0,0,3
5834,NDUFA5,1,11,3,101,0,0,3
5835,FEZF1,1,15,0,27,7,1,3
5836,OPN1SW,1,20,4,38,0,7,4
5837,MYO1B,1,27,0,36,0,0,2
5838,HOXD1,1,11,1,36,6,2,4
5839,HOXD3,1,23,1,33,10,1,4
5840,MTX2,1,9,2,36,0,0,3
5841,PDE11A,1,11,2,36,0,0,3
5842,CHN1,1,9,2,28,0,2,4
5843,GAD1,1,24,3,106,0,18,4
5844,OSGEPL1,1,6,1,36,0,0,3
5845,ORMDL1,1,8,1,21,0,0,3
5846,HAT1,1,21,1,35,0,3,4
5847,HOXD9,1,18,0,32,2,2,3
5848,HOXD10,1,15,0,32,5,1,3
5849,HOXD11,1,12,1,32,4,3,4
5850,HOXD13,1,18,0,44,17,2,3
5851,HERC2,1,19,6,39,0,2,4
5852,SNRPN,1,17,4,115,0,5,4
5853,PSMG2,1,8,1,44,0,0,3
5854,TWSG1,1,12,0,32,0,6,3
5855,ARHGAP22,1,13,3,29,0,0,3
5856,WDFY4,1,5,0,37,0,1,3
5857,EIF2AK4,1,35,1,49,0,1,4
5858,MYO5C,1,12,0,41,0,0,2
5859,CGNL1,1,11,0,35,0,0,2
5860,TMOD2,1,10,1,37,0,0,3
5861,TTBK2,1,29,1,42,0,0,3
5862,ELL3,1,16,1,34,0,0,3
5863,CCDC32,1,6,0,19,0,0,2
5864,INO80,1,43,2,34,0,4,4
5865,ICE2,1,12,1,42,0,0,3
5866,DLL4,1,37,8,54,0,12,4
5867,ALDH1A2,1,26,1,55,0,10,4
5868,MINDY2,1,8,0,17,0,0,2
5869,IVD,1,13,2,47,0,0,3
5870,KNSTRN,1,18,0,37,0,0,2
5871,DUT,1,22,0,44,0,3,3
5872,CHAC1,1,13,2,36,0,2,4
5873,CLN6,1,16,0,32,0,0,2
5874,ARPP19,1,14,1,36,0,0,3
5875,VPS13C,1,19,0,44,0,0,2
5876,CALML4,1,7,0,254,0,0,2
5877,ISLR,1,5,1,33,0,0,3
5878,THAP10,1,2,0,16,0,0,2
5879,LOXL1,1,13,2,38,0,0,3
5880,ACKR4,1,20,1,35,0,0,3
5881,ANAPC13,1,10,1,42,0,0,3
5882,MBD4,1,14,3,38,0,3,4
5883,COPB1,1,24,3,77,0,0,3
5884,PSMA1,1,42,69,72,0,0,3
5885,SUMF2,1,7,2,38,0,0,3
5886,PALLD,1,24,0,36,0,1,3
5887,SPCS3,1,10,7,34,0,0,3
5888,BBOX1,1,10,1,72,0,0,3
5889,MYOD1,1,52,3,80,123,51,4
5890,SERGEF,1,8,0,33,0,0,2
5891,KCNC1,1,47,1,44,0,1,4
5892,TPH1,1,12,2,43,0,6,4
5893,CSRP3,1,27,0,72,0,1,3
5894,E2F8,1,28,2,34,3,0,4
5895,DCTD,1,12,1,36,0,0,3
5896,SOX15,1,26,0,19,2,0,3
5897,PIMREG,1,4,0,35,0,0,2
5898,RPAIN,1,7,0,18,0,0,2
5899,USP6,1,19,0,36,0,0,2
5900,SHBG,1,5,0,38,0,10,3
5901,PLD2,1,17,5,75,0,7,4
5902,AIPL1,1,8,0,43,0,0,2
5903,CD68,1,16,1,68,0,8,4
5904,TXNDC17,1,6,0,27,0,0,2
5905,ATP1B2,1,41,4,40,0,0,3
5906,FXR2,1,28,0,50,0,5,3
5907,KIF1C,1,22,2,39,0,0,3
5908,MPDU1,1,8,2,34,0,0,3
5909,PHF20L1,1,8,1,39,0,0,3
5910,LRRC6,1,22,0,40,0,0,2
5911,CCNT1,1,23,16,71,0,1,4
5912,PUS7L,1,7,0,40,0,0,2
5913,KRI1,1,4,0,39,0,0,2
5914,ILF3,1,23,2,48,0,3,4
5915,SLC44A2,1,17,4,21,0,0,3
5916,AP1M2,1,17,4,59,0,0,3
5917,CDKN2D,1,19,4,43,0,7,4
5918,MTUS1,1,13,0,39,0,1,3
5919,KLK14,1,11,1,27,0,0,3
5920,SIGLEC9,1,8,2,34,0,0,3
5921,KLK10,1,6,0,27,0,2,3
5922,KLK8,1,14,1,37,0,2,4
5923,NGDN,1,13,0,68,0,0,2
5924,RIPK3,1,42,11,44,0,0,3
5925,ADCY4,1,16,14,52,0,2,4
5926,RAB2B,1,19,1,34,0,0,3
5927,BCL2L2,1,18,0,37,0,9,3
5928,AJUBA,1,26,4,36,0,0,3
5929,DTD2,1,9,0,15,0,0,2
5930,PARP2,1,25,5,46,0,0,3
5931,HEATR5A,1,6,0,14,0,0,2
5932,FOXA1,1,30,2,80,68,18,4
5933,SNX6,1,30,0,50,0,0,2
5934,EAPP,1,8,0,38,0,3,3
5935,EGLN3,1,17,1,50,0,5,4
5936,MIS18BP1,1,6,2,39,0,0,3
5937,NRL,1,18,0,42,17,6,3
5938,RNASE1,1,7,3,36,0,1,4
5939,NEDD8,1,19,5,172,0,2,4
5940,DAD1,1,10,5,45,0,1,4
5941,TEP1,1,16,0,38,0,0,2
5942,EPB41L4A,1,2,0,10,0,1,3
5943,CDO1,1,17,1,36,0,1,4
5944,REEP5,1,7,0,44,0,1,3
5945,ITFG1,1,4,0,26,0,1,3
5946,QRICH2,1,9,0,32,0,0,2
5947,FOXJ1,1,42,1,46,18,5,4
5948,SEC14L1,1,9,0,23,0,1,3
5949,RHBDF2,1,19,1,24,0,3,4
5950,AANAT,1,25,1,38,0,11,4
5951,ARHGEF6,1,10,7,51,0,0,3
5952,MAP7D3,1,7,0,19,0,0,2
5953,FGF13,1,38,1,53,0,1,4
5954,ASH2L,1,17,12,77,0,0,3
5955,TTI2,1,4,0,21,0,0,2
5956,ART1,1,6,1,16,0,3,4
5957,CHRNA10,1,30,1,33,0,1,4
5958,CDKN1C,1,10,2,53,0,39,4
5959,SGO1,1,19,7,60,0,0,3
5960,CDH15,1,20,2,49,0,4,4
5961,KLF16,1,12,1,15,2,5,4
5962,TMEM8A,1,7,0,0,0,0,1
5963,DOHH,1,5,1,44,0,0,3
5964,MAU2,1,12,1,40,0,0,3
5965,SHC2,1,6,3,40,0,0,3
5966,PLPPR3,1,6,1,16,0,0,3
5967,ABHD17A,1,19,1,42,0,0,3
5968,LBP,1,32,4,34,0,12,4
5969,SYT5,1,25,1,24,0,0,3
5970,TNNI3,1,29,2,66,0,7,4
5971,CBFA2T3,1,15,0,38,3,6,3
5972,GAMT,1,9,2,36,0,1,4
5973,PUDP,1,4,1,50,0,0,3
5974,ERMARD,1,3,0,39,0,0,2
5975,PHF10,1,23,4,44,0,0,3
5976,PRRG3,1,5,0,19,0,0,2
5977,GALNT8,1,5,1,24,0,0,3
5978,KCNA5,1,49,2,44,0,4,4
5979,CRACR2A,1,30,1,29,0,0,3
5980,NXNL2,1,4,0,9,0,0,2
5981,STARD8,1,6,3,32,0,0,3
5982,FAM155B,1,4,0,4,0,0,2
5983,GDPD2,1,17,0,17,0,0,2
5984,SAT1,1,11,1,38,0,15,4
5985,GNL3L,1,12,0,60,0,0,2
5986,SH3BP4,1,19,1,35,0,0,3
5987,MOSPD2,1,14,2,36,0,0,3
5988,DOCK6,1,7,3,22,0,0,3
5989,ECSIT,1,15,4,46,0,0,3
5990,LDLR,1,66,5,36,0,28,4
5991,ELOF1,1,8,0,44,0,0,2
5992,TSPAN16,1,3,0,28,0,1,3
5993,ANGPTL8,1,9,1,27,0,0,3
5994,PRKCSH,1,12,8,38,0,0,3
5995,CNN1,1,10,1,38,0,5,4
5996,CDC16,1,19,18,87,0,1,4
5997,ZSCAN10,1,9,1,21,2,1,4
5998,THEM6,1,1,0,9,0,0,2
5999,NECTIN2,1,33,3,39,0,5,4
6000,APOE,1,157,12,164,0,27,4
6001,TOMM40,1,13,2,86,0,0,3
6002,APOC1,1,31,3,43,0,0,3
6003,GADD45G,1,9,0,36,0,17,3
6004,LRCH2,1,1,0,16,0,0,2
6005,DPP6,1,9,0,41,0,2,3
6006,XPO7,1,10,0,35,0,0,2
6007,ACE2,1,50,5,77,0,6,4
6008,FAM98C,1,2,0,23,0,0,2
6009,SAFB2,1,10,0,33,0,0,2
6010,ATP8B3,1,18,1,15,0,0,3
6011,GDF1,1,5,1,37,0,0,3
6012,NCAN,1,11,13,50,0,1,4
6013,KIF1A,1,29,2,55,0,2,4
6014,GTPBP3,1,13,1,48,0,0,3
6015,PLVAP,1,12,0,33,0,0,2
6016,BST2,1,30,3,51,0,4,4
6017,SLC27A1,1,30,3,42,0,3,4
6018,NSUN5,1,13,0,43,0,0,2
6019,USHBP1,1,2,0,18,0,0,2
6020,COLGALT1,1,6,1,38,0,0,3
6021,DDA1,1,10,1,37,0,0,3
6022,PGLS,1,9,1,32,0,0,3
6023,LSM7,1,27,2,74,0,0,3
6024,TULP4,1,3,1,37,0,0,3
6025,SNX9,1,38,2,53,0,0,3
6026,RTN4IP1,1,10,0,32,0,1,3
6027,QRSL1,1,9,0,48,0,0,2
6028,MTRES1,1,8,1,38,0,0,3
6029,RSPH3,1,9,0,55,0,0,2
6030,MAS1,1,12,1,27,0,0,3
6031,ACSBG2,1,11,1,38,0,0,3
6032,MLLT1,1,7,4,54,0,2,4
6033,FUT5,1,17,1,32,0,0,3
6034,BMP15,1,8,2,50,0,2,4
6035,AFDN,1,30,0,80,0,0,2
6036,ACTN4,1,45,2,75,0,1,4
6037,STK33,1,15,0,27,0,0,2
6038,NDUFA10,1,10,2,55,0,0,3
6039,EPO,1,41,6,51,0,46,4
6040,ARPC1B,1,16,4,47,0,0,3
6041,CACNG6,1,9,2,36,0,0,3
6042,ZSWIM6,1,3,0,25,0,0,2
6043,FCHO1,1,12,2,43,0,0,3
6044,UNC13A,1,21,0,49,0,0,2
6045,MAP1S,1,41,0,37,0,1,3
6046,KLHDC7B,1,1,0,3,0,0,2
6047,PXDN,1,28,2,53,0,2,4
6048,SSBP4,1,5,0,26,0,0,2
6049,GDF15,1,29,0,40,0,19,3
6050,PGPEP1,1,7,0,31,0,0,2
6051,IQCN,1,4,0,23,0,0,2
6052,LSM4,1,30,2,74,0,0,3
6053,JUND,1,47,4,58,611,7,4
6054,HRC,1,21,2,39,0,2,4
6055,TRPM4,1,43,2,47,0,0,3
6056,OR11H1,1,6,1,16,0,0,3
6057,SULT4A1,1,8,1,32,0,2,4
6058,ZNF557,1,7,1,15,0,0,3
6059,CRB3,1,17,2,35,0,0,3
6060,OLFM1,1,19,0,28,0,0,2
6061,CAMSAP1,1,13,0,33,0,0,2
6062,UBAC1,1,11,1,35,0,0,3
6063,SAG,1,19,2,50,0,7,4
6064,ZBTB46,1,12,0,35,0,0,2
6065,HELZ2,1,19,10,50,0,0,3
6066,SAMD10,1,2,0,15,0,0,2
6067,LSP1,1,9,0,37,0,3,3
6068,TNNT3,1,14,1,58,0,0,3
6069,TNNI2,1,10,1,44,0,1,4
6070,COL5A1,1,25,15,75,0,2,4
6071,ATXN10,1,17,0,37,0,2,3
6072,TUBGCP2,1,19,2,40,0,0,3
6073,CALY,1,15,0,24,0,0,2
6074,CYP2E1,1,31,5,110,0,15,4
6075,PNPLA7,1,9,1,37,0,0,3
6076,HBZ,1,12,0,33,0,8,3
6077,PAK4,1,28,11,57,0,1,4
6078,MNX1,1,12,0,35,3,1,3
6079,ZNF337,1,6,1,9,0,0,3
6080,CEP85,1,14,0,35,0,0,2
6081,TAF4,1,24,10,83,2,1,4
6082,GATA5,1,33,1,34,26,2,4
6083,RBBP8NL,1,2,0,17,0,0,2
6084,LAMA5,1,28,10,42,0,0,3
6085,OSBPL2,1,25,1,28,0,0,3
6086,ADRM1,1,21,68,73,0,0,3
6087,ASS1,1,52,2,62,0,6,4
6088,EXOSC2,1,24,8,42,0,0,3
6089,POMT1,1,11,6,43,0,0,3
6090,UCK1,1,10,1,32,0,0,3
6091,FIBCD1,1,4,0,8,0,0,2
6092,PRRC2B,1,12,0,30,0,0,2
6093,CHMP2A,1,54,10,53,0,0,3
6094,UBE2M,1,17,5,89,0,0,3
6095,TRIM28,1,44,4,415,6,18,4
6096,METTL26,1,0,0,18,0,0,1
6097,YIPF2,1,11,0,23,0,0,2
6098,ATG4D,1,16,1,36,0,1,4
6099,EIF2S3,1,16,12,71,0,1,4
6100,TMEM160,1,3,0,38,0,0,2
6101,ZC3H4,1,15,1,37,0,0,3
6102,NPAS1,1,11,0,26,4,0,3
6103,GMFG,1,11,1,32,0,0,3
6104,MAP3K10,1,18,0,27,0,1,3
6105,ARHGEF16,1,14,4,32,0,0,3
6106,LRRC47,1,4,0,45,0,0,2
6107,SESN2,1,38,3,47,0,3,4
6108,SMPDL3B,1,12,0,21,0,0,2
6109,ATP5IF1,1,26,0,37,0,1,3
6110,MED18,1,10,3,44,0,0,3
6111,THEMIS2,1,6,0,33,0,0,2
6112,CLIP1,1,25,8,53,0,3,4
6113,CCDC62,1,12,0,32,1,1,3
6114,HIP1R,1,61,2,45,0,1,4
6115,ZNF317,1,7,2,10,0,0,3
6116,PPAN,1,7,0,46,0,0,2
6117,EIF3G,1,14,7,54,0,0,3
6118,ANGPTL6,1,6,0,8,0,0,2
6119,SHFL,1,20,0,32,0,0,2
6120,DNMT1,1,31,7,95,156,17,4
6121,ZNF426,1,6,1,9,0,0,3
6122,SLC6A8,1,13,1,32,0,0,3
6123,PNCK,1,8,0,17,0,0,2
6124,DKC1,1,33,2,72,0,2,4
6125,PLXNA3,1,22,3,40,0,0,3
6126,DUSP9,1,17,3,32,0,0,3
6127,MPP1,1,14,1,40,0,0,3
6128,ZNF331,1,7,2,19,17,0,4
6129,ZNF236,1,6,0,22,14,0,3
6130,SLC7A10,1,19,2,26,0,0,3
6131,LRP3,1,9,0,14,0,0,2
6132,C12orf65,1,10,0,50,0,0,2
6133,NOL11,1,9,2,37,0,0,3
6134,UBE4B,1,16,0,57,0,0,2
6135,CASZ1,1,10,0,19,3,0,3
6136,PKDREJ,1,9,0,33,0,0,2
6137,HSD17B3,1,13,2,56,0,1,4
6138,NUTM2F,1,0,0,10,0,0,1
6139,HABP4,1,23,1,52,0,0,3
6140,FBP2,1,14,1,38,0,1,4
6141,SLC35D2,1,12,4,24,0,0,3
6142,PRRG1,1,7,0,12,0,0,2
6143,UBA1,1,19,3,76,0,0,3
6144,RGN,1,9,0,33,0,12,3
6145,POLN,1,14,1,38,0,0,3
6146,PPIL4,1,10,2,35,0,0,3
6147,ULBP2,1,15,1,34,0,1,4
6148,AKAP12,1,27,2,39,0,6,4
6149,SYNE1,1,31,1,57,0,0,3
6150,ULBP3,1,12,1,33,0,0,3
6151,LATS1,1,38,1,57,0,2,4
6152,EPS8L1,1,14,0,13,0,0,2
6153,LILRB2,1,42,2,57,0,1,4
6154,AAR2,1,6,0,40,0,3,3
6155,TTLL9,1,6,1,24,0,0,3
6156,BPIFA2,1,6,1,35,0,0,3
6157,RBM39,1,14,2,85,0,1,4
6158,COX4I2,1,9,4,57,0,0,3
6159,BPIFA3,1,2,0,20,0,0,2
6160,ZNF341,1,10,0,15,0,0,2
6161,GGT7,1,8,3,47,0,0,3
6162,DEFB118,1,14,2,33,0,0,3
6163,ACSS2,1,18,2,44,0,4,4
6164,EDA2R,1,12,1,29,0,1,4
6165,ARHGEF9,1,9,5,47,0,0,3
6166,C1QL1,1,13,0,16,0,0,2
6167,GFAP,1,24,2,94,0,35,4
6168,PYY,1,13,2,64,0,2,4
6169,HIGD1B,1,3,0,28,0,0,2
6170,ATP6V1E1,1,19,6,47,0,1,4
6171,ZNF227,1,6,1,15,0,0,3
6172,ZNF428,1,1,0,17,0,0,2
6173,TEX101,1,12,1,47,0,0,3
6174,ZNF141,1,8,2,10,0,0,3
6175,CCL25,1,21,2,45,0,3,4
6176,COX4I1,1,15,5,84,0,6,4
6177,EMC8,1,9,0,26,0,0,2
6178,GSE1,1,1,0,27,0,0,2
6179,GINS2,1,8,1,53,0,0,3
6180,CHMP1A,1,54,1,51,0,0,3
6181,SH3BGRL,1,10,0,17,0,1,3
6182,COX7B,1,11,4,42,0,0,3
6183,SLC34A1,1,46,3,44,0,4,4
6184,F12,1,24,6,47,0,6,4
6185,PRR7,1,22,0,18,0,0,2
6186,NFATC1,1,28,5,49,114,17,4
6187,IDO1,1,14,1,49,0,7,4
6188,GJA9,1,7,1,16,0,0,3
6189,CAP1,1,20,3,40,0,0,3
6190,PPT1,1,40,1,62,0,0,3
6191,RAB11FIP4,1,16,0,32,0,0,2
6192,RLIM,1,12,1,39,0,6,4
6193,CDX4,1,17,0,18,3,7,3
6194,ABCB7,1,24,2,47,0,0,3
6195,TRAF3,1,41,12,99,0,2,4
6196,HAUS8,1,13,7,51,0,0,3
6197,ADGRE3,1,10,2,12,0,0,3
6198,SH3BP5,1,11,0,32,0,0,2
6199,HACL1,1,18,2,51,0,0,3
6200,TBC1D5,1,18,0,57,0,0,2
6201,CAPN7,1,10,1,11,0,0,3
6202,RFTN1,1,19,0,5,0,0,2
6203,C3orf20,1,3,0,24,0,0,2
6204,RBSN,1,16,2,42,0,0,3
6205,GALNT15,1,7,1,32,0,0,3
6206,SLC6A6,1,31,1,32,0,9,4
6207,KCNC3,1,27,1,42,0,1,4
6208,NAPSA,1,12,1,36,0,0,3
6209,NR1H2,1,47,9,39,47,12,4
6210,LRRC4B,1,13,1,32,0,0,3
6211,PDLIM4,1,28,0,33,0,0,2
6212,KIF3A,1,39,8,63,0,0,3
6213,MGAT1,1,14,3,34,0,2,4
6214,GFPT2,1,9,1,37,0,0,3
6215,TUBG1,1,37,7,51,0,1,4
6216,PSME3,1,19,1,54,0,0,3
6217,PSMC3IP,1,13,1,32,0,1,4
6218,AOC3,1,18,1,37,0,0,3
6219,ACLY,1,23,3,76,0,5,4
6220,VPS25,1,16,2,46,0,0,3
6221,RAMP2,1,37,3,32,0,0,3
6222,AOC2,1,10,1,32,0,0,3
6223,G6PC,1,19,0,45,0,0,2
6224,NDUFA2,1,9,3,104,0,0,3
6225,ANKHD1,1,7,0,32,0,0,2
6226,DIAPH1,1,35,9,53,0,1,4
6227,NDFIP1,1,18,0,30,0,0,2
6228,UBE2D2,1,15,18,153,0,1,4
6229,EXOC4,1,27,3,50,0,2,4
6230,ACAP3,1,8,0,23,0,0,2
6231,C1orf159,1,2,0,19,0,0,2
6232,ANO1,1,30,2,46,0,0,3
6233,TMEM204,1,3,0,22,0,0,2
6234,KREMEN2,1,8,3,24,0,0,3
6235,THOC6,1,9,2,35,0,0,3
6236,TRAF7,1,17,2,38,0,0,3
6237,BARX1,1,8,0,32,8,2,3
6238,NINJ1,1,26,0,3,0,1,3
6239,CA6,1,7,1,37,0,2,4
6240,NPHP4,1,25,2,58,0,0,3
6241,MAP1B,1,59,1,46,0,3,4
6242,IL13RA1,1,17,1,49,0,0,3
6243,WDR44,1,10,0,22,0,0,2
6244,CKMT2,1,10,1,36,0,1,4
6245,ZCCHC9,1,6,0,29,0,0,2
6246,KRT34,1,11,2,38,0,0,3
6247,KRT33B,1,12,2,50,0,0,3
6248,TNS4,1,5,1,26,0,0,3
6249,TOP2A,1,37,2,99,0,4,4
6250,STARD3,1,21,1,47,0,1,4
6251,RARA,1,82,6,79,171,17,4
6252,PPP1R1B,1,13,1,45,0,3,4
6253,KHDRBS3,1,11,1,36,0,0,3
6254,PEX11B,1,13,1,41,0,0,3
6255,FMO5,1,9,0,29,0,0,2
6256,PIAS3,1,18,6,36,4,8,4
6257,PRKAB2,1,12,11,69,0,0,3
6258,FSHB,1,23,3,56,0,45,4
6259,PDHA1,1,9,4,47,0,4,4
6260,RAI2,1,4,0,13,0,0,2
6261,MCCC2,1,10,4,50,0,0,3
6262,ZNF304,1,16,1,12,2,1,4
6263,ZSCAN5A,1,6,0,8,0,0,2
6264,ZNF132,1,6,0,3,0,0,2
6265,USP29,1,14,0,34,0,1,3
6266,SELENOS,1,38,1,51,0,5,4
6267,CHSY1,1,11,2,39,0,0,3
6268,SNRPA1,1,23,5,125,0,0,3
6269,LLGL1,1,24,0,33,0,1,3
6270,NR0B2,1,29,1,48,87,25,4
6271,LIN28A,1,31,1,56,2,11,4
6272,THAP1,1,19,0,34,2,0,3
6273,RHPN2,1,6,3,27,0,0,3
6274,C19orf12,1,10,0,35,0,0,2
6275,FAAP24,1,9,2,38,0,0,3
6276,LRRC9,1,1,0,12,0,0,2
6277,ACTR10,1,12,6,55,0,0,3
6278,ABHD12B,1,5,0,30,0,0,2
6279,GCH1,1,32,1,65,0,14,4
6280,LGALS3,1,49,4,86,0,13,4
6281,PODNL1,1,4,0,18,0,0,2
6282,DNAJB1,1,29,5,91,0,3,4
6283,ZSWIM4,1,2,0,24,0,0,2
6284,FBXW9,1,4,3,32,0,0,3
6285,RFX1,1,12,0,39,18,0,3
6286,ZNF20,1,7,1,1,3,1,4
6287,C19orf57,1,5,0,15,0,0,2
6288,DCAF15,1,8,0,40,0,0,2
6289,CC2D1A,1,14,0,32,1,0,3
6290,RTBDN,1,6,0,15,0,0,2
6291,MATN3,1,11,3,38,0,1,4
6292,TRIM21,1,41,5,50,1,7,4
6293,SPATA6,1,7,0,36,0,0,2
6294,LRRC41,1,8,3,32,0,0,3
6295,CCT6B,1,9,5,50,0,1,4
6296,DHX30,1,19,0,36,0,0,2
6297,RAF1,1,40,17,90,0,5,4
6298,SLC6A11,1,21,3,33,0,0,3
6299,PPARG,1,109,7,150,345,82,4
6300,NUP210,1,7,30,39,0,1,4
6301,FCRLA,1,5,0,33,0,0,2
6302,HSD17B7,1,13,2,59,0,5,4
6303,ENOSF1,1,6,0,31,0,0,2
6304,EMILIN2,1,16,1,9,0,0,3
6305,ARFIP2,1,26,1,32,0,0,3
6306,TRIM5,1,30,1,47,1,2,4
6307,CNGA4,1,18,2,39,0,0,3
6308,TRIM22,1,28,1,38,3,4,4
6309,RRP8,1,19,1,62,0,9,4
6310,TIMM10B,1,8,1,41,0,0,3
6311,EFR3A,1,7,0,19,0,0,2
6312,HHLA1,1,1,0,9,0,0,2
6313,PTCD3,1,9,4,52,0,0,3
6314,IMMT,1,13,1,63,0,0,3
6315,IQCA1,1,10,0,34,0,0,2
6316,ILKAP,1,5,0,33,0,1,3
6317,PER2,1,34,4,55,3,20,4
6318,RAMP1,1,24,2,33,0,1,4
6319,SCLY,1,9,1,35,0,0,3
6320,PTPRE,1,11,0,21,0,0,2
6321,PRKAA1,1,85,6,71,0,14,4
6322,CARD6,1,3,0,19,0,0,2
6323,RAP1GAP2,1,12,1,14,0,0,3
6324,CLUH,1,6,0,33,0,0,2
6325,INPP5K,1,57,1,38,0,1,4
6326,MYBBP1A,1,24,1,53,1,0,4
6327,RPA1,1,36,30,93,0,0,3
6328,SERPINF1,1,27,0,41,0,7,3
6329,UBE2G1,1,13,2,39,0,1,4
6330,EEFSEC,1,12,1,58,0,1,4
6331,TBC1D14,1,11,1,33,0,1,4
6332,TMEM128,1,2,0,17,0,0,2
6333,COQ3,1,12,1,49,0,0,3
6334,PNISR,1,3,0,44,0,0,2
6335,POPDC3,1,16,0,10,0,0,2
6336,SEC61G,1,15,3,71,0,0,3
6337,LANCL2,1,17,0,16,0,0,2
6338,FIGNL1,1,30,2,28,0,0,3
6339,DDC,1,16,2,46,0,10,4
6340,FTHL17,1,7,0,21,0,0,2
6341,GRSF1,1,15,2,42,0,0,3
6342,ENAM,1,7,2,35,0,3,4
6343,JCHAIN,1,24,2,40,0,6,4
6344,ANKRD17,1,18,0,34,0,0,2
6345,UTP3,1,10,2,97,0,1,4
6346,ITGB4,1,31,5,84,0,6,4
6347,WBP2,1,19,0,37,0,0,2
6348,H3F3B,1,0,0,0,0,0,0
6349,UNK,1,8,0,28,0,0,2
6350,TRIM47,1,11,0,25,0,0,2
6351,ZRANB2,1,6,0,36,0,0,2
6352,KDM6B,1,24,3,67,0,11,4
6353,CLEC10A,1,10,1,40,0,1,4
6354,SLC52A1,1,8,1,10,0,0,3
6355,GPS2,1,30,7,39,0,5,4
6356,XAF1,1,11,1,52,0,6,4
6357,DLG4,1,81,14,216,0,5,4
6358,RIDA,1,22,1,34,0,1,4
6359,VPS13B,1,20,0,33,0,1,3
6360,RGS22,1,7,1,33,0,0,3
6361,MATN2,1,9,0,17,0,0,2
6362,REEP2,1,10,0,37,0,0,2
6363,PCBD2,1,7,0,30,0,1,3
6364,SDF2,1,4,0,39,0,0,2
6365,FLOT2,1,36,8,38,0,3,4
6366,ERAL1,1,13,4,52,0,0,3
6367,PRMT7,1,18,1,39,0,2,4
6368,NIP7,1,7,1,73,0,0,3
6369,TERF2,1,40,14,47,2,2,4
6370,VPS4A,1,67,4,43,0,0,3
6371,MTSS2,1,19,0,18,0,0,2
6372,HSPA12B,1,1,1,48,0,0,3
6373,ANKEF1,1,2,0,20,0,0,2
6374,SCP2D1,1,1,0,33,0,0,2
6375,PCED1A,1,1,0,11,0,0,2
6376,SNAP25,1,47,13,150,0,13,4
6377,BTBD3,1,7,0,14,0,1,3
6378,PCNA,1,51,28,124,0,53,4
6379,NXT1,1,13,1,45,0,1,4
6380,POLR3F,1,15,7,51,0,0,3
6381,RIN2,1,12,1,33,0,0,3
6382,PTPRA,1,11,2,41,0,2,4
6383,SSTR4,1,13,2,36,0,0,3
6384,DAP3,1,14,4,107,0,3,4
6385,RHBG,1,12,1,14,0,0,3
6386,KHDC4,1,7,0,16,0,0,2
6387,ATP1A4,1,31,3,52,0,0,3
6388,NES,1,15,0,56,0,35,3
6389,BCAN,1,15,12,63,0,0,3
6390,CRP,1,20,1,84,0,25,4
6391,ARHGEF11,1,15,8,56,0,0,3
6392,RAB25,1,18,1,45,0,3,4
6393,HAPLN2,1,10,0,31,0,0,2
6394,APCS,1,20,1,46,0,3,4
6395,FCRL2,1,11,0,25,0,0,2
6396,DCAF8,1,10,1,40,0,0,3
6397,SYT11,1,61,2,42,0,2,4
6398,ACY3,1,10,1,8,0,0,3
6399,ALDH3B2,1,16,1,36,0,0,3
6400,TESMIN,1,9,0,20,0,0,2
6401,MMACHC,1,14,3,34,0,1,4
6402,DPH2,1,9,1,35,0,0,3
6403,TOE1,1,12,0,36,0,2,3
6404,NASP,1,15,0,36,0,2,3
6405,MUTYH,1,20,0,43,0,1,3
6406,CTNNBL1,1,12,3,45,0,0,3
6407,LPIN3,1,9,4,41,0,1,4
6408,ZSWIM3,1,2,0,21,0,0,2
6409,RBM38,1,13,0,32,0,4,3
6410,VSTM2L,1,5,0,23,0,0,2
6411,OSER1,1,3,0,4,0,0,2
6412,SERINC3,1,10,1,26,0,1,4
6413,PPP1R3D,1,7,0,34,0,0,2
6414,DMGDH,1,9,1,39,0,0,3
6415,BHMT2,1,10,1,38,0,0,3
6416,AP3B1,1,32,2,53,0,14,4
6417,ZBED3,1,21,0,32,0,0,2
6418,PATJ,1,16,2,50,0,1,4
6419,KANK4,1,4,0,28,0,0,2
6420,ANGPTL3,1,34,2,34,0,4,4
6421,SYT4,1,48,0,43,0,1,3
6422,SLC14A2,1,9,1,30,0,3,4
6423,FBXO44,1,12,2,32,0,0,3
6424,CPLANE2,1,13,0,29,0,0,2
6425,CASP9,1,41,9,79,0,13,4
6426,NMUR2,1,17,3,39,0,0,3
6427,DCTN4,1,14,5,65,0,1,4
6428,PDE6A,1,14,3,55,0,3,4
6429,ATP8A2,1,31,1,33,0,0,3
6430,MTUS2,1,10,0,35,0,0,2
6431,ZMYM5,1,4,0,16,0,0,2
6432,USPL1,1,9,0,36,0,0,2
6433,XPO4,1,11,0,37,0,1,3
6434,TPTE2,1,14,1,16,0,0,3
6435,POMP,1,6,1,42,0,0,3
6436,CDK8,1,15,9,49,0,0,3
6437,ALOX5AP,1,17,3,35,0,11,4
6438,WASF3,1,15,5,40,0,2,4
6439,RNF17,1,3,0,41,0,0,2
6440,GPR12,1,10,0,15,0,0,2
6441,CHRM3,1,28,3,36,0,0,3
6442,MYH8,1,22,1,45,0,0,3
6443,MYH10,1,48,6,47,0,13,4
6444,PEMT,1,9,1,41,0,2,4
6445,SCO1,1,9,1,46,0,0,3
6446,MPRIP,1,6,1,34,0,0,3
6447,CHI3L1,1,28,1,39,0,12,4
6448,MYBPH,1,5,0,32,0,0,2
6449,PIK3C2B,1,18,1,53,0,0,3
6450,DSTYK,1,16,0,23,0,0,2
6451,CHIT1,1,14,2,37,0,0,3
6452,SLC41A1,1,15,1,36,0,0,3
6453,LGR6,1,15,1,32,0,0,3
6454,TMCC2,1,5,0,27,0,0,2
6455,DCLK1,1,14,0,44,0,6,3
6456,CCNA1,1,14,21,73,0,16,4
6457,COG6,1,7,3,66,0,0,3
6458,SPART,1,15,0,45,0,2,3
6459,RXFP2,1,14,2,33,0,4,4
6460,EPSTI1,1,1,1,39,0,1,4
6461,TRPC4,1,27,2,41,0,1,4
6462,POSTN,1,30,0,78,0,13,3
6463,RFXAP,1,10,0,28,3,0,3
6464,GPALPP1,1,0,0,25,0,0,1
6465,STOML3,1,6,1,40,0,0,3
6466,KL,1,19,0,49,0,8,3
6467,RFC3,1,20,23,59,0,4,4
6468,STARD13,1,16,4,39,0,0,3
6469,IRS4,1,9,1,52,0,0,3
6470,MORC4,1,7,0,18,0,0,2
6471,BEX2,1,9,0,28,0,3,3
6472,RNF128,1,15,2,21,0,0,3
6473,TBC1D8B,1,6,1,40,0,0,3
6474,TCEAL4,1,2,0,20,0,0,2
6475,BEX1,1,11,0,32,0,0,2
6476,FAM104A,1,1,0,16,0,0,2
6477,SLC39A11,1,12,0,31,0,1,3
6478,EPHB2,1,79,5,50,0,22,4
6479,SRRM1,1,15,6,79,0,0,3
6480,BTBD2,1,5,0,34,0,0,2
6481,PRAM1,1,7,0,36,0,1,3
6482,KMT5C,1,18,1,37,0,5,4
6483,ZNF414,1,4,0,15,0,0,2
6484,PDE6B,1,19,3,66,0,5,4
6485,HSPBP1,1,10,0,57,0,0,2
6486,CSNK1G2,1,15,2,33,0,0,3
6487,SLF1,1,21,0,38,0,0,2
6488,CNDP2,1,14,2,50,0,0,3
6489,MACROD1,1,12,0,34,0,5,3
6490,WDR74,1,9,0,66,0,0,2
6491,LGALS12,1,6,0,14,0,0,2
6492,RTN3,1,17,2,40,0,2,4
6493,PLAAT4,1,12,1,36,0,3,4
6494,PLAAT2,1,10,1,34,0,0,3
6495,MYH11,1,21,8,63,0,12,4
6496,FOPNL,1,11,0,34,0,0,2
6497,MED10,1,13,5,61,0,0,3
6498,PDZD2,1,8,0,17,0,1,3
6499,MORC2,1,20,2,19,0,0,3
6500,LARGE1,1,24,2,31,0,21,4
6501,GSTT2B,1,6,1,45,0,0,3
6502,MYO18B,1,14,0,41,0,0,2
6503,SLC2A11,1,12,1,14,0,0,3
6504,C1QTNF6,1,5,0,19,0,0,2
6505,GGT2,1,10,0,33,0,0,2
6506,FAM83F,1,4,0,6,0,0,2
6507,SEC14L4,1,2,0,4,0,3,3
6508,GIMAP6,1,3,0,22,0,0,2
6509,GIMAP4,1,3,0,33,0,0,2
6510,ADCK2,1,4,0,32,0,0,2
6511,MKRN1,1,7,3,35,0,0,3
6512,AGAP3,1,12,0,11,0,0,2
6513,KRBA1,1,4,0,25,0,0,2
6514,ACTR3B,1,5,0,35,0,0,2
6515,NTS,1,14,2,65,0,8,4
6516,BTG1,1,15,1,4,0,13,4
6517,LRRIQ1,1,2,0,24,0,0,2
6518,C12orf29,1,2,0,11,0,0,2
6519,ATP13A3,1,17,0,24,0,0,2
6520,SFTPD,1,17,10,38,0,12,4
6521,DYDC2,1,3,0,33,0,0,2
6522,TMEM254,1,2,0,44,0,0,2
6523,TMTC1,1,7,0,33,0,0,2
6524,KRAS,1,43,9,186,0,49,4
6525,IPO8,1,11,1,40,0,0,3
6526,LARS,1,23,0,0,0,0,1
6527,SPINK5,1,21,2,55,0,0,3
6528,IMPA1,1,23,1,40,0,0,3
6529,LRRCC1,1,2,0,26,0,0,2
6530,E2F5,1,19,10,36,12,2,4
6531,CA1,1,10,4,41,0,7,4
6532,CCDC59,1,4,1,19,0,1,4
6533,SWAP70,1,23,3,35,0,0,3
6534,ARNTL,1,49,0,63,0,0,2
6535,LYVE1,1,17,2,50,0,0,3
6536,AMPD3,1,17,2,50,0,1,4
6537,SBF2,1,14,2,34,0,0,3
6538,MICAL2,1,18,0,16,0,0,2
6539,RRAS2,1,14,1,56,0,1,4
6540,HSD17B4,1,23,6,79,0,2,4
6541,ZFC3H1,1,7,1,42,0,1,4
6542,TEX15,1,8,1,43,0,0,3
6543,SARAF,1,5,0,32,0,0,2
6544,RNF122,1,11,0,24,0,0,2
6545,DUSP26,1,19,0,14,0,0,2
6546,DPF2,1,24,6,41,0,0,3
6547,MEN1,1,42,8,65,0,8,4
6548,ERG28,1,7,0,36,0,0,2
6549,GSC,1,19,2,36,10,15,4
6550,DGLUCY,1,7,0,13,0,0,2
6551,UNC79,1,4,1,35,0,0,3
6552,NUMB,1,22,5,51,0,3,4
6553,CATSPERB,1,7,1,45,0,0,3
6554,VRTN,1,5,0,27,0,0,2
6555,COX16,1,6,1,35,0,0,3
6556,TTC9,1,0,0,18,0,1,2
6557,MED6,1,15,5,79,0,0,3
6558,EIF2S1,1,35,12,89,0,2,4
6559,ADAM20,1,9,1,17,0,0,3
6560,LOXL2,1,31,2,34,0,2,4
6561,ELP3,1,18,1,55,0,2,4
6562,PEBP4,1,3,0,39,0,0,2
6563,ADAMDEC1,1,8,0,13,0,0,2
6564,CTIF,1,8,0,32,0,1,3
6565,MRO,1,1,0,2,0,0,2
6566,MBD2,1,37,4,36,82,5,4
6567,IER3IP1,1,12,0,35,0,0,2
6568,CCNB1,1,44,25,170,0,40,4
6569,CDK7,1,29,34,49,0,0,3
6570,CD180,1,9,1,37,0,0,3
6571,IRAK2,1,29,14,44,0,7,4
6572,CAMK1,1,24,2,35,0,2,4
6573,THUMPD3,1,13,0,34,0,0,2
6574,VHL,1,38,7,63,23,1,4
6575,BHLHE40,1,28,2,40,33,17,4
6576,ARL8B,1,39,0,32,0,0,2
6577,EDEM1,1,15,2,51,0,1,4
6578,CNTN6,1,13,1,34,0,0,3
6579,CHL1,1,12,1,27,0,1,4
6580,MEIS2,1,25,0,43,9,2,3
6581,DPH6,1,3,1,27,0,0,3
6582,KATNBL1,1,12,0,17,0,0,2
6583,EMC7,1,8,0,35,0,3,3
6584,TRPM1,1,19,2,36,0,2,4
6585,GNAT2,1,25,2,54,0,0,3
6586,GSTM1,1,14,3,62,0,7,4
6587,PRPF38B,1,4,0,34,0,0,2
6588,REG4,1,5,0,32,0,3,3
6589,TSPAN2,1,5,0,28,0,0,2
6590,TSHB,1,9,4,55,0,23,4
6591,GSTM3,1,19,1,41,0,0,3
6592,SYT6,1,16,0,29,0,0,2
6593,VAV3,1,21,17,43,0,1,4
6594,CHIA,1,14,1,37,0,0,3
6595,PSRC1,1,15,0,35,0,1,3
6596,HMGCS2,1,39,3,50,0,14,4
6597,PTPN22,1,41,2,61,0,2,4
6598,SORT1,1,35,1,66,0,1,4
6599,WNT2B,1,19,2,37,0,1,4
6600,PTGFRN,1,6,0,34,0,0,2
6601,LAMTOR5,1,25,7,49,0,8,4
6602,ADAM30,1,10,1,33,0,0,3
6603,NOTCH2,1,54,9,66,0,8,4
6604,TRIM45,1,10,1,25,0,0,3
6605,CEPT1,1,13,2,58,0,0,3
6606,CD101,1,5,1,31,0,1,4
6607,VTCN1,1,10,0,33,0,1,3
6608,NGF,1,29,19,84,0,42,4
6609,AP4B1,1,18,2,63,0,0,3
6610,NAPG,1,13,5,50,0,0,3
6611,SPIRE1,1,23,0,33,0,0,2
6612,PPHLN1,1,17,1,34,0,0,3
6613,FKBP11,1,3,0,26,0,0,2
6614,ARF3,1,12,3,52,0,0,3
6615,TMEM106C,1,3,0,6,0,0,2
6616,SLC38A2,1,47,2,41,0,4,4
6617,YWHAQ,1,18,8,81,0,4,4
6618,KIDINS220,1,11,3,32,0,1,4
6619,GRHL1,1,20,2,32,2,3,4
6620,ROCK2,1,72,12,62,0,1,4
6621,RSAD2,1,21,1,70,0,3,4
6622,MYCN,1,21,4,63,133,27,4
6623,LPIN1,1,24,5,53,0,17,4
6624,CMPK2,1,13,0,61,0,0,2
6625,IAH1,1,2,0,33,0,0,2
6626,SAA2,1,3,0,38,0,9,3
6627,ANO3,1,11,2,30,0,0,3
6628,IL6ST,1,72,5,47,0,7,4
6629,FST,1,15,1,49,0,21,4
6630,CFHR4,1,5,1,33,0,0,3
6631,NAV1,1,8,0,37,0,1,3
6632,CDC73,1,23,9,91,0,2,4
6633,TIMM17A,1,6,2,50,0,11,4
6634,CRB1,1,21,0,14,0,0,2
6635,CFHR5,1,9,1,35,0,0,3
6636,ERN2,1,25,0,33,0,0,2
6637,RAX,1,11,0,10,3,1,3
6638,NARS,1,16,0,0,0,0,1
6639,GRP,1,18,3,52,0,4,4
6640,RELCH,1,4,0,32,0,0,2
6641,FBH1,1,25,0,53,0,0,2
6642,RBM17,1,9,4,43,0,0,3
6643,IL2RA,1,21,4,74,0,43,4
6644,ANKRD16,1,3,0,20,0,0,2
6645,ECHDC3,1,5,0,17,0,0,2
6646,IL15RA,1,22,1,35,0,0,3
6647,CCNH,1,17,33,49,0,0,3
6648,HRH4,1,16,2,32,0,1,4
6649,TMEM241,1,8,0,10,0,0,2
6650,KCTD1,1,11,1,20,0,0,3
6651,CABLES1,1,6,3,26,0,2,4
6652,DOCK2,1,22,7,44,0,0,3
6653,EMP1,1,6,0,34,0,3,3
6654,SOX5,1,20,0,44,17,6,3
6655,RERG,1,16,0,9,0,1,3
6656,SLCO1B1,1,18,5,58,0,8,4
6657,KLRD1,1,18,3,73,0,0,3
6658,KLRC1,1,21,1,51,0,1,4
6659,SPX,1,17,0,21,0,0,2
6660,PRH2,1,0,0,33,0,1,2
6661,LRP4,1,38,1,30,0,0,3
6662,MYBPC3,1,21,1,48,0,0,3
6663,DDB2,1,23,6,65,0,6,4
6664,ACP2,1,10,0,0,0,0,1
6665,USP26,1,14,1,37,0,1,4
6666,RTL8C,1,4,0,8,0,0,2
6667,RAB33A,1,11,2,36,0,0,3
6668,SOX3,1,21,1,45,6,10,4
6669,RBMX2,1,17,1,52,0,0,3
6670,STK26,1,28,1,36,0,0,3
6671,PIWIL4,1,16,2,44,0,0,3
6672,MTNR1B,1,22,2,54,0,0,3
6673,PUM1,1,24,1,51,0,0,3
6674,SPOCD1,1,8,1,29,0,0,3
6675,YARS,1,19,0,0,0,0,1
6676,PHC2,1,12,9,45,0,0,3
6677,CDCA8,1,23,7,114,0,2,4
6678,GNL2,1,6,0,77,0,0,2
6679,AGO4,1,21,27,49,0,1,4
6680,HOOK1,1,20,0,44,0,0,2
6681,CYP2J2,1,23,3,43,0,7,4
6682,BTF3L4,1,1,0,34,0,0,2
6683,TUT4,1,21,3,37,0,0,3
6684,PRPF38A,1,7,1,61,0,0,3
6685,DSC2,1,24,2,34,0,3,4
6686,DSG3,1,28,3,44,0,0,3
6687,RNF138,1,10,1,34,0,0,3
6688,ELP2,1,12,1,40,0,0,3
6689,DSG1,1,32,6,68,0,0,3
6690,DSC3,1,16,2,38,0,5,4
6691,DSC1,1,17,3,44,0,1,4
6692,DTNA,1,14,1,50,0,0,3
6693,FHOD3,1,9,0,8,0,0,2
6694,TPGS2,1,7,1,14,0,0,3
6695,DAGLA,1,19,1,27,0,0,3
6696,SLC43A3,1,11,0,9,0,0,2
6697,TIMM10,1,12,2,60,0,0,3
6698,CBLIF,1,10,4,32,0,5,4
6699,DHX34,1,13,0,41,0,0,2
6700,APLNR,1,34,2,46,0,1,4
6701,FADS2,1,16,2,35,0,4,4
6702,TMEM258,1,12,5,34,0,0,3
6703,TCN1,1,8,3,34,0,0,3
6704,C5AR2,1,19,2,31,0,0,3
6705,TMEM165,1,15,0,37,0,0,2
6706,CLOCK,1,45,9,51,62,3,4
6707,PDGFRA,1,57,13,112,0,29,4
6708,GGACT,1,5,0,13,0,0,2
6709,COL4A2,1,19,15,70,0,5,4
6710,CLDN10,1,13,2,34,0,0,3
6711,DZIP1,1,23,1,34,0,0,3
6712,UBAC2,1,9,0,51,0,0,2
6713,ARGLU1,1,11,0,33,0,0,2
6714,BIVM,1,8,0,33,0,0,2
6715,ERCC5,1,31,3,45,0,3,4
6716,TPP2,1,14,1,32,0,0,3
6717,POGLUT2,1,10,0,10,0,0,2
6718,CARS2,1,8,1,40,0,1,4
6719,ARHGAP32,1,19,13,35,0,0,3
6720,STT3A,1,12,5,55,0,0,3
6721,ADAMTS8,1,10,3,13,0,0,3
6722,ACRV1,1,5,0,37,0,0,2
6723,ETS1,1,39,2,59,221,21,4
6724,SLC37A2,1,8,0,3,0,0,2
6725,KLB,1,6,11,38,0,0,3
6726,TMED7,1,16,2,41,0,0,3
6727,APC,1,66,15,67,0,25,4
6728,NREP,1,5,0,8,0,0,2
6729,WDR36,1,8,2,118,0,2,4
6730,OSTF1,1,9,1,19,0,0,3
6731,RFK,1,11,1,46,0,0,3
6732,UBQLN1,1,30,1,54,0,0,3
6733,NAA35,1,6,1,35,0,0,3
6734,C9orf40,1,0,0,10,0,0,1
6735,ANXA1,1,75,6,51,0,5,4
6736,CTSL,1,39,13,57,0,14,4
6737,CEMIP2,1,8,0,13,0,0,2
6738,AGTPBP1,1,15,1,13,0,0,3
6739,GOLM1,1,5,2,23,0,0,3
6740,FAM189A2,1,9,0,34,0,0,2
6741,PSAT1,1,11,1,56,0,1,4
6742,ISCA1,1,10,2,43,0,0,3
6743,ADAM19,1,14,2,34,0,2,4
6744,HAVCR2,1,47,1,73,0,6,4
6745,CCNJL,1,7,0,13,0,0,2
6746,TAOK3,1,27,3,32,0,0,3
6747,USP30,1,16,2,43,0,0,3
6748,SDS,1,12,2,42,0,1,4
6749,MSI1,1,15,1,38,0,4,4
6750,HNF1A,1,47,1,52,147,17,4
6751,FBXO21,1,8,2,32,0,0,3
6752,TBX3,1,48,1,48,20,9,4
6753,OASL,1,19,3,57,0,1,4
6754,HRK,1,9,0,32,0,8,3
6755,RNFT2,1,3,0,15,0,0,2
6756,P2RX4,1,59,3,35,0,1,4
6757,BICDL1,1,7,0,37,0,0,2
6758,DTX1,1,22,1,42,1,9,4
6759,TRAFD1,1,3,0,35,0,0,2
6760,DMTF1,1,7,0,17,18,0,3
6761,OCM2,1,2,0,16,0,2,3
6762,TMEM243,1,2,0,9,0,0,2
6763,CCDC146,1,14,0,34,0,0,2
6764,TMEM60,1,2,0,16,0,0,2
6765,CD36,1,106,16,125,0,23,4
6766,UGT2A3,1,5,2,43,0,0,3
6767,CSN2,1,7,2,38,0,35,4
6768,UGT2B28,1,8,2,45,0,0,3
6769,PNPLA8,1,25,2,33,0,0,3
6770,HILPDA,1,16,1,15,0,2,4
6771,FAM71F1,1,4,0,38,0,0,2
6772,RINT1,1,9,1,44,0,0,3
6773,SRPK2,1,36,1,47,0,1,4
6774,KCP,1,3,0,12,0,0,2
6775,TES,1,10,0,28,0,1,3
6776,MDFIC,1,16,0,9,0,2,3
6777,MTO1,1,7,1,39,0,1,4
6778,ADGRB3,1,20,0,34,0,0,2
6779,ANKRD6,1,4,0,29,0,0,2
6780,KHDC1,1,3,0,21,0,0,2
6781,CEP162,1,9,1,42,0,0,3
6782,SYNCRIP,1,30,0,63,0,0,2
6783,SNX14,1,11,0,40,0,0,2
6784,NT5E,1,22,4,113,0,11,4
6785,MRAP2,1,19,0,24,0,0,2
6786,EPHA7,1,41,3,35,0,7,4
6787,AKIRIN2,1,23,0,36,0,0,2
6788,ORC3,1,15,7,42,0,0,3
6789,LCA5,1,11,0,45,0,0,2
6790,MAP3K7,1,83,18,84,0,7,4
6791,CGA,1,20,8,38,0,30,4
6792,GJA10,1,7,2,19,0,0,3
6793,PRR5L,1,11,0,12,0,1,3
6794,LMO2,1,11,1,59,26,12,4
6795,PHF21A,1,7,3,48,0,1,4
6796,NAT10,1,30,1,100,0,1,4
6797,EHF,1,18,0,8,11,6,3
6798,ELF5,1,14,2,35,11,0,4
6799,PRRG4,1,9,0,28,0,0,2
6800,CAPRIN1,1,24,0,40,0,0,2
6801,ATP5MC2,1,9,2,53,0,0,3
6802,DNAJC14,1,5,0,33,0,0,2
6803,CD63,1,36,2,69,0,2,4
6804,PRPH,1,12,0,6,0,2,3
6805,AVIL,1,25,0,18,0,0,2
6806,AMHR2,1,22,1,37,0,3,4
6807,LACRT,1,23,0,33,0,0,2
6808,GDF11,1,13,0,33,0,1,3
6809,GLS2,1,9,3,53,0,7,4
6810,ITGA7,1,14,3,62,0,4,4
6811,TESPA1,1,12,0,31,0,0,2
6812,FAM186B,1,1,0,6,0,0,2
6813,RDH5,1,14,3,35,0,0,3
6814,AGAP2,1,22,1,33,0,0,3
6815,BLOC1S1,1,23,2,39,0,1,4
6816,KRT85,1,9,2,34,0,0,3
6817,CDK4,1,31,19,84,0,38,4
6818,PPP1R1A,1,6,0,40,0,0,2
6819,TROAP,1,3,0,44,0,0,2
6820,TSPAN31,1,4,0,35,0,0,2
6821,B4GALNT1,1,10,1,36,0,1,4
6822,TFCP2,1,17,0,32,71,0,3
6823,COQ10A,1,4,2,15,0,0,3
6824,FAIM2,1,19,0,36,0,1,3
6825,PAN2,1,12,1,42,0,0,3
6826,ESPL1,1,25,1,91,0,0,3
6827,KRT7,1,10,3,53,0,2,4
6828,ZC3H10,1,8,0,18,0,0,2
6829,SLC26A10,1,11,0,11,0,0,2
6830,ACVR1B,1,39,3,51,0,1,4
6831,OS9,1,15,6,77,0,0,3
6832,MIP,1,21,1,42,0,5,4
6833,KCNH3,1,11,1,38,0,0,3
6834,LTV1,1,9,1,65,0,0,3
6835,MAP7,1,14,0,26,0,0,2
6836,CD164,1,14,0,27,0,4,3
6837,AFG1L,1,9,0,10,0,0,2
6838,NHSL1,1,1,0,10,0,0,2
6839,AHI1,1,23,1,51,0,0,3
6840,HEY2,1,61,7,41,17,8,4
6841,PKIB,1,5,0,6,0,1,3
6842,TAAR5,1,11,2,34,0,0,3
6843,NMBR,1,17,2,34,0,2,4
6844,SMPD2,1,16,3,38,0,0,3
6845,MICAL1,1,28,1,32,0,1,4
6846,REPS1,1,10,2,42,0,0,3
6847,STX11,1,22,0,43,0,0,2
6848,TEC,1,18,3,30,0,10,4
6849,PRADC1,1,2,0,8,0,0,2
6850,SEMA4F,1,20,1,20,0,0,3
6851,EGR4,1,13,1,30,15,0,4
6852,RAB11FIP5,1,21,0,37,0,0,2
6853,SMYD5,1,11,0,32,0,0,2
6854,DYSF,1,20,1,45,0,1,4
6855,CCDC142,1,0,0,14,0,0,1
6856,EMX1,1,14,0,36,2,1,3
6857,KCNMB4,1,17,2,28,0,0,3
6858,USP15,1,27,3,48,0,0,3
6859,GNS,1,16,4,39,0,0,3
6860,CPM,1,11,1,27,0,0,3
6861,MDM2,1,88,16,144,0,63,4
6862,KLHL36,1,6,0,16,0,0,2
6863,BCO1,1,10,1,36,0,7,4
6864,MPHOSPH6,1,8,3,38,0,0,3
6865,CHST5,1,11,1,16,0,0,3
6866,KIAA0513,1,1,0,32,0,0,2
6867,DYNC1LI2,1,14,13,61,0,0,3
6868,FBXL8,1,5,2,24,0,0,3
6869,FHOD1,1,15,0,34,0,0,2
6870,CCDC102A,1,2,0,17,0,0,2
6871,SLC9A5,1,22,1,21,0,0,3
6872,AGT,1,61,5,209,0,39,4
6873,PCNX2,1,5,0,6,0,0,2
6874,KCNK1,1,31,2,34,0,0,3
6875,URB2,1,4,0,29,0,0,2
6876,EGLN1,1,27,1,52,0,5,4
6877,CAPN9,1,5,1,29,0,0,3
6878,COG2,1,11,3,52,0,0,3
6879,ABCB10,1,20,1,32,0,1,4
6880,NTPCR,1,7,0,44,0,0,2
6881,TAF5L,1,13,1,52,0,0,3
6882,GLUL,1,21,2,85,0,8,4
6883,STX6,1,28,2,99,0,0,3
6884,RGS8,1,16,1,44,0,0,3
6885,RNASEL,1,22,2,47,0,2,4
6886,DHX9,1,85,6,124,0,9,4
6887,KIAA1614,1,6,0,34,0,0,2
6888,CEP350,1,11,0,48,0,0,2
6889,NPL,1,8,1,12,0,0,3
6890,NIBAN1,1,9,0,6,0,0,2
6891,PIGC,1,6,1,33,0,0,3
6892,LAMC1,1,39,13,61,0,11,4
6893,RC3H1,1,40,0,52,0,4,3
6894,GPR55,1,12,2,41,0,0,3
6895,SP110,1,5,0,38,0,0,2
6896,CHRND,1,29,1,36,0,1,4
6897,PAX3,1,19,3,60,105,23,4
6898,DOCK10,1,20,5,26,0,0,3
6899,TTLL4,1,12,1,28,0,0,3
6900,USP37,1,14,1,38,0,1,4
6901,HTR2B,1,44,2,36,0,0,3
6902,ITM2C,1,13,0,14,0,0,2
6903,SLC19A3,1,11,1,31,0,2,4
6904,SERPINE2,1,19,4,44,0,8,4
6905,DNAJB2,1,36,0,39,0,0,2
6906,WNT10A,1,18,2,33,0,0,3
6907,TMBIM1,1,19,1,7,0,0,3
6908,CYP27A1,1,18,5,41,0,13,4
6909,EIF4E2,1,19,1,38,0,0,3
6910,ARMC9,1,9,0,16,0,0,2
6911,CAB39,1,16,2,35,0,0,3
6912,COX5B,1,12,5,102,0,3,4
6913,REV1,1,23,6,47,0,0,3
6914,TSGA10,1,8,0,32,0,0,2
6915,MFSD9,1,3,0,36,0,0,2
6916,TMEM127,1,8,0,32,0,0,2
6917,EDAR,1,10,1,36,0,0,3
6918,TGFBRAP1,1,17,0,43,0,2,3
6919,GCC2,1,17,2,69,0,1,4
6920,GPR45,1,10,1,18,0,0,3
6921,C2orf49,1,7,0,19,0,0,2
6922,ANKRD36,1,0,0,19,0,0,1
6923,EPC2,1,13,0,53,0,0,2
6924,ARHGEF4,1,10,6,36,0,0,3
6925,ISCU,1,22,1,64,0,2,4
6926,ALDH1L2,1,13,1,32,0,0,3
6927,STAB2,1,21,3,35,0,1,4
6928,USP44,1,21,1,35,0,1,4
6929,SCYL2,1,12,0,16,0,0,2
6930,CKAP4,1,15,6,41,0,0,3
6931,PLXNC1,1,15,1,31,0,0,3
6932,APPL2,1,50,0,27,0,0,2
6933,PWP1,1,10,0,41,0,1,3
6934,DRAM1,1,6,0,36,0,2,3
6935,WASHC4,1,11,0,33,0,0,2
6936,SLC41A2,1,13,1,22,0,0,3
6937,VILL,1,10,0,9,0,0,2
6938,FLNB,1,21,1,60,0,0,3
6939,NEK3,1,10,0,16,0,0,2
6940,PCDH8,1,17,0,22,0,2,3
6941,VPS36,1,19,2,47,0,0,3
6942,RNASEH2B,1,6,0,36,0,0,2
6943,CKAP2,1,11,0,40,0,2,3
6944,CNMD,1,7,0,23,0,3,3
6945,TBC1D4,1,7,1,43,0,0,3
6946,THSD1,1,11,2,14,0,0,3
6947,BORA,1,9,2,46,0,2,4
6948,LRCH1,1,5,0,33,0,0,2
6949,SUCLA2,1,21,1,60,0,0,3
6950,RCBTB1,1,3,0,36,0,0,2
6951,MED4,1,16,5,45,0,0,3
6952,PHF11,1,4,0,34,0,6,3
6953,COG3,1,20,3,75,0,0,3
6954,LMO7,1,18,3,39,0,2,4
6955,SCEL,1,14,0,39,0,0,2
6956,ITM2B,1,14,1,38,0,0,3
6957,SPRY2,1,35,2,42,0,6,4
6958,NUDT15,1,20,2,49,0,0,3
6959,EDNRB,1,53,3,45,0,8,4
6960,RCBTB2,1,4,0,24,0,0,2
6961,LCP1,1,31,1,41,0,7,4
6962,SETDB2,1,18,1,44,0,0,3
6963,SCRN1,1,10,0,10,0,0,2
6964,C7orf25,1,2,0,13,0,0,2
6965,TNS3,1,5,1,35,0,0,3
6966,SPDYE1,1,1,0,9,0,0,2
6967,CHST12,1,10,1,40,0,1,4
6968,IGF2BP3,1,18,1,47,0,0,3
6969,GPNMB,1,25,1,38,0,4,4
6970,RAPGEF5,1,11,0,21,0,0,2
6971,RAC1,1,110,47,198,0,7,4
6972,KDELR2,1,12,2,43,0,0,3
6973,NUP42,1,12,30,39,0,0,3
6974,IL6,1,105,13,273,0,131,4
6975,ZDHHC4,1,11,0,16,0,0,2
6976,AOAH,1,9,0,12,0,0,2
6977,BZW2,1,5,0,11,0,0,2
6978,DGKB,1,16,1,43,0,0,3
6979,TBRG4,1,11,1,35,0,0,3
6980,DDX56,1,16,0,63,0,0,2
6981,HUS1,1,19,7,39,0,1,4
6982,NACAD,1,5,0,35,0,0,2
6983,DBNL,1,42,3,42,0,0,3
6984,CCM2,1,11,0,38,0,0,2
6985,MYO1G,1,23,0,32,0,0,2
6986,TTYH3,1,12,1,11,0,0,3
6987,MMD2,1,9,0,14,0,0,2
6988,CIDEB,1,25,0,32,0,1,3
6989,TTC5,1,17,1,48,0,0,3
6990,NKX2-8,1,17,0,9,1,6,3
6991,NKX2-1,1,37,0,58,59,21,3
6992,ZFHX2,1,11,0,8,1,0,3
6993,MTHFS,1,14,1,32,0,0,3
6994,ADAMTS7,1,18,2,32,0,5,4
6995,ABHD17C,1,13,1,17,0,0,3
6996,IREB2,1,12,1,60,0,3,4
6997,ALPK3,1,7,0,27,0,0,2
6998,TM6SF1,1,2,0,11,0,0,2
6999,CIB2,1,20,2,34,0,0,3
7000,CALCOCO2,1,15,0,57,0,0,2
7001,RSAD1,1,8,0,54,0,0,2
7002,NMT1,1,16,5,33,0,0,3
7003,MYCBPAP,1,20,0,39,0,0,2
7004,SRSF1,1,30,7,134,0,4,4
7005,VEZF1,1,11,0,14,7,1,3
7006,CHAD,1,4,0,52,0,0,2
7007,TACO1,1,7,1,44,0,0,3
7008,TEX2,1,7,1,33,0,0,3
7009,DCAF7,1,12,2,66,0,0,3
7010,GH2,1,12,2,42,0,4,4
7011,CSH1,1,14,2,48,0,7,4
7012,LIMD2,1,9,0,16,0,5,3
7013,BRIP1,1,24,15,72,0,1,4
7014,KAT7,1,49,1,39,83,0,4
7015,RTP4,1,9,0,44,0,0,2
7016,ACTL6A,1,52,14,90,0,2,4
7017,NDUFB5,1,9,2,70,0,0,3
7018,TRA2B,1,17,5,71,0,4,4
7019,SCN2A,1,23,3,64,0,4,4
7020,TBR1,1,20,0,60,5,0,3
7021,MARCH7,1,23,0,0,0,0,1
7022,ERMN,1,16,0,37,0,1,3
7023,GALNT5,1,6,1,32,0,0,3
7024,SCN7A,1,20,2,34,0,0,3
7025,TANK,1,21,5,45,0,7,4
7026,BLK,1,15,2,57,0,13,4
7027,GATA4,1,79,11,78,131,26,4
7028,SKIL,1,27,1,39,20,3,4
7029,EPRS,1,28,0,0,0,0,1
7030,HLX,1,9,0,24,16,1,3
7031,VPS45,1,10,3,43,0,0,3
7032,IL10,1,80,7,167,0,89,4
7033,KCTD3,1,3,1,33,0,0,3
7034,CBWD2,1,6,0,15,0,0,2
7035,IL36G,1,12,1,35,0,1,4
7036,IL1RN,1,23,2,53,0,20,4
7037,IL36A,1,11,1,24,0,1,4
7038,IL36RN,1,16,1,32,0,0,3
7039,IL36B,1,11,1,29,0,0,3
7040,IL1F10,1,9,2,32,0,0,3
7041,CFC1,1,10,2,33,0,11,4
7042,SMPD4,1,15,1,36,0,1,4
7043,WDR33,1,8,6,46,0,0,3
7044,CCDC115,1,18,0,46,0,0,2
7045,SAP130,1,9,2,50,0,0,3
7046,BIN1,1,59,1,104,0,5,4
7047,IMP4,1,14,2,92,0,0,3
7048,HS6ST1,1,9,1,45,0,0,3
7049,UGGT1,1,13,1,43,0,0,3
7050,GYPC,1,5,1,39,0,0,3
7051,STAM,1,15,8,51,0,1,4
7052,GAD2,1,17,3,101,0,7,4
7053,ABI1,1,26,7,64,0,0,3
7054,YME1L1,1,21,3,52,0,0,3
7055,DNAJC1,1,12,0,33,1,0,3
7056,NIPSNAP3A,1,6,0,21,0,0,2
7057,LRRC8A,1,25,1,40,0,0,3
7058,CDK9,1,45,16,78,0,8,4
7059,ODF2,1,19,7,46,0,3,4
7060,ECPAS,1,19,0,38,0,0,2
7061,TOR1B,1,16,1,32,0,0,3
7062,C9orf78,1,9,1,37,0,0,3
7063,SMC2,1,26,2,48,0,2,4
7064,KLF4,1,70,5,67,122,27,4
7065,TOR1A,1,41,1,49,0,1,4
7066,RALGPS1,1,7,0,13,0,1,3
7067,NIBAN2,1,18,0,9,0,0,2
7068,OR1J1,1,7,1,13,0,0,3
7069,OR13C9,1,7,1,15,0,0,3
7070,ST6GALNAC4,1,10,5,32,0,2,4
7071,TMOD1,1,16,1,45,0,1,4
7072,DAB2IP,1,95,1,41,0,1,4
7073,STXBP1,1,56,2,70,0,8,4
7074,SLC2A8,1,18,3,39,0,0,3
7075,ANGPTL2,1,7,0,19,0,3,3
7076,CDK5RAP2,1,38,7,61,0,1,4
7077,ZFP37,1,8,1,16,0,1,4
7078,SLC31A2,1,14,0,28,0,0,2
7079,SLC31A1,1,26,1,31,0,13,4
7080,TLR4,1,81,18,170,0,26,4
7081,ZNF189,1,6,1,10,1,0,4
7082,ALDOB,1,20,4,49,0,10,4
7083,STX17,1,39,1,61,0,0,3
7084,PRPF4,1,38,1,55,0,0,3
7085,FPGS,1,13,0,45,0,4,3
7086,USP20,1,19,1,32,0,0,3
7087,BAAT,1,26,3,37,0,1,4
7088,KIF12,1,15,2,33,0,2,4
7089,ATP6V1G1,1,20,6,38,0,0,3
7090,TEX10,1,8,1,37,0,0,3
7091,GARNL3,1,3,0,12,0,0,2
7092,DPM2,1,11,6,53,0,0,3
7093,WDR38,1,1,0,36,0,0,2
7094,TSTD2,1,1,0,12,0,0,2
7095,GABBR2,1,21,5,84,0,0,3
7096,HEMGN,1,5,0,38,0,1,3
7097,PSMB7,1,31,70,53,0,0,3
7098,NR5A1,1,37,4,56,104,8,4
7099,TRMO,1,3,0,33,0,0,2
7100,RABEPK,1,8,1,39,0,0,3
7101,GOLGA1,1,9,1,41,0,1,4
7102,XPA,1,18,4,55,0,3,4
7103,NCBP1,1,38,30,132,0,0,3
7104,ANP32B,1,13,0,23,0,1,3
7105,OR1L4,1,7,1,13,0,0,3
7106,PDCL,1,8,1,40,0,0,3
7107,CTSV,1,12,8,33,0,3,4
7108,LMX1B,1,15,0,54,23,5,3
7109,ARPC5L,1,13,0,34,0,0,2
7110,ENPP2,1,21,1,37,0,10,4
7111,DSCC1,1,14,1,46,0,1,4
7112,DERL1,1,32,5,65,0,0,3
7113,MYC,1,66,19,273,766,140,4
7114,CCN3,1,42,0,30,0,16,3
7115,IL33,1,42,4,53,0,5,4
7116,DMAC1,1,3,1,17,0,0,3
7117,RANBP6,1,7,0,36,0,0,2
7118,POLR1E,1,14,5,46,0,1,4
7119,PLAA,1,26,0,43,0,1,3
7120,IL11RA,1,21,1,39,0,1,4
7121,UBAP2,1,8,0,33,0,0,2
7122,APTX,1,24,0,47,0,0,2
7123,RNF38,1,7,0,30,0,0,2
7124,TLN1,1,31,15,99,0,1,4
7125,CCL21,1,54,2,67,0,3,4
7126,SIT1,1,9,0,15,0,0,2
7127,IFNA21,1,14,6,35,0,1,4
7128,DMRT1,1,25,1,49,8,5,4
7129,DNAJB5,1,6,0,41,0,0,2
7130,SPAG8,1,14,0,47,0,0,2
7131,DCTN3,1,13,12,46,0,0,3
7132,CD72,1,9,1,39,0,2,4
7133,TMEM8B,1,10,0,8,0,0,2
7134,GRHPR,1,19,1,58,0,1,4
7135,ALDH1B1,1,13,2,53,0,0,3
7136,HINT2,1,8,1,15,0,0,3
7137,ARHGEF39,1,4,3,17,0,0,3
7138,IGFBPL1,1,10,0,9,0,0,2
7139,DENND4C,1,10,1,25,0,0,3
7140,CNPY3,1,4,1,23,0,0,3
7141,FOXP4,1,15,0,22,3,0,3
7142,PPIL1,1,16,2,57,0,0,3
7143,KLC4,1,6,5,49,0,0,3
7144,KIF13A,1,23,1,40,0,0,3
7145,ZSCAN9,1,6,0,6,1,1,3
7146,PIM1,1,29,4,34,0,11,4
7147,GMPR,1,9,2,49,0,0,3
7148,CMTR1,1,10,0,41,0,0,2
7149,TFAP2A,1,47,11,51,299,33,4
7150,SLC22A7,1,16,0,41,0,2,3
7151,YIPF3,1,5,0,27,0,0,2
7152,TMEM14B,1,8,0,14,0,0,2
7153,TMEM63B,1,22,0,14,0,0,2
7154,FRS3,1,8,9,35,0,0,3
7155,TJAP1,1,8,0,35,0,0,2
7156,CAPN11,1,6,1,9,0,0,3
7157,TINAG,1,10,0,15,0,0,2
7158,HCRTR2,1,18,2,27,0,3,4
7159,KIAA0319,1,11,2,35,0,0,3
7160,IRF4,1,32,7,63,54,13,4
7161,SLC22A23,1,5,0,20,0,0,2
7162,TUBB2A,1,22,32,65,0,0,3
7163,LRRC1,1,3,1,23,0,0,3
7164,GCM1,1,21,0,34,8,11,3
7165,FOXF2,1,27,0,22,13,0,3
7166,BPHL,1,9,1,14,0,1,4
7167,RIPK1,1,76,24,92,0,8,4
7168,TUBB2B,1,21,32,55,0,0,3
7169,UQCC2,1,11,1,33,0,0,3
7170,HMGA1,1,39,7,37,65,7,4
7171,TCF19,1,4,1,38,0,0,3
7172,FLOT1,1,49,6,36,0,0,3
7173,IER3,1,10,1,38,0,14,4
7174,MDC1,1,13,6,82,0,5,4
7175,PGBD1,1,9,0,35,0,0,2
7176,ATAT1,1,22,1,26,0,0,3
7177,TPMT,1,10,3,37,0,2,4
7178,CLPS,1,7,2,33,0,0,3
7179,RNF144B,1,13,1,14,0,1,4
7180,NRM,1,5,0,19,0,0,2
7181,MTCH1,1,10,0,35,0,0,2
7182,VARS2,1,10,1,40,0,0,3
7183,TAF8,1,15,11,61,0,3,4
7184,FAM8A1,1,4,0,34,0,0,2
7185,C6orf52,1,0,0,40,0,0,1
7186,FGFBP1,1,12,1,33,0,14,4
7187,FGFBP2,1,4,1,32,0,0,3
7188,CPEB2,1,21,0,34,0,0,2
7189,FHDC1,1,11,0,30,0,0,2
7190,TLR2,1,60,12,109,0,19,4
7191,MGARP,1,16,0,11,0,2,3
7192,TTC29,1,4,0,54,0,0,2
7193,FCHSD2,1,21,0,36,0,0,2
7194,ARRB1,1,55,17,490,0,0,3
7195,SLCO2B1,1,15,1,36,0,2,4
7196,THAP12,1,5,0,29,1,0,3
7197,ANKRD42,1,3,0,20,0,0,2
7198,IL18BP,1,11,2,34,0,5,4
7199,NUMA1,1,59,2,47,0,0,3
7200,CCDC90B,1,3,0,19,0,0,2
7201,SYTL2,1,16,1,28,0,1,4
7202,RAB30,1,19,2,39,0,0,3
7203,CREBZF,1,16,0,26,19,1,3
7204,LRRC32,1,11,0,34,0,0,2
7205,PRCP,1,16,2,38,0,0,3
7206,NARS2,1,9,1,35,0,1,4
7207,RNF121,1,6,0,13,0,0,2
7208,PI15,1,3,0,25,0,0,2
7209,TTPA,1,15,1,29,0,4,4
7210,GGH,1,16,1,35,0,2,4
7211,SLCO5A1,1,9,0,9,0,0,2
7212,SULF1,1,34,0,40,0,4,3
7213,TGS1,1,15,11,38,0,0,3
7214,SDCBP,1,46,5,54,0,2,4
7215,NEK1,1,17,1,36,0,1,4
7216,DDX60,1,14,0,42,0,0,2
7217,NXPE4,1,2,0,8,0,0,2
7218,SORL1,1,64,1,58,0,0,3
7219,TMPRSS4,1,12,0,35,0,0,2
7220,BUD13,1,13,1,56,0,0,3
7221,TRPC6,1,18,4,51,0,10,4
7222,MMP7,1,17,5,56,0,26,4
7223,MMP20,1,11,3,33,0,1,4
7224,MMP27,1,8,0,5,0,0,2
7225,CFAP300,1,4,0,32,0,0,2
7226,DCUN1D5,1,10,1,43,0,0,3
7227,YAP1,1,53,14,101,8,7,4
7228,TRIM29,1,10,1,39,0,0,3
7229,SLC37A4,1,13,2,32,0,2,4
7230,BTG4,1,6,1,24,0,0,3
7231,POU2F3,1,21,0,38,9,0,3
7232,RDX,1,47,3,76,0,1,4
7233,PPP2R1B,1,14,35,69,0,3,4
7234,FDX1,1,10,6,92,0,2,4
7235,C11orf1,1,8,0,39,0,0,2
7236,FXYD6,1,13,3,14,0,0,3
7237,ARHGAP20,1,5,3,26,0,0,3
7238,FXYD2,1,21,3,42,0,3,4
7239,MMP13,1,18,5,49,0,46,4
7240,TMPRSS13,1,9,0,11,0,0,2
7241,CASP1,1,55,11,94,0,20,4
7242,CASP5,1,18,3,43,0,0,3
7243,ALKBH8,1,20,1,41,0,0,3
7244,MAP2K5,1,26,1,44,0,9,4
7245,UNC13C,1,22,0,20,0,0,2
7246,SQOR,1,12,1,35,0,0,3
7247,CTDSPL2,1,12,0,20,0,1,3
7248,SLTM,1,6,0,33,0,0,2
7249,THBS1,1,102,7,90,0,40,4
7250,MAPKBP1,1,12,0,8,0,0,2
7251,NUSAP1,1,15,0,60,0,2,3
7252,NDUFAF1,1,8,1,51,0,0,3
7253,KIF23,1,25,5,92,0,4,4
7254,ITGA11,1,19,1,68,0,4,4
7255,KNL1,1,18,7,54,0,0,3
7256,HAUS2,1,12,7,43,0,0,3
7257,RTF1,1,13,7,68,0,0,3
7258,PARP6,1,11,3,49,0,0,3
7259,PAQR5,1,4,0,15,0,0,2
7260,LRRC49,1,6,1,22,0,0,3
7261,TUBGCP4,1,20,2,38,0,0,3
7262,RMDN3,1,16,0,37,0,0,2
7263,ITPKA,1,19,1,37,0,0,3
7264,UACA,1,13,2,35,0,1,4
7265,SMAD6,1,55,2,55,21,6,4
7266,PLCB2,1,24,9,118,0,0,3
7267,TMEM62,1,3,0,7,0,0,2
7268,PAK6,1,17,6,39,0,0,3
7269,ADAM10,1,64,16,76,0,10,4
7270,SLC28A2,1,29,3,32,0,3,4
7271,STRA6,1,42,2,40,0,2,4
7272,CYP19A1,1,22,3,67,0,63,4
7273,ZNF280D,1,6,0,27,0,0,2
7274,SEMA6D,1,12,1,28,0,0,3
7275,BCL2L10,1,22,0,33,0,0,2
7276,RSL24D1,1,5,0,100,0,0,2
7277,SPTBN5,1,28,4,34,0,0,3
7278,GCOM1,1,0,0,12,0,0,1
7279,GCHFR,1,11,1,8,0,1,4
7280,BCAR3,1,16,0,23,0,0,2
7281,TTLL7,1,14,1,25,0,0,3
7282,FNBP1L,1,19,3,38,0,0,3
7283,KYAT3,1,15,1,44,0,0,3
7284,GTF2B,1,38,9,102,1,17,4
7285,BRDT,1,17,0,34,0,0,2
7286,RABGGTB,1,15,2,73,0,0,3
7287,IFI44L,1,5,1,54,0,0,3
7288,GIPC2,1,5,0,17,0,0,2
7289,ARHGAP29,1,10,3,25,0,0,3
7290,IFI44,1,5,0,61,0,0,2
7291,SLC44A5,1,9,2,7,0,0,3
7292,CLCA2,1,12,1,39,0,2,4
7293,DNASE2B,1,7,0,19,0,2,3
7294,DBT,1,14,10,61,0,0,3
7295,RTCA,1,8,0,46,0,0,2
7296,IFT172,1,17,2,63,0,2,4
7297,SELENOI,1,10,1,55,0,0,3
7298,CGREF1,1,4,0,6,0,0,2
7299,HADHB,1,21,8,83,0,1,4
7300,KHK,1,11,2,35,0,1,4
7301,ADCY3,1,26,15,136,0,1,4
7302,PPM1B,1,18,3,39,0,0,3
7303,PNPT1,1,42,1,66,0,1,4
7304,DYNC2LI1,1,20,1,44,0,0,3
7305,LHCGR,1,25,2,51,0,11,4
7306,THUMPD2,1,11,0,34,0,0,2
7307,CYP1B1,1,50,4,76,0,13,4
7308,SULT6B1,1,4,1,14,0,0,3
7309,RAB1A,1,33,6,106,0,0,3
7310,ACTR2,1,24,6,83,0,0,3
7311,PREB,1,10,3,44,21,11,4
7312,SLC5A6,1,23,3,29,0,2,4
7313,ABCG5,1,27,4,50,0,6,4
7314,PREPL,1,13,0,32,0,0,2
7315,SLC3A1,1,22,3,48,0,2,4
7316,EMILIN1,1,39,1,33,0,0,3
7317,FBXO11,1,18,2,46,0,1,4
7318,SIX3,1,39,0,59,9,4,3
7319,ATRAID,1,12,0,15,0,5,3
7320,CENPO,1,11,7,33,0,1,4
7321,LRPPRC,1,28,2,48,0,0,3
7322,TRIM54,1,13,0,37,0,0,2
7323,DTNB,1,16,1,39,0,0,3
7324,ACTR1A,1,13,12,56,0,0,3
7325,CYP2C9,1,36,6,103,0,21,4
7326,MFSD13A,1,2,0,28,0,0,2
7327,CYP2C8,1,29,6,74,0,7,4
7328,MYOF,1,17,0,32,0,1,3
7329,LOXL4,1,11,2,23,0,5,4
7330,STAMBPL1,1,11,1,40,0,0,3
7331,CH25H,1,15,1,43,0,2,4
7332,LBX1,1,11,0,28,3,2,3
7333,ATAD1,1,17,1,49,0,0,3
7334,BTBD16,1,1,0,7,0,0,2
7335,KIF11,1,25,4,148,0,1,4
7336,CUZD1,1,6,0,11,0,0,2
7337,TACC2,1,10,0,35,0,1,3
7338,DUSP5,1,19,2,36,0,1,4
7339,CALHM2,1,9,0,21,0,0,2
7340,ARL3,1,30,1,43,0,0,3
7341,CEP55,1,16,0,82,0,2,3
7342,KIF20B,1,39,2,58,0,0,3
7343,ENTPD1,1,26,2,63,0,4,4
7344,EXOC6,1,13,3,47,0,0,3
7345,PLCE1,1,27,1,77,0,0,3
7346,RBP4,1,35,4,37,0,7,4
7347,DBR1,1,11,0,32,0,0,2
7348,DNAJC13,1,17,1,46,0,0,3
7349,GPR87,1,7,0,28,0,1,3
7350,ANXA7,1,27,0,34,0,0,2
7351,FAM149B1,1,4,0,16,0,0,2
7352,ASCC1,1,10,1,39,0,0,3
7353,PLA2G12B,1,8,0,45,0,1,3
7354,ZNF365,1,15,0,9,0,0,2
7355,OIT3,1,7,0,4,0,2,3
7356,ADAMTS14,1,7,3,25,0,0,3
7357,TET1,1,27,1,41,13,0,4
7358,DNA2,1,32,16,83,0,0,3
7359,MYPN,1,18,0,40,0,0,2
7360,AOX1,1,23,1,83,0,2,4
7361,ATIC,1,19,2,78,0,2,4
7362,SMARCAL1,1,17,0,42,0,0,2
7363,BARD1,1,41,21,75,0,4,4
7364,STAT4,1,26,7,65,31,13,4
7365,MSTN,1,37,1,44,0,25,4
7366,CARF,1,10,0,20,3,0,3
7367,ASNSD1,1,4,0,35,0,0,2
7368,METTL5,1,18,0,40,0,0,2
7369,NAB1,1,5,2,28,1,0,4
7370,CDK15,1,12,0,37,0,0,2
7371,PPIG,1,11,2,88,0,15,4
7372,FASTKD1,1,8,0,28,0,0,2
7373,MDH1B,1,8,0,34,0,0,2
7374,HECW2,1,10,1,34,0,0,3
7375,IDH1,1,26,5,56,0,6,4
7376,OLA1,1,16,1,38,0,0,3
7377,CIR1,1,0,0,35,0,0,1
7378,ITPRID2,1,6,0,18,0,1,3
7379,CHRNA1,1,40,2,33,0,3,4
7380,FAM117B,1,1,0,26,0,0,2
7381,WDR12,1,13,1,97,0,0,3
7382,ABI2,1,33,7,50,0,1,4
7383,ITGAV,1,76,14,96,0,6,4
7384,SLC40A1,1,15,5,45,0,5,4
7385,SLC35A5,1,9,0,26,0,0,2
7386,SLC49A4,1,5,0,31,0,0,2
7387,SENP7,1,11,0,36,0,0,2
7388,GUCA1C,1,11,1,35,0,0,3
7389,CCDC54,1,0,0,36,0,0,1
7390,COX17,1,9,2,50,0,3,4
7391,PARP9,1,35,3,60,1,0,4
7392,MNS1,1,18,0,44,0,0,2
7393,USP8,1,30,4,51,0,0,3
7394,SECISBP2L,1,8,0,29,0,0,2
7395,TMOD3,1,12,3,45,0,0,3
7396,SPPL2A,1,17,1,27,0,1,4
7397,GLCE,1,11,1,47,0,3,4
7398,SHF,1,2,0,4,0,0,2
7399,APH1B,1,16,13,33,0,0,3
7400,INTS14,1,9,1,36,0,0,3
7401,CILP,1,10,1,34,0,1,4
7402,PARP16,1,20,3,32,0,0,3
7403,PPCDC,1,8,1,32,0,0,3
7404,HCN4,1,36,1,43,0,9,4
7405,SEMA7A,1,22,1,32,0,0,3
7406,UBL7,1,7,0,46,0,0,2
7407,ARHGAP24,1,11,3,34,0,0,3
7408,FAM13A,1,4,2,39,0,1,4
7409,HERC3,1,8,1,34,0,0,3
7410,HERC6,1,10,1,42,0,0,3
7411,HERC5,1,18,7,42,0,1,4
7412,PCDH10,1,6,0,40,0,3,3
7413,NDST4,1,10,1,32,0,0,3
7414,ZGRF1,1,10,0,28,0,0,2
7415,AP1AR,1,14,0,24,0,0,2
7416,COPS4,1,13,5,48,0,0,3
7417,HNRNPD,1,48,4,54,0,3,4
7418,PRKG2,1,16,5,58,0,0,3
7419,RASGEF1B,1,8,0,7,0,2,3
7420,SEC31A,1,17,5,53,0,0,3
7421,FGF5,1,12,0,54,0,2,3
7422,GPAT3,1,13,1,33,0,0,3
7423,IL21,1,27,2,38,0,26,4
7424,FGF2,1,77,48,115,9,54,4
7425,BBS7,1,23,1,45,0,0,3
7426,KIAA1109,1,18,0,32,0,0,2
7427,BMPR1B,1,37,1,59,0,0,3
7428,RAP1GDS1,1,14,2,44,0,0,3
7429,LARP1B,1,8,0,35,0,0,2
7430,MMRN1,1,18,2,36,0,1,4
7431,PDE5A,1,10,3,41,0,1,4
7432,PRDM5,1,17,0,30,2,2,3
7433,TRPC3,1,17,5,49,0,0,3
7434,NAAA,1,14,1,32,0,1,4
7435,NUP54,1,10,31,57,0,0,3
7436,CXCL9,1,23,2,73,0,16,4
7437,BMP2K,1,13,0,32,0,0,2
7438,G3BP2,1,14,1,40,0,0,3
7439,SEPTIN11,1,15,0,34,0,0,2
7440,FRAS1,1,10,0,21,0,0,2
7441,SCARB2,1,33,2,93,0,3,4
7442,CCNG2,1,5,1,37,0,17,4
7443,CNOT6L,1,10,3,49,0,0,3
7444,USO1,1,21,3,58,0,1,4
7445,CDKL2,1,12,0,8,0,0,2
7446,SHROOM3,1,12,0,31,0,1,3
7447,ANXA3,1,18,1,34,0,0,3
7448,PPA2,1,11,2,36,0,0,3
7449,CENPE,1,35,10,92,0,0,3
7450,GSTCD,1,7,0,37,0,0,2
7451,INTS12,1,10,1,38,0,0,3
7452,ENPEP,1,24,1,44,0,0,3
7453,CASP6,1,28,4,45,0,3,4
7454,LEF1,1,60,17,93,110,23,4
7455,HADH,1,18,6,72,0,1,4
7456,EGF,1,43,37,191,0,44,4
7457,PAPSS1,1,12,3,43,0,3,4
7458,SEC24B,1,13,6,72,0,0,3
7459,C4orf17,1,1,0,5,0,0,2
7460,PPP3CA,1,48,5,78,0,3,4
7461,SLC39A8,1,36,1,37,0,1,4
7462,MTTP,1,35,3,40,0,14,4
7463,FBN2,1,21,3,39,0,5,4
7464,MAPK8IP3,1,24,0,44,0,0,2
7465,RGS3,1,9,2,37,0,0,3
7466,GUCD1,1,3,0,15,0,0,2
7467,TTLL8,1,12,1,12,0,0,3
7468,RNF185,1,22,4,44,0,0,3
7469,SHISAL1,1,2,0,8,0,0,2
7470,PARVG,1,12,0,44,0,0,2
7471,B4GALNT3,1,4,0,19,0,0,2
7472,PDE6H,1,11,0,45,0,0,2
7473,ERP27,1,5,0,37,0,0,2
7474,ETV6,1,20,2,60,24,4,4
7475,GABARAPL1,1,23,1,110,0,1,4
7476,KIF21A,1,27,2,49,0,0,3
7477,CPNE8,1,6,4,32,0,0,3
7478,YARS2,1,16,1,43,0,1,4
7479,FGD4,1,16,3,32,0,0,3
7480,ALG10,1,6,1,16,0,0,3
7481,PIK3C2G,1,15,2,49,0,0,3
7482,SINHCAF,1,10,0,33,0,0,2
7483,PLCZ1,1,22,1,72,0,0,3
7484,AEBP2,1,9,2,37,1,0,4
7485,SLCO1C1,1,14,1,33,0,1,4
7486,ETFBKMT,1,7,1,23,0,0,3
7487,ETNK1,1,6,1,32,0,1,4
7488,ZCRB1,1,10,3,49,0,0,3
7489,TMEM117,1,3,0,17,0,0,2
7490,PRICKLE1,1,75,1,35,0,0,3
7491,C1RL,1,6,0,21,0,0,2
7492,NDUFA9,1,17,2,78,0,0,3
7493,CLSTN3,1,31,0,25,0,0,2
7494,KLRG1,1,8,1,47,0,2,4
7495,VAMP1,1,19,3,44,0,0,3
7496,TAPBPL,1,10,0,16,0,0,2
7497,CD27,1,18,1,80,0,1,4
7498,RBP5,1,9,0,12,0,1,3
7499,PEX5,1,25,1,75,0,0,3
7500,PIANP,1,5,1,10,0,0,3
7501,SLC38A4,1,21,1,39,0,1,4
7502,AMIGO2,1,8,2,17,0,1,4
7503,SCAF11,1,10,0,47,0,0,2
7504,COL2A1,1,31,14,78,0,50,4
7505,PPFIA2,1,23,6,36,0,0,3
7506,ANP32D,1,0,0,4,0,0,1
7507,LLPH,1,6,0,41,0,0,2
7508,LRIG3,1,6,0,37,0,0,2
7509,MARCH9,1,9,0,0,0,0,1
7510,INHBE,1,7,1,27,0,2,4
7511,GLIPR1,1,6,2,34,0,2,4
7512,TPH2,1,8,1,35,0,5,4
7513,PHLDA1,1,8,2,22,0,6,4
7514,TMEM19,1,2,0,21,0,0,2
7515,LGR5,1,11,1,47,0,4,4
7516,PTPRQ,1,13,0,22,0,0,2
7517,DUSP6,1,23,4,44,0,7,4
7518,POC1B,1,12,0,46,0,0,2
7519,TMTC3,1,8,0,21,0,0,2
7520,LUM,1,17,7,94,0,3,4
7521,KERA,1,5,5,53,0,0,3
7522,SNRPF,1,43,10,197,0,0,3
7523,AMDHD1,1,9,1,24,0,0,3
7524,NEDD1,1,12,7,42,0,1,4
7525,SYCP3,1,14,1,76,0,0,3
7526,ASCL1,1,49,1,85,64,24,4
7527,GAS2L3,1,11,0,36,0,0,2
7528,TMEM132B,1,4,0,3,0,0,2
7529,SLC15A4,1,30,3,27,0,0,3
7530,TDG,1,28,5,43,0,4,4
7531,RITA1,1,12,0,26,0,0,2
7532,SDSL,1,9,2,41,0,0,3
7533,MMAB,1,7,2,35,0,0,3
7534,GLTP,1,19,1,23,0,2,4
7535,GIT2,1,11,8,42,0,0,3
7536,TCHP,1,14,0,49,0,0,2
7537,FAM222A,1,0,0,15,0,0,1
7538,FOXN4,1,17,0,32,8,1,3
7539,NUP58,1,11,0,41,0,0,2
7540,MTMR6,1,17,1,38,0,0,3
7541,SLC46A3,1,9,0,0,0,0,1
7542,SLC7A1,1,30,1,40,0,1,4
7543,PDX1,1,54,6,39,73,30,4
7544,LNX2,1,5,0,33,0,0,2
7545,SUOX,1,13,1,50,0,0,3
7546,CCDC65,1,12,0,71,0,0,2
7547,SLC39A5,1,18,1,29,0,0,3
7548,TARBP2,1,30,3,54,0,3,4
7549,RDH16,1,13,2,25,0,0,3
7550,DHH,1,21,8,36,0,5,4
7551,ACVRL1,1,73,1,47,0,3,4
7552,GPR84,1,10,2,34,0,0,3
7553,NABP2,1,17,1,34,0,0,3
7554,N4BP2L1,1,0,0,33,0,0,1
7555,CELA1,1,4,0,29,0,1,3
7556,SMARCC2,1,30,10,49,1,0,4
7557,BRCA2,1,41,14,118,0,21,4
7558,KANSL2,1,9,2,39,0,0,3
7559,CERS5,1,11,1,38,0,0,3
7560,MAP3K12,1,22,0,26,0,2,3
7561,ITGB7,1,24,2,61,0,3,4
7562,GALNT6,1,7,1,32,0,1,4
7563,CSAD,1,7,1,33,0,0,3
7564,LMBR1L,1,11,0,24,0,0,2
7565,C12orf10,1,11,0,26,0,0,2
7566,ESYT1,1,16,7,47,0,0,3
7567,TMBIM6,1,24,0,40,0,1,3
7568,ANKRD52,1,1,0,35,0,0,2
7569,KRT71,1,9,2,49,0,0,3
7570,ZNF740,1,8,1,21,0,0,3
7571,SMIM2,1,2,0,3,0,0,2
7572,WDFY2,1,8,0,36,0,0,2
7573,LPAR6,1,6,2,42,0,0,3
7574,ESD,1,12,1,37,0,1,4
7575,RB1,1,63,18,90,29,59,4
7576,SBNO1,1,10,0,32,0,0,2
7577,MORN3,1,5,0,21,0,0,2
7578,SETD1B,1,14,3,54,0,0,3
7579,VPS33A,1,28,1,61,0,0,3
7580,VPS37B,1,20,5,35,0,0,3
7581,RHOF,1,17,2,52,0,0,3
7582,DENR,1,11,0,47,0,0,2
7583,DIAPH3,1,22,13,56,0,0,3
7584,SLAIN1,1,6,0,8,0,0,2
7585,RBM26,1,7,1,24,0,0,3
7586,SRRM4,1,10,0,35,0,0,2
7587,METTL21C,1,7,0,32,0,0,2
7588,MBNL2,1,8,0,38,0,1,3
7589,RNF113B,1,4,0,35,0,0,2
7590,ZIC5,1,7,0,7,0,1,3
7591,ABHD13,1,6,0,33,0,0,2
7592,RAB20,1,14,1,14,0,1,4
7593,GRTP1,1,3,0,21,0,0,2
7594,CUL4A,1,42,10,86,0,1,4
7595,TTC6,1,0,0,0,0,0,0
7596,SSTR1,1,17,2,42,0,5,4
7597,CDH24,1,19,2,37,0,0,3
7598,REM2,1,5,0,8,0,0,2
7599,CBLN3,1,9,0,22,0,0,2
7600,TSSK4,1,15,0,37,0,0,2
7601,NOVA1,1,16,0,42,0,0,2
7602,FITM1,1,13,1,15,0,0,3
7603,MDGA2,1,7,1,33,0,1,4
7604,TMX1,1,17,0,33,0,0,2
7605,FRMD6,1,7,0,34,0,0,2
7606,PELI2,1,13,3,31,0,0,3
7607,RTN1,1,13,0,41,0,0,2
7608,ARMH4,1,5,0,5,0,0,2
7609,SYT16,1,5,0,15,0,0,2
7610,SLC38A6,1,8,0,17,0,0,2
7611,NAA30,1,9,1,31,0,0,3
7612,ADAM21,1,13,1,13,0,0,3
7613,RDH12,1,13,2,61,0,1,4
7614,DCAF5,1,9,1,42,0,0,3
7615,RAB15,1,14,1,31,0,1,4
7616,WDR89,1,0,0,24,0,0,1
7617,KCNH5,1,15,1,32,0,0,3
7618,STON2,1,12,2,39,0,0,3
7619,EFCAB11,1,5,0,20,0,0,2
7620,GPR65,1,13,2,37,0,0,3
7621,PTGR2,1,5,1,22,0,0,3
7622,JDP2,1,20,0,34,32,3,3
7623,AK7,1,11,1,60,0,0,3
7624,FAM181A,1,1,0,20,0,0,2
7625,SLC24A4,1,35,2,45,0,0,3
7626,FBLN5,1,21,2,41,0,4,4
7627,SERPINA10,1,7,3,35,0,2,4
7628,CLBA1,1,3,0,44,0,0,2
7629,WARS,1,20,0,0,0,0,1
7630,SLC25A47,1,9,0,32,0,0,2
7631,WDR20,1,9,1,32,0,0,3
7632,NIPA2,1,6,1,33,0,0,3
7633,SLC12A6,1,20,2,29,0,0,3
7634,DUOXA1,1,15,1,28,0,2,4
7635,MFAP1,1,9,1,70,0,3,4
7636,TCF12,1,28,6,60,46,4,4
7637,SORD,1,25,2,71,0,2,4
7638,SERF2,1,3,0,32,0,1,3
7639,ZSCAN29,1,6,0,21,0,0,2
7640,DUOXA2,1,19,1,33,0,0,3
7641,DUOX2,1,31,1,37,0,2,4
7642,LYSMD2,1,1,0,3,0,0,2
7643,SLC27A2,1,29,7,33,0,1,4
7644,FGF7,1,30,14,55,0,10,4
7645,HDC,1,11,1,36,0,19,4
7646,GCNT3,1,11,1,41,0,0,3
7647,BNIP2,1,10,1,33,0,0,3
7648,GTF2A2,1,16,10,63,0,0,3
7649,BAHD1,1,9,0,38,0,0,2
7650,DISP2,1,3,1,19,0,0,3
7651,CDAN1,1,10,0,33,0,2,3
7652,TLE3,1,18,4,46,1,1,4
7653,ANP32A,1,18,1,35,0,5,4
7654,COMMD4,1,9,1,67,0,0,3
7655,UBE2Q2,1,7,2,36,0,0,3
7656,PSTPIP1,1,13,2,44,0,0,3
7657,ETFA,1,9,1,67,0,0,3
7658,BCL2A1,1,13,2,37,0,12,4
7659,HMG20A,1,6,0,43,0,0,2
7660,SCAPER,1,11,0,17,0,0,2
7661,TSPAN3,1,3,0,17,0,0,2
7662,WDR61,1,13,0,57,0,0,2
7663,NCOA2,1,35,20,71,60,1,4
7664,NEIL1,1,20,4,37,0,1,4
7665,DNAJA4,1,15,1,45,0,0,3
7666,TLNRD1,1,4,0,14,0,0,2
7667,TPM1,1,35,2,74,0,3,4
7668,IGF1R,1,46,5,116,0,36,4
7669,ARRDC4,1,14,0,19,0,1,3
7670,PIF1,1,22,1,39,0,0,3
7671,USP3,1,13,1,38,0,0,3
7672,CYP11A1,1,20,3,46,0,31,4
7673,BBS4,1,55,1,48,0,0,3
7674,PML,1,78,7,62,17,20,4
7675,CYP1A1,1,80,5,116,0,44,4
7676,ADAMTS17,1,5,2,11,0,0,3
7677,LINS1,1,1,0,17,0,0,2
7678,ULK3,1,23,1,45,0,0,3
7679,GOLGA6D,1,5,0,3,0,0,2
7680,PCSK6,1,23,5,36,0,12,4
7681,CCDC33,1,2,0,18,0,0,2
7682,CELF6,1,9,0,10,0,0,2
7683,SCAMP2,1,9,0,26,0,0,2
7684,CYP1A2,1,42,7,108,0,16,4
7685,LMAN1L,1,10,2,37,0,0,3
7686,HAPLN3,1,8,0,5,0,0,2
7687,RHCG,1,20,1,28,0,0,3
7688,POLG,1,23,1,52,0,3,4
7689,RLBP1,1,8,3,33,0,6,4
7690,FANCI,1,12,2,57,0,0,3
7691,ABHD2,1,19,0,24,0,0,2
7692,WDR93,1,1,0,41,0,0,2
7693,TICRR,1,10,1,42,0,0,3
7694,NTRK3,1,29,10,53,0,3,4
7695,DET1,1,11,1,47,0,0,3
7696,MFGE8,1,13,4,44,0,5,4
7697,ZNF710,1,5,1,14,0,0,3
7698,UNC45A,1,10,0,32,0,0,2
7699,ST8SIA2,1,23,3,33,0,2,4
7700,MCTP2,1,8,0,31,0,0,2
7701,FURIN,1,56,25,112,0,10,4
7702,IQGAP1,1,59,19,92,0,2,4
7703,CRTC3,1,12,3,29,0,2,4
7704,EFL1,1,8,0,41,0,0,2
7705,SH3GL3,1,20,6,40,0,0,3
7706,SEC11A,1,10,7,34,0,0,3
7707,SEPTIN12,1,30,0,37,0,0,2
7708,GLYR1,1,15,0,38,0,0,2
7709,PMM2,1,9,2,48,0,0,3
7710,SLC5A2,1,19,2,43,0,3,4
7711,ITGAX,1,30,6,82,0,28,4
7712,TGFB1I1,1,16,0,37,7,2,3
7713,C16orf58,1,2,0,6,0,0,2
7714,ARMC5,1,13,0,25,0,0,2
7715,PARN,1,31,3,50,0,0,3
7716,FTO,1,23,1,76,0,6,4
7717,UQCRC2,1,11,3,82,0,0,3
7718,CDR2,1,2,0,35,0,1,3
7719,IGSF6,1,5,0,36,0,0,2
7720,ARHGAP17,1,10,6,33,0,0,3
7721,MYLK3,1,16,0,36,0,1,3
7722,ABCC12,1,7,0,19,0,0,2
7723,NKD1,1,17,0,38,0,1,3
7724,DHX38,1,15,4,67,0,0,3
7725,TXNL4B,1,11,0,34,0,0,2
7726,MARVELD3,1,12,0,28,0,0,2
7727,CHST4,1,14,1,34,0,3,4
7728,ZFHX3,1,27,1,38,13,3,4
7729,CLEC18B,1,7,0,4,0,0,2
7730,CPNE2,1,7,0,7,0,0,2
7731,NLRC5,1,14,3,46,0,0,3
7732,KATNB1,1,30,0,35,0,1,3
7733,KIFC3,1,18,0,45,0,0,2
7734,ADAMTS18,1,7,3,16,0,0,3
7735,NUDT7,1,16,2,38,0,0,3
7736,GCSH,1,7,2,42,0,2,4
7737,CMTM3,1,7,0,23,0,0,2
7738,CMTM2,1,3,0,21,0,0,2
7739,CDH11,1,30,6,44,0,3,4
7740,NOL3,1,41,0,12,0,0,2
7741,MAP1LC3B,1,26,10,77,0,8,4
7742,MBTPS1,1,22,7,38,0,2,4
7743,CDH13,1,48,1,50,0,11,4
7744,ZCCHC14,1,4,0,25,0,0,2
7745,MEAK7,1,15,0,43,0,0,2
7746,ADAD2,1,11,0,18,0,0,2
7747,OSGIN1,1,8,0,10,0,2,3
7748,IRF8,1,28,3,49,65,12,4
7749,RHOT2,1,15,1,36,0,0,3
7750,ZSCAN32,1,7,1,36,0,0,3
7751,NDUFB10,1,9,2,80,0,0,3
7752,PDPK1,1,48,20,48,0,2,4
7753,TIGD7,1,6,0,15,0,0,2
7754,DEF8,1,4,0,25,0,0,2
7755,TCF25,1,7,1,33,0,0,3
7756,GALNS,1,10,3,35,0,1,4
7757,GAS8,1,31,0,46,0,1,3
7758,MED9,1,10,3,35,0,0,3
7759,NCOR1,1,25,24,142,59,8,4
7760,COPS3,1,17,4,52,0,1,4
7761,GID4,1,4,1,25,0,0,3
7762,ZNF287,1,5,1,5,2,0,4
7763,MYOCD,1,36,1,43,8,31,4
7764,KSR1,1,20,9,45,0,1,4
7765,UTP4,1,13,2,82,0,0,3
7766,RANBP10,1,12,1,38,0,0,3
7767,CTRL,1,7,1,49,0,0,3
7768,DPEP3,1,7,0,11,0,0,2
7769,GFOD2,1,3,0,35,0,0,2
7770,NOB1,1,9,1,74,0,0,3
7771,PRPSAP2,1,10,0,36,0,0,2
7772,UNC45B,1,9,0,46,0,0,2
7773,PCTP,1,11,2,32,0,1,4
7774,OR4D1,1,7,1,16,0,0,3
7775,TOM1L1,1,19,0,29,0,0,2
7776,KIF2B,1,16,10,46,0,0,3
7777,C17orf80,1,5,0,37,0,0,2
7778,TOB1,1,14,0,32,1,3,3
7779,VPS53,1,20,1,57,0,0,3
7780,SPATA22,1,7,0,35,0,0,2
7781,SGSM2,1,6,0,36,0,0,2
7782,NPEPPS,1,15,1,40,0,1,4
7783,SKAP1,1,22,0,36,0,0,2
7784,LRRC46,1,5,0,50,0,0,2
7785,SCRN2,1,6,0,21,0,0,2
7786,SSH2,1,14,0,32,0,1,3
7787,RHBDL3,1,3,0,15,0,0,2
7788,SPACA3,1,11,0,34,0,0,2
7789,ARSG,1,7,2,36,0,0,3
7790,ABCA8,1,19,1,21,0,0,3
7791,G6PC3,1,6,2,40,0,0,3
7792,CLTC,1,57,18,139,0,1,4
7793,C17orf64,1,2,0,36,0,0,2
7794,BCAS3,1,27,0,40,0,4,3
7795,PTRH2,1,9,1,32,0,0,3
7796,SS18,1,13,8,38,0,0,3
7797,TAF4B,1,15,10,48,0,3,4
7798,AFG3L2,1,24,2,65,0,0,3
7799,PRELID3A,1,5,1,5,0,0,3
7800,IMPA2,1,17,1,34,0,1,4
7801,GNAL,1,17,3,443,0,1,4
7802,SLC39A6,1,21,1,30,0,1,4
7803,RPRD1A,1,9,1,35,0,0,3
7804,C18orf21,1,3,0,29,0,0,2
7805,GALNT1,1,13,4,32,0,1,4
7806,ASXL3,1,9,0,36,0,3,3
7807,ADCYAP1,1,29,3,59,0,18,4
7808,MEP1B,1,10,0,29,0,2,3
7809,SLC25A52,1,4,0,15,0,0,2
7810,GAREM1,1,7,0,28,0,0,2
7811,ESCO1,1,14,1,48,0,0,3
7812,OSBPL1A,1,21,3,11,0,0,3
7813,GATA6,1,55,5,57,82,9,4
7814,GREB1L,1,3,0,8,0,0,2
7815,RMC1,1,6,0,13,0,0,2
7816,PELP1,1,16,2,38,0,11,4
7817,NPC1,1,40,1,45,0,6,4
7818,SLC14A1,1,11,1,31,0,1,4
7819,ARRB2,1,54,16,503,0,7,4
7820,SLC13A5,1,21,1,20,0,0,3
7821,ZMYND15,1,5,0,20,0,0,2
7822,WRAP53,1,31,2,40,0,0,3
7823,MINK1,1,30,1,39,0,1,4
7824,SAT2,1,9,0,24,0,0,2
7825,ASGR1,1,11,1,34,0,0,3
7826,PIK3R5,1,17,9,44,0,0,3
7827,TP53,1,131,46,656,812,108,4
7828,CCDC40,1,23,0,55,0,0,2
7829,ARHGDIA,1,15,9,47,0,9,4
7830,TMC6,1,16,1,37,0,0,3
7831,SLC16A3,1,18,2,35,0,0,3
7832,CARD14,1,16,0,42,0,0,2
7833,TTYH2,1,8,1,13,0,0,3
7834,RAB40B,1,21,1,32,0,0,3
7835,EIF4A3,1,46,11,128,0,0,3
7836,CSNK1D,1,35,11,66,0,0,3
7837,ANAPC11,1,25,18,42,0,0,3
7838,TBCD,1,20,1,39,0,0,3
7839,FN3KRP,1,5,1,10,0,0,3
7840,NARF,1,7,0,20,0,0,2
7841,RPTOR,1,47,9,90,0,2,4
7842,FOXK2,1,25,1,35,2,0,4
7843,TRIM65,1,18,0,23,0,0,2
7844,CBX8,1,19,9,51,0,0,3
7845,SECTM1,1,13,0,4,0,6,3
7846,RNF157,1,8,0,12,0,0,2
7847,CEP131,1,17,7,52,0,1,4
7848,ZNF750,1,11,1,24,1,2,4
7849,WDR45B,1,16,1,34,0,0,3
7850,CBX4,1,27,9,47,0,0,3
7851,RNF165,1,7,0,20,0,0,2
7852,DYM,1,7,0,30,0,8,3
7853,MAPK4,1,16,1,32,0,0,3
7854,ELAC1,1,8,0,28,0,0,2
7855,MBD1,1,29,1,32,13,4,4
7856,SMAD4,1,97,21,150,138,12,4
7857,TNFRSF11A,1,35,2,37,0,34,4
7858,ZCCHC2,1,4,0,15,0,0,2
7859,FBXO15,1,4,2,40,0,2,4
7860,CBLN2,1,11,0,32,0,0,2
7861,PMAIP1,1,27,3,36,0,29,4
7862,P3H4,1,11,0,12,0,1,3
7863,NT5C3B,1,5,1,41,0,0,3
7864,RETREG3,1,10,0,42,0,1,3
7865,ERBB2,1,72,33,196,0,55,4
7866,GRB7,1,16,6,42,0,0,3
7867,MIEN1,1,8,0,33,0,0,2
7868,PNMT,1,6,1,33,0,8,4
7869,ARL5C,1,7,0,9,0,0,2
7870,STAC2,1,11,0,15,0,0,2
7871,IGFBP4,1,12,2,33,0,11,4
7872,FKBP10,1,9,0,50,0,0,2
7873,TXNL4A,1,12,3,47,0,0,3
7874,SAMD1,1,12,0,17,0,0,2
7875,BRD4,1,37,2,120,11,1,4
7876,SLC39A3,1,11,1,24,0,1,4
7877,NFIC,1,16,2,35,79,9,4
7878,TPGS1,1,13,1,23,0,0,3
7879,PLPP2,1,17,1,72,0,0,3
7880,ZIM3,1,6,1,11,0,0,3
7881,PRDM15,1,11,0,36,0,0,2
7882,FEM1A,1,16,1,40,0,0,3
7883,VAV1,1,24,24,84,0,9,4
7884,MVB12A,1,24,5,43,0,0,3
7885,CIB3,1,4,0,32,0,0,2
7886,SH3GL1,1,18,5,39,0,2,4
7887,DUS3L,1,10,0,39,0,0,2
7888,DPP9,1,11,0,35,0,0,2
7889,DMRTC2,1,10,0,12,0,0,2
7890,CCDC97,1,2,0,33,0,0,2
7891,TMEM91,1,5,0,20,0,0,2
7892,ZFP14,1,7,1,8,0,0,3
7893,SIRT3,1,28,5,44,0,1,4
7894,IFITM3,1,18,1,40,0,3,4
7895,PGGHG,1,4,0,29,0,0,2
7896,HUNK,1,8,0,10,0,1,3
7897,COL6A1,1,27,8,78,0,4,4
7898,IFNAR1,1,20,5,51,0,11,4
7899,SOD1,1,85,3,89,0,27,4
7900,COL6A2,1,15,8,82,0,2,4
7901,DNMT3L,1,20,2,36,3,1,4
7902,TRPM2,1,39,2,33,0,0,3
7903,SCYL1,1,13,0,34,0,0,2
7904,TMEM50B,1,9,0,13,0,0,2
7905,APP,1,221,19,231,0,49,4
7906,DOP1B,1,14,0,24,0,0,2
7907,URB1,1,5,0,47,0,0,2
7908,AKT1,1,143,43,305,0,45,4
7909,IL19,1,11,1,39,0,5,4
7910,EMP3,1,5,0,14,0,0,2
7911,SAE1,1,17,2,42,0,2,4
7912,LMTK3,1,9,0,6,0,0,2
7913,GEMIN7,1,12,2,33,0,0,3
7914,CBLC,1,19,0,34,0,0,2
7915,WTIP,1,10,1,33,0,0,3
7916,ADAMTS10,1,6,2,26,0,0,3
7917,SLC6A3,1,40,4,70,0,10,4
7918,RNPEPL1,1,5,0,10,0,0,2
7919,MYO1F,1,23,0,52,0,0,2
7920,ERVK3-1,1,0,0,5,0,0,1
7921,NLRP12,1,21,1,35,0,1,4
7922,CACNG8,1,23,4,78,0,0,3
7923,ZNF787,1,5,0,31,0,0,2
7924,TIMM29,1,7,0,27,0,0,2
7925,FBN3,1,9,3,36,0,0,3
7926,CARM1,1,27,13,54,0,23,4
7927,EVI5L,1,5,0,16,0,0,2
7928,TM4SF5,1,6,0,25,0,0,2
7929,SLC47A1,1,25,1,41,0,6,4
7930,PSMB6,1,29,69,52,0,1,4
7931,GPR32,1,10,1,32,0,0,3
7932,SIGLEC10,1,10,1,44,0,0,3
7933,ACP4,1,14,0,32,0,0,2
7934,KLK3,1,15,2,59,0,57,4
7935,ZNF473,1,8,4,29,0,0,3
7936,FAM71E1,1,4,0,27,0,0,2
7937,PTH2,1,3,2,34,0,0,3
7938,CTU1,1,11,1,60,0,0,3
7939,NOSIP,1,14,1,28,0,0,3
7940,IGLON5,1,5,0,32,0,0,2
7941,RCN3,1,13,0,6,0,0,2
7942,ZNF614,1,7,1,25,0,0,3
7943,SLC2A5,1,22,2,37,0,1,4
7944,RERE,1,12,0,38,4,0,3
7945,MMEL1,1,8,0,39,0,0,2
7946,CFAP74,1,6,0,48,0,0,2
7947,PRDM16,1,42,2,56,5,6,4
7948,CELA2A,1,12,2,28,0,5,4
7949,PADI3,1,7,1,10,0,4,4
7950,FHAD1,1,2,0,20,0,0,2
7951,PADI1,1,6,1,9,0,8,4
7952,EPHA2,1,50,12,87,0,7,4
7953,ARHGEF19,1,7,5,29,0,0,3
7954,EFHD2,1,7,1,32,0,6,4
7955,PEX14,1,24,3,52,0,1,4
7956,PGD,1,13,2,44,0,2,4
7957,MYOM3,1,6,0,25,0,0,2
7958,SH3BGRL3,1,6,0,24,0,0,2
7959,CNKSR1,1,9,7,37,0,1,4
7960,IL22RA1,1,15,1,46,0,5,4
7961,ZNF593,1,11,0,46,0,0,2
7962,C1orf216,1,1,0,3,0,0,2
7963,KIAA0319L,1,9,0,28,0,0,2
7964,EVA1B,1,2,0,10,0,0,2
7965,C1orf94,1,1,0,11,0,0,2
7966,DMRTA2,1,11,0,10,1,0,3
7967,PLK4,1,22,7,84,0,12,4
7968,MAP3K6,1,11,0,19,0,2,3
7969,FCN3,1,23,3,38,0,0,3
7970,GPN2,1,3,0,33,0,0,2
7971,SYTL1,1,10,1,33,0,5,4
7972,WDTC1,1,14,1,36,0,8,4
7973,CELA3A,1,4,0,34,0,0,2
7974,NBPF3,1,1,0,12,0,0,2
7975,HSPG2,1,31,24,122,0,1,4
7976,ITGB3BP,1,13,8,36,0,2,4
7977,SERBP1,1,18,0,55,0,2,3
7978,BCL10,1,54,5,48,0,6,4
7979,CCN1,1,23,2,40,0,25,4
7980,PRKACB,1,27,27,602,0,0,3
7981,PIGK,1,12,1,38,0,0,3
7982,TINAGL1,1,10,0,17,0,0,2
7983,AZIN2,1,29,1,37,0,0,3
7984,KIF2C,1,32,10,112,0,3,4
7985,PTPRF,1,20,3,39,0,1,4
7986,BEST4,1,7,1,11,0,0,3
7987,MOB3C,1,5,0,24,0,0,2
7988,CYP4B1,1,15,4,36,0,8,4
7989,TMEM61,1,2,0,15,0,0,2
7990,DMRTB1,1,10,0,18,0,0,2
7991,LMO4,1,18,0,16,5,4,3
7992,SYPL2,1,5,0,30,0,0,2
7993,BARHL2,1,13,0,24,1,1,3
7994,MTF2,1,17,1,35,6,2,4
7995,SLC44A3,1,9,2,10,0,0,3
7996,IGSF3,1,6,0,26,0,1,3
7997,ZNF697,1,8,1,8,0,0,3
7998,CTTNBP2NL,1,10,0,30,0,0,2
7999,STRIP1,1,12,0,36,0,0,2
8000,KCNA10,1,14,1,35,0,0,3
8001,PSMA5,1,42,70,61,0,14,4
8002,FNDC7,1,2,0,12,0,0,2
8003,C1orf162,1,1,0,9,0,0,2
8004,CD53,1,15,1,51,0,0,3
8005,PROK1,1,2,2,35,0,0,3
8006,CELSR2,1,24,0,44,0,0,2
8007,ITGA10,1,12,3,54,0,7,4
8008,GPR161,1,18,2,38,0,0,3
8009,ALDH9A1,1,18,1,57,0,1,4
8010,ATP1B1,1,49,4,45,0,8,4
8011,TIPRL,1,7,0,33,0,0,2
8012,NME7,1,26,2,83,0,1,4
8013,POGK,1,6,0,36,0,0,2
8014,MPC2,1,9,1,32,0,0,3
8015,CREG1,1,16,1,12,1,0,4
8016,DCAF6,1,9,1,42,0,2,4
8017,GPA33,1,5,0,13,0,4,3
8018,RXRG,1,22,2,37,7,2,4
8019,TBX19,1,18,0,25,2,0,3
8020,UCK2,1,13,1,39,0,3,4
8021,TMCO1,1,14,0,58,0,0,2
8022,XCL1,1,48,2,39,0,1,4
8023,XCL2,1,12,2,34,0,1,4
8024,POU2F1,1,18,6,43,117,14,4
8025,MAEL,1,17,1,36,0,0,3
8026,ILDR2,1,8,0,12,0,0,2
8027,DPT,1,7,0,33,0,1,3
8028,MGST3,1,18,2,43,0,0,3
8029,ADCY10,1,57,1,49,0,1,4
8030,COP1,1,15,2,62,0,7,4
8031,NECTIN4,1,14,2,32,0,0,3
8032,UFC1,1,11,0,35,0,0,2
8033,PPOX,1,47,1,36,0,2,4
8034,FCGR2A,1,11,5,53,0,3,4
8035,NUF2,1,17,6,95,0,0,3
8036,RGS5,1,12,2,37,0,3,4
8037,SDHC,1,13,3,74,0,3,4
8038,PFDN2,1,17,1,45,0,0,3
8039,NR1I3,1,23,0,38,54,11,3
8040,USP21,1,14,4,35,0,2,4
8041,F13B,1,4,1,39,0,1,4
8042,PRCC,1,5,2,39,0,0,3
8043,FCRL5,1,10,0,41,0,1,3
8044,RRNAD1,1,3,0,19,0,0,2
8045,PIGM,1,9,1,34,0,0,3
8046,CASQ1,1,29,2,36,0,1,4
8047,ISG20L2,1,8,1,32,0,0,3
8048,CRABP2,1,16,1,41,0,13,4
8049,HDGF,1,20,1,35,6,1,4
8050,ABL2,1,34,4,39,0,8,4
8051,XPR1,1,10,0,46,0,5,3
8052,RGS16,1,13,3,37,0,4,4
8053,TOR1AIP1,1,13,2,36,0,1,4
8054,FAM163A,1,2,0,16,0,0,2
8055,HMCN1,1,22,0,32,0,1,3
8056,RGL1,1,7,2,31,0,0,3
8057,LYPLAL1,1,10,0,41,0,0,2
8058,LHX9,1,13,1,44,2,1,4
8059,PRUNE1,1,15,0,22,0,2,3
8060,RORC,1,37,5,37,21,10,4
8061,TUFT1,1,9,0,21,0,0,2
8062,SF3B4,1,23,5,86,0,0,3
8063,ECM1,1,17,1,36,0,5,4
8064,ZNF687,1,6,1,37,0,0,3
8065,TARS2,1,15,1,39,0,1,4
8066,CGN,1,9,1,39,0,0,3
8067,SNX27,1,25,0,65,0,0,2
8068,SETDB1,1,24,3,77,0,9,4
8069,ADAMTSL4,1,9,2,21,0,1,4
8070,MCL1,1,35,2,52,0,39,4
8071,CTSK,1,21,7,50,0,14,4
8072,RFX5,1,18,0,34,8,1,3
8073,PI4KB,1,22,1,98,0,0,3
8074,PIP5K1A,1,29,2,49,0,0,3
8075,ANP32E,1,15,0,35,0,0,2
8076,MINDY1,1,6,0,32,0,0,2
8077,ANXA9,1,17,0,12,0,0,2
8078,SELENBP1,1,9,0,34,0,0,2
8079,CERS2,1,20,1,54,0,2,4
8080,ENSA,1,14,1,35,0,0,3
8081,SEMA6C,1,10,0,10,0,0,2
8082,ARNT,1,39,7,51,64,7,4
8083,POGZ,1,14,0,36,0,0,2
8084,C1orf56,1,3,0,2,0,0,2
8085,OAZ3,1,15,2,39,0,1,4
8086,HORMAD1,1,14,0,60,0,0,2
8087,GOLPH3L,1,14,0,30,0,0,2
8088,GABPB2,1,6,0,10,0,1,3
8089,SYT14,1,3,0,12,0,0,2
8090,KCNH1,1,24,1,34,0,2,4
8091,DTL,1,25,2,56,0,4,4
8092,DYRK3,1,26,0,6,0,0,2
8093,EIF2D,1,10,0,36,0,1,3
8094,INTS7,1,14,1,41,0,4,4
8095,VASH2,1,15,1,19,0,0,3
8096,TAF1A,1,8,6,35,0,3,4
8097,SMYD2,1,22,2,47,0,2,4
8098,SUSD4,1,9,0,11,0,0,2
8099,DUSP10,1,28,3,33,0,1,4
8100,HHIPL2,1,2,0,6,0,0,2
8101,TP53BP2,1,17,5,38,0,10,4
8102,ATP8B2,1,20,1,22,0,0,3
8103,FLG2,1,12,1,62,0,0,3
8104,CRNN,1,10,0,34,0,0,2
8105,ADAM15,1,27,2,36,0,1,4
8106,JTB,1,12,0,12,0,2,3
8107,RAB13,1,39,3,45,0,1,4
8108,S100A8,1,39,9,46,0,8,4
8109,NUP210L,1,2,0,24,0,0,2
8110,SNAPIN,1,40,1,55,0,0,3
8111,SLC27A3,1,11,1,18,0,0,3
8112,S100A7,1,26,2,50,0,7,4
8113,UBAP2L,1,11,0,56,0,0,2
8114,SLC39A1,1,13,1,45,0,3,4
8115,HAX1,1,34,0,35,0,5,3
8116,CREB3L4,1,17,1,41,2,1,4
8117,EFNA3,1,10,3,34,0,0,3
8118,AQP10,1,16,1,35,0,0,3
8119,KCNN3,1,13,1,39,0,4,4
8120,C1orf43,1,6,0,18,0,0,2
8121,GATAD2B,1,20,12,44,1,0,4
8122,ILF2,1,16,2,50,0,0,3
8123,RIT1,1,9,1,22,0,0,3
8124,INTS3,1,52,1,42,0,0,3
8125,PKLR,1,20,0,94,0,20,3
8126,HCN3,1,21,1,22,0,0,3
8127,FLG,1,14,2,66,0,15,4
8128,ACTA1,1,24,4,105,0,11,4
8129,C1orf131,1,7,0,35,0,0,2
8130,GALNT2,1,15,2,42,0,0,3
8131,TTC13,1,0,0,20,0,0,1
8132,SCCPDH,1,8,1,19,0,0,3
8133,LYST,1,18,0,37,0,0,2
8134,MAP3K21,1,11,0,24,0,0,2
8135,CEP170,1,6,0,44,0,0,2
8136,ACP1,1,10,0,45,0,0,2
8137,SNAP47,1,17,0,46,0,0,2
8138,SRP9,1,12,1,42,0,0,3
8139,NVL,1,19,0,35,0,0,2
8140,SDE2,1,17,1,39,0,0,3
8141,DEGS1,1,20,2,40,0,0,3
8142,FBXO28,1,12,0,38,0,0,2
8143,ARF1,1,35,12,119,0,2,4
8144,LEFTY2,1,8,3,35,0,12,4
8145,CNIH4,1,10,0,33,0,0,2
8146,ITPKB,1,16,1,34,0,0,3
8147,GUK1,1,17,2,60,0,0,3
8148,CDC42BPA,1,20,4,41,0,1,4
8149,CNIH3,1,16,2,45,0,0,3
8150,C1orf35,1,5,1,15,0,0,3
8151,MBOAT2,1,17,2,58,0,0,3
8152,PARP1,1,109,8,106,0,13,4
8153,PSEN2,1,34,12,55,0,6,4
8154,PYCR2,1,10,1,32,0,0,3
8155,LBR,1,23,11,58,0,8,4
8156,WNT9A,1,16,4,35,0,2,4
8157,EPHX1,1,11,1,51,0,10,4
8158,REN,1,25,1,71,0,30,4
8159,SOX13,1,26,1,20,0,0,3
8160,ETNK2,1,5,1,27,0,1,4
8161,PPFIA4,1,7,6,33,0,1,4
8162,PLEKHA6,1,1,1,12,0,0,3
8163,PTPN7,1,11,2,37,0,0,3
8164,SYT2,1,19,4,47,0,0,3
8165,ARL8A,1,24,1,33,0,0,3
8166,OSR1,1,57,2,12,3,3,4
8167,GDF7,1,12,0,33,0,1,3
8168,PDIA6,1,14,3,52,0,2,4
8169,RHOB,1,37,9,93,0,11,4
8170,ATP6V1C2,1,12,5,43,0,0,3
8171,HNRNPLL,1,10,0,35,0,0,2
8172,GALM,1,12,2,41,0,0,3
8173,CAMKMT,1,10,2,51,0,0,3
8174,ABCG8,1,26,4,50,0,7,4
8175,EML4,1,20,3,57,0,0,3
8176,CALM2,1,48,2,81,0,1,4
8177,CHAC2,1,5,1,39,0,0,3
8178,WDPCP,1,21,0,40,0,0,2
8179,VPS54,1,57,1,55,0,0,3
8180,REG3G,1,15,1,37,0,2,4
8181,ASXL2,1,12,1,35,0,2,4
8182,ETAA1,1,11,0,37,0,0,2
8183,SNRPG,1,44,10,164,0,0,3
8184,ABHD1,1,6,0,29,0,0,2
8185,MEIS1,1,22,1,63,23,17,4
8186,TRIM43B,1,5,0,4,0,0,2
8187,TRIM43,1,7,0,25,0,0,2
8188,CIAO1,1,7,1,43,0,1,4
8189,ZNF514,1,5,1,18,0,0,3
8190,SNRNP200,1,31,3,137,0,0,3
8191,ANKRD53,1,7,0,8,0,0,2
8192,TPRKB,1,8,1,26,0,0,3
8193,NAT8,1,15,1,20,0,0,3
8194,EXOC6B,1,7,0,36,0,0,2
8195,SFXN5,1,12,0,7,0,0,2
8196,TEX261,1,6,0,14,0,0,2
8197,DQX1,1,4,0,47,0,0,2
8198,DUSP11,1,11,0,37,0,1,3
8199,ST6GAL2,1,10,1,20,0,3,4
8200,NPHP1,1,27,1,65,0,0,3
8201,MALL,1,11,0,13,0,0,2
8202,THNSL2,1,4,0,36,0,0,2
8203,RALB,1,19,1,40,0,0,3
8204,C1QL2,1,13,0,33,0,0,2
8205,TMEM177,1,4,1,18,0,0,3
8206,NT5DC4,1,3,0,3,0,0,2
8207,RABL2A,1,9,0,34,0,0,2
8208,SLC20A1,1,13,1,36,0,2,4
8209,FBLN7,1,9,0,15,0,0,2
8210,ZC3H8,1,24,1,57,1,0,4
8211,LIPT1,1,9,1,38,0,0,3
8212,CNGA3,1,31,0,38,0,0,2
8213,FAHD2B,1,5,0,31,0,0,2
8214,LYG1,1,5,0,16,0,0,2
8215,AFF3,1,10,0,43,0,1,3
8216,UBXN4,1,5,0,33,0,0,2
8217,NXPH2,1,5,0,26,0,0,2
8218,SPOPL,1,10,1,43,0,0,3
8219,THSD7B,1,4,2,10,0,0,3
8220,GPR17,1,9,4,41,0,0,3
8221,POLR2D,1,12,44,93,0,0,3
8222,AMMECR1L,1,1,0,35,0,0,2
8223,GALNT13,1,5,1,33,0,0,3
8224,PKP4,1,27,5,37,0,0,3
8225,SCN1A,1,24,2,65,0,7,4
8226,SLC4A10,1,30,1,23,0,0,3
8227,SCRN3,1,4,0,9,0,0,2
8228,LNPK,1,12,0,29,0,0,2
8229,ZNF385B,1,6,0,31,0,0,2
8230,TMEFF2,1,9,0,28,0,4,3
8231,CDCA7,1,9,0,32,0,5,3
8232,DLX1,1,23,0,43,10,0,3
8233,UBR3,1,16,0,32,0,0,2
8234,PHOSPHO2,1,3,0,8,0,0,2
8235,GULP1,1,3,0,36,0,0,2
8236,FAM171B,1,2,0,17,0,0,2
8237,HSPD1,1,64,4,79,0,9,4
8238,CCDC150,1,1,0,26,0,0,2
8239,METTL21A,1,12,1,36,0,0,3
8240,UNC80,1,8,1,33,0,0,3
8241,PTH2R,1,11,2,24,0,1,4
8242,CPO,1,6,0,6,0,0,2
8243,NBEAL1,1,2,0,17,0,0,2
8244,KANSL1L,1,4,0,37,0,0,2
8245,SPAG16,1,8,0,10,0,0,2
8246,ABCA12,1,37,2,34,0,5,4
8247,SUMF1,1,10,2,34,0,0,3
8248,NYAP2,1,3,0,10,0,0,2
8249,RHBDD1,1,22,0,28,0,0,2
8250,ACKR3,1,31,2,36,0,13,4
8251,TRPM8,1,17,1,56,0,1,4
8252,HES6,1,19,0,30,8,5,3
8253,ESPNL,1,7,2,38,0,0,3
8254,ANKMY1,1,0,0,13,0,0,1
8255,COPS7B,1,10,4,41,0,0,3
8256,DIS3L2,1,17,1,47,0,0,3
8257,CPNE9,1,6,0,7,0,0,2
8258,FANCD2,1,15,2,78,0,2,4
8259,TAMM41,1,7,0,33,0,0,2
8260,VGLL4,1,10,0,32,0,1,3
8261,RAB5A,1,53,8,113,0,0,3
8262,RETREG2,1,6,0,33,0,0,2
8263,CTDSP1,1,9,0,32,0,0,2
8264,CNOT9,1,20,4,45,0,2,4
8265,MARCH4,1,8,0,0,0,0,1
8266,STK11IP,1,7,1,33,0,0,3
8267,GMPPA,1,10,1,37,0,0,3
8268,GRIP2,1,7,1,42,0,0,3
8269,EAF1,1,10,4,50,0,0,3
8270,CNTN4,1,17,1,48,0,0,3
8271,DYNC1LI1,1,26,14,56,0,0,3
8272,RBMS3,1,15,0,29,0,0,2
8273,GADL1,1,7,2,37,0,0,3
8274,OSBPL10,1,22,1,23,0,0,3
8275,POMGNT2,1,9,1,29,0,1,4
8276,ACKR2,1,21,1,37,0,0,3
8277,GASK1A,1,4,0,12,0,0,2
8278,CSRNP1,1,11,0,33,0,0,2
8279,SLC25A38,1,7,0,32,0,0,2
8280,ITGA9,1,15,3,60,0,3,4
8281,SLC22A14,1,9,0,20,0,0,2
8282,CTDSPL,1,7,0,32,0,0,2
8283,STAC,1,13,0,24,0,0,2
8284,IQSEC1,1,23,0,34,0,0,2
8285,CAND2,1,7,0,18,0,1,3
8286,PTPRG,1,13,0,35,0,2,3
8287,IL17RD,1,9,1,37,0,0,3
8288,SHQ1,1,7,1,36,0,1,4
8289,SLC25A26,1,11,1,15,0,0,3
8290,UBA3,1,14,5,129,0,1,4
8291,ARL6IP5,1,15,1,26,0,1,4
8292,TMF1,1,14,1,39,0,0,3
8293,LRIG1,1,4,3,40,0,0,3
8294,LIMD1,1,20,1,37,1,5,4
8295,ZNF660,1,6,1,4,0,0,3
8296,NFKBIZ,1,65,0,39,8,6,3
8297,COL8A1,1,11,5,50,0,2,4
8298,NXPE3,1,2,0,10,0,0,2
8299,ADGRG7,1,7,0,6,0,0,2
8300,MYH15,1,10,0,33,0,0,2
8301,PHLDB2,1,21,0,29,0,0,2
8302,ABHD10,1,10,1,34,0,0,3
8303,TAGLN3,1,7,0,37,0,0,2
8304,PLA1A,1,11,1,21,0,0,3
8305,RABL3,1,16,0,34,0,0,2
8306,ADPRH,1,7,0,12,0,0,2
8307,IGSF11,1,11,0,22,0,0,2
8308,ATG3,1,20,1,58,0,0,3
8309,NR1I2,1,31,0,76,219,20,3
8310,BOC,1,11,2,34,0,0,3
8311,SRPRB,1,9,2,52,0,0,3
8312,TMEM108,1,21,0,13,0,0,2
8313,AGTR1,1,35,4,73,0,27,4
8314,MED12L,1,8,0,34,0,0,2
8315,EIF2A,1,14,0,34,0,0,2
8316,ALDH1L1,1,13,1,37,0,0,3
8317,OSBPL11,1,18,1,33,0,0,3
8318,TRPC1,1,20,4,54,0,6,4
8319,NCEH1,1,11,1,33,0,0,3
8320,SPATA16,1,4,0,51,0,0,2
8321,LPP,1,10,0,32,0,1,3
8322,TMEM44,1,9,0,10,0,0,2
8323,RUBCN,1,11,0,32,0,0,2
8324,AMT,1,7,1,44,0,0,3
8325,TCTA,1,4,0,6,0,0,2
8326,NICN1,1,5,1,19,0,0,3
8327,UCN2,1,12,1,8,0,1,4
8328,DCAF1,1,24,1,54,0,0,3
8329,MANF,1,14,1,37,0,5,4
8330,STXBP5L,1,9,0,35,0,0,2
8331,EAF2,1,9,4,34,0,1,4
8332,ILDR1,1,17,0,36,0,0,2
8333,TM4SF19,1,8,0,41,0,0,2
8334,MUC4,1,11,6,65,0,24,4
8335,SLIT2,1,64,9,47,0,10,4
8336,EIF2B5,1,25,1,38,0,5,4
8337,AHSG,1,20,4,84,0,9,4
8338,ECE2,1,15,1,29,0,0,3
8339,VWA5B2,1,1,0,16,0,0,2
8340,DGKQ,1,49,1,49,0,3,4
8341,FIP1L1,1,8,7,48,0,0,3
8342,SLC26A1,1,17,2,29,0,0,3
8343,LYAR,1,17,0,46,1,0,3
8344,CENPC,1,17,7,41,0,0,3
8345,EPHA5,1,25,3,35,0,5,4
8346,CORIN,1,15,1,25,0,1,4
8347,ATP10D,1,18,1,24,0,0,3
8348,OCIAD2,1,11,0,20,0,0,2
8349,SLC10A4,1,6,0,14,0,6,3
8350,SLC10A6,1,6,1,8,0,0,3
8351,SCD5,1,10,2,36,0,4,4
8352,PLAC8,1,5,2,11,0,2,4
8353,ENOPH1,1,7,1,33,0,0,3
8354,CABS1,1,8,0,40,0,0,2
8355,GC,1,15,1,51,0,14,4
8356,TRMT10A,1,12,1,36,0,0,3
8357,KLHL8,1,8,0,40,0,0,2
8358,SNCA,1,121,2,116,0,14,4
8359,PYURF,1,4,1,25,0,0,3
8360,TBCK,1,13,0,20,0,0,2
8361,CAMK2D,1,53,21,42,0,5,4
8362,CISD2,1,71,0,33,0,0,2
8363,DDIT4L,1,3,0,12,0,0,2
8364,ANK2,1,70,2,110,0,2,4
8365,TIFA,1,11,2,31,0,0,3
8366,SPATA5,1,15,0,37,0,0,2
8367,FABP2,1,17,1,37,0,15,4
8368,CCNA2,1,35,21,171,0,53,4
8369,METTL14,1,26,1,57,0,0,3
8370,USP53,1,8,0,32,0,0,2
8371,SETD7,1,20,1,55,0,4,4
8372,NAF1,1,20,0,35,0,5,3
8373,MARCH1,1,18,0,0,0,0,1
8374,SFRP2,1,45,2,49,0,9,4
8375,RNF175,1,7,0,17,0,0,2
8376,PDGFC,1,21,0,38,0,2,3
8377,CBR4,1,16,1,37,0,0,3
8378,GLRA3,1,26,1,18,0,0,3
8379,CYP4V2,1,13,2,32,0,1,4
8380,ROPN1L,1,15,0,44,0,0,2
8381,NDUFS6,1,9,2,101,0,0,3
8382,MARCH6,1,19,0,0,0,0,1
8383,NKD2,1,23,1,29,0,1,4
8384,CDH18,1,16,1,37,0,0,3
8385,ADAMTS16,1,8,3,8,0,3,4
8386,SRD5A1,1,50,1,37,0,2,4
8387,MYO10,1,26,3,37,0,0,3
8388,OTULINL,1,5,0,16,0,0,2
8389,SKP2,1,20,10,71,0,32,4
8390,OSMR,1,18,1,39,0,0,3
8391,UGT3A1,1,6,2,32,0,0,3
8392,PLK2,1,36,3,46,0,3,4
8393,SHISAL2B,1,1,0,16,0,0,2
8394,GZMA,1,18,0,67,0,4,3
8395,PIK3R1,1,63,78,165,0,32,4
8396,HAPLN1,1,10,1,37,0,3,4
8397,LHFPL2,1,7,1,25,0,0,3
8398,SSBP2,1,8,0,33,0,0,2
8399,BHMT,1,12,2,45,0,5,4
8400,ANKRD31,1,6,0,24,0,0,2
8401,IQGAP2,1,27,5,35,0,0,3
8402,CRHBP,1,36,1,25,0,2,4
8403,RASA1,1,29,5,113,0,7,4
8404,LIX1,1,3,0,39,0,0,2
8405,GIN1,1,2,0,34,0,0,2
8406,PPIP5K2,1,12,1,30,0,1,4
8407,PAM,1,20,0,30,0,8,3
8408,BDP1,1,7,4,52,0,1,4
8409,GTF2H2,1,17,29,49,0,1,4
8410,SLC30A5,1,34,2,40,0,1,4
8411,BTF3,1,7,1,40,0,0,3
8412,FBXL17,1,14,1,39,0,0,3
8413,SPATA9,1,4,0,25,0,0,2
8414,TSLP,1,22,1,53,0,12,4
8415,TNFAIP8,1,8,1,13,0,4,4
8416,FEM1C,1,10,1,35,0,0,3
8417,COMMD10,1,8,1,57,0,0,3
8418,ATG12,1,25,4,77,0,2,4
8419,MEGF10,1,21,0,34,0,1,3
8420,ADAMTS19,1,11,2,5,0,0,3
8421,YIPF5,1,15,0,37,0,0,2
8422,ARHGAP26,1,14,10,38,0,1,4
8423,CXCL14,1,11,0,33,0,22,3
8424,LECT2,1,7,0,29,0,3,3
8425,SLC25A48,1,8,0,11,0,0,2
8426,DDX46,1,15,4,53,0,0,3
8427,IL9,1,11,1,53,0,22,4
8428,TIMD4,1,4,1,38,0,0,3
8429,RNF145,1,6,0,31,0,0,2
8430,C1QTNF2,1,8,0,17,0,0,2
8431,GABRA6,1,25,1,42,0,9,4
8432,GABRB2,1,32,2,46,0,0,3
8433,FBXO38,1,12,0,34,0,1,3
8434,SPINK7,1,5,0,36,0,0,2
8435,PCYOX1L,1,9,1,10,0,0,3
8436,GLRA1,1,45,1,31,0,1,4
8437,TNIP1,1,20,1,46,0,11,4
8438,ZNF300,1,11,1,4,7,1,4
8439,N4BP3,1,4,0,9,0,0,2
8440,NHP2,1,20,2,69,0,0,3
8441,RMND5B,1,8,1,26,0,0,3
8442,BOD1,1,13,1,30,0,0,3
8443,CPLX2,1,25,0,40,0,0,2
8444,TENM2,1,30,0,21,0,0,2
8445,KCNMB1,1,12,4,38,0,4,4
8446,FAM50B,1,3,0,24,0,0,2
8447,MYLK4,1,8,0,32,0,0,2
8448,FAM217A,1,1,0,14,0,0,2
8449,TBC1D7,1,17,1,51,0,0,3
8450,FARS2,1,13,1,32,0,0,3
8451,GFOD1,1,4,1,32,0,0,3
8452,CDKAL1,1,15,1,50,0,0,3
8453,PSD2,1,7,0,13,0,0,2
8454,LRRTM2,1,14,1,38,0,0,3
8455,ZMAT2,1,9,1,54,0,0,3
8456,GFRA3,1,14,2,35,0,0,3
8457,KLHL3,1,21,2,51,0,0,3
8458,DCDC2,1,18,0,30,0,1,3
8459,SLC17A4,1,15,0,19,0,0,2
8460,HIST1H2BA,1,14,0,0,0,0,1
8461,KAAG1,1,1,0,14,0,0,2
8462,TRIM7,1,9,0,16,0,0,2
8463,TRIM41,1,16,1,33,0,0,3
8464,HIGD2A,1,5,1,35,0,0,3
8465,FAM193B,1,5,0,11,0,0,2
8466,PLA2G7,1,18,1,68,0,2,4
8467,TNFRSF21,1,20,1,34,0,1,4
8468,RNF44,1,3,0,5,0,0,2
8469,MMUT,1,18,4,42,0,4,4
8470,RASGEF1C,1,4,0,14,0,0,2
8471,DOK3,1,7,1,33,0,0,3
8472,ABT1,1,14,0,37,0,0,2
8473,PPP1R18,1,3,0,18,0,0,2
8474,DAAM2,1,16,0,34,0,0,2
8475,PRIM2,1,8,9,53,0,0,3
8476,MLIP,1,11,0,4,0,4,3
8477,HMGCLL1,1,11,1,39,0,0,3
8478,LGSN,1,4,0,60,0,0,2
8479,FGD2,1,21,3,15,0,0,3
8480,SCUBE3,1,14,1,13,0,0,3
8481,CRIP3,1,2,0,8,0,0,2
8482,TTBK1,1,21,0,11,0,0,2
8483,TCTE1,1,8,0,38,0,0,2
8484,NFKBIE,1,7,1,43,3,5,4
8485,CYP39A1,1,16,2,38,0,0,3
8486,TPBG,1,8,0,20,0,0,2
8487,IRAK1BP1,1,6,0,5,0,0,2
8488,PHIP,1,18,1,50,0,0,3
8489,PRSS35,1,2,0,8,0,1,3
8490,MMS22L,1,13,0,39,0,0,2
8491,FAXC,1,1,0,16,0,0,2
8492,GABRR1,1,26,1,28,0,0,3
8493,PNRC1,1,3,0,19,0,5,3
8494,PM20D2,1,7,0,20,0,0,2
8495,RARS2,1,15,1,44,0,0,3
8496,SCML4,1,5,0,13,0,0,2
8497,TBC1D32,1,5,0,20,0,0,2
8498,CLVS2,1,11,1,30,0,0,3
8499,GPR6,1,9,0,30,0,0,2
8500,RNF217,1,10,1,10,0,0,3
8501,RSPO3,1,12,2,35,0,2,4
8502,ARHGAP18,1,13,2,6,0,1,4
8503,TAAR2,1,5,2,15,0,0,3
8504,TAAR6,1,7,2,32,0,0,3
8505,TAAR8,1,6,2,10,0,0,3
8506,ABRACL,1,3,0,8,0,0,2
8507,TAAR1,1,12,2,32,0,1,4
8508,SLC18B1,1,12,0,20,0,0,2
8509,MTFR2,1,5,0,33,0,0,2
8510,SLC2A12,1,11,1,34,0,1,4
8511,SHPRH,1,12,1,38,0,0,3
8512,AIG1,1,6,0,15,0,0,2
8513,DYNLT1,1,25,2,45,0,0,3
8514,TIAM2,1,20,4,32,0,0,3
8515,TMEM181,1,4,0,10,0,0,2
8516,PNLDC1,1,13,0,35,0,0,2
8517,WTAP,1,11,1,50,0,2,4
8518,ZMYM4,1,3,0,34,0,0,2
8519,VIP,1,26,2,68,0,15,4
8520,ARMT1,1,8,0,19,0,0,2
8521,SLC22A3,1,36,2,39,0,3,4
8522,VWDE,1,4,0,6,0,0,2
8523,GNA12,1,30,2,90,0,0,3
8524,C7orf50,1,6,0,34,0,0,2
8525,SDK1,1,6,1,5,0,0,3
8526,CCZ1B,1,5,1,41,0,0,3
8527,C7orf26,1,7,0,33,0,0,2
8528,RBAK,1,9,0,14,2,0,3
8529,CREB5,1,12,0,47,12,1,3
8530,FERD3L,1,13,0,16,0,1,3
8531,EGFR,1,91,37,456,0,76,4
8532,CDCA5,1,12,3,56,0,0,3
8533,IGFBP3,1,24,3,48,0,37,4
8534,PURB,1,20,0,20,3,0,3
8535,IGFBP1,1,15,4,43,0,38,4
8536,SSC4D,1,4,0,15,0,0,2
8537,MDH2,1,19,3,67,0,0,3
8538,POMZP3,1,1,0,7,0,0,2
8539,NIPSNAP2,1,8,2,37,0,1,4
8540,CCT6A,1,18,6,74,0,2,4
8541,PSPH,1,11,1,41,0,0,3
8542,TRIM50,1,6,1,33,0,0,3
8543,ZNF92,1,8,1,7,0,0,3
8544,ATXN7L1,1,1,0,33,0,0,2
8545,TMEM168,1,3,0,12,0,0,2
8546,ASB15,1,7,2,38,0,0,3
8547,SLC12A9,1,13,0,16,0,0,2
8548,GIGYF1,1,6,0,34,0,0,2
8549,TRIM4,1,9,9,37,0,0,3
8550,MEPCE,1,18,0,35,0,0,2
8551,ZAN,1,6,0,33,0,0,2
8552,TMEM209,1,4,0,28,0,0,2
8553,AGBL3,1,9,1,23,0,0,3
8554,STRA8,1,10,0,46,0,3,3
8555,ZC3HAV1L,1,2,0,11,0,0,2
8556,TMEM140,1,2,0,8,0,0,2
8557,TLK2,1,17,0,44,0,0,2
8558,EPHA1,1,20,4,49,0,1,4
8559,NOM1,1,4,0,55,0,0,2
8560,NCAPG2,1,16,1,36,0,0,3
8561,ASB10,1,6,2,37,0,0,3
8562,NLGN4X,1,38,1,65,0,2,4
8563,SHROOM2,1,26,0,16,0,0,2
8564,RAB19,1,11,1,33,0,0,3
8565,LUC7L2,1,9,0,45,0,0,2
8566,DENND2A,1,6,1,8,0,0,3
8567,CLTRN,1,14,1,27,0,0,3
8568,SH3KBP1,1,19,8,70,0,0,3
8569,TMEM47,1,6,0,20,0,1,3
8570,LANCL3,1,2,0,10,0,0,2
8571,SYTL5,1,9,0,18,0,0,2
8572,CASK,1,38,7,90,0,0,3
8573,KDM6A,1,12,7,91,0,0,3
8574,MSN,1,50,5,81,0,1,4
8575,AKAP4,1,22,0,57,0,1,3
8576,CCNB3,1,7,0,48,0,0,2
8577,HDAC8,1,22,6,47,0,1,4
8578,SLC16A2,1,16,1,39,0,1,4
8579,DIPK2B,1,1,0,15,0,0,2
8580,ZNF157,1,2,1,16,0,0,3
8581,ZNF182,1,6,0,16,0,0,2
8582,CHST7,1,12,1,35,0,0,3
8583,KRBOX4,1,6,0,17,0,0,2
8584,NDUFB11,1,6,2,59,0,0,3
8585,ZNF41,1,4,1,31,0,0,3
8586,RAB41,1,14,2,29,0,0,3
8587,ZMYM3,1,5,0,42,0,0,2
8588,TAF1,1,57,10,109,39,1,4
8589,GPR174,1,7,0,20,0,0,2
8590,NONO,1,27,0,46,18,1,3
8591,CCDC120,1,9,0,32,0,0,2
8592,LPAR4,1,7,2,32,0,2,4
8593,EBP,1,17,2,34,0,26,4
8594,AWAT2,1,13,3,37,0,0,3
8595,OGT,1,53,5,74,0,1,4
8596,SNX12,1,15,0,34,0,0,2
8597,ITGB1BP2,1,8,0,35,0,0,2
8598,IL2RG,1,43,9,63,0,2,4
8599,GCNA,1,8,0,23,0,0,2
8600,ZNF711,1,14,1,26,1,0,4
8601,CPXCR1,1,0,0,30,0,0,1
8602,DIAPH2,1,9,1,43,0,1,4
8603,NXF3,1,9,0,38,0,0,2
8604,RIPPLY1,1,7,0,14,0,0,2
8605,PRPS1,1,22,1,38,0,2,4
8606,RADX,1,8,0,26,0,0,2
8607,FRMPD3,1,4,1,6,0,0,3
8608,HTR2C,1,30,2,41,0,3,4
8609,DOCK11,1,10,3,32,0,0,3
8610,IGSF1,1,10,0,22,0,0,2
8611,ARHGAP36,1,4,0,23,0,0,2
8612,GPC3,1,25,18,80,0,3,4
8613,GPR119,1,9,2,44,0,0,3
8614,RBMX,1,30,9,93,0,2,4
8615,MCPH1,1,8,1,36,0,2,4
8616,MFHAS1,1,21,0,19,0,0,2
8617,FBXO25,1,8,0,32,0,0,2
8618,FATE1,1,12,0,22,0,3,3
8619,MAGEA4,1,6,0,41,0,1,3
8620,NSDHL,1,14,2,41,0,0,3
8621,ZNF185,1,7,0,14,0,0,2
8622,CETN2,1,30,10,68,0,1,4
8623,CSGALNACT1,1,17,1,38,0,0,3
8624,ATP6V1B2,1,23,6,57,0,4,4
8625,CCDC25,1,5,0,17,0,0,2
8626,HMBOX1,1,22,0,27,1,0,3
8627,CHRNB3,1,27,2,33,0,0,3
8628,CHRNA6,1,31,2,32,0,1,4
8629,GNRH1,1,25,2,54,0,32,4
8630,BIN3,1,14,0,24,0,0,2
8631,DOK2,1,9,2,37,0,0,3
8632,SLC25A37,1,8,1,44,0,1,4
8633,CHMP7,1,42,9,42,0,0,3
8634,DOCK5,1,16,3,38,0,0,3
8635,STAR,1,19,2,54,0,33,4
8636,PLPBP,1,5,0,36,0,0,2
8637,ERLIN2,1,12,5,51,0,0,3
8638,SNTG1,1,12,0,33,0,0,2
8639,PXDNL,1,12,0,50,0,0,2
8640,ST18,1,13,0,3,2,2,3
8641,RGS20,1,12,2,44,0,2,4
8642,TACC1,1,21,0,37,0,0,2
8643,GOLGA7,1,12,3,38,0,0,3
8644,PLPP5,1,9,1,53,0,0,3
8645,GINS4,1,10,1,47,0,0,3
8646,NSD3,1,18,1,45,0,1,4
8647,DNAJC5B,1,3,0,37,0,0,2
8648,CRH,1,24,3,76,0,36,4
8649,TRIM55,1,12,0,32,0,0,2
8650,ADHFE1,1,8,1,46,0,0,3
8651,PMP2,1,11,0,31,0,0,2
8652,LACTB2,1,9,0,32,0,0,2
8653,PRDM14,1,11,1,46,1,1,4
8654,TERF1,1,35,14,57,0,10,4
8655,SLC26A7,1,26,1,26,0,0,3
8656,PSKH2,1,5,0,17,0,0,2
8657,ATP6V0D2,1,16,5,48,0,2,4
8658,SYBU,1,14,0,32,0,0,2
8659,DPYS,1,16,1,37,0,0,3
8660,MTDH,1,28,0,36,0,6,3
8661,LRP12,1,11,1,28,0,0,3
8662,EBAG9,1,7,1,20,0,0,3
8663,RSPO2,1,11,1,34,0,2,4
8664,POLR2K,1,24,56,107,0,1,4
8665,MAL2,1,10,0,35,0,0,2
8666,EIF3H,1,18,7,48,0,0,3
8667,UTP23,1,9,0,45,0,0,2
8668,NDUFB9,1,10,2,109,0,0,3
8669,TATDN1,1,7,0,21,0,0,2
8670,FAM83A,1,10,0,20,0,0,2
8671,GSDMC,1,10,0,28,0,0,2
8672,FAM135B,1,3,0,13,0,0,2
8673,ZNF7,1,6,0,15,0,0,2
8674,ARHGAP39,1,9,11,40,0,0,3
8675,NAPRT,1,9,2,35,0,0,3
8676,VLDLR,1,25,3,49,0,11,4
8677,AK3,1,16,1,55,0,0,3
8678,UHRF2,1,19,1,39,0,0,3
8679,NFIB,1,34,2,35,25,1,4
8680,CER1,1,26,4,36,0,2,4
8681,PLIN2,1,13,5,47,0,15,4
8682,IFNA5,1,13,6,35,0,5,4
8683,HAUS6,1,12,7,49,0,0,3
8684,CDKN2B,1,17,5,41,0,53,4
8685,IFNA16,1,14,6,35,0,3,4
8686,CDKN2A,1,64,20,127,0,153,4
8687,C9orf72,1,45,0,60,0,0,2
8688,IFNK,1,19,0,35,0,0,2
8689,ZCCHC7,1,14,1,34,0,0,3
8690,FBXO10,1,12,2,32,0,1,4
8691,SIGMAR1,1,39,1,58,0,3,4
8692,CEP78,1,9,7,40,0,0,3
8693,NTRK2,1,53,14,77,0,15,4
8694,IDNK,1,3,0,32,0,0,2
8695,SHC3,1,10,3,35,0,0,3
8696,AUH,1,12,2,35,0,0,3
8697,MFSD14B,1,5,0,16,0,0,2
8698,PLPPR1,1,9,1,10,0,0,3
8699,OR13C4,1,6,1,16,0,0,3
8700,ZNF462,1,6,0,28,0,0,2
8701,INIP,1,10,0,27,0,0,2
8702,UGCG,1,18,1,67,0,4,4
8703,ACTL7B,1,8,0,35,0,0,2
8704,SNX30,1,13,0,18,0,0,2
8705,STOM,1,26,9,45,0,0,3
8706,GSN,1,52,4,89,0,9,4
8707,MRRF,1,7,1,61,0,0,3
8708,NR6A1,1,23,0,20,10,0,3
8709,CRB2,1,32,0,33,0,0,2
8710,OR5C1,1,7,1,25,0,0,3
8711,ALAD,1,50,2,41,0,1,4
8712,ASTN2,1,13,0,41,0,0,2
8713,WDR31,1,1,0,48,0,0,2
8714,POLE3,1,19,10,46,0,5,4
8715,SURF4,1,22,2,48,0,0,3
8716,GBGT1,1,8,0,8,0,0,2
8717,SURF1,1,10,1,50,0,2,4
8718,SURF2,1,1,0,22,0,2,3
8719,SURF6,1,10,0,55,0,1,3
8720,MED22,1,11,3,50,0,2,4
8721,REXO4,1,16,0,37,0,1,3
8722,GTF3C5,1,10,3,45,0,0,3
8723,ASB6,1,5,2,41,0,0,3
8724,PTGES2,1,18,2,33,0,0,3
8725,NTMT1,1,16,0,37,0,0,2
8726,CIZ1,1,5,0,35,0,0,2
8727,SLC25A25,1,7,0,36,0,0,2
8728,SH3GLB2,1,9,0,34,0,0,2
8729,MIGA2,1,8,1,20,0,0,3
8730,PTGES,1,21,1,33,0,14,4
8731,LCN2,1,53,4,68,0,21,4
8732,LRSAM1,1,14,1,36,0,0,3
8733,HMCN2,1,17,0,5,0,0,2
8734,GPR107,1,7,0,33,0,0,2
8735,PAXX,1,14,0,36,0,0,2
8736,IDI2,1,8,1,39,0,0,3
8737,INPP5E,1,27,2,43,0,0,3
8738,LCN9,1,3,1,36,0,0,3
8739,SEC16A,1,20,1,51,0,0,3
8740,DPH7,1,4,1,20,0,0,3
8741,NOTCH1,1,163,22,101,61,48,4
8742,CACNA1B,1,19,1,59,0,1,4
8743,NACC2,1,18,0,16,1,1,3
8744,PROSER2,1,1,0,27,0,0,2
8745,USP6NL,1,14,1,29,0,0,3
8746,COMMD3,1,10,2,56,0,0,3
8747,MSRB2,1,12,1,33,0,0,3
8748,PDSS1,1,11,1,37,0,0,3
8749,FAM171A1,1,4,0,10,0,0,2
8750,MINDY3,1,7,0,34,0,0,2
8751,SLC39A12,1,13,0,22,0,0,2
8752,TMEM236,1,2,0,22,0,0,2
8753,RSU1,1,7,1,38,0,1,4
8754,ST8SIA6,1,11,2,15,0,1,4
8755,PARD3,1,37,2,75,0,0,3
8756,ANKRD30A,1,0,2,17,0,1,3
8757,ZEB1,1,19,3,46,57,29,4
8758,FAM13C,1,1,0,23,0,0,2
8759,NRBF2,1,9,0,33,0,0,2
8760,A1CF,1,18,2,40,0,0,3
8761,CDHR1,1,11,0,38,0,0,2
8762,LRIT1,1,4,0,34,0,0,2
8763,RGR,1,12,2,41,0,6,4
8764,POLR3A,1,22,7,69,0,0,3
8765,HERC4,1,8,1,12,0,0,3
8766,LRMDA,1,2,0,52,0,2,3
8767,CAMK2G,1,26,22,37,0,0,3
8768,ADIRF,1,6,1,3,0,0,3
8769,GLUD1,1,22,3,71,0,2,4
8770,ANKRD1,1,35,1,38,1,19,4
8771,HTR7,1,19,2,35,0,2,4
8772,RPP30,1,13,2,47,0,1,4
8773,FRA10AC1,1,3,0,26,0,0,2
8774,ADD3,1,16,3,42,0,1,4
8775,HABP2,1,7,0,50,0,0,2
8776,VAX1,1,17,0,24,1,0,3
8777,DNAJB12,1,9,0,39,0,1,3
8778,EIF4EBP2,1,14,0,33,0,1,3
8779,NPFFR1,1,10,2,32,0,0,3
8780,PLEKHS1,1,1,0,19,0,0,2
8781,TCF7L2,1,51,12,80,111,7,4
8782,MKI67,1,14,0,47,0,7,3
8783,CYP17A1,1,23,3,58,0,35,4
8784,INA,1,15,0,34,0,4,3
8785,FUOM,1,9,1,10,0,0,3
8786,LRRC27,1,1,0,30,0,0,2
8787,MTG1,1,10,0,54,0,0,2
8788,NKX6-2,1,15,0,42,4,1,3
8789,PAOX,1,15,3,34,0,0,3
8790,GSTO1,1,18,4,46,0,0,3
8791,TAF5,1,16,11,72,1,1,4
8792,PPRC1,1,8,1,38,0,1,4
8793,ITPRIP,1,5,0,16,0,1,3
8794,CNNM2,1,8,0,42,0,0,2
8795,PDCD11,1,13,2,110,0,0,3
8796,ADAM12,1,9,2,37,0,7,4
8797,RGS10,1,14,1,34,0,2,4
8798,BTBD10,1,7,0,29,0,0,2
8799,ADM,1,28,3,39,0,20,4
8800,GAS2,1,9,1,21,0,4,4
8801,SLC5A12,1,14,1,33,0,0,3
8802,LIN7C,1,23,3,41,0,0,3
8803,LRRC4C,1,16,0,33,0,0,2
8804,IMMP1L,1,11,0,32,0,0,2
8805,SAA4,1,3,0,38,0,0,2
8806,PGAP2,1,6,0,37,0,0,2
8807,TUT1,1,20,1,39,0,0,3
8808,SCGB1A1,1,17,0,47,0,21,3
8809,SYT8,1,18,2,29,0,1,4
8810,ZNF214,1,5,1,17,0,0,3
8811,ZNF215,1,7,1,32,0,1,4
8812,HSD17B12,1,20,2,44,0,0,3
8813,APIP,1,12,3,33,0,0,3
8814,PAMR1,1,2,0,14,0,0,2
8815,DGKZ,1,24,1,45,0,0,3
8816,EIF3M,1,13,7,48,0,1,4
8817,TNKS1BP1,1,18,0,52,0,0,2
8818,GLYAT,1,13,5,32,0,1,4
8819,SERPING1,1,10,5,47,0,1,4
8820,OR5F1,1,7,1,18,0,0,3
8821,SSRP1,1,15,14,67,146,0,4
8822,SLC43A1,1,20,1,20,0,1,4
8823,PTPRJ,1,55,4,35,0,3,4
8824,C11orf49,1,6,0,22,0,0,2
8825,ARFGAP2,1,9,3,40,0,1,4
8826,CELF1,1,29,0,65,0,2,3
8827,HIKESHI,1,10,1,32,0,0,3
8828,CCDC81,1,4,0,24,0,0,2
8829,SESN3,1,19,1,32,0,3,4
8830,ENDOD1,1,9,1,29,0,0,3
8831,CCDC82,1,1,0,9,0,0,2
8832,KLHL35,1,5,0,15,0,0,2
8833,TENM4,1,19,0,31,0,0,2
8834,SERPINH1,1,15,1,67,0,7,4
8835,CAPN5,1,9,1,19,0,1,4
8836,INTS4,1,12,1,50,0,0,3
8837,PAK1,1,63,26,67,0,9,4
8838,ZC3H12C,1,10,0,20,0,0,2
8839,TTC12,1,5,0,36,0,0,2
8840,NCAM1,1,14,6,100,0,33,4
8841,DRD2,1,140,1,86,0,16,4
8842,C11orf52,1,3,0,3,0,0,2
8843,NPAT,1,15,0,37,0,8,3
8844,ATM,1,87,28,160,0,20,4
8845,AASDHPPT,1,8,1,38,0,0,3
8846,GLB1L2,1,5,3,11,0,0,3
8847,SLX4IP,1,1,0,30,0,0,2
8848,LAMTOR1,1,34,16,61,0,0,3
8849,P4HA3,1,8,2,35,0,0,3
8850,GRIK4,1,24,1,50,0,0,3
8851,ST14,1,11,1,32,0,2,4
8852,HYOU1,1,24,3,72,0,3,4
8853,GGTLC1,1,4,0,6,0,0,2
8854,ADAM33,1,7,1,33,0,0,3
8855,SLC22A8,1,15,2,53,0,6,4
8856,KAT14,1,17,2,45,0,0,3
8857,TKFC,1,15,4,35,0,0,3
8858,MTA2,1,29,12,47,6,3,4
8859,TMEM138,1,3,0,33,0,0,2
8860,FADS1,1,21,3,33,0,2,4
8861,TMC2,1,12,2,38,0,0,3
8862,ROM1,1,7,0,46,0,0,2
8863,INCENP,1,27,7,56,0,0,3
8864,ZP1,1,10,1,36,0,2,4
8865,OOSP2,1,4,0,11,0,0,2
8866,MS4A3,1,7,1,30,0,1,4
8867,PLCH2,1,14,1,35,0,0,3
8868,CPSF7,1,16,6,42,0,0,3
8869,MS4A2,1,8,5,42,0,4,4
8870,B3GAT3,1,16,2,44,0,7,4
8871,EI24,1,11,0,17,0,3,3
8872,CCDC15,1,5,0,13,0,0,2
8873,CHEK1,1,37,10,85,0,10,4
8874,FEZ1,1,23,0,35,0,0,2
8875,ESAM,1,15,1,47,0,5,4
8876,KIRREL3,1,14,1,33,0,0,3
8877,MPZL2,1,7,0,18,0,0,2
8878,SCN2B,1,28,3,44,0,0,3
8879,SIDT2,1,11,0,33,0,0,2
8880,TMEM25,1,7,0,29,0,0,2
8881,TAGLN,1,4,0,49,0,33,3
8882,JPH2,1,27,0,35,0,1,3
8883,DUSP15,1,12,0,12,0,0,2
8884,COMMD7,1,9,1,61,0,3,4
8885,C20orf144,1,0,0,3,0,0,1
8886,KIAA1755,1,5,0,20,0,0,2
8887,OCSTAMP,1,6,0,15,0,0,2
8888,DSN1,1,15,7,42,0,0,3
8889,SOGA1,1,12,0,11,0,0,2
8890,SPINT4,1,2,0,27,0,0,2
8891,CDH22,1,16,0,37,0,0,2
8892,LSM14B,1,9,0,38,0,0,2
8893,YTHDF1,1,19,0,50,0,0,2
8894,CABLES2,1,1,1,12,0,0,3
8895,LTO1,1,6,0,27,0,0,2
8896,GPHA2,1,7,2,33,0,1,4
8897,SLC22A9,1,10,0,37,0,1,3
8898,TRPT1,1,4,0,35,0,0,2
8899,NUDT22,1,4,0,37,0,0,2
8900,FERMT3,1,17,1,39,0,0,3
8901,PLCB3,1,31,8,110,0,0,3
8902,CDC42EP2,1,19,3,31,0,0,3
8903,TM7SF2,1,14,3,42,0,3,4
8904,VPS51,1,19,1,49,0,0,3
8905,TBX6,1,18,3,45,10,8,4
8906,PPP4C,1,13,1,65,0,1,4
8907,TLCD3B,1,7,0,35,0,1,3
8908,DOC2A,1,13,0,40,0,0,2
8909,HIRIP3,1,6,0,33,0,0,2
8910,TAOK2,1,44,0,37,0,0,2
8911,TMEM219,1,9,1,29,0,0,3
8912,HMGA2,1,61,1,47,38,9,4
8913,MMP3,1,27,7,54,0,29,4
8914,CNKSR2,1,18,7,34,0,0,3
8915,CNTN5,1,10,1,32,0,0,3
8916,KLRF1,1,6,1,43,0,0,3
8917,CLEC1A,1,6,0,16,0,0,2
8918,MKX,1,9,0,29,7,1,3
8919,MPP7,1,19,6,36,0,0,3
8920,ITGB1,1,118,35,201,0,25,4
8921,FXYD4,1,16,3,26,0,0,3
8922,TRIM48,1,8,1,29,0,0,3
8923,OR8K1,1,7,1,36,0,0,3
8924,OR5M9,1,7,1,16,0,0,3
8925,PCDH15,1,16,2,55,0,0,3
8926,CTF1,1,14,1,35,0,1,4
8927,CWC15,1,15,2,87,0,0,3
8928,FCGR1A,1,16,8,58,0,15,4
8929,ARID5B,1,14,1,39,8,1,4
8930,KLHL1,1,11,0,16,0,1,3
8931,CDH8,1,22,2,39,0,0,3
8932,DCUN1D2,1,7,1,44,0,0,3
8933,TMCO3,1,11,0,19,0,0,2
8934,TMEM218,1,3,0,22,0,0,2
8935,TIRAP,1,47,4,38,0,0,3
8936,EEF1AKMT1,1,7,1,33,0,0,3
8937,LATS2,1,24,1,49,0,3,4
8938,SAP18,1,18,4,44,0,2,4
8939,ADGRL3,1,23,0,185,0,0,2
8940,KIAA1328,1,1,0,33,0,0,2
8941,FAM124A,1,1,0,20,0,0,2
8942,MIA2,1,13,1,34,0,1,4
8943,HNMT,1,12,2,38,0,3,4
8944,LYPD1,1,6,1,18,0,0,3
8945,LYPD6B,1,3,1,32,0,0,3
8946,PDCD4,1,18,1,37,0,11,4
8947,ADRA2A,1,66,6,40,0,1,4
8948,GPM6A,1,27,0,36,0,0,2
8949,WDR17,1,0,0,55,0,0,1
8950,SPATA4,1,7,0,38,0,0,2
8951,VEGFC,1,30,3,38,0,13,4
8952,CCDC102B,1,4,0,17,0,0,2
8953,CD226,1,21,1,50,0,0,3
8954,CNDP1,1,8,0,44,0,0,2
8955,FSIP1,1,0,0,15,0,0,1
8956,DLG2,1,41,7,69,0,0,3
8957,CCDC83,1,1,0,14,0,0,2
8958,RGS18,1,8,2,47,0,0,3
8959,PRSS23,1,7,2,19,0,1,4
8960,MTMR12,1,8,1,21,0,0,3
8961,PPP1R1C,1,5,0,6,0,0,2
8962,C11orf53,1,8,0,11,0,0,2
8963,CCT5,1,22,6,79,0,1,4
8964,ATPSCKMT,1,9,0,14,0,0,2
8965,DOCK1,1,20,10,76,0,0,3
8966,DIXDC1,1,20,0,21,0,0,2
8967,DLAT,1,11,4,63,0,0,3
8968,PIH1D2,1,9,0,44,0,0,2
8969,NKAPD1,1,2,0,25,0,0,2
8970,TIMM8B,1,8,1,47,0,0,3
8971,IL18,1,46,8,72,0,19,4
8972,TEX12,1,11,1,37,0,1,4
8973,PTS,1,9,1,70,0,1,4
8974,PIP4K2A,1,25,4,53,0,0,3
8975,C2orf50,1,2,0,11,0,0,2
8976,FREM2,1,11,0,32,0,2,3
8977,FOXO1,1,53,11,115,264,15,4
8978,CRIM1,1,13,0,29,0,0,2
8979,SEC24D,1,13,6,58,0,0,3
8980,ABCB9,1,16,1,21,0,0,3
8981,RILPL2,1,14,0,32,0,0,2
8982,DHX37,1,20,2,45,0,0,3
8983,UBC,1,19,204,358,0,19,4
8984,ITPR1,1,57,15,123,0,13,4
8985,TKTL2,1,4,0,64,0,0,2
8986,PRSS53,1,4,0,17,0,0,2
8987,SLC7A11,1,27,3,44,0,9,4
8988,NOCT,1,27,1,34,0,4,4
8989,ENKUR,1,15,0,49,0,0,2
8990,GPR158,1,17,0,26,0,1,3
8991,LYZL2,1,2,0,5,0,0,2
8992,CACNA2D4,1,7,0,43,0,0,2
8993,DCP1B,1,13,1,51,0,0,3
8994,CACNA1C,1,46,5,135,0,3,4
8995,THRB,1,29,2,51,55,4,4
8996,NGLY1,1,8,1,34,0,0,3
8997,OXSM,1,10,1,59,0,0,3
8998,UEVLD,1,12,0,40,0,0,2
8999,TMEM86A,1,5,0,16,0,0,2
9000,C12orf45,1,4,0,27,0,0,2
9001,TMEM263,1,1,0,12,0,0,2
9002,BTBD11,1,5,0,2,0,0,2
9003,UBE3B,1,12,1,16,0,0,3
9004,ANK3,1,68,3,112,0,1,4
9005,IPMK,1,19,1,31,0,0,3
9006,RAD9B,1,9,7,32,0,0,3
9007,PLBD2,1,6,0,15,0,0,2
9008,DLG5,1,34,5,32,0,0,3
9009,MAT1A,1,10,4,38,0,3,4
9010,SLC2A13,1,21,1,34,0,1,4
9011,GXYLT1,1,5,0,25,0,0,2
9012,TWF1,1,24,3,44,0,6,4
9013,DIP2C,1,3,0,39,0,0,2
9014,EIF4E,1,35,14,113,0,10,4
9015,MAGI1,1,17,0,40,0,0,2
9016,TEX30,1,0,0,17,0,0,1
9017,CSNK1G3,1,11,0,27,0,0,2
9018,SRFBP1,1,5,0,42,0,0,2
9019,AKAP6,1,37,0,39,0,0,2
9020,NPAS3,1,11,0,32,1,1,3
9021,FAM177A1,1,2,0,14,0,0,2
9022,MBIP,1,20,2,46,0,0,3
9023,MIPOL1,1,4,0,37,0,0,2
9024,EXT2,1,22,3,60,0,0,3
9025,TMEM18,1,4,0,35,0,0,2
9026,ALLC,1,2,0,24,0,0,2
9027,KCTD14,1,2,0,15,0,0,2
9028,THRSP,1,12,2,34,0,8,4
9029,NDUFC2,1,17,3,46,0,0,3
9030,ME3,1,11,1,33,0,48,4
9031,MSGN1,1,13,2,29,0,1,4
9032,ADAMTS12,1,24,2,28,0,0,3
9033,NUBPL,1,10,1,47,0,0,3
9034,NEK7,1,19,3,35,0,0,3
9035,ATP6V1G3,1,10,5,35,0,0,3
9036,FER,1,64,1,20,0,1,4
9037,VIPAS39,1,16,0,34,0,0,2
9038,ANKRD50,1,3,0,32,0,0,2
9039,UPF2,1,14,2,40,0,0,3
9040,CDC123,1,7,0,46,0,0,2
9041,SCLT1,1,11,1,40,0,0,3
9042,CCDC3,1,6,0,8,0,0,2
9043,C4orf33,1,1,0,9,0,0,2
9044,FRMD4A,1,8,0,22,0,0,2
9045,SLC25A31,1,13,0,43,0,2,3
9046,PTPRO,1,34,1,32,0,8,4
9047,EPS8,1,30,2,44,0,0,3
9048,ACAD8,1,10,2,42,0,0,3
9049,THYN1,1,4,0,37,0,0,2
9050,VPS26B,1,19,0,46,0,0,2
9051,NCAPD3,1,14,1,37,0,0,3
9052,VTI1A,1,36,2,86,0,0,3
9053,QDPR,1,12,1,36,0,2,4
9054,FAM160B1,1,3,0,17,0,0,2
9055,ANO4,1,9,2,17,0,0,3
9056,TEX9,1,2,0,30,0,0,2
9057,QTRT2,1,14,1,34,0,0,3
9058,DRD3,1,42,2,42,0,2,4
9059,MMAA,1,15,4,19,0,0,3
9060,ZNF827,1,15,1,35,0,0,3
9061,POU4F2,1,49,1,36,32,6,4
9062,EDNRA,1,80,2,46,0,6,4
9063,NR3C2,1,22,2,44,52,5,4
9064,AKR1C2,1,34,3,38,0,5,4
9065,DPYSL4,1,8,1,39,0,0,3
9066,VENTX,1,14,2,32,5,1,4
9067,ADAM8,1,51,2,17,0,0,3
9068,ITIH2,1,10,2,38,0,0,3
9069,KIN,1,17,1,43,0,1,4
9070,PIGF,1,3,1,22,0,1,4
9071,ANKAR,1,1,0,24,0,0,2
9072,INPP1,1,7,1,40,0,0,3
9073,MFSD6,1,6,0,28,0,0,2
9074,RNF144A,1,16,1,26,0,2,4
9075,ASAP2,1,6,0,30,0,2,3
9076,ADAM17,1,67,13,51,0,7,4
9077,FLI1,1,21,1,35,85,7,4
9078,KCNJ1,1,13,1,38,0,1,4
9079,TMEM45B,1,6,0,6,0,0,2
9080,WWC2,1,14,0,14,0,0,2
9081,CENPU,1,8,7,39,0,0,3
9082,ACSL1,1,25,5,64,0,5,4
9083,SLC25A4,1,23,4,64,0,4,4
9084,AMN1,1,3,0,11,0,0,2
9085,BICD1,1,31,1,38,0,0,3
9086,SAV1,1,16,1,44,0,0,3
9087,CCDC122,1,0,0,19,0,0,1
9088,SERP2,1,5,0,5,0,0,2
9089,NBAS,1,11,1,39,0,1,4
9090,ZNF385D,1,4,0,10,0,1,3
9091,TDO2,1,13,1,41,0,8,4
9092,GUF1,1,9,0,57,0,0,2
9093,SLC35F4,1,3,0,14,0,0,2
9094,GABRA2,1,33,1,35,0,0,3
9095,SACS,1,13,0,29,0,0,2
9096,CCDC175,1,0,0,17,0,0,1
9097,PABPC3,1,13,0,35,0,0,2
9098,CENPJ,1,31,0,69,0,0,2
9099,FBXO4,1,18,3,39,0,0,3
9100,TMEM267,1,2,0,9,0,0,2
9101,CCL28,1,19,2,34,0,0,3
9102,PARP8,1,10,3,43,0,0,3
9103,GFRA1,1,28,4,42,0,6,4
9104,CACUL1,1,7,0,32,0,0,2
9105,DST,1,42,6,38,0,8,4
9106,BEND6,1,8,0,12,0,0,2
9107,TIAL1,1,22,1,46,0,1,4
9108,BAG3,1,35,1,66,0,7,4
9109,GLT1D1,1,3,0,7,0,0,2
9110,TMEM132D,1,2,0,8,0,0,2
9111,RBM46,1,15,0,32,0,0,2
9112,SCHIP1,1,7,0,13,0,0,2
9113,MCHR2,1,9,3,45,0,0,3
9114,KCNE4,1,16,2,34,0,0,3
9115,AP1S3,1,18,4,47,0,0,3
9116,RABGAP1L,1,8,0,12,0,0,2
9117,CCDC74B,1,1,0,42,0,0,2
9118,TLCD4,1,4,0,15,0,0,2
9119,MZT2B,1,7,2,27,0,0,3
9120,TUBA3E,1,12,29,42,0,0,3
9121,ASTN1,1,9,0,29,0,0,2
9122,CFC1B,1,9,0,2,0,0,2
9123,FAM168B,1,6,0,10,0,0,2
9124,PTPN14,1,13,1,41,0,0,3
9125,MGAT5,1,14,2,45,0,5,4
9126,TMEM163,1,17,0,5,0,0,2
9127,GPATCH11,1,7,0,33,0,0,2
9128,HSPB8,1,10,1,48,0,0,3
9129,GEMIN6,1,13,2,33,0,0,3
9130,TMEM178A,1,5,0,14,0,0,2
9131,POU4F1,1,44,1,38,28,3,4
9132,OBI1,1,10,1,28,0,0,3
9133,CYSLTR2,1,11,4,61,0,1,4
9134,GRID2,1,47,0,56,0,0,2
9135,ARL11,1,7,0,25,0,0,2
9136,RIT2,1,31,1,35,0,3,4
9137,SETBP1,1,9,0,46,6,0,3
9138,ARL14EP,1,3,0,26,0,0,2
9139,EPG5,1,9,0,37,0,0,2
9140,PSTPIP2,1,5,0,35,0,0,2
9141,ATP5F1A,1,33,4,110,0,3,4
9142,HAUS1,1,11,7,45,0,0,3
9143,C18orf25,1,8,0,16,0,0,2
9144,SPC25,1,10,6,37,0,0,3
9145,G6PC2,1,7,1,44,0,11,4
9146,PDK1,1,15,3,34,0,12,4
9147,PTH,1,42,2,69,0,30,4
9148,PDE3B,1,22,2,46,0,1,4
9149,TCF7L1,1,16,9,39,3,0,4
9150,TGOLN2,1,8,6,62,0,0,3
9151,SH2D6,1,4,0,3,0,0,2
9152,KCNK13,1,12,2,20,0,0,3
9153,UHMK1,1,18,1,34,0,3,4
9154,ATG10,1,11,1,39,0,1,4
9155,POC5,1,5,0,51,0,0,2
9156,SPOCK1,1,23,0,32,0,3,3
9157,FAM151B,1,3,0,13,0,0,2
9158,TADA1,1,9,1,39,0,0,3
9159,GUCY1A2,1,11,2,37,0,0,3
9160,CWF19L2,1,6,1,57,0,0,3
9161,JMY,1,21,1,32,0,0,3
9162,HOMER1,1,31,1,49,0,0,3
9163,XRCC4,1,26,3,45,0,1,4
9164,BOLL,1,11,0,35,0,0,2
9165,ZNF547,1,7,2,1,0,0,3
9166,ZNF773,1,6,1,15,0,0,3
9167,ZNF776,1,7,1,3,0,0,3
9168,ZNF256,1,8,1,7,2,0,4
9169,SUV39H2,1,28,1,46,0,0,3
9170,DCLRE1C,1,12,1,46,0,1,4
9171,OLAH,1,6,1,37,0,0,3
9172,RPP38,1,11,2,60,0,0,3
9173,NMT2,1,14,3,29,0,0,3
9174,ZSCAN1,1,7,0,34,0,0,2
9175,ZNF837,1,6,0,4,0,0,2
9176,USP12,1,12,1,34,0,0,3
9177,CCDC50,1,5,0,23,0,0,2
9178,CAMK4,1,19,6,45,0,11,4
9179,TRIM36,1,16,1,34,0,0,3
9180,ZFP36L2,1,34,1,35,0,0,3
9181,PAN3,1,14,1,35,0,0,3
9182,PLEKHH2,1,9,0,12,0,0,2
9183,PFKM,1,22,1,51,0,2,4
9184,TMEM123,1,5,0,25,0,0,2
9185,GRIA4,1,28,5,72,0,0,3
9186,SPEF2,1,16,0,46,0,1,3
9187,SPARCL1,1,10,2,40,0,1,4
9188,DSPP,1,11,1,34,0,23,4
9189,DMP1,1,11,3,37,0,21,4
9190,MEPE,1,9,2,36,0,1,4
9191,MBNL1,1,15,0,61,0,0,2
9192,CAPSL,1,3,0,35,0,0,2
9193,NADK2,1,5,2,26,0,0,3
9194,GPD1L,1,21,1,51,0,0,3
9195,GJA1,1,80,11,85,0,40,4
9196,CCNO,1,12,1,41,0,0,3
9197,DDX4,1,22,2,55,0,0,3
9198,CLEC4F,1,5,0,17,0,0,2
9199,SLC30A6,1,15,0,38,0,0,2
9200,PELO,1,12,1,44,0,1,4
9201,RASGRP3,1,15,2,35,0,1,4
9202,SAR1B,1,28,7,50,0,5,4
9203,CATSPER3,1,17,1,48,0,0,3
9204,GPR180,1,3,0,5,0,0,2
9205,TCTEX1D1,1,5,0,35,0,0,2
9206,WDR78,1,8,0,38,0,0,2
9207,ANKRD22,1,3,0,37,0,0,2
9208,FARP1,1,21,4,33,0,0,3
9209,IFIT5,1,18,2,42,0,0,3
9210,SLC16A12,1,10,0,20,0,0,2
9211,PANK1,1,12,1,21,0,2,4
9212,PRDM8,1,11,1,27,1,2,4
9213,BMP3,1,11,0,35,0,0,2
9214,HNRNPDL,1,15,1,57,0,1,4
9215,HHEX,1,37,1,56,28,16,4
9216,UTRN,1,28,2,46,0,8,4
9217,GRM1,1,34,4,65,0,1,4
9218,PTPRK,1,28,1,35,0,2,4
9219,GGPS1,1,15,2,49,0,1,4
9220,CNTNAP4,1,14,0,34,0,0,2
9221,ZNF117,1,7,0,14,0,0,2
9222,RAB3C,1,13,1,33,0,0,3
9223,LMNTD1,1,2,0,16,0,0,2
9224,MARVELD2,1,17,0,39,0,0,2
9225,RAD17,1,22,7,45,0,0,3
9226,MED21,1,16,3,66,0,1,4
9227,PLOD2,1,14,1,68,0,2,4
9228,STK32B,1,5,0,33,0,0,2
9229,NRSN1,1,8,0,31,0,0,2
9230,JAKMIP1,1,9,0,13,0,0,2
9231,ZIC1,1,26,2,39,17,1,4
9232,ADGRA3,1,8,0,34,0,0,2
9233,CPB1,1,6,2,38,0,0,3
9234,SREK1IP1,1,3,0,23,0,0,2
9235,LGI2,1,4,1,17,0,1,4
9236,CWC27,1,9,2,49,0,1,4
9237,SRP19,1,13,1,40,0,0,3
9238,CENPH,1,12,7,37,0,2,4
9239,CDYL,1,17,0,38,0,0,2
9240,CARHSP1,1,11,0,30,0,0,2
9241,TEKT5,1,10,0,16,0,0,2
9242,BANK1,1,15,0,36,0,0,2
9243,TXNDC11,1,4,1,34,0,0,3
9244,DAB2,1,43,4,54,0,7,4
9245,ACMSD,1,12,1,33,0,2,4
9246,ACOXL,1,11,1,40,0,0,3
9247,BCL2L11,1,25,8,58,0,25,4
9248,ANAPC1,1,13,18,61,0,0,3
9249,CAST,1,12,2,34,0,3,4
9250,SCOC,1,8,1,33,0,0,3
9251,CLGN,1,8,0,36,0,1,3
9252,CETN3,1,19,0,43,0,0,2
9253,SMARCA5,1,49,4,56,16,2,4
9254,SYCP2L,1,5,0,12,0,0,2
9255,BMP6,1,53,0,43,0,5,3
9256,RGPD3,1,5,0,38,0,0,2
9257,RASSF3,1,6,0,34,0,1,3
9258,HNRNPU,1,93,5,64,0,1,4
9259,AHCTF1,1,16,7,42,0,0,3
9260,MERTK,1,20,2,50,0,0,3
9261,TMEM87B,1,6,0,8,0,0,2
9262,OR14K1,1,7,1,12,0,0,3
9263,PTPRR,1,15,0,26,0,0,2
9264,NR4A2,1,36,2,44,57,14,4
9265,CCDC148,1,1,0,12,0,0,2
9266,PLA2R1,1,17,6,24,0,0,3
9267,RBMS1,1,13,0,32,0,3,3
9268,SCN3A,1,16,3,39,0,0,3
9269,FEZF2,1,15,0,41,7,3,3
9270,CD96,1,7,1,41,0,0,3
9271,SLC25A27,1,20,1,20,0,5,4
9272,ADGRF1,1,11,0,14,0,0,2
9273,ADGRF4,1,8,0,7,0,0,2
9274,FRMD1,1,5,0,28,0,0,2
9275,FAM49B,1,21,0,19,0,0,2
9276,ASAP1,1,14,1,43,0,0,3
9277,TRAPPC8,1,10,1,41,0,0,3
9278,FAM81B,1,2,0,34,0,0,2
9279,INO80C,1,17,2,41,0,0,3
9280,LPCAT1,1,24,5,55,0,0,3
9281,PLEKHG4B,1,13,1,11,0,0,3
9282,NMRAL1,1,7,2,38,0,0,3
9283,UBALD1,1,1,0,14,0,0,2
9284,C16orf89,1,5,0,7,0,0,2
9285,TMEM251,1,7,0,6,0,0,2
9286,ING1,1,13,0,36,0,2,3
9287,TEX29,1,2,0,19,0,0,2
9288,SPACA7,1,3,0,16,0,0,2
9289,ADPRHL1,1,6,0,9,0,0,2
9290,CMTM7,1,3,0,16,0,0,2
9291,FBXL2,1,18,0,35,0,0,2
9292,UBP1,1,12,0,33,3,0,3
9293,RMND5A,1,11,1,44,0,0,3
9294,CD8A,1,19,1,239,0,27,4
9295,RPIA,1,11,3,40,0,1,4
9296,GOLGA8F,1,2,0,14,0,0,2
9297,PTPRD,1,21,2,52,0,0,3
9298,LURAP1L,1,2,0,10,0,0,2
9299,CNKSR3,1,11,0,33,0,0,2
9300,GTF2E1,1,9,9,68,0,0,3
9301,CFDP1,1,8,0,39,0,0,2
9302,TGIF2LX,1,9,0,36,0,0,2
9303,ZDHHC7,1,23,1,26,0,0,3
9304,FAM92B,1,5,0,33,0,0,2
9305,C7orf31,1,2,0,23,0,0,2
9306,TMPRSS11D,1,10,0,19,0,3,3
9307,JAZF1,1,6,0,60,1,2,3
9308,CMIP,1,5,0,35,0,0,2
9309,SPHKAP,1,4,0,16,0,0,2
9310,KCNJ16,1,8,3,36,0,0,3
9311,PID1,1,23,0,27,0,5,3
9312,TRIP12,1,19,1,65,0,1,4
9313,FBXO36,1,2,0,24,0,0,2
9314,CEBPG,1,28,3,32,202,1,4
9315,KCTD15,1,6,1,40,0,0,3
9316,ZNF599,1,6,1,6,0,0,3
9317,MCOLN2,1,15,1,34,0,0,3
9318,LGI4,1,6,1,14,0,0,3
9319,DDAH1,1,14,1,23,0,3,4
9320,CHD1,1,16,2,42,0,5,4
9321,ANKFN1,1,3,0,16,0,0,2
9322,DGKE,1,18,1,40,0,1,4
9323,HS2ST1,1,7,1,52,0,1,4
9324,MSI2,1,11,1,35,0,1,4
9325,CACNA2D1,1,28,1,62,0,0,3
9326,ZUP1,1,11,0,87,0,0,2
9327,HS3ST3A1,1,7,1,31,0,0,3
9328,GDPD1,1,10,1,39,0,0,3
9329,NUS1,1,14,2,39,0,0,3
9330,SEMA3D,1,11,0,24,0,0,2
9331,PPP2R5E,1,8,23,51,0,0,3
9332,ASB17,1,4,2,38,0,0,3
9333,GRAP,1,16,1,36,0,1,4
9334,SLC5A10,1,13,1,16,0,0,3
9335,AK5,1,11,1,42,0,1,4
9336,CABYR,1,17,0,39,0,0,2
9337,IMPACT,1,13,1,33,0,1,4
9338,ANKRD29,1,1,0,22,0,0,2
9339,SDHAF4,1,9,1,17,0,0,3
9340,CHST9,1,13,0,20,0,0,2
9341,THY1,1,47,1,57,0,10,4
9342,DNAAF1,1,22,0,53,0,0,2
9343,C16orf74,1,4,0,9,0,0,2
9344,TBCEL,1,6,0,10,0,0,2
9345,JPH3,1,14,0,34,0,0,2
9346,ANKH,1,22,1,25,0,1,4
9347,OTULIN,1,14,2,40,0,0,3
9348,UBASH3B,1,13,0,38,0,0,2
9349,ROBO4,1,14,0,42,0,3,3
9350,ROBO3,1,15,0,33,0,2,3
9351,PANX3,1,14,0,8,0,0,2
9352,TBRG1,1,8,0,27,0,0,2
9353,NRGN,1,19,1,34,0,0,3
9354,RETREG1,1,10,1,38,0,0,3
9355,CDH12,1,16,1,32,0,0,3
9356,GPR15,1,12,1,32,0,0,3
9357,TOMM70,1,24,6,63,0,3,4
9358,ABI3BP,1,4,0,11,0,1,3
9359,ANGPT1,1,38,2,37,0,11,4
9360,PITPNC1,1,15,0,11,0,0,2
9361,CC2D1B,1,11,1,39,1,0,4
9362,CERS3,1,13,1,47,0,0,3
9363,PRKCA,1,76,20,112,0,19,4
9364,LRRK1,1,10,0,47,0,0,2
9365,CEP112,1,10,0,13,0,1,3
9366,ABCA9,1,9,1,7,0,0,3
9367,ABCA6,1,11,2,16,0,0,3
9368,ABCA10,1,9,1,15,0,0,3
9369,ABCA5,1,22,1,8,0,0,3
9370,ENPP3,1,32,1,111,0,0,3
9371,C4orf19,1,4,0,12,0,0,2
9372,UCHL1,1,20,1,43,0,14,4
9373,MIA3,1,24,3,43,0,0,3
9374,DISP1,1,8,0,34,0,0,2
9375,TNIK,1,28,1,36,0,0,3
9376,FAM167A,1,1,0,29,0,1,3
9377,NEIL2,1,16,3,34,0,0,3
9378,PGM5,1,19,0,42,0,0,2
9379,WNT3A,1,59,11,86,3,8,4
9380,OBSCN,1,29,4,40,0,0,3
9381,LONRF1,1,4,1,8,0,0,3
9382,TRIM11,1,19,1,38,0,1,4
9383,ENAH,1,18,2,34,0,2,4
9384,PPP1R3A,1,5,0,43,0,2,3
9385,CCSAP,1,15,0,5,0,0,2
9386,ASZ1,1,7,1,53,0,0,3
9387,SH3RF1,1,17,2,35,0,2,4
9388,GBP5,1,33,2,42,0,1,4
9389,BUB3,1,11,10,67,0,1,4
9390,GPR26,1,5,0,32,0,0,2
9391,CCDC173,1,6,0,50,0,0,2
9392,MMP21,1,10,0,15,0,0,2
9393,C10orf90,1,10,0,6,0,1,3
9394,DIPK1A,1,2,0,11,0,0,2
9395,ATP5MC3,1,9,2,64,0,0,3
9396,CNTNAP3B,1,5,0,5,0,0,2
9397,SRSF12,1,13,3,34,0,0,3
9398,PDLIM3,1,14,0,43,0,1,3
9399,SORBS2,1,21,0,33,0,1,3
9400,ELOC,1,21,20,162,0,0,3
9401,LY96,1,22,18,44,0,9,4
9402,PSMA8,1,17,1,42,0,0,3
9403,TMSB4Y,1,8,0,28,0,0,2
9404,CXADR,1,43,2,36,0,6,4
9405,BTG3,1,5,0,18,0,1,3
9406,C21orf91,1,3,0,9,0,0,2
9407,CHODL,1,8,0,13,0,0,2
9408,TMPRSS15,1,7,0,34,0,0,2
9409,NCAM2,1,8,0,16,0,1,3
9410,L3MBTL4,1,7,0,18,0,0,2
9411,PDE1C,1,12,1,36,0,0,3
9412,RABGEF1,1,19,2,51,0,0,3
9413,JAM2,1,21,2,35,0,1,4
9414,ATP5PF,1,10,3,47,0,0,3
9415,GABPA,1,18,1,37,46,4,4
9416,ADAMTS1,1,16,3,34,0,4,4
9417,ADAMTS5,1,21,3,34,0,5,4
9418,TSEN2,1,11,1,43,0,0,3
9419,SLFN13,1,8,0,7,0,0,2
9420,WNT7A,1,63,2,46,0,3,4
9421,XPC,1,34,3,57,4,10,4
9422,CCDC174,1,3,0,17,0,0,2
9423,FGD5,1,20,1,15,0,0,3
9424,FLCN,1,45,1,40,0,1,4
9425,DPH3,1,14,1,35,0,0,3
9426,OXNAD1,1,3,0,37,0,1,3
9427,PLCL2,1,15,0,7,0,0,2
9428,CXXC1,1,16,2,51,20,1,4
9429,SKA1,1,27,6,46,0,0,3
9430,PPP4R1,1,7,0,44,0,0,2
9431,APCDD1,1,7,0,29,0,2,3
9432,PIEZO2,1,16,0,35,0,0,2
9433,MPPE1,1,15,0,38,0,0,2
9434,USP43,1,9,1,34,0,0,3
9435,RAB6B,1,18,5,41,0,0,3
9436,EME1,1,19,2,42,0,1,4
9437,EPHB1,1,47,4,46,0,4,4
9438,ACSS1,1,11,1,49,0,3,4
9439,ANKRD40,1,4,0,25,0,0,2
9440,ZNF18,1,6,1,25,0,0,3
9441,CA10,1,6,0,36,0,0,2
9442,VOPP1,1,10,0,22,0,0,2
9443,SEPTIN14,1,20,0,27,0,0,2
9444,APOOL,1,11,2,41,0,0,3
9445,DKK2,1,8,4,39,0,3,4
9446,CYP2U1,1,17,3,46,0,0,3
9447,FBXL18,1,3,3,21,0,0,3
9448,CNTNAP5,1,6,0,21,0,0,2
9449,PROM2,1,23,0,17,0,0,2
9450,AK9,1,19,1,65,0,0,3
9451,ODF1,1,8,0,50,0,0,2
9452,KLF10,1,18,0,32,27,4,3
9453,PTPRN2,1,14,1,39,0,1,4
9454,AZIN1,1,10,1,41,0,0,3
9455,ATP6V1C1,1,18,6,37,0,1,4
9456,PIP4P2,1,8,0,33,0,0,2
9457,OTUD6B,1,8,0,38,0,0,2
9458,CDK19,1,15,3,39,0,0,3
9459,GTF3C6,1,11,3,34,0,0,3
9460,TTC39B,1,5,0,12,0,0,2
9461,AGPAT5,1,16,1,37,0,0,3
9462,MMS19,1,18,1,47,0,1,4
9463,OR4K1,1,6,1,17,0,0,3
9464,PI4K2A,1,33,3,41,0,0,3
9465,MARVELD1,1,7,0,12,0,0,2
9466,ZFYVE27,1,23,0,38,0,0,2
9467,GOLGA7B,1,6,0,24,0,0,2
9468,GPR78,1,6,0,11,0,0,2
9469,TRMT44,1,6,1,33,0,0,3
9470,SLC25A28,1,6,1,35,0,1,4
9471,HSPA13,1,11,1,58,0,0,3
9472,SAMSN1,1,11,0,34,0,0,2
9473,USP25,1,28,1,46,0,0,3
9474,GRAMD2B,1,4,0,21,0,0,2
9475,ZCCHC10,1,3,0,33,0,0,2
9476,C16orf87,1,1,0,27,0,0,2
9477,MOV10,1,24,24,45,0,0,3
9478,RHOC,1,26,8,106,0,4,4
9479,PPM1J,1,2,0,12,0,1,3
9480,DBI,1,14,1,41,0,13,4
9481,SLC16A1,1,40,4,38,0,11,4
9482,HEATR3,1,3,0,34,0,0,2
9483,NIFK,1,11,0,102,0,0,2
9484,OXA1L,1,19,5,65,0,0,3
9485,SLC7A7,1,15,3,38,0,1,4
9486,MAGEC1,1,4,0,46,0,0,2
9487,LARP1,1,29,1,36,0,0,3
9488,CNOT8,1,15,3,50,0,1,4
9489,GRIA1,1,117,8,122,0,8,4
9490,LRGUK,1,7,0,85,0,0,2
9491,SETD9,1,5,1,9,0,0,3
9492,MIER3,1,7,0,7,0,0,2
9493,NUP205,1,12,31,59,0,0,3
9494,ZKSCAN2,1,7,0,6,0,0,2
9495,C9orf85,1,0,0,10,0,0,1
9496,XAGE2,1,1,0,11,0,0,2
9497,PIK3AP1,1,15,4,34,0,1,4
9498,RBM45,1,9,0,36,0,0,2
9499,TTN,1,53,2,118,0,1,4
9500,VSIG4,1,8,0,38,0,0,2
9501,PDIA4,1,12,0,54,0,0,2
9502,KDM8,1,19,1,32,0,2,4
9503,PDZD9,1,0,0,13,0,0,1
9504,OTOA,1,6,1,39,0,0,3
9505,KCTD18,1,2,0,19,0,0,2
9506,FAM126B,1,6,0,20,0,0,2
9507,FLACC1,1,6,0,14,0,0,2
9508,C2CD6,1,7,0,22,0,0,2
9509,TMEM237,1,12,0,40,0,0,2
9510,FZD7,1,29,4,57,0,3,4
9511,SPAG17,1,13,0,48,0,0,2
9512,DEPTOR,1,17,0,34,0,0,2
9513,FMN2,1,33,0,33,0,2,3
9514,RNF20,1,26,2,43,0,0,3
9515,CYLC2,1,7,0,15,0,0,2
9516,PPARGC1B,1,16,5,40,5,8,4
9517,ELMO1,1,17,6,54,0,0,3
9518,SLC26A2,1,16,3,37,0,1,4
9519,LSM11,1,14,3,37,0,0,3
9520,MED7,1,17,5,76,0,1,4
9521,SAXO1,1,16,0,18,0,0,2
9522,RRAGA,1,30,8,51,0,0,3
9523,SLC24A2,1,20,1,22,0,0,3
9524,TRIM42,1,2,0,23,0,0,2
9525,PXYLP1,1,8,1,20,0,0,3
9526,ADCY8,1,59,16,64,0,0,3
9527,RASA2,1,10,1,34,0,0,3
9528,RMND1,1,3,0,32,0,0,2
9529,RAET1L,1,12,1,19,0,0,3
9530,SLA,1,11,1,34,0,5,4
9531,TMBIM4,1,12,0,34,0,0,2
9532,VBP1,1,13,1,46,0,0,3
9533,RAB39B,1,16,2,38,0,0,3
9534,CLIC2,1,14,2,22,0,2,4
9535,AFF2,1,11,0,33,0,2,3
9536,MICU3,1,12,2,24,0,0,3
9537,GRIP1,1,18,1,55,0,5,4
9538,VPS37A,1,14,5,41,0,0,3
9539,KIF5A,1,31,6,75,0,0,3
9540,NAT2,1,8,2,33,0,1,4
9541,MAGEA8,1,4,0,15,0,0,2
9542,PSD3,1,6,0,6,0,0,2
9543,CARNMT1,1,9,1,21,0,0,3
9544,MCU,1,20,2,34,0,1,4
9545,ELMSAN1,1,10,0,9,0,0,2
9546,CFAP70,1,9,0,55,0,0,2
9547,GNA14,1,20,9,69,0,0,3
9548,FAM161B,1,5,0,13,0,0,2
9549,GNAQ,1,46,11,210,0,3,4
9550,WIF1,1,7,2,43,0,9,4
9551,UGT2B4,1,5,2,50,0,1,4
9552,GPR61,1,10,0,15,0,0,2
9553,MMP16,1,15,2,33,0,0,3
9554,ADK,1,16,2,73,0,2,4
9555,KCNMA1,1,28,4,52,0,2,4
9556,BATF,1,29,4,40,14,2,4
9557,DCK,1,20,2,61,0,5,4
9558,ADAMTS3,1,17,3,37,0,0,3
9559,ALX3,1,9,1,24,2,4,4
9560,DPY19L4,1,4,0,34,0,0,2
9561,NDUFAF6,1,6,1,51,0,0,3
9562,DRAM2,1,9,0,11,0,1,3
9563,C8orf37,1,5,0,46,0,0,2
9564,PPEF2,1,19,0,32,0,0,2
9565,CFAP161,1,8,0,57,0,0,2
9566,ADAMTSL3,1,4,2,19,0,0,3
9567,ART3,1,5,1,24,0,1,4
9568,SLC28A1,1,19,1,34,0,1,4
9569,WHAMM,1,18,1,38,0,0,3
9570,CXCL13,1,34,2,54,0,6,4
9571,N6AMT1,1,23,0,41,0,0,2
9572,RWDD2B,1,1,0,18,0,0,2
9573,USP16,1,27,1,32,0,0,3
9574,CCT8,1,23,7,72,0,3,4
9575,MAP3K7CL,1,3,0,8,0,0,2
9576,NAA11,1,12,0,32,0,0,2
9577,BACH1,1,20,4,32,16,3,4
9578,CLDN17,1,13,1,35,0,0,3
9579,CLDN8,1,12,1,33,0,0,3
9580,TSPAN7,1,3,2,30,0,2,4
9581,TIAM1,1,28,11,54,0,6,4
9582,SCAF4,1,6,0,38,0,0,2
9583,RPGR,1,22,0,80,0,0,2
9584,CDK20,1,11,0,35,0,1,3
9585,PCGF6,1,11,1,62,0,0,3
9586,ANKRD9,1,7,1,37,0,0,3
9587,SFR1,1,12,0,14,0,0,2
9588,SORCS3,1,12,0,33,0,0,2
9589,SFXN2,1,12,0,13,0,0,2
9590,ATP5MPL,1,6,0,36,0,0,2
9591,FUT6,1,18,1,35,0,0,3
9592,TDRD9,1,16,1,40,0,0,3
9593,FGF18,1,18,29,49,0,8,4
9594,PCDH1,1,11,0,23,0,0,2
9595,SH3RF2,1,15,0,24,0,0,2
9596,GDF6,1,16,0,39,0,0,2
9597,UQCRB,1,9,2,100,0,1,4
9598,MTERF3,1,10,3,40,0,0,3
9599,PTDSS1,1,6,1,37,0,1,4
9600,PPP2R2B,1,10,0,85,0,4,3
9601,KCNS2,1,16,1,41,0,0,3
9602,FAM122C,1,5,0,19,0,0,2
9603,SUPV3L1,1,30,1,42,0,0,3
9604,FAM122B,1,4,0,17,0,0,2
9605,FBXO43,1,12,0,35,0,3,3
9606,HKDC1,1,18,1,46,0,0,3
9607,HK1,1,30,3,53,0,4,4
9608,TYSND1,1,11,2,44,0,1,4
9609,PHF6,1,14,5,42,0,0,3
9610,CD109,1,7,2,33,0,0,3
9611,LRFN2,1,11,1,34,0,0,3
9612,NODAL,1,27,2,38,0,7,4
9613,PRG3,1,13,1,6,0,1,4
9614,UBE2L6,1,17,9,56,0,0,3
9615,ZDHHC5,1,23,1,37,0,1,4
9616,MED19,1,12,3,37,0,0,3
9617,ZFAND3,1,3,0,27,0,0,2
9618,NPTN,1,24,1,33,0,0,3
9619,KAT6B,1,23,1,38,7,1,4
9620,SAMD8,1,12,1,19,0,0,3
9621,RAB11FIP1,1,8,0,35,0,0,2
9622,UNC5D,1,7,1,36,0,1,4
9623,GLYATL2,1,5,4,25,0,0,3
9624,UTP14A,1,10,2,59,0,0,3
9625,AIFM1,1,36,0,48,0,2,3
9626,MAPK13,1,21,3,79,0,4,4
9627,BAG4,1,23,4,44,0,2,4
9628,MS4A1,1,22,0,63,0,4,3
9629,TBC1D31,1,6,0,36,0,0,2
9630,WDYHV1,1,8,0,29,0,0,2
9631,ATAD2,1,11,1,47,0,3,4
9632,FBXO32,1,12,3,38,0,12,4
9633,NSMCE2,1,18,1,59,0,0,3
9634,ZNF689,1,8,1,7,0,0,3
9635,PRR14,1,5,0,22,0,0,2
9636,FBRS,1,0,0,34,0,0,1
9637,FRRS1,1,3,0,13,0,0,2
9638,PHKG2,1,17,1,37,0,0,3
9639,MFSD14A,1,6,0,27,0,0,2
9640,SASS6,1,13,0,56,0,0,2
9641,COX6A2,1,7,4,68,0,0,3
9642,ITGAD,1,13,1,32,0,7,4
9643,ADGRG4,1,7,0,9,0,0,2
9644,ZIC3,1,52,2,37,4,7,4
9645,MALSU1,1,7,1,66,0,0,3
9646,VPS8,1,9,0,39,0,0,2
9647,GALK2,1,10,0,33,0,0,2
9648,LHFPL4,1,12,0,29,0,0,2
9649,B3GNT7,1,9,2,32,0,0,3
9650,MPV17L,1,8,0,14,0,1,3
9651,BUB1B,1,17,10,171,0,4,4
9652,PDE6D,1,15,2,46,0,0,3
9653,EIF4A2,1,15,10,57,0,0,3
9654,BRPF1,1,18,2,41,0,1,4
9655,RPUSD3,1,12,2,48,0,0,3
9656,SST,1,25,3,123,0,27,4
9657,TATDN2,1,3,1,22,0,0,3
9658,GHRL,1,71,0,93,0,7,3
9659,SEC13,1,27,41,104,0,0,3
9660,EXOG,1,14,1,21,0,0,3
9661,NTAN1,1,5,0,34,0,0,2
9662,SHCBP1L,1,6,0,26,0,0,2
9663,NMNAT2,1,23,1,44,0,1,4
9664,ZFYVE9,1,12,0,34,0,0,2
9665,ATP2B2,1,35,3,44,0,0,3
9666,LYZL4,1,8,0,10,0,0,2
9667,SLC6A1,1,28,2,49,0,3,4
9668,SMG1,1,21,1,47,0,0,3
9669,FCHO2,1,17,2,44,0,0,3
9670,RBPMS,1,24,0,41,0,2,3
9671,TMEM171,1,2,0,29,0,0,2
9672,KLHL40,1,13,0,54,0,0,2
9673,C8A,1,17,2,46,0,0,3
9674,TIMP4,1,6,0,36,0,1,3
9675,SYN2,1,17,2,59,0,3,4
9676,NRG1,1,61,20,44,33,8,4
9677,ODR4,1,2,0,13,0,0,2
9678,CPT2,1,14,2,42,0,1,4
9679,NECAP2,1,8,2,39,0,0,3
9680,LRP8,1,39,2,41,0,1,4
9681,CDCP2,1,2,0,20,0,0,2
9682,PAXIP1,1,20,6,45,0,0,3
9683,STEAP2,1,15,0,22,0,0,2
9684,SSBP3,1,15,0,32,0,1,3
9685,HTR5A,1,16,2,55,0,1,4
9686,CLDN12,1,9,1,38,0,0,3
9687,MMP14,1,54,5,53,0,23,4
9688,FZD1,1,29,5,60,0,4,4
9689,GATAD1,1,7,0,32,0,0,2
9690,SUSD3,1,2,0,13,0,0,2
9691,TMED6,1,8,0,23,0,0,2
9692,CLEC18A,1,7,0,2,0,0,2
9693,DHRS4,1,20,2,41,0,0,3
9694,C1orf158,1,5,0,48,0,0,2
9695,CLEC18C,1,6,0,2,0,0,2
9696,ARMC12,1,7,0,14,0,0,2
9697,DDX19B,1,18,0,32,0,0,2
9698,ST3GAL2,1,18,7,36,0,0,3
9699,FCSK,1,8,1,32,0,0,3
9700,IL34,1,21,2,34,0,1,4
9701,DHRS1,1,6,0,29,0,0,2
9702,CACNA1D,1,42,4,91,0,0,3
9703,ARSE,1,6,0,0,0,0,1
9704,KIT,1,83,22,132,0,25,4
9705,HYDIN,1,9,0,61,0,0,2
9706,AASDH,1,1,0,135,0,0,2
9707,ZNF19,1,7,1,16,0,0,3
9708,CACNA2D3,1,12,1,40,0,0,3
9709,RNF111,1,13,4,41,0,1,4
9710,CCNB2,1,14,11,119,0,19,4
9711,FAM81A,1,6,0,18,0,0,2
9712,MYO1E,1,27,0,39,0,2,3
9713,APPL1,1,46,1,56,0,2,4
9714,PWWP3B,1,1,0,39,0,0,2
9715,AFAP1L1,1,5,0,19,0,1,3
9716,TSC22D3,1,7,1,33,0,5,4
9717,VPS26C,1,8,0,37,0,0,2
9718,DYRK1A,1,44,1,56,0,2,4
9719,KCNJ6,1,9,2,41,0,0,3
9720,KCNJ15,1,7,2,33,0,0,3
9721,ERG,1,21,0,30,55,9,3
9722,ETS2,1,21,1,40,107,10,4
9723,TSPAN18,1,11,0,10,0,0,2
9724,LCA5L,1,3,0,19,0,0,2
9725,SLC35B2,1,13,2,38,0,0,3
9726,TMEM164,1,2,0,20,0,0,2
9727,MX1,1,27,2,73,0,5,4
9728,CREB3L1,1,29,1,46,11,0,4
9729,C2CD2,1,3,0,16,0,0,2
9730,TAB3,1,18,14,43,0,1,4
9731,SLC38A10,1,5,0,11,0,0,2
9732,C9orf43,1,1,0,27,0,1,3
9733,PALM2-AKAP2,1,0,0,0,0,0,0
9734,ZNF618,1,10,0,23,0,0,2
9735,DGKI,1,32,1,33,0,1,4
9736,TMEM268,1,2,0,9,0,0,2
9737,SVOPL,1,5,0,42,0,0,2
9738,SNX22,1,4,0,27,0,0,2
9739,UBN2,1,8,0,27,0,0,2
9740,BRAF,1,32,16,108,0,5,4
9741,SLC34A2,1,18,4,33,0,3,4
9742,ACAN,1,19,7,81,0,24,4
9743,PSMG3,1,9,1,34,0,0,3
9744,CABP1,1,16,1,32,0,0,3
9745,WDR19,1,19,2,57,0,0,3
9746,SLC37A3,1,8,0,18,0,0,2
9747,AP3S2,1,19,0,38,0,0,2
9748,FMNL2,1,9,3,32,0,6,4
9749,GAREM2,1,0,0,18,0,0,1
9750,SPPL3,1,16,0,20,0,0,2
9751,DPYSL5,1,16,1,49,0,0,3
9752,DRC1,1,14,0,44,0,0,2
9753,RAB28,1,14,0,33,0,0,2
9754,PRXL2B,1,12,1,7,0,0,3
9755,TNFRSF14,1,28,2,45,0,1,4
9756,PANK4,1,7,1,16,0,0,3
9757,CIB4,1,3,0,28,0,0,2
9758,MEGF11,1,8,0,18,0,0,2
9759,C12orf43,1,6,0,25,0,0,2
9760,PEX10,1,16,2,59,0,0,3
9761,RER1,1,13,0,38,0,0,2
9762,RADIL,1,7,0,6,0,0,2
9763,SKI,1,54,2,32,4,3,4
9764,WIPI2,1,19,1,55,0,0,3
9765,LDLRAP1,1,37,6,44,0,0,3
9766,AGAP1,1,8,0,21,0,0,2
9767,KRTCAP3,1,2,0,32,0,0,2
9768,ANKRD61,1,1,0,9,0,0,2
9769,PAFAH2,1,8,1,40,0,0,3
9770,EXTL1,1,11,1,31,0,0,3
9771,SLC30A2,1,31,1,32,0,3,4
9772,BABAM2,1,24,5,44,0,5,4
9773,TRIM63,1,20,2,40,0,27,4
9774,WDR66,1,8,0,32,0,0,2
9775,DUSP2,1,15,2,33,0,0,3
9776,GRHL3,1,17,1,33,29,2,4
9777,UBXN11,1,5,3,37,0,0,3
9778,NLRP14,1,3,0,12,0,0,2
9779,PTPDC1,1,5,0,18,0,0,2
9780,GALNT14,1,5,1,24,0,2,4
9781,NCK1,1,42,14,111,0,0,3
9782,HPD,1,14,1,40,0,1,4
9783,RHPN1,1,4,2,34,0,0,3
9784,TPRG1L,1,11,0,13,0,0,2
9785,LRRC43,1,0,0,33,0,0,1
9786,PRXL2C,1,2,0,17,0,0,2
9787,XDH,1,33,3,45,0,2,4
9788,XKR8,1,10,0,24,0,0,2
9789,CNNM4,1,11,0,40,0,0,2
9790,EYA3,1,13,1,36,0,2,4
9791,DZIP1L,1,6,0,16,0,0,2
9792,TMSB15A,1,6,0,4,0,0,2
9793,FANCC,1,12,3,43,0,1,4
9794,MRAS,1,15,3,55,0,0,3
9795,WASF2,1,26,7,73,0,1,4
9796,ABHD3,1,11,1,19,0,0,3
9797,ESYT3,1,13,1,18,0,0,3
9798,FAIM,1,5,0,5,0,1,3
9799,TENT5B,1,9,0,3,0,0,2
9800,CLSTN2,1,15,0,22,0,0,2
9801,COLEC12,1,17,2,26,0,0,3
9802,RNF207,1,13,0,21,0,0,2
9803,CUL4B,1,42,10,75,0,0,3
9804,GPR153,1,4,0,33,0,0,2
9805,SLC13A3,1,22,1,23,0,1,4
9806,GPRASP2,1,6,0,23,0,0,2
9807,RHBDL2,1,4,0,25,0,0,2
9808,AUTS2,1,18,1,37,0,2,4
9809,SHROOM4,1,23,0,29,0,0,2
9810,CDC25C,1,19,8,61,0,16,4
9811,MITD1,1,11,0,28,0,0,2
9812,EIF5B,1,12,1,70,0,3,4
9813,RIBC1,1,4,0,40,0,0,2
9814,TMSB15B,1,7,0,1,0,0,2
9815,CATIP,1,8,0,26,0,0,2
9816,CNOT11,1,6,3,39,0,0,3
9817,KCNB1,1,52,2,50,0,1,4
9818,TSPAN33,1,13,1,35,0,0,3
9819,NRG2,1,10,19,38,0,0,3
9820,AHCYL2,1,4,1,33,0,0,3
9821,B4GALT5,1,19,4,39,0,3,4
9822,CD1D,1,28,1,49,0,10,4
9823,CD1A,1,14,1,34,0,5,4
9824,SPATA2,1,13,3,32,0,1,4
9825,CD1C,1,16,1,47,0,0,3
9826,FAM86C1,1,2,0,16,0,0,2
9827,CD1B,1,16,1,46,0,0,3
9828,DNAH3,1,19,0,33,0,0,2
9829,CD1E,1,16,0,33,0,0,2
9830,HMHB1,1,3,0,3,0,0,2
9831,CPA2,1,7,1,32,0,0,3
9832,NCF1,1,27,8,54,0,4,4
9833,CPA5,1,5,0,13,0,0,2
9834,TSR2,1,4,0,37,0,0,2
9835,PPP1R9A,1,14,0,34,0,0,2
9836,ZC3H18,1,11,1,51,0,0,3
9837,ZFAND2B,1,14,0,32,0,0,2
9838,POM121L2,1,4,0,17,0,0,2
9839,GDPD5,1,24,1,23,0,0,3
9840,DYNC1I1,1,23,13,52,0,1,4
9841,PFKFB1,1,14,3,34,0,6,4
9842,ALAS2,1,16,1,63,0,14,4
9843,TMED4,1,9,0,25,0,0,2
9844,PPP1R15B,1,11,0,32,0,2,3
9845,COPG2,1,18,2,49,0,0,3
9846,EMSY,1,5,0,37,0,1,3
9847,PAGE5,1,1,0,21,0,0,2
9848,GPAT4,1,16,1,44,0,2,4
9849,PKD1L1,1,12,0,22,0,0,2
9850,ZSCAN12,1,5,0,7,0,0,2
9851,TAGLN2,1,10,1,36,0,0,3
9852,ELK4,1,18,0,32,6,2,3
9853,SLAMF8,1,18,0,33,0,0,2
9854,SLC45A3,1,11,1,39,0,0,3
9855,DUSP23,1,11,0,32,0,0,2
9856,RNF166,1,7,0,33,0,0,2
9857,NBL1,1,15,0,21,0,0,2
9858,HTR6,1,20,2,22,0,0,3
9859,ITLN2,1,3,0,5,0,0,2
9860,F11R,1,37,4,51,0,1,4
9861,USF1,1,37,2,47,218,9,4
9862,PLA2G2F,1,18,6,39,0,0,3
9863,SPATA2L,1,2,0,13,0,0,2
9864,NIT1,1,6,0,32,0,1,3
9865,DEDD,1,10,0,34,0,0,2
9866,ZNF276,1,9,0,32,0,0,2
9867,NPM2,1,19,1,16,0,0,3
9868,EDA,1,17,1,31,0,1,4
9869,FGF17,1,14,0,58,0,1,3
9870,VWA5B1,1,2,0,9,0,0,2
9871,CDA,1,23,2,63,0,1,4
9872,PINK1,1,99,2,84,0,1,4
9873,B4GALT3,1,10,2,42,0,1,4
9874,DMTN,1,44,1,40,0,0,3
9875,ADAMTS4,1,14,3,40,0,6,4
9876,FAM160B2,1,0,0,16,0,0,1
9877,NDUFS2,1,23,2,130,0,0,3
9878,SLC5A11,1,14,1,20,0,0,3
9879,FCER1G,1,30,10,93,0,19,4
9880,APOA2,1,59,6,71,0,21,4
9881,TOMM40L,1,9,0,44,0,0,2
9882,MPZ,1,10,1,0,0,7,3
9883,WFDC8,1,3,0,20,0,0,2
9884,CCAR2,1,31,1,42,0,1,4
9885,WNT9B,1,16,3,38,0,0,3
9886,CACHD1,1,8,0,46,0,0,2
9887,CDC42SE2,1,8,1,32,0,1,4
9888,RAPGEF6,1,17,0,28,0,0,2
9889,EPB41,1,26,1,64,0,2,4
9890,MIS18A,1,10,1,36,0,0,3
9891,ALG8,1,8,2,38,0,0,3
9892,FBXW5,1,14,3,62,0,0,3
9893,CFAP298,1,6,0,34,0,0,2
9894,SYNJ1,1,43,4,86,0,1,4
9895,PAXBP1,1,6,0,33,0,0,2
9896,IFNAR2,1,20,0,45,0,0,2
9897,IFNGR2,1,16,4,35,0,5,4
9898,GART,1,19,1,109,0,2,4
9899,SON,1,12,0,38,6,1,3
9900,DONSON,1,10,0,38,0,1,3
9901,SV2A,1,17,4,41,0,2,4
9902,LAD1,1,5,0,11,0,2,3
9903,STC1,1,27,0,32,0,10,3
9904,TNNI1,1,7,1,43,0,0,3
9905,CSRP1,1,13,1,32,0,6,4
9906,PRAC1,1,2,0,6,0,0,2
9907,HOXB13,1,21,0,33,12,5,3
9908,C1QC,1,23,3,43,0,0,3
9909,KCNE2,1,30,2,41,0,0,3
9910,ATP5MC1,1,10,3,68,0,0,3
9911,RCAN1,1,13,0,33,0,13,3
9912,UBE2Z,1,10,2,36,0,0,3
9913,CIART,1,9,0,23,0,1,3
9914,SNF8,1,30,2,40,0,0,3
9915,CLIC6,1,8,0,19,0,0,2
9916,CCDC24,1,1,0,19,0,0,2
9917,RUNX1,1,49,20,128,178,23,4
9918,IGF2BP1,1,33,2,55,0,3,4
9919,GIP,1,16,3,57,0,14,4
9920,CBR1,1,21,1,46,0,2,4
9921,CBR3,1,15,1,37,0,1,4
9922,GJD2,1,8,2,40,0,4,4
9923,ACTC1,1,33,6,82,0,5,4
9924,MORC3,1,22,0,36,0,0,2
9925,CHAF1B,1,12,0,39,0,0,2
9926,CLDN14,1,9,1,38,0,0,3
9927,SIM2,1,16,0,22,9,3,3
9928,HLCS,1,14,2,38,0,0,3
9929,SCUBE1,1,15,1,6,0,0,3
9930,ARHGAP27,1,12,2,20,0,0,3
9931,ADPGK,1,10,1,37,0,0,3
9932,PTMS,1,5,0,8,0,0,2
9933,PLA2G4D,1,14,7,43,0,0,3
9934,PADI4,1,23,1,37,0,10,4
9935,ADIPOR1,1,24,1,40,0,2,4
9936,CYB5R1,1,12,2,36,0,0,3
9937,PSMD4,1,16,1,108,0,13,4
9938,ATP13A2,1,60,1,55,0,1,4
9939,M1AP,1,14,0,25,0,0,2
9940,PSMB4,1,41,69,71,0,0,3
9941,IRX6,1,10,0,33,0,0,2
9942,BTG2,1,18,1,39,7,14,4
9943,CES5A,1,2,0,14,0,0,2
9944,HK2,1,25,1,54,0,13,4
9945,C1R,1,17,3,46,0,2,4
9946,CELF3,1,15,0,25,0,0,2
9947,ALDH4A1,1,10,2,55,0,1,4
9948,STARD9,1,9,0,27,0,0,2
9949,THEM4,1,14,6,27,0,0,3
9950,TCHH,1,7,1,44,0,0,3
9951,LCE2B,1,3,1,45,0,0,3
9952,AMFR,1,39,2,68,0,0,3
9953,MED8,1,14,4,47,0,0,3
9954,TGM7,1,2,0,4,0,1,3
9955,RGL4,1,5,0,12,0,0,2
9956,SPRR2G,1,5,1,47,0,0,3
9957,PGLYRP3,1,16,1,17,0,0,3
9958,ISL2,1,14,0,39,2,1,3
9959,RSPRY1,1,4,0,34,0,0,2
9960,CCDC17,1,3,0,34,0,0,2
9961,GPBP1L1,1,8,0,24,0,0,2
9962,NAE1,1,17,1,107,0,0,3
9963,TMEM69,1,3,0,27,0,1,3
9964,ADGRG5,1,8,0,13,0,0,2
9965,DRC7,1,9,0,47,0,0,2
9966,ACE,1,58,1,77,0,16,4
9967,TEPP,1,4,0,3,0,0,2
9968,UROC1,1,4,1,10,0,0,3
9969,EFCAB14,1,1,0,11,0,0,2
9970,SPON2,1,8,2,13,0,0,3
9971,CHCHD6,1,10,1,34,0,0,3
9972,LRRC36,1,1,0,5,0,0,2
9973,TPPP3,1,11,0,5,0,0,2
9974,ZDHHC1,1,13,0,13,0,0,2
9975,ATP6V0D1,1,29,7,48,0,0,3
9976,AGRP,1,20,1,47,0,6,4
9977,ZFYVE28,1,7,0,8,0,0,2
9978,CARMIL2,1,26,0,18,0,0,2
9979,C16orf86,1,0,0,12,0,0,1
9980,PIP,1,13,1,53,0,3,4
9981,FAM131B,1,3,1,39,0,0,3
9982,RGS12,1,16,1,38,0,0,3
9983,PSKH1,1,12,0,25,0,0,2
9984,ZYX,1,15,0,48,0,3,3
9985,ABR,1,19,9,14,0,0,3
9986,LYPD5,1,3,1,32,0,0,3
9987,CCDC117,1,6,0,18,0,0,2
9988,ZNF230,1,4,1,2,0,1,4
9989,CCDC107,1,2,0,8,0,0,2
9990,ZNF222,1,5,1,7,0,0,3
9991,NPR2,1,78,1,39,0,0,3
9992,ZNF221,1,10,1,10,0,0,3
9993,ZNF233,1,3,1,3,0,0,3
9994,ZNF235,1,6,1,16,0,0,3
9995,GNE,1,10,2,52,0,0,3
9996,TNFRSF13C,1,9,3,39,0,6,4
9997,OR3A3,1,7,1,15,0,0,3
9998,ARHGAP35,1,30,16,38,4,0,4
9999,PTGIR,1,15,3,33,0,3,4
10000,CALM3,1,62,2,341,0,1,4
10001,DFFA,1,13,1,34,0,2,4
10002,CCDC28B,1,3,0,33,0,0,2
10003,IQCC,1,1,0,12,0,0,2
10004,TMEM234,1,2,0,10,0,0,2
10005,BSDC1,1,3,0,19,0,0,2
10006,ZBTB8A,1,10,0,7,1,0,3
10007,ATAD3B,1,8,1,32,0,1,4
10008,SSU72,1,12,1,56,0,0,3
10009,UBE2J2,1,13,2,37,0,0,3
10010,ZNF362,1,4,0,25,22,0,3
10011,FNDC5,1,7,0,36,0,0,2
10012,CPAMD8,1,4,0,10,0,0,2
10013,NR2F6,1,19,1,20,16,2,4
10014,ANKLE1,1,19,0,23,0,0,2
10015,CCDC58,1,2,0,32,0,0,2
10016,VMA21,1,7,0,24,0,0,2
10017,KALRN,1,21,8,57,0,0,3
10018,CILP2,1,4,0,28,0,0,2
10019,ABCG1,1,48,3,42,0,12,4
10020,TFF3,1,7,1,43,0,17,4
10021,TFF2,1,6,0,35,0,6,3
10022,TFF1,1,7,1,40,0,36,4
10023,TMPRSS3,1,11,0,38,0,0,2
10024,UBASH3A,1,8,0,38,0,0,2
10025,RSPH1,1,22,0,53,0,2,3
10026,SLC37A1,1,7,1,7,0,0,3
10027,PDE9A,1,22,1,37,0,2,4
10028,WDR4,1,11,1,54,0,0,3
10029,NDUFV3,1,11,3,48,0,0,3
10030,PKNOX1,1,16,1,40,20,1,4
10031,CBS,1,31,2,76,0,6,4
10032,CRYAA,1,16,0,38,0,15,3
10033,HSF2BP,1,10,0,32,0,0,2
10034,RRP1B,1,20,0,52,0,1,3
10035,PDXK,1,19,2,35,0,0,3
10036,G6PD,1,33,3,62,0,6,4
10037,CSTB,1,15,1,33,0,2,4
10038,RRP1,1,10,1,41,0,0,3
10039,AGPAT3,1,16,2,39,0,0,3
10040,TRAPPC10,1,12,2,38,0,0,3
10041,GAB3,1,4,1,32,0,0,3
10042,GATD3A,1,3,0,31,0,0,2
10043,AIRE,1,24,0,41,22,2,3
10044,CFAP410,1,9,0,32,0,1,3
10045,ZNF66,1,5,0,1,0,0,2
10046,LRRC3,1,3,0,24,0,0,2
10047,ITGB2,1,68,7,116,0,13,4
10048,FAM207A,1,5,0,44,0,0,2
10049,RALGDS,1,11,2,48,0,1,4
10050,FTCD,1,18,1,49,0,0,3
10051,SPATC1L,1,7,0,24,0,0,2
10052,LSS,1,14,2,59,0,2,4
10053,VAV2,1,20,22,41,0,0,3
10054,MCM3AP,1,23,1,41,0,6,4
10055,C21orf58,1,0,0,9,0,0,1
10056,PCNT,1,15,10,91,0,1,4
10057,DIP2A,1,11,0,41,0,0,2
10058,S100B,1,39,4,52,0,6,4
10059,PRMT2,1,28,0,40,0,0,2
10060,CLDND2,1,3,0,9,0,0,2
10061,ZNF208,1,6,1,14,0,0,3
10062,ADAMTS13,1,33,6,35,0,4,4
10063,CACFD1,1,11,0,9,0,0,2
10064,SLC2A6,1,14,1,33,0,0,3
10065,FCN2,1,26,3,38,0,0,3
10066,C9orf116,1,0,0,52,0,0,1
10067,LCN1,1,8,1,40,0,0,3
10068,ZNF714,1,5,1,15,0,0,3
10069,GPSM1,1,16,1,54,0,0,3
10070,C19orf47,1,1,0,16,0,0,2
10071,HIPK4,1,10,0,19,0,1,3
10072,CFAP157,1,4,0,15,0,0,2
10073,TOR2A,1,13,0,19,0,0,2
10074,ST6GALNAC6,1,18,3,26,0,0,3
10075,SHKBP1,1,5,1,31,0,1,4
10076,RDH13,1,7,1,32,0,0,3
10077,ZER1,1,6,0,37,0,0,2
10078,ZDHHC12,1,13,0,4,0,0,2
10079,PKN3,1,17,4,38,0,0,3
10080,SPTBN4,1,51,4,37,0,0,3
10081,BRSK1,1,38,0,33,0,0,2
10082,COX6B2,1,6,4,47,0,0,3
10083,TMEM190,1,6,0,13,0,0,2
10084,NLRP4,1,5,3,34,0,0,3
10085,PLPP7,1,4,0,22,0,0,2
10086,TAOK1,1,29,7,33,0,0,3
10087,MED27,1,13,5,41,0,0,3
10088,DEDD2,1,14,0,17,0,0,2
10089,SIK3,1,13,0,30,0,0,2
10090,MPZL3,1,3,0,7,0,0,2
10091,JAML,1,15,2,32,0,0,3
10092,NEK8,1,17,0,35,0,0,2
10093,TLCD1,1,7,0,11,0,0,2
10094,PCSK7,1,12,1,34,0,0,3
10095,SAFB,1,25,1,38,0,3,4
10096,CD3G,1,23,13,42,0,3,4
10097,S100A1,1,19,5,43,0,0,3
10098,CHTOP,1,12,2,34,0,0,3
10099,CXCR5,1,18,2,79,0,7,4
10100,ZBTB7B,1,33,0,32,15,1,3
10101,FLAD1,1,13,1,49,0,0,3
10102,SHC1,1,32,24,108,0,6,4
10103,VPS11,1,37,1,39,0,0,3
10104,NLRX1,1,7,3,40,0,0,3
10105,ADAR,1,28,4,51,0,1,4
10106,IL6R,1,53,7,79,0,5,4
10107,UBE2Q1,1,8,1,34,0,0,3
10108,CHRNB2,1,61,3,35,0,1,4
10109,CRTC2,1,12,3,41,0,3,4
10110,ANO10,1,8,2,22,0,0,3
10111,FDPS,1,19,2,47,0,11,4
10112,RUSC1,1,12,0,37,0,0,2
10113,FAM189B,1,4,0,17,0,0,2
10114,PAQR6,1,4,0,12,0,0,2
10115,PMF1,1,15,6,37,0,2,4
10116,SLC25A44,1,8,1,25,0,0,3
10117,LMNA,1,35,2,66,0,7,4
10118,CCR5,1,38,5,121,0,19,4
10119,NBEAL2,1,9,1,29,0,1,4
10120,CCDC12,1,6,1,50,0,0,3
10121,PTH1R,1,26,2,38,0,6,4
10122,UBQLN4,1,25,0,53,0,0,2
10123,MYL3,1,18,1,71,0,1,4
10124,PPP1R35,1,7,0,26,0,0,2
10125,GPATCH4,1,4,0,51,0,0,2
10126,LRRC71,1,0,0,26,0,0,1
10127,FCRL3,1,18,0,34,0,0,2
10128,AZGP1,1,15,1,59,0,2,4
10129,FGFR4,1,35,14,53,0,7,4
10130,CYP3A4,1,47,7,138,0,40,4
10131,CYP3A7,1,20,1,43,0,18,4
10132,NACC1,1,15,0,33,4,1,3
10133,CYP11B1,1,21,3,38,0,16,4
10134,HK3,1,20,2,57,0,3,4
10135,LY6K,1,6,1,33,0,5,4
10136,IER2,1,8,0,33,0,1,3
10137,ZNF394,1,7,1,21,0,0,3
10138,CPSF4,1,10,8,40,0,0,3
10139,LY6E,1,9,2,41,0,4,4
10140,VPS28,1,21,5,49,0,0,3
10141,TONSL,1,17,0,35,0,0,2
10142,PTGER1,1,20,2,41,0,2,4
10143,PWWP3A,1,6,0,37,0,0,2
10144,RECQL4,1,24,0,68,0,5,3
10145,LRRC14,1,5,1,43,0,0,3
10146,ZNF333,1,6,1,6,0,0,3
10147,COL26A1,1,9,3,34,0,0,3
10148,PPP1R16A,1,6,0,35,0,0,2
10149,FOXH1,1,37,4,43,12,0,4
10150,ORAI2,1,9,3,33,0,0,3
10151,ALKBH4,1,16,0,25,0,0,2
10152,CCDC105,1,7,0,41,0,0,2
10153,SH2B2,1,14,2,24,0,0,3
10154,MRNIP,1,12,0,40,0,0,2
10155,SQSTM1,1,78,10,129,0,23,4
10156,MGAT4B,1,12,2,33,0,0,3
10157,MAML1,1,19,12,48,5,9,4
10158,PGLYRP2,1,15,1,14,0,7,4
10159,LRWD1,1,16,0,35,0,5,3
10160,FBXL13,1,9,2,42,0,0,3
10161,NAPEPLD,1,31,1,32,0,1,4
10162,SCGB3A1,1,8,0,16,0,7,3
10163,PSMC2,1,26,69,67,0,1,4
10164,CELF5,1,10,0,18,0,0,2
10165,MFSD12,1,15,0,36,0,0,2
10166,USP41,1,0,0,29,0,0,1
10167,YDJC,1,3,0,18,0,0,2
10168,CCDC116,1,2,0,23,0,0,2
10169,DVL3,1,26,8,66,0,0,3
10170,AP2M1,1,36,17,88,0,0,3
10171,ABCF3,1,5,0,52,0,0,2
10172,PCYT1A,1,21,1,36,0,13,4
10173,FBXO27,1,8,2,20,0,0,3
10174,DMKN,1,3,1,12,0,1,4
10175,U2AF1L4,1,11,5,34,0,0,3
10176,BDH1,1,8,3,32,0,0,3
10177,NPHS1,1,16,1,54,0,12,4
10178,THAP8,1,2,0,14,0,0,2
10179,COX7A1,1,13,5,49,0,1,4
10180,ZNF382,1,5,2,27,11,1,4
10181,LRRC56,1,2,0,35,0,0,2
10182,PLXDC1,1,10,0,14,0,0,2
10183,PGAP3,1,7,0,35,0,0,2
10184,IKZF3,1,24,1,43,6,8,4
10185,GRIN2C,1,31,6,61,0,4,4
10186,FDXR,1,10,4,59,0,4,4
10187,SAP30BP,1,8,1,35,0,0,3
10188,ACOX1,1,29,2,128,0,9,4
10189,PRPSAP1,1,10,0,39,0,2,3
10190,CYGB,1,28,2,34,0,6,4
10191,SRSF2,1,18,7,95,10,4,4
10192,ZNF577,1,8,1,5,0,0,3
10193,TMEM143,1,5,0,6,0,0,2
10194,KLHL10,1,6,0,32,0,0,2
10195,CCDC155,1,16,0,36,0,0,2
10196,ALDH16A1,1,4,0,34,0,0,2
10197,DCD,1,23,1,38,0,0,3
10198,ITGA5,1,48,9,97,0,13,4
10199,SIGLEC11,1,5,1,16,0,0,3
10200,ZNF385A,1,21,4,21,0,0,3
10201,MPP3,1,6,0,37,0,0,2
10202,CD300LG,1,7,1,32,0,0,3
10203,IZUMO2,1,1,1,17,0,0,3
10204,NAGS,1,8,2,37,0,3,4
10205,LSM12,1,3,0,37,0,0,2
10206,ASB16,1,7,2,36,0,1,4
10207,EMC10,1,10,0,28,0,2,3
10208,JOSD2,1,6,1,44,0,0,3
10209,SHANK1,1,47,1,50,0,1,4
10210,FAM171A2,1,1,0,2,0,0,2
10211,DBF4B,1,14,0,35,0,0,2
10212,PLCD3,1,9,1,58,0,0,3
10213,FMNL3,1,13,5,35,0,0,3
10214,AQP5,1,19,1,36,0,15,4
10215,RACGAP1,1,39,12,52,0,2,4
10216,OR7G1,1,7,1,16,0,0,3
10217,LARP4,1,11,0,34,0,0,2
10218,GRASP,1,11,0,33,0,0,2
10219,RAVER1,1,5,0,39,0,0,2
10220,KRT84,1,11,2,33,0,0,3
10221,KRT82,1,8,2,33,0,0,3
10222,SYCE2,1,11,1,44,0,0,3
10223,SPC24,1,12,6,39,0,0,3
10224,IP6K3,1,18,1,19,0,1,4
10225,LEMD2,1,16,4,48,0,0,3
10226,ALOX15,1,42,10,57,0,8,4
10227,TREML1,1,12,1,35,0,0,3
10228,ZNF653,1,11,0,22,1,0,3
10229,MED11,1,13,3,37,0,0,3
10230,CXCL16,1,15,2,40,0,4,4
10231,SCIMP,1,24,0,22,0,0,2
10232,BCL6B,1,13,0,35,2,0,3
10233,ASGR2,1,13,1,26,0,0,3
10234,TNFSF13,1,18,2,32,0,10,4
10235,SENP3,1,14,1,48,0,0,3
10236,FGF11,1,9,1,26,0,0,3
10237,EIF4A1,1,24,10,73,0,2,4
10238,CCDC42,1,10,0,30,0,0,2
10239,POLR3K,1,12,7,52,0,0,3
10240,SNRNP25,1,10,1,33,0,0,3
10241,PRR35,1,1,0,27,0,0,2
10242,WDR90,1,10,0,72,0,0,2
10243,JMJD8,1,10,0,20,0,0,2
10244,CCDC78,1,9,1,30,0,0,3
10245,MSLNL,1,3,0,14,0,0,2
10246,SSTR5,1,15,2,38,0,2,4
10247,SPSB3,1,12,1,38,0,0,3
10248,MEIOB,1,15,0,52,0,0,2
10249,HS3ST6,1,4,1,33,0,0,3
10250,TEDC2,1,7,0,23,0,0,2
10251,CCNF,1,20,2,57,0,1,4
10252,TBC1D24,1,19,1,33,0,0,3
10253,AMDHD2,1,11,1,35,0,0,3
10254,NTN3,1,12,1,20,0,1,4
10255,BICDL2,1,4,0,19,0,0,2
10256,PAQR4,1,5,0,10,0,0,2
10257,FLYWCH2,1,1,0,12,0,0,2
10258,ZG16B,1,11,0,17,0,0,2
10259,ZNF75A,1,7,1,6,0,0,3
10260,ADCY9,1,17,14,49,0,1,4
10261,SHANK2,1,31,1,52,0,0,3
10262,CLPB,1,11,0,77,0,0,2
10263,NEU3,1,19,2,23,0,2,4
10264,CYB561A3,1,9,0,8,0,0,2
10265,PPP1R32,1,8,0,13,0,0,2
10266,ASRGL1,1,8,1,31,0,0,3
10267,GNG3,1,12,29,71,0,3,4
10268,UBXN1,1,20,2,45,0,0,3
10269,LBHD1,1,3,0,7,0,0,2
10270,TTC9C,1,1,0,38,0,0,2
10271,TAF6L,1,21,1,63,0,0,3
10272,NXF1,1,18,4,82,0,0,3
10273,STX5,1,24,8,145,0,0,3
10274,SLC25A45,1,10,0,24,0,0,2
10275,ITIH3,1,7,1,46,0,4,4
10276,SYVN1,1,28,4,68,0,4,4
10277,ZFPL1,1,6,0,32,0,0,2
10278,LRP5,1,38,6,101,0,7,4
10279,TPCN2,1,36,1,35,0,0,3
10280,FGF19,1,18,12,40,0,9,4
10281,CYP4A22,1,19,4,47,0,1,4
10282,PDZK1IP1,1,5,0,33,0,1,3
10283,TAL1,1,32,3,52,87,11,4
10284,CMPK1,1,22,1,38,0,0,3
10285,BEND5,1,4,0,9,0,0,2
10286,ELAVL4,1,19,0,45,0,1,3
10287,COA7,1,6,0,35,0,0,2
10288,ZYG11B,1,6,0,33,0,0,2
10289,SLC1A7,1,20,2,16,0,0,3
10290,CZIB,1,2,0,14,0,0,2
10291,MAGOH,1,23,5,83,0,0,3
10292,ACOT11,1,17,1,42,0,10,4
10293,FAM151A,1,5,0,3,0,0,2
10294,PARS2,1,9,1,38,0,0,3
10295,LEXM,1,0,0,9,0,0,1
10296,BSND,1,9,1,35,0,0,3
10297,USP24,1,7,1,32,0,5,4
10298,PLPP3,1,34,1,61,0,2,4
10299,NOL9,1,14,1,53,0,1,4
10300,PRKAA2,1,50,12,55,0,6,4
10301,KLHL21,1,14,2,48,0,1,4
10302,ZSWIM5,1,3,0,25,0,0,2
10303,GMEB1,1,17,0,19,2,0,3
10304,SLC45A1,1,12,0,32,0,0,2
10305,SELENON,1,14,0,43,0,0,2
10306,AK4,1,24,1,43,0,1,4
10307,JAK1,1,52,31,122,0,12,4
10308,RAVER2,1,4,0,16,0,0,2
10309,CTRC,1,5,1,32,0,0,3
10310,LZIC,1,3,0,20,0,0,2
10311,RBP7,1,8,0,10,0,1,3
10312,KNCN,1,9,0,5,0,0,2
10313,FBLIM1,1,10,1,27,0,1,4
10314,TMEM82,1,1,0,18,0,0,2
10315,SLC25A34,1,1,0,8,0,0,2
10316,DRAXIN,1,11,0,20,0,0,2
10317,PDPN,1,42,2,46,0,10,4
10318,LRRC38,1,7,0,24,0,0,2
10319,DHRS3,1,13,2,33,0,2,4
10320,MATN1,1,9,1,33,0,6,4
10321,LAPTM5,1,40,0,41,0,0,2
10322,SDC3,1,9,18,72,0,1,4
10323,PEF1,1,23,0,46,0,0,2
10324,SYNC,1,9,0,24,0,0,2
10325,RBBP4,1,36,29,142,0,7,4
10326,KIAA1522,1,4,0,17,0,0,2
10327,TSSK3,1,10,0,19,0,0,2
10328,TMCO4,1,3,0,13,0,0,2
10329,UBXN10,1,7,0,32,0,0,2
10330,CAMK2N1,1,8,0,21,0,2,3
10331,ALPL,1,39,1,75,0,13,4
10332,WNT4,1,50,6,68,0,15,4
10333,TTLL10,1,5,1,33,0,0,3
10334,SCNN1D,1,19,2,38,0,0,3
10335,MXRA8,1,13,2,32,0,0,3
10336,FAAP20,1,15,2,32,0,0,3
10337,MEGF6,1,6,0,17,0,0,2
10338,CCDC27,1,1,0,32,0,0,2
10339,IL23R,1,41,2,65,0,1,4
10340,DIRAS3,1,9,0,33,0,6,3
10341,C1orf87,1,2,0,16,0,0,2
10342,NFIA,1,20,2,34,60,2,4
10343,OMA1,1,23,3,38,0,1,4
10344,MYSM1,1,14,1,80,0,1,4
10345,TM2D1,1,8,0,23,0,0,2
10346,USP1,1,15,2,61,0,0,3
10347,FUBP1,1,10,0,39,0,3,3
10348,NEXN,1,16,0,41,0,0,2
10349,DNAJB4,1,12,0,47,0,5,3
10350,ADGRL4,1,8,0,25,0,0,2
10351,LRRIQ3,1,1,0,26,0,0,2
10352,LRRC53,1,2,0,4,0,0,2
10353,TYW3,1,5,1,23,0,0,3
10354,LHX8,1,13,0,45,12,1,3
10355,SNX7,1,12,0,24,0,0,2
10356,B3GALT2,1,9,1,29,0,0,3
10357,NTNG1,1,15,1,57,0,0,3
10358,FAM102B,1,0,0,14,0,0,1
10359,HENMT1,1,10,1,37,0,0,3
10360,C1orf52,1,2,0,9,0,0,2
10361,WDR63,1,12,0,41,0,0,2
10362,GBP2,1,30,5,35,0,4,4
10363,ATXN7L2,1,0,0,35,0,0,1
10364,GBP4,1,15,4,38,0,0,3
10365,ZNF326,1,10,0,34,0,0,2
10366,HFM1,1,8,0,50,0,1,3
10367,BRINP3,1,11,0,11,0,0,2
10368,GFI1,1,20,1,43,46,14,4
10369,KCNT2,1,9,0,20,0,0,2
10370,AGL,1,23,2,46,0,1,4
10371,VCAM1,1,45,5,59,0,37,4
10372,EXTL2,1,15,2,35,0,0,3
10373,SLC30A7,1,21,0,32,0,0,2
10374,ZNF281,1,17,0,17,2,2,3
10375,ARPC5,1,22,6,41,0,0,3
10376,CADM3,1,9,2,27,0,0,3
10377,NLRP3,1,56,6,69,0,10,4
10378,ZNF496,1,8,1,22,0,0,3
10379,TRIM58,1,13,0,32,0,0,2
10380,SLAMF9,1,7,0,11,0,0,2
10381,OR2M5,1,6,1,13,0,0,3
10382,KCNJ9,1,12,2,59,0,0,3
10383,IGSF8,1,13,0,28,0,0,2
10384,DDR2,1,45,1,34,0,5,4
10385,PEA15,1,8,2,21,0,7,4
10386,PEX19,1,21,3,48,0,1,4
10387,NCSTN,1,40,15,41,0,0,3
10388,VANGL2,1,24,5,43,0,0,3
10389,SLAMF6,1,14,2,41,0,3,4
10390,OLFML2B,1,5,0,18,0,0,2
10391,FCRLB,1,7,0,4,0,0,2
10392,FCGR3B,1,11,2,119,0,4,4
10393,SLC9C2,1,11,1,16,0,0,3
10394,KLHDC9,1,2,0,22,0,0,2
10395,C1orf74,1,1,0,12,0,0,2
10396,LMX1A,1,15,0,40,8,4,3
10397,LRRC52,1,9,1,23,0,0,3
10398,FLVCR1,1,21,0,33,0,2,3
10399,FAM71A,1,5,0,3,0,0,2
10400,ATF3,1,30,4,66,97,20,4
10401,RBM15,1,16,0,46,0,2,3
10402,DENND2D,1,4,1,25,0,0,3
10403,AXDND1,1,4,0,9,0,0,2
10404,TDRD5,1,9,0,41,0,0,2
10405,IER5,1,9,0,22,0,1,3
10406,SNED1,1,6,0,9,0,0,2
10407,BPNT1,1,8,1,26,0,0,3
10408,SPATA17,1,2,0,34,0,0,2
10409,C1orf115,1,3,0,4,0,0,2
10410,BROX,1,5,0,32,0,0,2
10411,NBPF20,1,1,0,7,0,0,2
10412,ACP6,1,11,1,17,0,0,3
10413,WDR64,1,2,0,21,0,0,2
10414,KIF26B,1,9,2,43,0,0,3
10415,TFB2M,1,11,2,51,0,3,4
10416,CNST,1,10,0,45,0,0,2
10417,PPP1R21,1,8,0,27,0,0,2
10418,KLHDC8A,1,1,0,16,0,0,2
10419,PM20D1,1,10,1,34,0,0,3
10420,PKDCC,1,14,0,30,0,0,2
10421,OXER1,1,9,2,13,0,0,3
10422,HAAO,1,15,1,33,0,0,3
10423,B3GALNT2,1,10,1,32,0,0,3
10424,MAPKAPK2,1,31,10,34,0,4,4
10425,IL20,1,15,1,32,0,9,4
10426,IL24,1,13,1,35,0,12,4
10427,FCMR,1,19,0,30,0,0,2
10428,PIGR,1,19,1,52,0,8,4
10429,FCAMR,1,3,1,18,0,0,3
10430,CAPN2,1,50,4,39,0,4,4
10431,WDR26,1,8,1,40,0,0,3
10432,REL,1,23,1,48,803,8,4
10433,PUS10,1,14,0,33,0,0,2
10434,PEX13,1,16,3,63,0,0,3
10435,KIAA1841,1,2,0,16,0,0,2
10436,TRIM17,1,13,1,34,0,1,4
10437,RFTN2,1,2,0,10,0,0,2
10438,DISC1,1,47,0,64,0,5,3
10439,CAPN13,1,3,1,11,0,0,3
10440,LRRTM1,1,9,1,39,0,0,3
10441,MEMO1,1,4,1,32,0,1,4
10442,DPY30,1,14,12,61,0,1,4
10443,TYW5,1,8,1,30,0,0,3
10444,MAIP1,1,8,1,33,0,0,3
10445,KCNF1,1,15,1,40,0,0,3
10446,SLC66A3,1,1,0,12,0,0,2
10447,ARL5A,1,7,0,19,0,0,2
10448,LRATD1,1,4,0,13,0,1,3
10449,KCNJ3,1,25,2,44,0,0,3
10450,NEUROD1,1,43,2,70,65,21,4
10451,CLHC1,1,1,0,33,0,0,2
10452,FRZB,1,17,0,37,0,6,3
10453,DUSP19,1,15,0,18,0,0,2
10454,CFAP36,1,8,0,18,0,0,2
10455,NUP35,1,14,31,47,0,0,3
10456,CCDC138,1,1,0,32,0,0,2
10457,ZSWIM2,1,4,0,23,0,0,2
10458,FBXO41,1,5,2,14,0,0,3
10459,ACTG2,1,20,4,43,0,28,4
10460,WDCP,1,3,1,34,0,0,3
10461,SMC6,1,27,1,65,0,0,3
10462,VSNL1,1,5,0,38,0,1,3
10463,CCDC74A,1,1,0,27,0,0,2
10464,H3F3A,1,21,0,0,0,0,1
10465,ANKRD30BL,1,0,0,19,0,0,1
10466,COQ8A,1,10,1,36,0,1,4
10467,SLC16A14,1,6,0,12,0,0,2
10468,EN1,1,23,0,33,9,6,3
10469,SGCB,1,13,1,33,0,1,4
10470,SPATA18,1,13,0,34,0,2,3
10471,NOSTRIN,1,9,1,16,0,1,4
10472,CFAP221,1,15,0,39,0,0,2
10473,CCDC140,1,0,0,3,0,0,1
10474,SGPP2,1,8,1,34,0,0,3
10475,INHBB,1,39,3,34,0,2,4
10476,XIRP2,1,14,2,54,0,1,4
10477,BBS5,1,15,1,39,0,0,3
10478,SMARCAD1,1,22,0,37,0,1,3
10479,HPGDS,1,14,2,59,0,21,4
10480,PDLIM5,1,23,1,42,0,0,3
10481,PDHA2,1,8,3,48,0,0,3
10482,STPG2,1,0,0,21,0,0,1
10483,NEURL3,1,6,0,2,0,0,2
10484,RPRD2,1,5,1,38,0,0,3
10485,ANKRD23,1,10,0,34,0,0,2
10486,CTSS,1,37,9,72,0,4,4
10487,MSX1,1,43,1,57,25,20,4
10488,PACRGL,1,1,0,32,0,0,2
10489,BNIPL,1,8,0,22,0,0,2
10490,C1QTNF7,1,3,0,4,0,0,2
10491,TNFAIP8L2,1,8,0,23,0,0,2
10492,LYSMD1,1,2,0,6,0,0,2
10493,SCNM1,1,13,0,40,0,0,2
10494,TMOD4,1,9,1,41,0,0,3
10495,VPS72,1,19,1,43,0,2,4
10496,ERCC3,1,31,29,74,0,8,4
10497,RNF149,1,7,0,10,0,1,3
10498,IWS1,1,9,4,46,0,0,3
10499,BOLA3,1,8,0,37,0,0,2
10500,CDC42EP3,1,14,3,32,0,0,3
10501,S100A11,1,22,1,33,0,2,4
10502,LCE3D,1,3,1,55,0,0,3
10503,SMCP,1,6,0,17,0,0,2
10504,IVL,1,10,2,75,0,31,4
10505,SPRR3,1,11,1,67,0,3,4
10506,DHX57,1,10,0,36,0,0,2
10507,SPRR2D,1,4,1,35,0,0,3
10508,BMP10,1,35,2,36,0,9,4
10509,PGLYRP4,1,15,1,12,0,0,3
10510,ARHGAP25,1,9,1,33,0,0,3
10511,S100A9,1,41,10,41,0,13,4
10512,S100A12,1,28,4,56,0,4,4
10513,TGFA,1,23,21,56,0,28,4
10514,TDRD10,1,5,0,11,0,0,2
10515,CCNYL1,1,7,0,29,0,0,2
10516,FZD5,1,42,7,41,0,2,4
10517,CRYGC,1,6,0,35,0,8,3
10518,DCAF16,1,8,1,43,0,0,3
10519,C1orf189,1,6,0,48,0,0,2
10520,NPPC,1,39,1,39,0,3,4
10521,GNPDA2,1,12,1,51,0,0,3
10522,ALPP,1,7,1,44,0,2,4
10523,GABRG1,1,22,0,36,0,0,2
10524,ALPG,1,4,1,64,0,0,3
10525,GABRB1,1,39,2,41,0,0,3
10526,PAQR3,1,15,1,22,0,0,3
10527,NIPAL1,1,6,1,23,0,0,3
10528,ALPI,1,9,3,58,0,7,4
10529,ANTXR2,1,10,0,38,0,0,2
10530,HELQ,1,15,0,39,0,0,2
10531,CGGBP1,1,10,0,23,1,1,3
10532,ABRAXAS1,1,15,5,36,0,0,3
10533,GPR155,1,11,0,8,0,0,2
10534,PMVK,1,15,2,35,0,1,4
10535,PBXIP1,1,16,0,13,0,2,3
10536,CLDN1,1,41,2,56,0,15,4
10537,PYGO2,1,8,2,33,0,2,4
10538,HIPK1,1,28,3,17,0,2,4
10539,LENEP,1,3,0,8,0,1,3
10540,DCST2,1,4,0,7,0,0,2
10541,DCST1,1,10,0,12,0,0,2
10542,COL6A3,1,11,8,57,0,2,4
10543,INAVA,1,21,0,17,0,0,2
10544,YY1AP1,1,9,0,16,0,0,2
10545,KBTBD8,1,11,2,42,0,0,3
10546,TAFA4,1,10,0,21,0,0,2
10547,EOGT,1,5,0,34,0,0,2
10548,NAXE,1,16,1,33,0,0,3
10549,POGLUT1,1,14,1,26,0,0,3
10550,SLC22A15,1,6,1,16,0,0,3
10551,CCKAR,1,11,2,34,0,0,3
10552,IGFN1,1,3,0,10,0,0,2
10553,ATP1A1,1,51,3,51,0,7,4
10554,SLC15A2,1,24,0,38,0,0,2
10555,EIF4E3,1,7,2,35,0,0,3
10556,PROK2,1,13,2,40,0,4,4
10557,TEX55,1,4,0,18,0,0,2
10558,LRRC58,1,5,0,31,0,0,2
10559,FSTL1,1,10,3,34,0,0,3
10560,LMOD1,1,15,1,40,0,0,3
10561,ELF3,1,19,1,38,30,7,4
10562,PDCL2,1,5,0,22,0,0,2
10563,TMEM183A,1,3,0,16,0,0,2
10564,TMEM169,1,1,0,9,0,0,2
10565,IGFBP7,1,23,3,36,0,10,4
10566,TRIM46,1,14,1,29,0,0,3
10567,KRTCAP2,1,7,0,35,0,0,2
10568,CXCR1,1,27,3,66,0,8,4
10569,ARPC2,1,30,5,48,0,0,3
10570,TSACC,1,3,0,25,0,0,2
10571,CCT3,1,19,6,84,0,1,4
10572,TMEM79,1,12,0,22,0,0,2
10573,SSR2,1,7,1,37,0,0,3
10574,RNF25,1,13,1,30,0,0,3
10575,STK36,1,18,0,36,0,1,3
10576,ADORA1,1,77,2,33,0,8,4
10577,NEK10,1,12,0,23,0,0,2
10578,CCDC141,1,7,0,11,0,0,2
10579,FEV,1,15,0,21,8,0,3
10580,CRYBA2,1,5,0,27,0,0,2
10581,IHH,1,38,9,60,0,11,4
10582,CIP2A,1,10,0,33,0,4,3
10583,EOMES,1,33,5,73,24,10,4
10584,CWC22,1,16,2,75,0,0,3
10585,AZI2,1,6,0,28,0,0,2
10586,TGFBR2,1,82,10,62,0,42,4
10587,RETNLB,1,4,0,43,0,4,3
10588,ANKZF1,1,10,1,33,0,0,3
10589,HDAC11,1,10,5,34,0,0,3
10590,FCRL4,1,7,0,32,0,0,2
10591,TRAT1,1,12,4,83,0,0,3
10592,FBLN2,1,13,1,43,0,2,4
10593,GLB1L,1,4,3,19,0,0,3
10594,STT3B,1,17,5,53,0,0,3
10595,CHCHD4,1,8,1,47,0,0,3
10596,DPPA2,1,4,1,28,0,0,3
10597,NFASC,1,14,3,51,0,0,3
10598,FCRL1,1,8,0,33,0,1,3
10599,SGO2,1,10,6,44,0,0,3
10600,SERPINI1,1,11,0,21,0,2,3
10601,CLASP2,1,58,7,37,0,0,3
10602,SUCLG1,1,17,1,94,0,0,3
10603,NUAK2,1,12,0,20,0,0,2
10604,SPTA1,1,21,4,45,0,4,4
10605,PRKCI,1,55,4,51,0,1,4
10606,MNDA,1,18,1,50,0,2,4
10607,PYHIN1,1,18,0,37,0,1,3
10608,IFI16,1,33,2,53,0,8,4
10609,AIM2,1,34,2,49,0,1,4
10610,EFHB,1,12,0,58,0,0,2
10611,EIF5A2,1,10,1,38,0,1,4
10612,SLC2A2,1,20,5,69,0,25,4
10613,FABP1,1,29,5,54,0,13,4
10614,PPM1L,1,7,1,33,0,0,3
10615,ICA1L,1,9,0,26,0,0,2
10616,CTLA4,1,20,3,85,0,16,4
10617,ICOS,1,10,2,66,0,8,4
10618,RYBP,1,18,2,46,1,0,4
10619,PPP4R2,1,12,1,45,0,0,3
10620,CD200R1,1,20,1,34,0,1,4
10621,GTPBP8,1,9,0,41,0,0,2
10622,NEPRO,1,7,0,30,0,0,2
10623,SPICE1,1,8,0,42,0,0,2
10624,CCDC191,1,0,0,9,0,0,1
10625,CADPS,1,11,0,35,0,0,2
10626,NKX6-1,1,31,6,42,17,7,4
10627,CDS1,1,13,1,36,0,0,3
10628,WDFY3,1,17,0,35,0,0,2
10629,COX18,1,9,1,49,0,0,3
10630,PTPN13,1,17,5,47,0,13,4
10631,SYNPR,1,5,0,37,0,0,2
10632,ALB,1,31,12,245,0,36,4
10633,C3orf49,1,0,0,2,0,0,1
10634,C4orf36,1,0,0,6,0,0,1
10635,THOC7,1,12,2,44,0,0,3
10636,ATXN7,1,21,2,56,0,3,4
10637,PSMD6,1,18,69,89,0,0,3
10638,PRICKLE2,1,13,0,35,0,0,2
10639,ADAMTS9,1,22,3,35,0,0,3
10640,PPM1K,1,11,2,27,0,0,3
10641,ERICH6,1,1,0,7,0,0,2
10642,CLRN1,1,15,0,32,0,0,2
10643,GMPS,1,8,2,121,0,3,4
10644,TIPARP,1,12,0,27,0,0,2
10645,CCNL1,1,14,0,32,0,0,2
10646,PTX3,1,18,1,34,0,13,4
10647,HESX1,1,20,0,36,28,7,3
10648,DCLK3,1,6,0,25,0,0,2
10649,SLMAP,1,18,0,36,0,0,2
10650,SMIM14,1,3,0,26,0,0,2
10651,RPP14,1,15,2,44,0,0,3
10652,ABHD6,1,22,1,44,0,0,3
10653,DNASE1L3,1,18,0,7,0,0,2
10654,C3orf67,1,0,0,29,0,0,1
10655,RBM47,1,15,0,34,0,0,2
10656,APBB2,1,20,0,38,0,0,2
10657,IL17RC,1,14,2,34,0,0,3
10658,CRELD1,1,12,0,32,0,0,2
10659,FANCD2OS,1,2,0,21,0,0,2
10660,PCOLCE2,1,7,1,30,0,0,3
10661,U2SURP,1,7,4,46,0,1,4
10662,MTMR14,1,11,2,46,0,0,3
10663,TTC14,1,1,0,33,0,0,2
10664,CXCL3,1,8,2,40,0,6,4
10665,CXCL5,1,15,2,45,0,10,4
10666,PPBP,1,17,4,41,0,3,4
10667,PF4,1,35,6,48,0,15,4
10668,MTHFD2L,1,10,1,37,0,0,3
10669,CXCL1,1,21,4,74,0,29,4
10670,RCHY1,1,18,3,40,0,1,4
10671,PLSCR2,1,10,0,1,0,1,3
10672,CCDC158,1,5,0,17,0,0,2
10673,CPA3,1,10,1,33,0,2,4
10674,GYG1,1,15,7,38,0,0,3
10675,HPS3,1,9,0,35,0,0,2
10676,TM4SF18,1,2,0,5,0,0,2
10677,TOPBP1,1,33,6,56,0,4,4
10678,RYK,1,29,2,43,0,8,4
10679,SNRK,1,8,0,29,0,0,2
10680,TCF23,1,15,0,9,2,0,3
10681,DNAJC5G,1,2,0,34,0,0,2
10682,UCN,1,55,2,37,0,11,4
10683,ZNF513,1,7,0,43,1,0,3
10684,SLC4A1AP,1,5,0,35,0,0,2
10685,PLB1,1,23,2,59,0,1,4
10686,SPDYA,1,12,0,17,0,0,2
10687,KIAA1143,1,3,0,24,0,0,2
10688,KIF15,1,21,4,75,0,1,4
10689,TGM4,1,6,0,34,0,3,3
10690,WDR43,1,18,2,77,0,0,3
10691,ZDHHC3,1,21,1,30,0,0,3
10692,CDCP1,1,3,0,27,0,1,3
10693,CLEC3B,1,13,1,36,0,0,3
10694,SLC6A20,1,25,4,26,0,0,3
10695,LZTFL1,1,10,1,35,0,0,3
10696,FYCO1,1,9,0,45,0,0,2
10697,CCR1,1,41,3,81,0,8,4
10698,RTP3,1,7,0,17,0,0,2
10699,LRRC2,1,1,0,37,0,0,2
10700,ELP6,1,8,1,35,0,0,3
10701,FBXO40,1,7,2,39,0,0,3
10702,DTX3L,1,38,1,34,0,0,3
10703,ZNF148,1,14,0,35,27,2,3
10704,NMNAT3,1,15,1,37,0,0,3
10705,SMIM12,1,3,0,50,0,0,2
10706,ZMYM6,1,5,0,18,0,0,2
10707,TPRA1,1,6,0,29,0,0,2
10708,YEATS2,1,19,2,46,0,0,3
10709,GRIK3,1,35,2,51,0,0,3
10710,ZC3H12A,1,74,1,36,0,2,4
10711,MEAF6,1,25,2,60,0,0,3
10712,SNIP1,1,17,1,61,0,0,3
10713,DNALI1,1,15,0,57,0,1,3
10714,POLR2H,1,21,56,106,0,1,4
10715,KLF15,1,22,1,34,24,1,4
10716,CFAP100,1,19,0,22,0,0,2
10717,CAMK2N2,1,6,0,18,0,0,2
10718,LIPH,1,10,1,22,0,3,4
10719,TMEM41A,1,2,0,24,0,0,2
10720,RPN1,1,14,5,59,0,1,4
10721,SENP2,1,20,1,34,0,2,4
10722,HEYL,1,39,5,29,6,1,4
10723,IFT122,1,28,2,48,0,0,3
10724,RHO,1,27,6,116,0,27,4
10725,RFC4,1,19,23,57,0,1,4
10726,BAP1,1,41,2,43,0,0,3
10727,PRKCD,1,76,14,57,0,9,4
10728,RFT1,1,7,2,14,0,0,3
10729,SFMBT1,1,9,0,32,0,2,3
10730,GNL3,1,18,1,62,0,1,4
10731,PBRM1,1,23,4,58,9,0,4
10732,UVSSA,1,12,4,38,0,0,3
10733,TASOR,1,15,1,18,0,0,3
10734,ARHGEF3,1,8,4,32,0,0,3
10735,SLBP,1,17,3,40,0,1,4
10736,LRPAP1,1,30,0,49,0,3,3
10737,ZDHHC19,1,12,0,22,0,0,2
10738,SLC51A,1,13,1,34,0,4,4
10739,UBXN7,1,10,2,87,0,0,3
10740,RNF168,1,33,5,57,0,0,3
10741,PIGX,1,3,1,32,0,0,3
10742,MELTF,1,13,3,29,0,5,4
10743,OTOP1,1,12,1,30,0,0,3
10744,S100P,1,16,1,19,0,3,4
10745,ABLIM2,1,8,1,24,0,0,3
10746,EXO5,1,8,0,6,0,0,2
10747,CLDN19,1,31,1,44,0,1,4
10748,ERMAP,1,8,0,32,0,1,3
10749,ZNF691,1,5,1,6,0,0,3
10750,AIMP1,1,22,3,37,0,0,3
10751,SGMS2,1,14,1,34,0,0,3
10752,DNAJB14,1,9,0,33,0,0,2
10753,H2AFZ,1,19,0,0,0,0,1
10754,EMCN,1,4,0,47,0,1,3
10755,SLC9B1,1,13,1,28,0,0,3
10756,SLC9B2,1,29,1,16,0,0,3
10757,BDH2,1,13,1,33,0,0,3
10758,PGRMC2,1,16,6,37,0,0,3
10759,CDC25A,1,18,9,60,0,20,4
10760,CAMP,1,46,2,56,0,8,4
10761,ZNF589,1,9,1,5,0,0,3
10762,FBXW12,1,5,2,36,0,0,3
10763,PLXNB1,1,27,4,50,0,0,3
10764,CCDC51,1,10,0,19,0,0,2
10765,ATRIP,1,8,8,46,0,1,4
10766,SHISA5,1,13,2,12,0,3,4
10767,SPRY1,1,17,1,34,0,4,4
10768,BSN,1,30,1,34,0,0,3
10769,APEH,1,14,2,40,0,1,4
10770,INTU,1,21,1,49,0,3,4
10771,RNF123,1,13,2,38,0,5,4
10772,HSPA4L,1,8,1,54,0,0,3
10773,MFSD8,1,16,0,35,0,0,2
10774,ABHD18,1,1,0,21,0,0,2
10775,CAMKV,1,11,0,22,0,0,2
10776,MON1A,1,7,1,39,0,0,3
10777,MST1R,1,25,1,38,0,9,4
10778,RAD54L2,1,14,0,22,0,0,2
10779,TEX264,1,14,1,31,0,0,3
10780,GRM2,1,31,2,50,0,0,3
10781,DUSP7,1,17,4,29,0,1,4
10782,POC1A,1,7,0,37,0,0,2
10783,PPM1M,1,4,0,16,0,0,2
10784,ETNPPL,1,5,1,35,0,0,3
10785,WDR82,1,18,2,66,0,1,4
10786,PITX2,1,43,1,57,138,13,4
10787,C4orf3,1,2,0,12,0,0,2
10788,PRSS12,1,18,0,19,0,1,3
10789,NDST3,1,9,1,34,0,0,3
10790,HMGB2,1,60,1,33,9,0,4
10791,SAP30,1,12,3,59,1,9,4
10792,HAND2,1,39,2,50,39,4,4
10793,MAD2L1,1,22,11,134,0,8,4
10794,ANXA5,1,20,1,53,0,5,4
10795,TMEM155,1,4,0,4,0,0,2
10796,ADAD1,1,10,0,33,0,0,2
10797,MAP9,1,17,0,9,0,0,2
10798,GUCY1A1,1,16,2,38,0,3,4
10799,FBXO8,1,8,0,28,0,0,2
10800,CEP44,1,10,0,36,0,0,2
10801,HPGD,1,30,4,34,0,15,4
10802,ASB5,1,4,2,49,0,0,3
10803,C4orf45,1,1,0,7,0,0,2
10804,TMEM144,1,4,0,12,0,0,2
10805,GASK1B,1,2,0,11,0,0,2
10806,NPY1R,1,15,2,42,0,1,4
10807,NPY5R,1,27,2,35,0,0,3
10808,NAA15,1,14,0,35,0,0,2
10809,IL15,1,32,1,65,0,18,4
10810,FAM160A1,1,4,0,17,0,0,2
10811,ARFIP1,1,13,0,33,0,0,2
10812,HHIP,1,11,1,37,0,4,4
10813,ANAPC10,1,14,18,57,0,1,4
10814,ABCE1,1,21,3,75,0,1,4
10815,OTUD4,1,16,0,48,0,0,2
10816,LSM6,1,28,2,63,0,0,3
10817,TMEM184C,1,3,0,28,0,0,2
10818,PRMT9,1,10,0,27,0,0,2
10819,ITGA2,1,61,8,84,0,10,4
10820,MOCS2,1,8,1,35,0,0,3
10821,SLC45A2,1,10,1,38,0,1,4
10822,EDIL3,1,10,1,32,0,0,3
10823,TMEM161B,1,3,0,27,0,0,2
10824,ELOVL7,1,14,1,20,0,1,4
10825,NDUFAF2,1,8,1,45,0,1,4
10826,ZNF474,1,1,0,5,0,0,2
10827,LMBRD2,1,3,0,24,0,0,2
10828,RANBP3L,1,9,0,16,0,0,2
10829,NIPBL,1,54,1,73,0,0,3
10830,RNF180,1,11,0,4,0,0,2
10831,ADGRV1,1,42,1,45,0,0,3
10832,SLC25A46,1,12,0,33,0,0,2
10833,STARD4,1,13,1,34,0,2,4
10834,PGGT1B,1,10,1,23,0,0,3
10835,F2RL2,1,16,3,34,0,0,3
10836,CCDC112,1,2,0,12,0,0,2
10837,ANKRD33B,1,0,0,15,0,0,1
10838,CMBL,1,4,1,33,0,0,3
10839,C5orf63,1,0,0,9,0,0,1
10840,PRRC1,1,6,0,18,0,0,2
10841,F2RL1,1,63,2,34,0,0,3
10842,AGGF1,1,11,1,37,0,1,4
10843,WDR41,1,9,0,48,0,0,2
10844,PRDM9,1,30,2,41,0,0,3
10845,NDUFS4,1,16,2,103,0,0,3
10846,SCGB3A2,1,2,1,40,0,4,4
10847,SPINK1,1,6,1,38,0,1,4
10848,HTR4,1,25,2,20,0,0,3
10849,ESM1,1,10,0,32,0,1,3
10850,GRPEL2,1,13,1,63,0,0,3
10851,CDC20B,1,10,0,56,0,0,2
10852,ARSK,1,5,2,28,0,0,3
10853,RHOBTB3,1,14,2,41,0,1,4
10854,GPX8,1,9,1,69,0,0,3
10855,TIGD6,1,3,0,10,0,0,2
10856,SPZ1,1,5,0,13,2,0,3
10857,SERINC5,1,12,1,15,0,0,3
10858,ENPP6,1,10,1,33,0,0,3
10859,CAGE1,1,1,0,29,0,0,2
10860,CASP3,1,74,17,165,0,36,4
10861,PRIMPOL,1,22,0,37,0,0,2
10862,ERAP1,1,29,1,43,0,4,4
10863,ERAP2,1,16,1,32,0,5,4
10864,CMYA5,1,5,0,49,0,0,2
10865,EGFLAM,1,18,0,34,0,0,2
10866,CFAP97,1,0,0,28,0,0,1
10867,TMEM174,1,4,0,25,0,0,2
10868,CARTPT,1,64,0,55,0,2,3
10869,RICTOR,1,32,7,50,0,1,4
10870,TENT2,1,11,0,35,0,0,2
10871,EBF1,1,11,2,49,31,9,4
10872,ANKRA2,1,15,0,29,0,1,3
10873,UBLCP1,1,9,0,45,0,0,2
10874,FAM170A,1,11,0,25,1,0,3
10875,UTP15,1,13,2,69,0,0,3
10876,TLR3,1,51,13,63,0,10,4
10877,KLKB1,1,13,6,59,0,1,4
10878,NSA2,1,6,0,76,0,0,2
10879,GFM2,1,9,1,41,0,0,3
10880,TERT,1,63,3,75,0,88,4
10881,SLC6A18,1,7,0,15,0,0,2
10882,CCDC127,1,3,0,26,0,0,2
10883,FOXQ1,1,14,1,22,16,1,4
10884,ADGRF2,1,7,0,8,0,0,2
10885,ACSL6,1,16,1,38,0,1,4
10886,IL3,1,13,4,70,0,37,4
10887,CSF2,1,34,5,91,0,46,4
10888,SEPTIN8,1,19,0,34,0,0,2
10889,SHROOM1,1,9,0,15,0,0,2
10890,GDF9,1,9,0,46,0,2,3
10891,UQCRQ,1,13,3,94,0,5,4
10892,LEAP2,1,4,1,10,0,0,3
10893,GJB7,1,7,1,13,0,0,3
10894,SLC35A1,1,18,5,40,0,0,3
10895,GRIK2,1,55,2,62,0,1,4
10896,CGAS,1,34,2,47,0,0,3
10897,FABP7,1,12,2,34,0,13,4
10898,TLX3,1,11,0,38,6,4,3
10899,TXLNB,1,2,0,27,0,0,2
10900,CITED2,1,47,4,33,4,22,4
10901,CALHM4,1,3,0,22,0,0,2
10902,TBXT,1,23,6,33,13,8,4
10903,CREBRF,1,17,1,13,1,0,4
10904,DCBLD1,1,3,0,7,0,0,2
10905,SFXN1,1,15,0,32,0,0,2
10906,SAMD3,1,1,0,22,0,0,2
10907,TMEM200A,1,2,0,22,0,0,2
10908,IL22RA2,1,10,1,38,0,0,3
10909,DACT2,1,12,0,21,0,2,3
10910,PDSS2,1,14,1,43,0,0,3
10911,SPATA48,1,1,0,16,0,0,2
10912,STXBP5,1,15,0,53,0,0,2
10913,HIST1H2AA,1,10,0,0,0,0,1
10914,IL31RA,1,24,1,34,0,0,3
10915,ANKRD55,1,1,0,36,0,0,2
10916,RAET1E,1,15,1,32,0,0,3
10917,PI16,1,3,0,16,0,0,2
10918,DAGLB,1,15,1,22,0,0,3
10919,KIAA0895,1,0,0,6,0,0,1
10920,STK17A,1,11,0,8,0,0,2
10921,TRA2A,1,9,0,50,0,0,2
10922,GALNT10,1,5,1,32,0,1,4
10923,SAP30L,1,22,3,41,0,0,3
10924,HCN1,1,48,1,8,0,1,4
10925,MYOZ3,1,7,0,34,0,0,2
10926,COG5,1,11,3,51,0,1,4
10927,NEUROD6,1,12,0,37,11,2,3
10928,BMT2,1,8,0,34,0,0,2
10929,GPR85,1,7,0,20,0,0,2
10930,SLU7,1,23,3,62,0,0,3
10931,RP9,1,8,0,38,0,0,2
10932,PTTG1,1,12,3,49,0,15,4
10933,CAMLG,1,15,1,36,0,0,3
10934,BMPER,1,21,0,32,0,3,3
10935,RELL2,1,7,0,7,0,0,2
10936,KCNK5,1,12,1,33,0,2,4
10937,KIF6,1,11,2,44,0,0,3
10938,ZNF12,1,9,1,13,0,0,3
10939,SLC29A4,1,27,1,25,0,2,4
10940,TEX47,1,1,0,8,0,0,2
10941,STEAP1,1,7,0,26,0,0,2
10942,CDCA7L,1,9,0,34,0,0,2
10943,SP8,1,7,0,32,2,1,3
10944,MIOS,1,14,1,38,0,0,3
10945,KIAA1324L,1,7,0,7,0,0,2
10946,USP49,1,14,1,45,0,0,3
10947,SYTL3,1,11,0,22,0,0,2
10948,IQUB,1,10,0,35,0,0,2
10949,HEY1,1,43,7,41,28,15,4
10950,ZNF704,1,7,1,37,0,0,3
10951,FABP5,1,33,4,37,0,7,4
10952,SHH,1,104,11,138,0,52,4
10953,TAGAP,1,6,3,38,0,0,3
10954,COL1A2,1,26,28,121,0,60,4
10955,FNDC1,1,2,0,18,0,0,2
10956,CHMP4C,1,43,9,51,0,1,4
10957,SLC13A4,1,9,1,25,0,5,4
10958,PGAM2,1,17,2,41,0,1,4
10959,BRI3,1,8,1,2,0,0,3
10960,LMTK2,1,22,0,33,0,1,3
10961,SLC35G3,1,5,0,23,0,0,2
10962,CTSB,1,26,8,71,0,19,4
10963,SOX17,1,49,4,57,44,10,4
10964,DLC1,1,29,6,32,0,4,4
10965,ADCY1,1,30,15,55,0,2,4
10966,C8orf48,1,1,0,5,0,0,2
10967,SUN3,1,5,0,29,0,0,2
10968,C7orf57,1,0,0,15,0,0,1
10969,HNF4G,1,18,2,26,11,1,4
10970,PEX2,1,24,3,68,0,1,4
10971,RAD21,1,38,7,80,0,5,4
10972,SLC30A8,1,30,2,67,0,1,4
10973,MED30,1,16,5,42,0,0,3
10974,TNFRSF11B,1,10,1,35,0,28,4
10975,SBSPON,1,3,2,36,0,0,3
10976,PHKG1,1,15,1,28,0,0,3
10977,EN2,1,19,0,32,3,4,3
10978,KCNV1,1,14,1,41,0,0,3
10979,CSMD3,1,2,0,36,0,0,2
10980,SPIDR,1,18,1,43,0,0,3
10981,ORC5,1,13,7,44,0,0,3
10982,DEFA5,1,19,3,47,0,2,4
10983,DNAAF5,1,8,0,35,0,0,2
10984,DEFA4,1,19,3,52,0,0,3
10985,DEFA6,1,14,2,31,0,1,4
10986,OSGIN2,1,4,0,9,0,0,2
10987,DEFB1,1,23,2,50,0,6,4
10988,SUN1,1,19,1,51,0,1,4
10989,OXR1,1,6,0,12,0,0,2
10990,TMEM74,1,6,0,18,0,0,2
10991,GPR146,1,7,0,14,0,4,3
10992,GPER1,1,89,3,41,0,7,4
10993,UNCX,1,8,0,24,3,2,3
10994,TMEM184A,1,11,0,20,0,0,2
10995,NOS3,1,60,9,56,0,45,4
10996,MICALL2,1,22,0,16,0,0,2
10997,CA3,1,22,1,28,0,3,4
10998,INTS1,1,12,1,46,0,0,3
10999,CDK5,1,66,11,77,0,7,4
11000,SLC4A2,1,25,1,34,0,5,4
11001,SLC7A13,1,11,0,24,0,0,2
11002,FASTK,1,13,0,32,0,7,3
11003,TMUB1,1,9,0,30,0,0,2
11004,FMC1,1,3,0,20,0,0,2
11005,GBX1,1,8,0,6,0,0,2
11006,PHAX,1,13,2,41,0,0,3
11007,ALDH7A1,1,27,2,83,0,6,4
11008,FOXK1,1,25,1,38,3,1,4
11009,COX6C,1,10,4,62,0,0,3
11010,OSR2,1,36,0,31,1,6,3
11011,YWHAZ,1,43,16,124,0,1,4
11012,BAALC,1,6,0,22,0,1,3
11013,FZD6,1,20,5,57,0,2,4
11014,CTHRC1,1,10,0,39,0,0,2
11015,SLC25A32,1,10,1,35,0,0,3
11016,DCAF13,1,22,3,93,0,0,3
11017,DCSTAMP,1,19,1,32,0,14,4
11018,TP53INP1,1,21,2,32,0,4,4
11019,INTS8,1,12,1,41,0,0,3
11020,VIRMA,1,9,0,58,0,0,2
11021,FREM1,1,8,0,30,0,0,2
11022,GEM,1,18,1,20,0,1,4
11023,PDP1,1,9,1,34,0,7,4
11024,TMEM67,1,15,1,55,0,0,3
11025,WASHC5,1,18,0,45,0,0,2
11026,RPP25L,1,6,0,44,0,0,2
11027,FAM219A,1,1,0,30,0,0,2
11028,C9orf24,1,15,0,23,0,0,2
11029,SNAPC3,1,15,3,46,0,0,3
11030,MYORG,1,8,0,12,0,0,2
11031,NUDT2,1,11,1,55,0,0,3
11032,TMEM65,1,11,0,19,0,0,2
11033,PSIP1,1,17,7,43,0,5,4
11034,CCDC171,1,0,0,11,0,0,1
11035,UBAP1,1,11,5,35,0,0,3
11036,DIRAS2,1,7,0,17,0,0,2
11037,SYK,1,91,21,123,0,6,4
11038,NIPSNAP3B,1,3,0,17,0,0,2
11039,ABCA1,1,78,4,61,0,42,4
11040,NFIL3,1,21,0,38,34,3,3
11041,LETM2,1,7,0,34,0,0,2
11042,METTL2B,1,6,0,36,0,1,3
11043,PRKACG,1,19,27,592,0,0,3
11044,FXN,1,27,4,61,0,8,4
11045,ZMAT4,1,5,0,20,0,0,2
11046,NKX6-3,1,14,0,17,6,0,3
11047,TMEM71,1,3,0,7,0,0,2
11048,MAMDC2,1,3,0,10,0,0,2
11049,PRSS37,1,12,0,29,0,0,2
11050,CPA6,1,5,0,10,0,0,2
11051,C8orf34,1,0,0,8,0,0,1
11052,ALDH1A1,1,29,6,53,0,8,4
11053,KDM1B,1,17,3,41,0,2,4
11054,HGSNAT,1,10,3,32,0,0,3
11055,RASEF,1,16,0,28,0,0,2
11056,GKAP1,1,6,0,17,0,1,3
11057,KIF27,1,13,2,45,0,0,3
11058,C9orf64,1,8,0,11,0,0,2
11059,HNRNPK,1,31,6,135,0,1,4
11060,SSMEM1,1,3,0,29,0,0,2
11061,SVEP1,1,17,0,13,0,0,2
11062,TRPV6,1,16,1,43,0,6,4
11063,LLCFC1,1,2,0,6,0,0,2
11064,ANKS6,1,3,0,33,0,0,2
11065,FBP1,1,32,2,45,0,13,4
11066,TMEM246,1,3,0,0,0,0,1
11067,ZHX1,1,11,0,23,0,2,3
11068,CFAP47,1,5,0,44,0,0,2
11069,CYBB,1,42,9,61,0,26,4
11070,DYNLT3,1,18,0,37,0,0,2
11071,METTL27,1,3,0,47,0,0,2
11072,MID1IP1,1,13,1,6,0,0,3
11073,SHOC1,1,11,0,32,0,0,2
11074,CXorf58,1,1,0,12,0,0,2
11075,KIAA1958,1,1,0,14,0,0,2
11076,PTCHD1,1,12,0,32,0,0,2
11077,RNF183,1,13,0,17,0,0,2
11078,ASB11,1,10,2,43,0,0,3
11079,PCDH19,1,6,1,33,0,1,4
11080,PIGA,1,9,1,42,0,1,4
11081,VEGFD,1,20,3,39,0,7,4
11082,OR1Q1,1,8,1,18,0,0,3
11083,OR1K1,1,7,1,20,0,0,3
11084,STRBP,1,10,0,33,0,0,2
11085,CLDN3,1,39,1,36,0,6,4
11086,GAPVD1,1,12,2,39,0,0,3
11087,CARD19,1,7,0,23,0,0,2
11088,WNK2,1,20,1,33,0,2,4
11089,ATP7A,1,67,3,50,0,9,4
11090,ZNF367,1,6,0,33,0,0,2
11091,NLGN4Y,1,21,1,44,0,0,3
11092,HDX,1,8,0,4,0,0,2
11093,NDUFB6,1,11,3,62,0,3,4
11094,AQP7,1,16,2,35,0,2,4
11095,NOL6,1,12,2,96,0,0,3
11096,AQP3,1,23,3,37,0,7,4
11097,TRMT10B,1,7,0,46,0,0,2
11098,VCP,1,99,21,127,0,5,4
11099,PIGO,1,5,1,35,0,0,3
11100,STOML2,1,24,2,37,0,0,3
11101,BRWD3,1,2,0,34,0,0,2
11102,SLITRK5,1,9,3,36,0,0,3
11103,MELK,1,19,0,68,0,0,2
11104,ARMC3,1,4,0,52,0,0,2
11105,OTUD1,1,4,3,34,0,0,3
11106,ARHGAP12,1,11,4,33,0,0,3
11107,FAT3,1,15,0,32,0,0,2
11108,DEUP1,1,8,1,34,0,1,4
11109,HECTD2,1,5,1,5,0,0,3
11110,SLC7A3,1,18,1,17,0,0,3
11111,FBXO33,1,5,0,32,0,0,2
11112,INTS6L,1,4,0,27,0,0,2
11113,GPR101,1,7,0,31,0,0,2
11114,CLDN2,1,17,1,41,0,12,4
11115,LRFN5,1,10,0,35,0,0,2
11116,LRRC18,1,3,0,39,0,0,2
11117,SPTSSA,1,13,1,26,0,0,3
11118,WRN,1,57,17,104,0,5,4
11119,MARCH8,1,20,0,0,0,0,1
11120,TSHR,1,24,2,45,0,11,4
11121,CFL2,1,15,0,69,0,0,2
11122,SUGT1,1,12,2,39,0,0,3
11123,GTF2A1,1,20,10,65,0,3,4
11124,ZCCHC24,1,3,0,17,0,0,2
11125,PGM2L1,1,6,1,40,0,0,3
11126,PHYHIPL,1,2,0,10,0,1,3
11127,SLC16A9,1,11,0,29,0,0,2
11128,FOLR2,1,12,2,37,0,4,4
11129,INPPL1,1,27,4,47,0,4,4
11130,PHOX2A,1,18,0,26,12,5,3
11131,MBL2,1,26,4,55,0,3,4
11132,GJB2,1,16,4,60,0,6,4
11133,CRYL1,1,10,1,61,0,0,3
11134,REEP3,1,8,0,19,0,0,2
11135,HEPACAM,1,6,0,32,0,0,2
11136,SKA3,1,20,0,45,0,0,2
11137,MICU2,1,15,3,34,0,0,3
11138,DDIAS,1,5,0,23,0,0,2
11139,PCF11,1,14,6,72,0,0,3
11140,PKNOX2,1,16,0,28,0,0,2
11141,LRR1,1,7,2,59,0,1,4
11142,DNAAF2,1,10,0,41,0,1,3
11143,DEPP1,1,4,0,3,0,6,3
11144,MAGEC3,1,4,0,22,0,0,2
11145,ZNF22,1,9,0,12,0,0,2
11146,KLHDC2,1,11,0,38,0,0,2
11147,EML5,1,4,0,14,0,0,2
11148,NEMF,1,12,1,40,0,0,3
11149,RPUSD4,1,21,2,46,0,0,3
11150,ARF6,1,59,3,85,0,1,4
11151,TTC8,1,21,1,47,0,0,3
11152,TMEM63C,1,9,0,25,0,0,2
11153,NGB,1,11,1,38,0,10,4
11154,NOXRED1,1,5,0,18,0,0,2
11155,CDX2,1,29,1,56,74,27,4
11156,AMER2,1,7,0,12,0,0,2
11157,AKR1E2,1,6,1,20,0,0,3
11158,KBTBD6,1,10,2,35,0,0,3
11159,SSX5,1,3,0,12,0,0,2
11160,SSX3,1,3,0,15,0,0,2
11161,OTX2,1,27,2,66,41,10,4
11162,FAAH2,1,5,1,40,0,0,3
11163,DRGX,1,9,0,11,1,0,3
11164,NUDT5,1,22,1,34,0,0,3
11165,DACT1,1,31,1,38,0,1,4
11166,OXGR1,1,8,2,24,0,0,3
11167,UCMA,1,7,1,17,0,1,4
11168,BEND7,1,3,0,31,0,0,2
11169,ATP5F1C,1,13,3,90,0,0,3
11170,PRPF18,1,11,1,38,0,0,3
11171,TAF3,1,19,10,56,0,0,3
11172,VSTM4,1,4,0,5,0,0,2
11173,VDAC2,1,25,3,56,0,0,3
11174,SOHLH1,1,15,0,42,4,1,3
11175,COMTD1,1,5,0,31,0,0,2
11176,SLC18A2,1,33,3,52,0,5,4
11177,PDZD8,1,20,0,34,0,0,2
11178,ZNF503,1,6,0,9,2,1,3
11179,ABRAXAS2,1,20,1,36,0,0,3
11180,QSOX2,1,11,0,8,0,0,2
11181,FAM204A,1,1,0,16,0,0,2
11182,NSD1,1,27,1,47,1,0,4
11183,PRDX3,1,32,1,47,0,6,4
11184,ENOX2,1,9,0,11,0,0,2
11185,GHITM,1,17,0,40,0,0,2
11186,CLEC1B,1,9,2,37,0,0,3
11187,SNAPC4,1,11,3,51,0,0,3
11188,TMEM52B,1,3,0,12,0,0,2
11189,PMPCA,1,12,3,68,0,0,3
11190,ENTR1,1,13,0,30,0,0,2
11191,FRMD7,1,6,0,27,0,0,2
11192,AK8,1,14,1,51,0,0,3
11193,SPACA9,1,17,0,43,0,0,2
11194,TSC1,1,36,5,98,0,5,4
11195,GFI1B,1,15,0,39,10,11,3
11196,HPRT1,1,20,3,73,0,0,3
11197,BORCS5,1,14,0,27,0,0,2
11198,DIPK1B,1,2,0,5,0,0,2
11199,ZMYND19,1,5,0,35,0,0,2
11200,STOX1,1,30,0,23,5,0,3
11201,RET,1,36,5,73,0,26,4
11202,DDX21,1,33,2,52,0,1,4
11203,BMS1,1,15,2,101,0,0,3
11204,STK32C,1,6,0,8,0,0,2
11205,JCAD,1,10,0,24,0,0,2
11206,OR4K2,1,6,1,22,0,0,3
11207,FUNDC2,1,8,0,17,0,0,2
11208,PIP4P1,1,15,2,37,0,0,3
11209,METTL17,1,12,0,54,0,0,2
11210,SLC39A2,1,13,1,32,0,0,3
11211,NDRG2,1,10,0,10,0,11,3
11212,RNASE7,1,14,1,21,0,0,3
11213,ARHGEF40,1,11,4,19,0,0,3
11214,NSMF,1,28,0,25,0,2,3
11215,ZNF219,1,17,0,32,4,0,3
11216,C12orf50,1,4,0,25,0,0,2
11217,CASP7,1,31,6,53,0,13,4
11218,PPP1R36,1,1,0,11,0,0,2
11219,CCDC186,1,4,0,32,0,0,2
11220,VWA2,1,10,0,16,0,0,2
11221,METTL3,1,39,1,58,0,1,4
11222,SALL2,1,10,0,24,5,3,3
11223,PRAP1,1,12,0,9,0,1,3
11224,TRUB1,1,16,0,55,0,0,2
11225,ERICH6B,1,0,0,5,0,0,1
11226,CYP2C19,1,30,5,60,0,10,4
11227,ZFYVE1,1,24,0,43,0,0,2
11228,C10orf82,1,3,0,1,0,0,2
11229,HSPA12A,1,4,1,49,0,0,3
11230,FRAT1,1,8,2,32,0,0,3
11231,UBTD1,1,1,0,15,0,0,2
11232,ANKRD2,1,15,0,33,0,13,3
11233,E2F7,1,29,2,36,7,1,4
11234,ARHGAP42,1,4,5,27,0,0,3
11235,ISCA2,1,12,2,37,0,0,3
11236,OTOGL,1,8,1,28,0,0,3
11237,LARGE2,1,12,1,31,0,0,3
11238,PACSIN3,1,17,1,33,0,0,3
11239,TTC7B,1,5,0,28,0,0,2
11240,SLC39A13,1,17,0,42,0,0,2
11241,PSMC3,1,26,69,73,0,0,3
11242,RAPSN,1,23,0,38,0,6,3
11243,AGBL2,1,10,1,28,0,0,3
11244,TC2N,1,1,0,11,0,0,2
11245,CPSF2,1,12,6,55,0,1,4
11246,SMCO2,1,1,0,14,0,0,2
11247,MOAP1,1,15,0,31,0,0,2
11248,IFI27L1,1,6,0,15,0,0,2
11249,IFI27,1,24,2,36,0,5,4
11250,SERPINA12,1,5,0,34,0,0,2
11251,CLMN,1,7,0,18,0,0,2
11252,PDZRN4,1,1,0,18,0,0,2
11253,SLC6A5,1,12,2,34,0,0,3
11254,CCDC38,1,9,0,24,0,0,2
11255,NELL1,1,17,0,37,0,2,3
11256,PTER,1,10,0,29,0,0,2
11257,C1QL3,1,10,0,18,0,0,2
11258,CACNB2,1,27,8,60,0,1,4
11259,HACD1,1,16,1,29,0,0,3
11260,ARL5B,1,8,0,32,0,0,2
11261,SMCO4,1,2,0,11,0,0,2
11262,CEP295,1,14,0,37,0,0,2
11263,KCNC2,1,51,2,45,0,0,3
11264,TAF1D,1,6,6,40,0,0,3
11265,ABTB2,1,3,0,7,0,0,2
11266,R3HCC1L,1,2,0,8,0,0,2
11267,AMOTL1,1,14,1,35,0,1,4
11268,HTRA1,1,13,1,36,0,7,4
11269,LIPC,1,26,2,62,0,9,4
11270,CEP57,1,19,7,34,0,0,3
11271,TCP11L2,1,6,0,18,0,0,2
11272,PASD1,1,12,0,38,1,0,3
11273,SPRED1,1,25,3,38,0,0,3
11274,TMCO5A,1,6,0,45,0,0,2
11275,GPR176,1,10,1,32,0,0,3
11276,JAM3,1,39,2,47,0,0,3
11277,IL25,1,10,1,32,0,0,3
11278,CMTM5,1,3,0,25,0,0,2
11279,GLB1L3,1,4,3,11,0,0,3
11280,ADAMTS15,1,13,2,11,0,0,3
11281,SVOP,1,8,0,34,0,0,2
11282,SPATA19,1,6,0,37,0,0,2
11283,GPT2,1,8,0,50,0,2,3
11284,AMN,1,21,4,25,0,0,3
11285,RAB8B,1,27,3,43,0,0,3
11286,IKBIP,1,5,1,12,0,1,4
11287,RPUSD2,1,11,0,38,0,0,2
11288,HIF1AN,1,26,1,49,0,0,3
11289,NDUFB8,1,9,3,100,0,0,3
11290,ZFYVE19,1,10,0,39,0,0,2
11291,PPP1R14D,1,2,0,13,0,0,2
11292,SPINT1,1,14,2,37,0,2,4
11293,FBN1,1,57,7,74,0,8,4
11294,AVPR1A,1,39,3,32,0,1,4
11295,C16orf78,1,1,0,6,0,0,2
11296,DEPDC4,1,1,0,14,0,0,2
11297,LRTM2,1,1,0,12,0,0,2
11298,BRD7,1,31,3,46,3,4,4
11299,CKB,1,15,2,34,0,3,4
11300,TRMT61A,1,9,1,59,0,0,3
11301,BTRC,1,30,23,122,0,8,4
11302,POLL,1,18,1,45,0,4,4
11303,BAG5,1,23,1,40,0,0,3
11304,DPCD,1,2,0,16,0,0,2
11305,LARP6,1,13,0,20,0,0,2
11306,API5,1,9,0,33,0,0,2
11307,ASPG,1,9,1,32,0,0,3
11308,ZNF319,1,4,0,11,0,0,2
11309,HPS6,1,16,0,34,0,0,2
11310,SENP8,1,8,2,34,0,0,3
11311,NOLC1,1,17,0,42,0,6,3
11312,ALKBH3,1,13,1,36,0,0,3
11313,COPS2,1,16,5,54,0,1,4
11314,GABRB3,1,38,2,51,0,12,4
11315,SPIC,1,12,0,7,10,0,3
11316,TBATA,1,3,0,12,0,3,3
11317,SGPL1,1,11,1,38,0,8,4
11318,FRS2,1,16,28,59,0,0,3
11319,CCT2,1,22,9,86,0,3,4
11320,PCBD1,1,13,1,32,1,0,4
11321,ARIH1,1,24,4,53,0,0,3
11322,C16orf71,1,4,0,17,0,0,2
11323,CLMP,1,11,0,15,0,6,3
11324,SCN3B,1,28,2,48,0,0,3
11325,COX11,1,9,1,61,0,0,3
11326,ZNF202,1,12,1,34,7,1,4
11327,FAM227B,1,0,0,14,0,0,1
11328,STXBP4,1,14,0,33,0,0,2
11329,CYYR1,1,3,0,18,0,0,2
11330,CUL5,1,29,6,87,0,0,3
11331,MYRFL,1,10,0,5,0,0,2
11332,WBP1L,1,4,0,23,0,0,2
11333,BORCS7,1,9,0,31,0,0,2
11334,C2,1,20,3,34,0,2,4
11335,PLEKHF1,1,16,0,16,0,0,2
11336,TMEM100,1,11,0,13,0,0,2
11337,ANAPC16,1,14,17,48,0,0,3
11338,SMPD1,1,40,2,48,0,3,4
11339,APBB1,1,29,1,42,2,3,4
11340,SYNPO2L,1,12,0,32,0,0,2
11341,NUDT13,1,9,1,36,0,0,3
11342,C11orf65,1,5,0,5,0,0,2
11343,TRIM44,1,12,0,37,0,0,2
11344,CCDC182,1,1,0,10,0,0,2
11345,ILK,1,40,2,51,0,18,4
11346,TAF10,1,37,12,80,0,1,4
11347,TPP1,1,28,1,38,0,1,4
11348,DCHS1,1,21,0,42,0,0,2
11349,NETO1,1,16,0,32,0,1,3
11350,MSS51,1,1,0,29,0,0,2
11351,CYB5A,1,9,1,45,0,2,4
11352,USP54,1,4,0,31,0,0,2
11353,RAG1,1,27,2,48,0,6,4
11354,POTED,1,1,0,22,0,0,2
11355,C11orf74,1,7,0,10,0,0,2
11356,WDR88,1,1,0,5,0,0,2
11357,OR10A5,1,7,1,20,0,0,3
11358,ATP9B,1,17,1,8,0,4,4
11359,PPFIBP2,1,7,1,19,0,0,3
11360,MOGAT2,1,12,1,36,0,0,3
11361,CYB5R2,1,11,1,39,0,0,3
11362,SERPINB7,1,7,0,19,0,3,3
11363,KIAA0355,1,6,0,33,0,0,2
11364,SERPINB8,1,9,1,13,0,0,3
11365,TUB,1,12,0,34,0,0,2
11366,RIC3,1,13,0,41,0,0,2
11367,LMO1,1,5,1,43,1,8,4
11368,IDH3A,1,12,2,42,0,0,3
11369,WDR72,1,3,0,37,0,0,2
11370,CRABP1,1,10,1,36,0,10,4
11371,PLD4,1,17,3,36,0,0,3
11372,ZMAT1,1,3,0,6,0,0,2
11373,XRRA1,1,5,0,11,0,0,2
11374,TRIM66,1,7,0,42,0,0,2
11375,RNF169,1,19,0,34,0,0,2
11376,ST5,1,6,0,0,0,0,1
11377,CDYL2,1,7,0,35,0,0,2
11378,TMEM130,1,4,0,10,0,0,2
11379,PRTG,1,8,0,7,0,0,2
11380,CENPN,1,7,7,45,0,0,3
11381,AKIP1,1,4,0,11,0,5,3
11382,ATMIN,1,10,0,22,0,0,2
11383,C16orf46,1,0,0,9,0,0,1
11384,TMEM41B,1,10,0,31,0,0,2
11385,LEO1,1,13,8,99,0,0,3
11386,ZNF143,1,14,3,37,28,3,4
11387,TMX3,1,8,1,34,0,0,3
11388,MFAP4,1,11,1,37,0,0,3
11389,WEE1,1,15,7,51,0,10,4
11390,MAPK7,1,32,6,45,0,1,4
11391,PRKCB,1,48,10,85,0,13,4
11392,HDGFL3,1,10,0,7,0,0,2
11393,NDST2,1,11,1,38,0,1,4
11394,MCM7,1,25,6,79,0,12,4
11395,CLEC3A,1,5,0,14,0,0,2
11396,CCDC68,1,5,0,33,0,0,2
11397,CLEC4E,1,18,1,37,0,0,3
11398,ZNF3,1,10,1,17,0,0,3
11399,CLEC4D,1,13,2,32,0,0,3
11400,ZSCAN21,1,12,0,26,1,0,3
11401,RIMKLB,1,7,1,26,0,0,3
11402,A2ML1,1,5,0,32,0,1,3
11403,BEAN1,1,1,0,25,0,0,2
11404,TK2,1,17,1,41,0,0,3
11405,TMED3,1,14,2,36,0,0,3
11406,SLC38A8,1,6,0,15,0,0,2
11407,SEC11C,1,9,7,33,0,0,3
11408,CPLX4,1,10,0,41,0,0,2
11409,GALR1,1,14,2,42,0,1,4
11410,TMEM135,1,9,0,18,0,0,2
11411,IQCD,1,6,0,29,0,0,2
11412,NDEL1,1,33,6,48,0,0,3
11413,CENPV,1,18,0,32,0,0,2
11414,CDH16,1,11,0,13,0,0,2
11415,RRAD,1,7,1,32,0,5,4
11416,CIAO2B,1,12,1,35,0,0,3
11417,CFAP52,1,10,0,81,0,0,2
11418,HSP90B1,1,45,6,111,0,11,4
11419,MC4R,1,23,3,56,0,1,4
11420,BLCAP,1,5,0,31,0,1,3
11421,SERPINB12,1,9,1,29,0,0,3
11422,CHRFAM7A,1,21,0,31,0,0,2
11423,ATF7IP2,1,4,0,19,0,0,2
11424,MMP10,1,10,3,32,0,19,4
11425,TVP23A,1,6,0,16,0,0,2
11426,BEX3,1,14,1,29,0,0,3
11427,TMPRSS5,1,7,0,8,0,1,3
11428,COG1,1,9,4,59,0,0,3
11429,PLEKHA7,1,17,0,43,0,0,2
11430,ZNF606,1,5,1,6,0,0,3
11431,ZCCHC18,1,1,0,15,0,0,2
11432,B2M,1,65,12,116,0,8,4
11433,ZNF592,1,7,1,38,0,0,3
11434,CASC4,1,2,0,15,0,0,2
11435,HTR3A,1,21,1,43,0,0,3
11436,NNMT,1,12,3,32,0,2,4
11437,ACSM1,1,22,2,32,0,0,3
11438,AP1G1,1,37,4,70,0,1,4
11439,SLFN5,1,4,0,7,0,0,2
11440,CATSPER2,1,18,1,49,0,0,3
11441,BMERB1,1,3,0,15,0,0,2
11442,MARF1,1,11,0,30,0,0,2
11443,SAAL1,1,3,0,14,0,0,2
11444,YPEL4,1,1,0,10,0,0,2
11445,PPIB,1,24,2,59,0,0,3
11446,LDHC,1,19,1,50,0,4,4
11447,CIAO2A,1,7,0,25,0,0,2
11448,LDHAL6A,1,8,1,44,0,0,3
11449,FAM111A,1,14,0,31,0,0,2
11450,PCLAF,1,13,1,33,0,1,4
11451,KIF7,1,15,2,66,0,0,3
11452,LDHD,1,12,2,35,0,0,3
11453,PLIN1,1,11,4,64,0,5,4
11454,PEX11A,1,10,2,36,0,2,4
11455,TMEM170A,1,6,0,10,0,0,2
11456,MESP1,1,43,1,32,1,3,4
11457,ANPEP,1,16,2,70,0,8,4
11458,SCNN1G,1,24,2,38,0,4,4
11459,RBPMS2,1,15,0,11,0,0,2
11460,NAV2,1,15,0,15,0,1,3
11461,ANKDD1A,1,2,0,2,0,0,2
11462,GLYATL1,1,5,4,37,0,0,3
11463,C18orf54,1,2,0,10,0,0,2
11464,DCTN5,1,5,5,49,0,0,3
11465,TERF2IP,1,26,14,42,0,0,3
11466,PLK1,1,69,25,229,0,15,4
11467,CLPX,1,16,1,41,0,1,4
11468,GPR182,1,0,0,18,0,0,1
11469,ZBTB39,1,8,0,16,0,0,2
11470,CACNG2,1,30,3,95,0,0,3
11471,TAC3,1,12,2,38,0,7,4
11472,MYO1A,1,24,0,43,0,0,2
11473,CHP2,1,20,0,11,0,0,2
11474,NEMP1,1,6,0,29,0,0,2
11475,OR4D6,1,6,1,18,0,0,3
11476,NAB2,1,9,2,34,4,7,4
11477,VPS39,1,25,1,59,0,0,3
11478,STAT6,1,31,6,59,122,13,4
11479,PATL1,1,16,1,38,0,0,3
11480,ATP23,1,11,0,50,0,0,2
11481,ELFN2,1,8,0,11,0,0,2
11482,STX3,1,44,1,54,0,0,3
11483,PIP4K2C,1,17,4,51,0,0,3
11484,MTMR10,1,3,1,24,0,0,3
11485,YWHAB,1,29,27,116,0,4,4
11486,C15orf48,1,4,0,33,0,0,2
11487,SCG5,1,11,0,28,0,4,3
11488,GREM1,1,47,1,36,0,3,4
11489,NYAP1,1,2,0,19,0,0,2
11490,TSC22D4,1,11,0,24,0,0,2
11491,MS4A6E,1,5,0,32,0,0,2
11492,MS4A7,1,5,0,23,0,0,2
11493,MS4A14,1,4,0,24,0,0,2
11494,MS4A5,1,3,0,16,0,0,2
11495,DIS3L,1,15,0,40,0,0,2
11496,CCNDBP1,1,5,0,28,0,0,2
11497,EPB42,1,11,0,48,0,5,3
11498,TGM6,1,2,0,13,0,0,2
11499,SMAD3,1,132,22,196,184,19,4
11500,MS4A8,1,3,0,22,0,0,2
11501,CCDC178,1,4,0,8,0,0,2
11502,MS4A15,1,3,0,7,0,0,2
11503,MAP1A,1,42,0,37,0,2,3
11504,RCCD1,1,4,1,13,0,0,3
11505,AKTIP,1,18,0,24,0,0,2
11506,MAPRE2,1,55,0,37,0,6,3
11507,EVA1C,1,4,0,23,0,0,2
11508,TCP10L2,1,0,0,23,0,0,1
11509,MARS,1,17,0,0,0,0,1
11510,MBD6,1,6,1,24,0,1,4
11511,CNPY4,1,4,0,12,0,0,2
11512,PDIA3,1,26,4,68,0,2,4
11513,NUDT21,1,25,5,55,0,0,3
11514,NAT16,1,2,0,5,0,0,2
11515,TERB2,1,8,0,27,0,0,2
11516,NKX3-1,1,63,0,38,69,14,3
11517,SGSM1,1,8,0,26,0,0,2
11518,DUSP18,1,15,0,8,0,0,2
11519,TEF,1,11,0,33,15,0,3
11520,MEI1,1,1,0,39,0,0,2
11521,B4GALNT2,1,14,2,31,0,0,3
11522,PBX3,1,18,0,45,2,0,3
11523,GNGT2,1,7,28,83,0,0,3
11524,PHB,1,53,0,65,0,0,2
11525,SNRPD1,1,44,7,144,0,0,3
11526,TTC16,1,0,0,20,0,0,1
11527,SUN5,1,9,0,43,0,0,2
11528,SAMD14,1,9,0,9,0,0,2
11529,PIP5KL1,1,13,0,39,0,0,2
11530,BPIFB6,1,2,1,11,0,0,3
11531,TMEM92,1,2,0,16,0,0,2
11532,FAM102A,1,5,0,17,0,0,2
11533,ACSF2,1,8,1,54,0,0,3
11534,GOLGA2,1,31,4,57,0,0,3
11535,TRUB2,1,13,2,45,0,0,3
11536,COQ4,1,10,1,36,0,0,3
11537,SLC27A4,1,26,2,38,0,1,4
11538,ANKRD40CL,1,0,0,10,0,0,1
11539,URM1,1,10,1,37,0,0,3
11540,CERCAM,1,6,0,5,0,0,2
11541,DOLPP1,1,4,1,35,0,0,3
11542,ENDOG,1,30,0,34,0,0,2
11543,TBC1D21,1,14,0,37,0,0,2
11544,PRRX2,1,9,0,32,1,0,3
11545,C15orf39,1,6,0,11,0,0,2
11546,ISLR2,1,4,0,8,0,0,2
11547,SP2,1,12,0,12,23,7,3
11548,PRR15L,1,0,0,23,0,0,1
11549,COQ7,1,17,1,33,0,5,4
11550,GPRC5B,1,18,0,37,0,0,2
11551,CRK,1,60,10,99,0,0,3
11552,C16orf92,1,4,0,28,0,0,2
11553,FBXO22,1,12,2,30,0,0,3
11554,TBC1D2B,1,8,0,18,0,0,2
11555,NOD2,1,75,7,78,0,6,4
11556,SNX20,1,10,0,32,0,0,2
11557,LOXHD1,1,2,0,47,0,0,2
11558,KATNAL2,1,15,0,54,0,0,2
11559,HDHD2,1,5,0,19,0,0,2
11560,ZNF91,1,9,0,5,48,2,3
11561,IGF2,1,31,6,73,0,52,4
11562,RNF214,1,2,0,11,0,0,2
11563,CDK12,1,24,1,48,0,0,3
11564,DPEP2,1,8,3,24,0,0,3
11565,DUS2,1,16,2,45,0,0,3
11566,POP5,1,13,1,43,0,0,3
11567,ENGASE,1,5,1,21,0,0,3
11568,RBFOX3,1,9,1,58,0,6,4
11569,ATP5MG,1,9,3,41,0,0,3
11570,CD3D,1,17,8,66,0,6,4
11571,TBC1D16,1,5,1,14,0,0,3
11572,TEPSIN,1,9,0,32,0,0,2
11573,MYO5B,1,19,1,48,0,0,3
11574,ART5,1,4,0,18,0,0,2
11575,ACAA2,1,19,1,88,0,0,3
11576,STIM1,1,23,3,59,0,7,4
11577,RRM1,1,24,1,94,0,8,4
11578,OR51E2,1,21,2,24,0,0,3
11579,TRIM68,1,17,1,20,0,1,4
11580,MMP26,1,9,0,5,0,7,3
11581,OR51B5,1,10,2,27,0,0,3
11582,OR51Q1,1,9,1,22,0,0,3
11583,FN3K,1,9,1,7,0,0,3
11584,PRRT2,1,20,0,50,0,0,2
11585,ZNF23,1,7,1,7,0,0,3
11586,IRGQ,1,7,0,19,0,0,2
11587,ZNF226,1,7,1,7,0,1,4
11588,ZNF180,1,6,1,4,0,0,3
11589,PPP2R3B,1,8,3,41,0,0,3
11590,ZNF668,1,8,1,41,0,0,3
11591,ZNF646,1,6,0,35,0,0,2
11592,VKORC1,1,11,1,36,0,0,3
11593,GNG8,1,8,29,68,0,0,3
11594,LPO,1,14,1,22,0,0,3
11595,CA4,1,18,3,41,0,0,3
11596,SMG8,1,6,1,34,0,0,3
11597,TPM4,1,22,4,58,0,1,4
11598,RAB8A,1,53,7,150,0,0,3
11599,GPX4,1,25,3,80,0,4,4
11600,MIDN,1,10,0,8,0,0,2
11601,JSRP1,1,5,0,21,0,0,2
11602,NIBAN3,1,1,0,23,0,0,2
11603,KLHL26,1,4,0,21,0,0,2
11604,GATAD2A,1,16,12,47,0,1,4
11605,MVD,1,12,3,35,0,0,3
11606,CDT1,1,20,5,66,0,6,4
11607,TRAPPC2L,1,13,2,47,0,1,4
11608,ANKRD11,1,8,0,33,0,1,3
11609,SPATA33,1,9,0,16,0,0,2
11610,PROCA1,1,5,0,40,0,0,2
11611,ZNF641,1,8,1,11,0,0,3
11612,LALBA,1,15,2,41,0,1,4
11613,CACNB3,1,18,5,50,0,0,3
11614,DHRS13,1,4,0,23,0,0,2
11615,TP53I13,1,6,0,39,0,0,2
11616,KMT2D,1,19,8,62,3,1,4
11617,CORO6,1,7,0,25,0,0,2
11618,RHEBL1,1,13,0,19,0,0,2
11619,TUBA1A,1,70,38,97,0,3,4
11620,TUBA1C,1,19,32,54,0,0,3
11621,ZNF610,1,5,2,5,0,0,3
11622,ZNF528,1,7,1,3,0,0,3
11623,ZNF701,1,5,1,16,0,0,3
11624,SERTAD3,1,5,0,26,0,0,2
11625,NCKAP5L,1,5,0,12,0,0,2
11626,RAB4B,1,18,3,32,0,1,4
11627,AQP2,1,27,2,54,0,11,4
11628,GPD1,1,12,1,42,0,2,4
11629,PROSER3,1,2,0,16,0,0,2
11630,CYP2S1,1,22,3,42,0,0,3
11631,AXL,1,39,2,49,0,13,4
11632,NFKBID,1,5,0,24,0,5,3
11633,TMC4,1,8,0,18,0,0,2
11634,ANKRD33,1,3,0,7,0,0,2
11635,LAIR1,1,7,2,42,0,1,4
11636,TTYH1,1,18,0,20,0,0,2
11637,LENG8,1,3,0,27,0,0,2
11638,CDC42EP5,1,11,2,23,0,0,3
11639,LAIR2,1,6,1,11,0,1,4
11640,TMEM145,1,3,0,30,0,0,2
11641,ZNF526,1,2,0,11,0,0,2
11642,TRAPPC9,1,14,2,45,0,0,3
11643,KIR3DL1,1,9,1,42,0,14,4
11644,NLRP7,1,15,0,39,0,0,2
11645,ZNF146,1,11,0,11,0,1,3
11646,ZNF283,1,6,0,9,0,0,2
11647,PPP1R14A,1,4,1,33,0,9,4
11648,SPINT2,1,11,2,40,0,4,4
11649,C19orf33,1,4,0,6,0,0,2
11650,YIF1B,1,12,0,20,0,0,2
11651,DNAAF3,1,4,0,43,0,0,2
11652,PSCA,1,9,1,38,0,2,4
11653,ATCAY,1,17,0,9,0,1,3
11654,LY6D,1,7,1,21,0,0,3
11655,DAPK3,1,39,1,35,0,1,4
11656,EEF2,1,41,5,77,0,1,4
11657,TMIGD2,1,8,0,35,0,0,2
11658,CHAF1A,1,12,0,33,0,0,2
11659,UBXN6,1,20,0,41,0,0,2
11660,HDGFL2,1,13,0,18,0,0,2
11661,PLIN4,1,4,1,33,0,0,3
11662,SEMA6B,1,10,0,19,0,1,3
11663,ZNF444,1,8,0,29,1,0,3
11664,NXN,1,9,0,37,0,0,2
11665,TLCD3A,1,5,0,14,0,1,3
11666,GLOD4,1,3,0,47,0,0,2
11667,MFSD3,1,5,0,34,0,0,2
11668,GPT,1,8,2,66,0,7,4
11669,KIFC2,1,16,2,49,0,0,3
11670,SLC43A2,1,22,1,27,0,0,3
11671,RILP,1,24,2,40,0,1,4
11672,SERPINF2,1,28,2,50,0,4,4
11673,WDR81,1,16,1,34,0,0,3
11674,SRR,1,25,1,36,0,1,4
11675,TSR1,1,11,1,67,0,0,3
11676,TRPV3,1,21,1,34,0,1,4
11677,HSD11B1L,1,3,0,32,0,0,2
11678,CYB5D2,1,6,0,23,0,0,2
11679,GGT6,1,6,3,41,0,0,3
11680,C19orf48,1,0,0,11,0,0,1
11681,KLK1,1,8,2,34,0,4,4
11682,KLK4,1,9,0,55,0,4,3
11683,KLK2,1,7,3,42,0,3,4
11684,KLK5,1,17,2,35,0,0,3
11685,KLK6,1,23,0,36,0,4,3
11686,KLK11,1,9,0,34,0,0,2
11687,KLK13,1,9,2,33,0,0,3
11688,ZNF83,1,5,0,5,0,1,3
11689,KRT80,1,9,2,35,0,0,3
11690,KRT1,1,25,6,49,0,7,4
11691,ACER1,1,17,1,35,0,0,3
11692,OTUB1,1,16,2,66,0,1,4
11693,RCOR2,1,9,0,31,16,0,3
11694,ANGPTL4,1,19,5,37,0,7,4
11695,CD320,1,11,2,22,0,3,4
11696,SPRYD3,1,1,0,22,0,0,2
11697,IGFBP6,1,18,1,30,0,7,4
11698,SOAT2,1,20,1,32,0,1,4
11699,ZNF558,1,8,1,11,0,0,3
11700,CABP2,1,10,1,26,0,0,3
11701,NDUFV1,1,13,3,121,0,2,4
11702,CDK2AP2,1,9,2,8,0,0,3
11703,NUDT8,1,11,1,27,0,0,3
11704,TBX10,1,10,0,32,5,0,3
11705,PRDX2,1,19,3,47,0,3,4
11706,OR8J3,1,7,1,13,0,0,3
11707,OR5I1,1,8,1,21,0,0,3
11708,ZNF232,1,6,0,29,0,0,2
11709,MIS12,1,14,6,35,0,0,3
11710,CD300C,1,6,1,63,0,0,3
11711,CD300A,1,26,3,47,0,0,3
11712,TEKT1,1,12,0,76,0,1,3
11713,HID1,1,14,0,18,0,0,2
11714,ATP5PD,1,9,3,71,0,1,4
11715,TMEM88,1,7,0,14,0,0,2
11716,EVPL,1,16,1,46,0,3,4
11717,SRP68,1,17,1,42,0,0,3
11718,MGAT5B,1,7,1,39,0,2,4
11719,TMC8,1,23,0,24,0,0,2
11720,TK1,1,14,2,66,0,9,4
11721,TMEM68,1,7,0,23,0,0,2
11722,CYP7A1,1,20,5,77,0,38,4
11723,GSDMA,1,14,0,36,0,0,2
11724,KRT24,1,10,3,32,0,0,3
11725,TMEM99,1,1,0,0,0,0,1
11726,GHDC,1,8,1,9,0,0,3
11727,FAM234A,1,4,0,12,0,0,2
11728,SOST,1,17,2,50,0,12,4
11729,ZNF598,1,16,1,41,0,0,3
11730,RAB26,1,17,1,15,0,1,4
11731,MLST8,1,26,15,58,0,0,3
11732,E4F1,1,20,0,43,9,1,3
11733,DNASE1L2,1,11,0,20,0,0,2
11734,ECI1,1,6,2,43,0,0,3
11735,CASKIN1,1,7,0,34,0,0,2
11736,ABCA3,1,46,4,31,0,9,4
11737,KCTD5,1,10,0,35,0,0,2
11738,SRRM2,1,16,3,89,0,0,3
11739,ZNF597,1,8,1,19,0,0,3
11740,NLRC3,1,23,1,32,0,0,3
11741,SDHAF2,1,10,1,32,0,0,3
11742,DDB1,1,57,10,107,0,3,4
11743,VPS37C,1,15,5,37,0,0,3
11744,VWCE,1,8,0,26,0,0,2
11745,RAB3IL1,1,4,1,37,0,0,3
11746,BEST1,1,26,1,55,0,10,4
11747,FTH1,1,26,4,60,0,7,4
11748,BSCL2,1,10,0,47,0,0,2
11749,POLR2G,1,10,44,104,0,0,3
11750,SLC3A2,1,45,4,58,0,4,4
11751,PLAAT5,1,7,1,25,0,0,3
11752,SPINDOC,1,7,0,8,0,0,2
11753,ATG16L2,1,3,1,42,0,0,3
11754,C2CD3,1,11,1,37,0,0,3
11755,TRANK1,1,0,0,25,0,0,1
11756,TTC21A,1,6,0,44,0,1,3
11757,ENTPD3,1,18,1,58,0,0,3
11758,CTNNB1,1,154,46,451,321,41,4
11759,ULK4,1,13,0,27,0,0,2
11760,FADD,1,63,14,77,0,7,4
11761,LTBP3,1,14,2,40,0,4,4
11762,NAALADL1,1,10,0,32,0,0,2
11763,SAC3D1,1,7,0,32,0,0,2
11764,BATF2,1,13,0,34,1,0,3
11765,SLC22A11,1,14,1,43,0,0,3
11766,SF1,1,19,1,66,11,18,4
11767,MAP4K2,1,14,0,28,0,0,2
11768,MAJIN,1,10,0,32,0,0,2
11769,CCDC88B,1,16,0,17,0,0,2
11770,SCARA3,1,8,0,29,0,0,2
11771,PBK,1,10,0,68,0,1,3
11772,SCARA5,1,12,1,21,0,1,4
11773,PNOC,1,31,2,52,0,3,4
11774,COPS6,1,10,4,55,0,0,3
11775,PAFAH1B2,1,17,2,43,0,0,3
11776,ANKS3,1,3,0,27,0,0,2
11777,NUDT16L1,1,5,0,10,0,0,2
11778,KIAA1586,1,2,0,3,0,1,3
11779,RAB4A,1,22,5,48,0,0,3
11780,OR2B2,1,6,1,14,0,0,3
11781,KCNJ4,1,11,4,39,0,0,3
11782,SETD5,1,20,0,43,0,0,2
11783,VASN,1,13,0,20,0,0,2
11784,FAM83B,1,11,0,15,0,0,2
11785,HIST3H3,1,15,0,0,0,0,1
11786,THAP9,1,7,0,22,3,0,3
11787,OR2C1,1,9,2,94,0,0,3
11788,RNF187,1,13,0,13,0,0,2
11789,HOOK3,1,29,0,53,0,0,2
11790,MAPK1IP1L,1,1,0,15,0,0,2
11791,DDIT4,1,16,1,42,0,10,4
11792,RBPJ,1,57,13,88,154,4,4
11793,LMBRD1,1,19,3,27,0,0,3
11794,ZCCHC4,1,11,0,40,0,0,2
11795,PTGDR,1,9,2,37,0,10,4
11796,TTC39C,1,2,0,6,0,0,2
11797,GLYCTK,1,8,1,41,0,0,3
11798,GNG4,1,10,29,87,0,0,3
11799,UBTD2,1,2,0,14,0,0,2
11800,NKIRAS2,1,7,3,11,0,0,3
11801,DNAJC7,1,12,1,50,0,1,4
11802,KCNV2,1,13,1,46,0,3,4
11803,IRF2BP2,1,7,0,31,0,1,3
11804,PTF1A,1,29,2,44,17,4,4
11805,NT5DC2,1,4,0,22,0,0,2
11806,FOXI1,1,19,0,32,10,0,3
11807,SMIM4,1,5,0,17,0,0,2
11808,COA6,1,8,1,60,0,0,3
11809,KIF5C,1,32,1,66,0,0,3
11810,MGAT2,1,10,3,32,0,1,4
11811,BMI1,1,27,10,98,0,20,4
11812,THAP11,1,16,0,23,6,0,3
11813,MMADHC,1,6,2,33,0,0,3
11814,PDHB,1,8,4,80,0,0,3
11815,PXK,1,10,0,33,0,0,2
11816,HIST1H1E,1,18,0,0,0,0,1
11817,PCMTD1,1,7,0,18,0,0,2
11818,KCTD6,1,10,4,36,0,0,3
11819,MPLKIP,1,6,0,32,0,0,2
11820,ACOX2,1,20,3,56,0,0,3
11821,FAM107A,1,28,0,13,0,0,2
11822,IRF2,1,26,4,36,56,4,4
11823,MOBP,1,6,1,35,0,0,3
11824,CX3CR1,1,64,5,67,0,3,4
11825,PPDPFL,1,1,0,3,0,0,2
11826,XIRP1,1,16,0,35,0,0,2
11827,INSM2,1,10,0,32,0,2,3
11828,DEGS2,1,9,1,43,0,0,3
11829,SCN11A,1,60,2,40,0,2,4
11830,ARF4,1,32,3,44,0,2,4
11831,SEPTIN2,1,38,1,38,0,0,3
11832,FILIP1L,1,6,0,34,0,1,3
11833,MFSD2A,1,45,1,33,0,3,4
11834,DTYMK,1,10,1,49,0,0,3
11835,TAP1,1,29,2,32,0,9,4
11836,ING5,1,22,2,37,0,0,3
11837,ATG4B,1,24,1,44,0,2,4
11838,BDKRB2,1,23,3,42,0,10,4
11839,MLKL,1,16,5,38,0,0,3
11840,RFWD3,1,20,0,34,0,0,2
11841,MTNR1A,1,12,2,38,0,0,3
11842,KCNG4,1,15,1,45,0,0,3
11843,RHOH,1,18,1,49,0,7,4
11844,KLHL30,1,4,0,12,0,0,2
11845,COG7,1,14,3,56,0,0,3
11846,CDC40,1,13,5,103,0,0,3
11847,STIP1,1,10,2,78,0,2,4
11848,SCNN1B,1,24,2,40,0,1,4
11849,HR,1,13,0,3,87,2,3
11850,TXNDC2,1,11,0,33,0,0,2
11851,RAB31,1,29,3,34,0,1,4
11852,REEP4,1,9,0,24,0,0,2
11853,TNXB,1,19,1,44,0,1,4
11854,LGI3,1,8,1,15,0,0,3
11855,SFTPC,1,10,4,48,0,13,4
11856,BMP1,1,18,4,57,0,2,4
11857,ATXN2L,1,11,0,45,0,0,2
11858,PHYHIP,1,6,0,20,0,0,2
11859,CCDC110,1,4,0,12,0,0,2
11860,POLR3D,1,12,7,52,0,3,4
11861,FEN1,1,36,6,95,0,5,4
11862,CAVIN2,1,10,0,22,0,1,3
11863,MTCL1,1,20,0,9,0,0,2
11864,GBX2,1,15,3,36,7,3,4
11865,HJV,1,20,1,35,0,4,4
11866,SCGB1D1,1,2,0,20,0,0,2
11867,HEXIM2,1,12,0,26,0,0,2
11868,FNTA,1,28,5,39,0,1,4
11869,SERINC2,1,7,1,15,0,0,3
11870,MYL1,1,12,1,95,0,2,4
11871,TRAPPC11,1,11,1,38,0,0,3
11872,CHRM1,1,35,2,37,0,1,4
11873,COL3A1,1,51,16,107,0,11,4
11874,GFRA2,1,10,3,39,0,1,4
11875,ING2,1,33,2,50,0,6,4
11876,CDKN2AIP,1,11,0,16,0,1,3
11877,SNRNP48,1,10,1,43,0,0,3
11878,TMEM223,1,4,1,15,0,0,3
11879,SLC20A2,1,14,2,34,0,0,3
11880,CRYGA,1,3,0,30,0,1,3
11881,DYNLRB2,1,14,1,43,0,0,3
11882,TMUB2,1,3,0,34,0,0,2
11883,ADAM29,1,9,0,8,0,0,2
11884,STAT3,1,126,42,230,403,20,4
11885,ZSWIM1,1,2,0,21,0,0,2
11886,ADAM9,1,41,1,36,0,1,4
11887,ADAM18,1,9,0,3,0,0,2
11888,GDNF,1,46,4,62,0,24,4
11889,MUCL3,1,5,0,14,0,0,2
11890,WFDC13,1,5,0,15,0,0,2
11891,AXIN2,1,35,5,71,0,18,4
11892,NDUFS5,1,11,2,67,0,0,3
11893,VWA3B,1,3,0,17,0,0,2
11894,ZNF30,1,5,2,2,0,0,3
11895,UGT3A2,1,9,2,31,0,0,3
11896,LRATD2,1,3,0,16,0,0,2
11897,LDLRAD4,1,9,0,32,0,0,2
11898,KCTD19,1,5,0,56,0,0,2
11899,SLC16A4,1,8,0,36,0,1,3
11900,IL7R,1,28,3,91,0,21,4
11901,TMEM208,1,2,0,34,0,0,2
11902,LRP1B,1,8,0,42,0,1,3
11903,WFDC12,1,7,0,20,0,1,3
11904,AHCYL1,1,17,10,38,0,2,4
11905,DNAJC21,1,10,0,35,0,0,2
11906,PKIG,1,4,0,7,0,1,3
11907,NPNT,1,17,2,23,0,3,4
11908,CA7,1,4,1,32,0,0,3
11909,FAM178B,1,0,0,21,0,0,1
11910,SEMA4C,1,20,0,23,0,0,2
11911,CNNM3,1,6,0,27,0,0,2
11912,GSTM4,1,11,2,38,0,1,4
11913,TET2,1,15,2,42,1,4,4
11914,CXXC4,1,9,1,29,0,0,3
11915,TCTN2,1,7,1,34,0,0,3
11916,SHOX2,1,22,0,33,6,2,3
11917,PPIP5K1,1,12,1,32,0,0,3
11918,TSPAN5,1,10,1,33,0,0,3
11919,ABHD15,1,8,0,29,0,0,2
11920,ZBTB5,1,8,0,9,1,0,3
11921,CHTF8,1,9,1,34,0,0,3
11922,ADAL,1,8,0,24,0,0,2
11923,LCMT2,1,7,1,21,0,0,3
11924,SNTB2,1,13,1,35,0,0,3
11925,IL12A,1,49,4,34,0,23,4
11926,ZNF507,1,4,0,18,0,1,3
11927,STX18,1,16,1,69,0,1,4
11928,NSG1,1,40,0,17,0,0,2
11929,ZBTB49,1,18,0,7,0,0,2
11930,GFM1,1,10,1,63,0,0,3
11931,OR13J1,1,6,1,17,0,0,3
11932,HTR1E,1,15,2,34,0,0,3
11933,FSTL5,1,4,0,16,0,0,2
11934,DDX19A,1,14,0,38,0,0,2
11935,ATOH8,1,24,0,12,4,2,3
11936,SOX14,1,17,0,18,1,3,3
11937,ANKRD49,1,3,0,37,0,0,2
11938,SFTPB,1,14,4,37,0,27,4
11939,USP39,1,18,1,71,0,0,3
11940,TNIP2,1,22,2,32,0,6,4
11941,C2orf68,1,1,0,14,0,0,2
11942,TMEM150A,1,4,0,22,0,0,2
11943,RNF181,1,7,1,34,0,0,3
11944,VAMP5,1,15,0,37,0,0,2
11945,BTNL3,1,8,0,19,0,0,2
11946,LRRC28,1,1,0,23,0,0,2
11947,MAT2A,1,13,1,40,0,24,4
11948,PLA2G4F,1,16,6,43,0,0,3
11949,ENHO,1,6,0,11,0,2,3
11950,ZNF608,1,3,0,38,0,0,2
11951,SLC35G2,1,5,0,15,0,0,2
11952,INPP5D,1,25,6,57,0,4,4
11953,LETM1,1,20,3,33,0,0,3
11954,CTRB1,1,4,2,61,0,0,3
11955,CTRB2,1,3,2,61,0,0,3
11956,TRIM49,1,7,0,19,0,0,2
11957,TMEM129,1,10,1,38,0,0,3
11958,PPIC,1,5,0,38,0,0,2
11959,SPRY3,1,11,0,32,0,0,2
11960,CEP120,1,12,0,55,0,0,2
11961,STXBP6,1,8,0,43,0,1,3
11962,TM4SF20,1,5,0,17,0,0,2
11963,MFF,1,15,0,41,0,0,2
11964,GRM5,1,58,3,64,0,0,3
11965,LGALS9,1,64,1,50,0,3,4
11966,CPLX1,1,26,6,49,0,0,3
11967,PXDC1,1,1,0,11,0,0,2
11968,SIGLEC7,1,7,1,34,0,0,3
11969,NTSR2,1,8,2,38,0,0,3
11970,E2F6,1,22,2,51,40,2,4
11971,FEM1B,1,16,1,44,0,0,3
11972,COMMD8,1,11,1,80,0,0,3
11973,ATP5ME,1,11,2,43,0,0,3
11974,UQCRFS1,1,15,2,130,0,1,4
11975,SLC49A3,1,4,0,10,0,0,2
11976,COL4A3,1,21,14,46,0,3,4
11977,MAP2K1,1,78,15,88,0,18,4
11978,KLK7,1,15,2,35,0,0,3
11979,IRS1,1,37,18,86,0,11,4
11980,MECP2,1,43,0,104,34,6,3
11981,VCX3A,1,3,0,23,0,0,2
11982,UPF3A,1,16,2,35,0,0,3
11983,ZBBX,1,0,0,22,0,0,1
11984,ACTBL2,1,17,0,37,0,1,3
11985,ROR2,1,15,2,33,0,2,4
11986,AR,1,62,6,136,437,83,4
11987,DHRSX,1,10,1,32,0,0,3
11988,VXN,1,5,0,3,0,0,2
11989,HSPBAP1,1,5,0,28,0,0,2
11990,ASMTL,1,8,0,33,0,0,2
11991,SLC25A6,1,12,5,47,0,3,4
11992,CHST14,1,11,2,38,0,0,3
11993,PARM1,1,7,0,5,0,0,2
11994,CSNK1G1,1,11,0,15,0,0,2
11995,FAM110B,1,5,0,27,0,0,2
11996,ARMC4,1,10,0,55,0,0,2
11997,AFAP1L2,1,11,0,15,0,0,2
11998,ZNF354A,1,8,2,28,0,0,3
11999,ATF5,1,31,2,35,26,5,4
12000,UBE2V2,1,15,7,60,0,0,3
12001,GOT1L1,1,8,0,73,0,0,2
12002,ZBTB43,1,8,0,9,0,0,2
12003,CPT1C,1,15,0,35,0,0,2
12004,PCSK9,1,53,4,45,0,9,4
12005,XPO6,1,11,0,35,0,0,2
12006,GSG1L,1,11,0,25,0,0,2
12007,MN1,1,6,0,33,0,0,2
12008,APEX2,1,17,1,33,0,0,3
12009,NSMCE1,1,16,1,47,0,1,4
12010,CCDC126,1,2,0,20,0,0,2
12011,IL13,1,47,3,101,0,45,4
12012,OR10G3,1,7,2,25,0,0,3
12013,RAB3B,1,23,1,35,0,2,4
12014,OR6F1,1,6,2,27,0,0,3
12015,CD2BP2,1,11,1,40,0,0,3
12016,RSPO1,1,11,1,45,0,0,3
12017,RGS14,1,43,1,39,0,1,4
12018,TBC1D10B,1,7,1,33,0,0,3
12019,LMAN2,1,18,2,38,0,0,3
12020,GCSAML,1,3,0,9,0,0,2
12021,RAB24,1,23,2,33,0,0,3
12022,PRELID1,1,16,2,29,0,0,3
12023,THBS3,1,10,1,40,0,0,3
12024,CA5B,1,6,1,22,0,0,3
12025,SLC50A1,1,11,1,11,0,0,3
12026,EFNA1,1,23,3,39,0,4,4
12027,CXCL10,1,47,3,97,0,17,4
12028,SH3TC2,1,7,0,37,0,0,2
12029,CXCL11,1,20,2,60,0,12,4
12030,ZRSR2,1,15,1,52,0,0,3
12031,NMD3,1,11,0,54,0,0,2
12032,ADRB2,1,48,5,53,0,5,4
12033,B3GALNT1,1,9,1,25,0,0,3
12034,GPRIN1,1,5,1,22,0,0,3
12035,HSPB3,1,4,0,63,0,1,3
12036,KCNAB1,1,21,1,49,0,0,3
12037,SHE,1,2,0,9,0,0,2
12038,NR0B1,1,32,0,57,46,12,3
12039,PGM2,1,14,2,79,0,0,3
12040,STK32A,1,7,0,24,0,0,2
12041,IL1RAPL1,1,22,2,50,0,0,3
12042,P2RY12,1,34,3,49,0,0,3
12043,C22orf15,1,1,0,14,0,0,2
12044,OR5AU1,1,7,1,16,0,0,3
12045,MINAR1,1,8,0,7,0,0,2
12046,PDILT,1,4,0,32,0,0,2
12047,UMOD,1,30,1,49,0,1,4
12048,GP2,1,13,2,39,0,0,3
12049,SLC33A1,1,9,2,34,0,0,3
12050,SNUPN,1,15,1,40,0,0,3
12051,CRADD,1,18,1,33,0,0,3
12052,SIN3A,1,39,14,135,12,13,4
12053,ARL13B,1,24,6,64,0,0,3
12054,RNASE2,1,12,1,35,0,8,4
12055,ELSPBP1,1,3,0,20,0,0,2
12056,RNASE3,1,14,2,35,0,2,4
12057,PTK2,1,71,17,139,0,20,4
12058,RSPH10B2,1,5,0,14,0,0,2
12059,PTAFR,1,18,5,42,0,7,4
12060,PTPN9,1,11,1,27,0,1,4
12061,RNASE6,1,13,1,33,0,0,3
12062,NPR1,1,31,1,47,0,17,4
12063,CXCL8,1,46,8,176,0,102,4
12064,SCN9A,1,24,3,47,0,5,4
12065,RASSF6,1,3,0,21,0,0,2
12066,COL22A1,1,8,2,41,0,0,3
12067,SDC2,1,13,21,73,0,4,4
12068,CD52,1,7,1,42,0,2,4
12069,MMGT1,1,23,1,33,0,0,3
12070,SPRR1B,1,7,1,64,0,9,4
12071,SPRR1A,1,10,1,61,0,4,4
12072,OR4K14,1,6,1,17,0,0,3
12073,OR4K15,1,6,1,20,0,0,3
12074,TM2D2,1,6,0,30,0,0,2
12075,HTRA4,1,9,0,22,0,0,2
12076,PLEKHA2,1,12,1,30,0,1,4
12077,CLIC4,1,30,0,28,0,2,3
12078,SLC38A11,1,5,0,9,0,0,2
12079,GPR183,1,21,2,46,0,0,3
12080,CRCT1,1,1,0,36,0,0,2
12081,CCDC8,1,8,1,41,0,0,3
12082,METTL15,1,8,0,45,0,0,2
12083,ZNF280A,1,6,0,17,0,0,2
12084,MUC15,1,4,6,61,0,0,3
12085,CT55,1,6,0,34,0,0,2
12086,ZEB2,1,24,5,36,29,4,4
12087,GJB1,1,13,3,49,0,6,4
12088,PCBP1,1,19,4,62,0,2,4
12089,HINT1,1,19,3,37,0,9,4
12090,DTWD2,1,5,0,26,0,0,2
12091,VPREB1,1,4,1,34,0,7,4
12092,CLIC3,1,14,0,9,0,1,3
12093,INO80E,1,11,2,47,0,0,3
12094,BNC1,1,12,0,7,0,1,3
12095,DFFB,1,20,1,36,0,1,4
12096,NFU1,1,11,1,46,0,0,3
12097,ANTXR1,1,15,0,34,0,1,3
12098,GKN1,1,10,0,19,0,1,3
12099,CKAP2L,1,4,0,37,0,0,2
12100,C15orf40,1,2,0,36,0,0,2
12101,RAMAC,1,11,2,21,0,0,3
12102,PROKR1,1,9,2,33,0,1,4
12103,APLF,1,28,0,37,0,0,2
12104,HIC2,1,10,0,10,0,0,2
12105,LUZP1,1,26,0,25,0,0,2
12106,HEXD,1,7,0,21,0,0,2
12107,DRD5,1,26,2,37,0,0,3
12108,BUB1,1,18,6,138,0,1,4
12109,SPNS1,1,11,0,31,0,0,2
12110,LRRC45,1,6,0,35,0,0,2
12111,CHRNA5,1,31,2,36,0,1,4
12112,MT1B,1,11,1,9,0,0,3
12113,CENPX,1,18,3,38,0,4,4
12114,AGPAT2,1,16,3,48,0,0,3
12115,ASPSCR1,1,16,1,38,0,1,4
12116,GP9,1,10,9,45,0,4,4
12117,FASN,1,32,7,128,0,35,4
12118,CNBP,1,20,1,40,0,2,4
12119,MT1E,1,11,1,51,0,2,4
12120,ACTRT2,1,6,0,38,0,0,2
12121,DUS1L,1,9,0,41,0,0,2
12122,GPS1,1,13,5,44,0,1,4
12123,RFNG,1,8,1,20,0,0,3
12124,DCXR,1,20,2,25,0,0,3
12125,ZNF32,1,6,0,5,4,0,3
12126,LDB2,1,13,0,45,0,0,2
12127,RAC3,1,43,2,132,0,12,4
12128,NRG4,1,5,17,34,0,0,3
12129,LIMS1,1,20,2,35,0,0,3
12130,TMEM266,1,9,0,15,0,0,2
12131,NLGN1,1,73,1,70,0,2,4
12132,TAPT1,1,10,0,25,0,0,2
12133,UGP2,1,13,2,42,0,1,4
12134,TAS2R1,1,8,3,46,0,0,3
12135,LINGO1,1,5,1,39,0,1,4
12136,HNRNPF,1,14,6,49,0,0,3
12137,BTD,1,8,2,33,0,1,4
12138,CSGALNACT2,1,11,1,45,0,0,3
12139,TACR3,1,31,2,34,0,0,3
12140,GSX1,1,15,0,18,3,0,3
12141,PCDH7,1,9,3,37,0,1,4
12142,ROBO1,1,38,9,58,0,5,4
12143,ONECUT1,1,13,6,39,33,3,4
12144,AVEN,1,6,2,11,0,0,3
12145,P2RY1,1,51,3,43,0,5,4
12146,CTNND2,1,16,0,40,0,6,3
12147,TRIM56,1,19,1,45,0,0,3
12148,MUC17,1,10,6,61,0,4,4
12149,AHSP,1,9,0,41,0,5,3
12150,WNT10B,1,18,3,41,0,11,4
12151,CALML6,1,10,0,251,0,0,2
12152,REPS2,1,10,2,38,0,2,4
12153,MUC3A,1,7,6,50,0,1,4
12154,SYAP1,1,24,0,18,0,0,2
12155,ITGAM,1,49,6,121,0,6,4
12156,PYDC1,1,16,0,34,0,0,2
12157,TPST1,1,8,3,23,0,0,3
12158,TM4SF4,1,2,0,23,0,0,2
12159,TOR1AIP2,1,12,0,21,0,2,3
12160,S100G,1,7,0,39,0,11,3
12161,TM4SF1,1,3,0,30,0,1,3
12162,OTUD3,1,13,2,47,0,0,3
12163,OTUD7A,1,10,1,37,0,1,4
12164,GUSB,1,19,5,59,0,5,4
12165,BRD3,1,22,0,65,0,1,3
12166,KLF13,1,13,1,33,11,1,4
12167,FRMPD4,1,6,0,23,0,0,2
12168,ZFPM2,1,26,2,35,12,0,4
12169,ZNF764,1,8,1,14,0,0,3
12170,ZNF747,1,6,1,3,0,0,3
12171,ZNF768,1,10,0,24,0,0,2
12172,TAS1R3,1,13,3,49,0,2,4
12173,TMEM42,1,2,0,8,0,0,2
12174,MAP3K2,1,14,0,33,0,0,2
12175,PUSL1,1,11,0,45,0,0,2
12176,SF3B5,1,23,5,76,0,0,3
12177,ZNF35,1,13,0,5,0,0,2
12178,TIGD4,1,4,0,27,0,0,2
12179,IFFO2,1,0,0,5,0,0,1
12180,NLGN2,1,59,1,61,0,0,3
12181,MYO7B,1,19,0,16,0,0,2
12182,CHD3,1,28,13,65,0,0,3
12183,TMEM154,1,2,0,15,0,0,2
12184,MYRIP,1,20,2,30,0,1,4
12185,ALCAM,1,20,1,39,0,7,4
12186,YWHAG,1,33,17,65,0,3,4
12187,UBE2E3,1,12,2,48,0,0,3
12188,CNTROB,1,9,0,44,0,0,2
12189,TRAPPC1,1,15,3,42,0,0,3
12190,ZPLD1,1,4,0,27,0,0,2
12191,KCNAB3,1,12,1,46,0,0,3
12192,SERPINA9,1,4,0,10,0,0,2
12193,FAM153A,1,1,0,5,0,0,2
12194,GPR37L1,1,14,2,33,0,0,3
12195,SIMC1,1,7,0,17,0,0,2
12196,TMEM192,1,6,0,32,0,0,2
12197,NSG2,1,24,0,7,0,0,2
12198,SPDYE5,1,1,0,8,0,0,2
12199,SERPINA6,1,25,2,37,0,5,4
12200,ZNF778,1,8,2,11,0,0,3
12201,NIPA1,1,8,1,42,0,0,3
12202,FOXD4,1,12,0,16,2,0,3
12203,GPR25,1,10,1,25,0,0,3
12204,UBE2E1,1,15,21,63,0,0,3
12205,HNRNPA3,1,9,4,38,0,0,3
12206,SIK2,1,14,0,32,0,2,3
12207,RNF150,1,4,0,26,0,0,2
12208,CCDC144A,1,1,0,25,0,0,2
12209,VGLL2,1,7,0,17,0,7,3
12210,HOXD4,1,16,1,34,5,5,4
12211,CHRNB1,1,37,0,32,0,1,3
12212,HOXD12,1,9,0,28,1,0,3
12213,GYPA,1,5,1,54,0,6,4
12214,USP38,1,11,0,38,0,0,2
12215,SLC16A5,1,8,0,17,0,0,2
12216,NANP,1,7,1,33,0,0,3
12217,ANKK1,1,9,0,33,0,0,2
12218,ADRA1B,1,24,3,32,0,2,4
12219,ADPRM,1,7,1,23,0,0,3
12220,FABP6,1,11,3,34,0,10,4
12221,PWWP2A,1,10,1,18,0,0,3
12222,USP50,1,17,0,32,0,0,2
12223,USP47,1,16,1,39,0,0,3
12224,PDCD6IP,1,36,5,50,0,1,4
12225,MRGPRX1,1,18,0,10,0,0,2
12226,ZNF212,1,13,1,37,0,0,3
12227,MRAP,1,16,0,21,0,3,3
12228,FAM161A,1,16,0,37,0,0,2
12229,ZNF282,1,8,1,33,0,0,3
12230,GLB1,1,21,8,66,0,17,4
12231,GON7,1,7,1,10,0,0,3
12232,FAXDC2,1,10,0,42,0,0,2
12233,CRTAP,1,11,1,38,0,0,3
12234,HSPB2,1,11,0,46,0,6,3
12235,C7orf33,1,0,0,18,0,0,1
12236,CNGB3,1,18,0,42,0,0,2
12237,SLN,1,19,2,39,0,0,3
12238,ELP5,1,11,1,33,0,1,4
12239,CMTM8,1,8,0,13,0,0,2
12240,GABARAP,1,39,2,112,0,1,4
12241,LGALS9B,1,15,0,33,0,0,2
12242,STX8,1,22,0,61,0,0,2
12243,CDK1,1,81,36,257,0,32,4
12244,UBB,1,31,204,270,0,1,4
12245,NFRKB,1,17,2,34,0,0,3
12246,FABP4,1,17,3,55,0,12,4
12247,FRMPD2,1,9,0,20,0,0,2
12248,PRDM10,1,9,0,34,3,0,3
12249,B3GNT2,1,8,2,46,0,0,3
12250,FOS,1,74,12,153,307,80,4
12251,TMED10,1,38,4,74,0,0,3
12252,SETMAR,1,34,0,37,0,1,3
12253,SMAD1,1,51,5,39,68,5,4
12254,CST5,1,6,0,17,0,2,3
12255,CST2,1,6,0,18,0,0,2
12256,EMX2,1,14,1,37,9,6,4
12257,CST1,1,6,0,29,0,0,2
12258,SP7,1,18,1,43,36,23,4
12259,TCAF2,1,9,0,4,0,0,2
12260,SEMA3E,1,21,1,34,0,0,3
12261,LRRN2,1,5,0,7,0,0,2
12262,SLC30A1,1,48,1,47,0,1,4
12263,DCLK2,1,10,0,15,0,0,2
12264,ZNF804A,1,15,0,34,10,1,3
12265,GPRC5C,1,10,0,16,0,0,2
12266,TMEM182,1,7,0,10,0,0,2
12267,VSTM2A,1,9,0,7,0,0,2
12268,KRT8,1,21,4,56,0,11,4
12269,KRT78,1,8,3,39,0,0,3
12270,ADORA2B,1,15,4,56,0,2,4
12271,SDR9C7,1,4,1,32,0,0,3
12272,MGMT,1,11,1,44,0,26,4
12273,METTL7B,1,5,0,25,0,0,2
12274,KRT86,1,7,2,35,0,0,3
12275,HARS,1,11,0,0,0,0,1
12276,NFXL1,1,9,0,35,0,0,2
12277,KRT75,1,10,2,39,0,0,3
12278,DENND5B,1,5,1,21,0,0,3
12279,CD14,1,38,22,35,0,26,4
12280,DNAJC18,1,4,0,41,0,0,2
12281,KRT6C,1,9,2,34,0,0,3
12282,RIOX1,1,17,1,36,0,0,3
12283,SPATA24,1,8,0,22,0,0,2
12284,RALGAPB,1,6,1,47,0,0,3
12285,PYM1,1,11,0,27,0,0,2
12286,MZB1,1,11,0,38,0,0,2
12287,KRT4,1,13,2,43,0,5,4
12288,SLC23A1,1,26,1,38,0,2,4
12289,KRT74,1,10,2,33,0,0,3
12290,NPAS2,1,23,6,43,8,4,4
12291,KRT72,1,7,2,32,0,0,3
12292,KISS1,1,12,2,62,0,25,4
12293,LONRF2,1,7,0,24,0,0,2
12294,NUDT9,1,9,0,34,0,0,2
12295,HSD17B13,1,14,1,29,0,0,3
12296,PA2G4,1,16,1,67,5,2,4
12297,COX7B2,1,5,0,40,0,0,2
12298,ELOVL6,1,18,2,33,0,5,4
12299,KRT83,1,9,2,44,0,0,3
12300,PFKFB3,1,12,1,38,0,7,4
12301,TMC7,1,7,0,5,0,0,2
12302,ARL6IP1,1,15,0,54,0,0,2
12303,SERPINB9,1,16,0,15,0,1,3
12304,SMAGP,1,4,0,5,0,0,2
12305,IRX1,1,17,1,33,19,0,4
12306,CDH2,1,59,5,106,0,40,4
12307,IRX2,1,16,1,29,2,0,4
12308,EMB,1,10,1,33,0,2,4
12309,SIX2,1,33,1,40,1,1,4
12310,DLGAP1,1,11,1,55,0,0,3
12311,STAT2,1,27,7,74,48,1,4
12312,NUDCD2,1,7,0,33,0,0,2
12313,IRF2BP1,1,8,0,24,0,0,2
12314,OR9K2,1,7,1,14,0,0,3
12315,HSPA4,1,13,1,212,0,40,4
12316,FOXA3,1,19,1,32,10,3,4
12317,FAM71B,1,4,0,18,0,0,2
12318,SLC26A5,1,34,1,42,0,3,4
12319,COMMD5,1,9,1,71,0,0,3
12320,SGCD,1,15,1,42,0,0,3
12321,GTSF1,1,5,0,29,0,0,2
12322,ZNF16,1,15,0,13,2,0,3
12323,ARMC10,1,12,0,11,0,0,2
12324,RNF34,1,23,2,32,0,1,4
12325,ACYP2,1,5,0,26,0,1,3
12326,TRABD,1,7,0,23,0,0,2
12327,ATF7,1,20,0,35,7,3,3
12328,RASA4B,1,8,0,16,0,0,2
12329,SOCS6,1,11,3,40,0,2,4
12330,CAVIN4,1,9,0,23,0,0,2
12331,OR10A3,1,7,1,24,0,0,3
12332,ZNF296,1,8,0,21,2,0,3
12333,HOXB9,1,18,0,33,7,1,3
12334,TTLL6,1,17,1,12,0,0,3
12335,POLH,1,17,5,36,0,3,4
12336,SYT9,1,19,3,32,0,0,3
12337,KCNS3,1,16,2,38,0,0,3
12338,RBMXL2,1,8,0,42,0,0,2
12339,KIF5B,1,44,7,100,0,1,4
12340,GPR37,1,27,2,43,0,0,3
12341,AKAP13,1,26,5,40,0,1,4
12342,TPD52L3,1,2,0,7,0,0,2
12343,CDCA4,1,6,0,32,0,4,3
12344,OR10A4,1,6,1,21,0,0,3
12345,SDR16C5,1,18,1,35,0,0,3
12346,DYDC1,1,9,0,34,0,0,2
12347,OR10A2,1,6,1,22,0,0,3
12348,CHCHD7,1,3,1,38,0,0,3
12349,HTRA3,1,9,0,11,0,0,2
12350,FOXN2,1,11,0,23,0,0,2
12351,LMOD2,1,17,0,44,0,0,2
12352,BFSP2,1,10,0,41,0,0,2
12353,FSHR,1,28,2,46,0,18,4
12354,USP32,1,11,0,33,0,0,2
12355,CEL,1,18,2,59,0,6,4
12356,PPM1D,1,18,1,35,0,12,4
12357,GPR27,1,5,1,22,0,0,3
12358,AC093323.1,1,0,0,0,0,0,0
12359,PSG6,1,2,1,22,0,10,4
12360,KBTBD2,1,10,0,10,0,0,2
12361,RIOX2,1,15,2,26,0,1,4
12362,TRIAP1,1,17,2,23,0,1,4
12363,LSM3,1,24,2,63,0,0,3
12364,KIAA0232,1,1,0,10,0,0,2
12365,MTSS1,1,24,0,29,0,3,3
12366,TMEM43,1,18,0,40,0,0,2
12367,RNF139,1,23,1,40,0,0,3
12368,PLA2G1B,1,34,7,54,0,0,3
12369,CYTL1,1,4,0,6,0,0,2
12370,TSEN34,1,8,1,32,0,0,3
12371,TRH,1,8,2,59,0,18,4
12372,GSTA4,1,8,1,43,0,0,3
12373,MSANTD4,1,2,0,22,0,0,2
12374,NDUFA3,1,9,2,51,0,0,3
12375,OSCAR,1,9,2,31,0,6,4
12376,PAQR8,1,7,0,20,0,0,2
12377,OR7G3,1,7,1,24,0,0,3
12378,TANC2,1,8,0,21,0,0,2
12379,OR7G2,1,7,2,24,0,0,3
12380,TEX13B,1,2,0,23,0,0,2
12381,PKHD1,1,40,0,33,0,2,3
12382,OR1M1,1,7,1,17,0,0,3
12383,NCBP2L,1,11,0,40,0,0,2
12384,DNAJC24,1,8,1,41,0,0,3
12385,MBD3L1,1,9,1,26,0,0,3
12386,ZNF160,1,7,1,9,7,0,4
12387,PGK2,1,13,2,47,0,4,4
12388,OR8B12,1,7,1,39,0,0,3
12389,ZNF415,1,7,1,4,0,0,3
12390,CAVIN3,1,7,0,20,0,0,2
12391,CEACAM3,1,8,2,29,0,1,4
12392,DCDC1,1,8,0,20,0,0,2
12393,HAS2,1,37,1,55,0,8,4
12394,PDGFD,1,19,1,35,0,8,4
12395,PLAC1,1,2,0,32,0,9,3
12396,DDI1,1,8,0,34,0,0,2
12397,S1PR1,1,37,3,38,0,14,4
12398,HS6ST2,1,6,1,32,0,0,3
12399,OR4D5,1,6,1,12,0,0,3
12400,PYGO1,1,11,2,29,0,0,3
12401,LRRC8E,1,12,1,34,0,0,3
12402,PKIA,1,7,0,17,0,0,2
12403,XKR6,1,5,0,23,0,0,2
12404,TSNARE1,1,9,0,45,0,0,2
12405,FPR2,1,39,4,51,0,3,4
12406,FPR1,1,20,4,52,0,0,3
12407,PATE1,1,3,0,34,0,0,2
12408,OR13H1,1,6,1,17,0,0,3
12409,FEZ2,1,7,0,23,0,0,2
12410,SOX7,1,18,1,32,6,2,4
12411,C8orf74,1,1,0,7,0,0,2
12412,C11orf24,1,3,0,6,0,0,2
12413,ALK,1,26,11,69,0,7,4
12414,KYAT1,1,8,3,47,0,0,3
12415,MTM1,1,25,3,43,0,0,3
12416,OBP2B,1,5,0,15,0,0,2
12417,TRMT61B,1,11,2,46,0,0,3
12418,INSR,1,83,6,66,0,31,4
12419,MFN1,1,14,3,69,0,0,3
12420,GIMAP8,1,6,0,31,0,0,2
12421,NRTN,1,13,3,36,0,0,3
12422,KCNMB3,1,10,2,25,0,0,3
12423,FUT3,1,23,2,34,0,1,4
12424,KCNG3,1,17,1,44,0,0,3
12425,ATP6V0E2,1,13,5,40,0,1,4
12426,PRKCE,1,45,5,56,0,16,4
12427,OR2K2,1,6,1,14,0,0,3
12428,JAGN1,1,12,0,25,0,0,2
12429,RLN3,1,7,3,38,0,0,3
12430,TADA3,1,22,3,69,0,4,4
12431,SOCS5,1,19,2,34,0,2,4
12432,C1GALT1C1,1,5,2,43,0,0,3
12433,C9orf16,1,9,0,11,0,0,2
12434,MORN4,1,7,0,15,0,0,2
12435,ZNF672,1,6,0,10,0,0,2
12436,ZNF692,1,10,1,23,1,0,4
12437,NAIF1,1,5,0,53,0,0,2
12438,RBKS,1,12,1,39,0,0,3
12439,OR2M4,1,7,1,15,0,0,3
12440,GRIK1,1,26,2,40,0,2,4
12441,MUC7,1,7,6,66,0,0,3
12442,OPRPN,1,4,0,21,0,0,2
12443,SMR3B,1,5,0,24,0,0,2
12444,TMEM126A,1,7,1,38,0,1,4
12445,TMEM126B,1,6,1,46,0,1,4
12446,TRIM8,1,21,1,32,1,0,4
12447,NETO2,1,9,0,20,0,0,2
12448,CSN3,1,4,1,36,0,1,4
12449,CLDN20,1,8,1,33,0,2,4
12450,CDC42BPG,1,13,0,4,0,1,3
12451,SCAND1,1,2,0,34,0,0,2
12452,JUNB,1,24,4,50,604,22,4
12453,FAM241B,1,2,0,14,0,0,2
12454,TMEM37,1,5,0,14,0,0,2
12455,UGT2B7,1,10,3,61,0,10,4
12456,LRG1,1,20,1,34,0,2,4
12457,SHCBP1,1,7,0,36,0,0,2
12458,SOSTDC1,1,9,0,22,0,3,3
12459,NPTX1,1,14,0,33,0,4,3
12460,FAM98B,1,9,0,25,0,0,2
12461,ZNF439,1,6,1,7,0,0,3
12462,ZNF440,1,6,1,5,0,0,3
12463,GAA,1,24,3,30,0,2,4
12464,CANT1,1,20,1,40,0,0,3
12465,KCNK3,1,26,2,37,0,2,4
12466,ZDHHC16,1,9,0,17,0,0,2
12467,CHST11,1,10,1,34,0,1,4
12468,EXOSC1,1,16,8,42,0,2,4
12469,PGAM1,1,16,3,39,0,1,4
12470,CHD7,1,37,1,49,0,3,4
12471,ESCO2,1,17,1,53,0,1,4
12472,KRT19,1,25,6,54,0,12,4
12473,KRT15,1,20,3,45,0,12,4
12474,LURAP1,1,5,0,9,0,0,2
12475,KRT38,1,10,2,41,0,0,3
12476,CLCN5,1,21,1,39,0,2,4
12477,TPPP,1,29,0,33,0,0,2
12478,KCND3,1,33,2,46,0,3,4
12479,APLN,1,18,2,46,0,7,4
12480,KRTAP4-4,1,4,1,33,0,0,3
12481,KRT13,1,14,2,43,0,4,4
12482,XAGE3,1,1,0,14,0,0,2
12483,KRT9,1,16,2,41,0,26,4
12484,XAGE5,1,0,0,10,0,0,1
12485,PDE7B,1,11,1,34,0,1,4
12486,ZNF581,1,5,0,4,0,0,2
12487,NAT1,1,8,2,32,0,9,4
12488,KRT20,1,14,2,61,0,2,4
12489,GLOD5,1,0,0,10,0,0,1
12490,KSR2,1,15,7,36,0,0,3
12491,ZNF524,1,8,0,14,0,0,2
12492,MCC,1,15,0,41,0,0,2
12493,KRT27,1,12,2,54,0,21,4
12494,ZBTB26,1,11,0,12,0,0,2
12495,CDK5R2,1,14,1,22,0,2,4
12496,DSEL,1,7,1,19,0,0,3
12497,POLR1C,1,21,12,86,0,0,3
12498,ASXL1,1,16,1,58,5,4,4
12499,OR1L6,1,7,1,15,0,0,3
12500,DLK2,1,6,0,8,0,2,3
12501,ZNF562,1,6,1,19,0,0,3
12502,ZNF318,1,7,0,35,0,0,2
12503,ZNF561,1,5,1,6,0,0,3
12504,WIPF2,1,4,6,42,0,0,3
12505,HOPX,1,13,1,36,8,2,4
12506,OR1L3,1,8,1,20,0,0,3
12507,NLRP5,1,23,0,37,0,0,2
12508,LRRC8C,1,14,1,32,0,0,3
12509,SPACA5,1,5,0,3,0,0,2
12510,RSL1D1,1,11,0,80,0,0,2
12511,LRRC8D,1,13,1,33,0,0,3
12512,MROH2B,1,7,0,12,0,0,2
12513,OR1L8,1,7,1,23,0,0,3
12514,PPID,1,22,1,42,0,2,4
12515,OR1N2,1,7,2,25,0,0,3
12516,COL24A1,1,9,6,36,0,1,4
12517,ETFDH,1,16,1,52,0,1,4
12518,OR1N1,1,7,1,16,0,0,3
12519,RXFP1,1,10,2,33,0,0,3
12520,LPAR3,1,18,3,33,0,0,3
12521,PTGER4,1,28,2,44,0,11,4
12522,NEUROD2,1,26,0,34,11,3,3
12523,MAP6,1,18,0,11,0,0,2
12524,OTP,1,10,0,29,2,0,3
12525,ECEL1,1,8,0,24,0,4,3
12526,BCL2L1,1,47,7,103,0,66,4
12527,FGG,1,37,21,57,0,11,4
12528,FGA,1,42,22,72,0,2,4
12529,OR2AT4,1,8,2,23,0,0,3
12530,FGB,1,43,19,51,0,3,4
12531,PLRG1,1,16,2,75,0,1,4
12532,ZNF584,1,5,1,23,0,0,3
12533,DSCAM,1,25,1,41,0,0,3
12534,DNAI2,1,17,0,63,0,0,2
12535,NMUR1,1,12,3,41,0,0,3
12536,CLSTN1,1,17,0,31,0,0,2
12537,CXXC5,1,11,1,19,0,1,4
12538,ZNF274,1,13,1,29,4,1,4
12539,PIK3CD,1,55,14,105,0,1,4
12540,PTCRA,1,5,1,37,0,8,4
12541,SLC25A33,1,16,0,20,0,0,2
12542,ENC1,1,18,0,45,0,4,3
12543,SPSB1,1,8,2,32,0,0,3
12544,P2RY6,1,19,2,33,0,0,3
12545,BPTF,1,22,0,39,4,0,3
12546,S100Z,1,5,0,18,0,0,2
12547,ZIK1,1,6,1,10,0,0,3
12548,GPR34,1,7,0,26,0,0,2
12549,PLEKHG5,1,14,5,32,0,0,3
12550,ATF7IP,1,12,3,39,0,1,4
12551,LKAAEAR1,1,1,0,8,0,0,2
12552,RGS19,1,11,3,45,0,1,4
12553,TCEA2,1,11,0,60,0,0,2
12554,DEFB4A,1,22,0,60,0,0,2
12555,ANO5,1,10,3,34,0,0,3
12556,HDAC3,1,56,25,92,27,3,4
12557,SPATA46,1,5,0,28,0,0,2
12558,GPHN,1,36,1,56,0,0,3
12559,VAT1L,1,5,0,20,0,0,2
12560,TMEM51,1,2,0,32,0,0,2
12561,CAMTA1,1,9,0,29,4,0,3
12562,LGALS4,1,8,0,66,0,2,3
12563,LRRC34,1,7,0,29,0,0,2
12564,PAH,1,10,2,37,0,3,4
12565,SPATA5L1,1,20,0,39,0,0,2
12566,GATM,1,12,1,49,0,1,4
12567,SYCE1,1,11,1,46,0,0,3
12568,NXNL1,1,10,0,24,0,5,3
12569,RASGRP4,1,16,2,36,0,0,3
12570,NHLH1,1,12,0,32,5,4,3
12571,SLFNL1,1,0,0,22,0,0,1
12572,BCL2,1,76,8,200,0,128,4
12573,RHNO1,1,15,6,39,0,0,3
12574,CTPS1,1,24,1,50,0,3,4
12575,UTF1,1,6,0,37,4,3,3
12576,KNDC1,1,9,0,26,0,0,2
12577,WDR87,1,0,0,18,0,0,1
12578,METTL18,1,12,0,31,0,0,2
12579,CFAP46,1,3,0,9,0,0,2
12580,COL8A2,1,12,5,53,0,0,3
12581,PWWP2B,1,7,1,19,0,0,3
12582,PCDHB1,1,6,0,10,0,1,3
12583,ZNF540,1,13,1,8,0,0,3
12584,ANGPTL7,1,8,0,8,0,1,3
12585,EXOSC10,1,41,3,87,0,0,3
12586,ZNF570,1,5,1,17,0,0,3
12587,NINJ2,1,9,0,23,0,0,2
12588,MLLT3,1,20,4,56,0,1,4
12589,FAM90A1,1,1,0,14,0,0,2
12590,RRM2,1,21,3,76,0,12,4
12591,TRAPPC12,1,17,1,37,0,0,3
12592,IFNB1,1,43,8,77,0,54,4
12593,C3AR1,1,24,5,52,0,5,4
12594,MRM3,1,15,1,56,0,1,4
12595,PTEN,1,101,12,153,0,49,4
12596,PRND,1,10,1,21,0,4,4
12597,RNASEH1,1,13,1,44,0,0,3
12598,PRNP,1,92,2,72,0,8,4
12599,KLF17,1,9,0,32,4,2,3
12600,ADRA1D,1,16,3,35,0,33,4
12601,FRMD5,1,9,0,11,0,1,3
12602,AQP4,1,22,2,0,0,2,3
12603,CYP4F11,1,21,4,32,0,5,4
12604,TLN2,1,19,0,74,0,1,3
12605,LGALS9C,1,15,0,37,0,0,2
12606,TVP23B,1,6,0,21,0,0,2
12607,FBXW10,1,6,3,35,0,0,3
12608,OR10H3,1,6,1,17,0,0,3
12609,ZNF217,1,14,2,38,5,3,4
12610,OR10H2,1,6,2,23,0,0,3
12611,SRGAP2C,1,15,0,13,0,0,2
12612,OR52A5,1,8,1,15,0,0,3
12613,SCG2,1,21,2,34,0,4,4
12614,ATPAF2,1,8,0,36,0,0,2
12615,CYP4F22,1,8,5,32,0,1,4
12616,FOXB1,1,30,0,16,0,0,2
12617,PPIH,1,15,2,44,0,0,3
12618,DRC3,1,10,0,36,0,0,2
12619,ZNF57,1,6,0,8,0,0,2
12620,SHLD1,1,10,0,31,0,0,2
12621,C11orf40,1,0,0,0,0,0,0
12622,JMJD1C,1,15,1,39,0,2,4
12623,LDHAL6B,1,12,1,46,0,0,3
12624,SYNPO,1,25,0,40,0,1,3
12625,ZNF556,1,5,1,7,0,0,3
12626,MAL,1,19,0,23,0,1,3
12627,ZNF554,1,8,1,10,0,0,3
12628,RAB33B,1,20,3,47,0,0,3
12629,THOP1,1,7,1,38,0,10,4
12630,REG3A,1,20,1,33,0,12,4
12631,GAP43,1,26,1,60,0,16,4
12632,REG1B,1,9,0,21,0,2,3
12633,EPHX4,1,5,0,13,0,0,2
12634,LAMB2,1,28,10,40,0,3,4
12635,USP19,1,17,1,45,0,0,3
12636,QARS,1,20,0,0,0,0,1
12637,ORMDL3,1,14,2,34,0,3,4
12638,KLF11,1,16,0,33,26,2,3
12639,LRRC15,1,13,0,18,0,0,2
12640,EIF2AK3,1,51,5,49,0,0,3
12641,TEX37,1,7,0,28,0,0,2
12642,MOB3A,1,4,0,8,0,0,2
12643,KRCC1,1,2,0,11,0,0,2
12644,NME6,1,14,1,47,0,0,3
12645,CYCS,1,15,12,148,0,7,4
12646,CD8B,1,13,2,36,0,2,4
12647,SLFN12,1,7,0,8,0,0,2
12648,CALB2,1,16,0,56,0,2,3
12649,SLC9C1,1,14,1,24,0,1,4
12650,OR1A1,1,9,2,28,0,0,3
12651,OR1A2,1,9,1,18,0,0,3
12652,OR8I2,1,7,1,13,0,0,3
12653,LCE1D,1,8,1,34,0,0,3
12654,CCL11,1,35,2,64,0,17,4
12655,FRMD3,1,3,0,29,0,0,2
12656,SNTB1,1,14,1,33,0,0,3
12657,MTBP,1,5,1,33,0,0,3
12658,TEFM,1,11,0,34,0,0,2
12659,MALT1,1,38,5,44,0,5,4
12660,PRL,1,16,4,66,0,72,4
12661,ISG20,1,21,1,37,0,6,4
12662,OR4C11,1,6,1,11,0,0,3
12663,MBOAT1,1,16,2,50,0,0,3
12664,OR8U1,1,7,1,23,0,0,3
12665,ID4,1,12,2,38,11,9,4
12666,OR4X2,1,6,1,19,0,0,3
12667,CXCR6,1,20,2,60,0,0,3
12668,CEBPB,1,70,8,82,419,24,4
12669,AZU1,1,37,1,37,0,0,3
12670,TPSAB1,1,11,1,32,0,6,4
12671,ATOH1,1,23,0,47,13,11,3
12672,PAIP1,1,14,3,44,0,0,3
12673,CLEC7A,1,58,1,54,0,2,4
12674,C5orf34,1,0,0,11,0,0,1
12675,C1QTNF4,1,6,0,5,0,0,2
12676,NEGR1,1,19,1,44,0,0,3
12677,ZNF131,1,14,0,27,0,0,2
12678,MACROD2,1,12,0,35,0,0,2
12679,DPAGT1,1,11,2,38,0,3,4
12680,BSG,1,45,6,68,0,9,4
12681,HINFP,1,32,0,32,9,4,3
12682,OR10V1,1,7,1,14,0,0,3
12683,CERS6,1,9,1,50,0,0,3
12684,SPTLC3,1,11,1,46,0,0,3
12685,COPRS,1,8,1,39,0,0,3
12686,TP53RK,1,15,2,32,0,0,3
12687,B3GALT1,1,8,1,28,0,0,3
12688,OR5A1,1,7,1,13,0,0,3
12689,CLEC12A,1,14,1,43,0,0,3
12690,OR5A2,1,7,1,16,0,0,3
12691,BPGM,1,11,1,45,0,0,3
12692,POP7,1,15,1,43,0,0,3
12693,ALG14,1,7,2,36,0,0,3
12694,SUCLG2,1,13,2,76,0,0,3
12695,STARD5,1,7,1,19,0,1,4
12696,CSDC2,1,7,0,24,0,0,2
12697,RCAN2,1,5,0,31,0,0,2
12698,IL16,1,18,1,43,0,2,4
12699,ABCG4,1,23,1,31,0,3,4
12700,GNB2,1,20,29,127,0,0,3
12701,CFAP53,1,21,0,55,0,0,2
12702,OR5B12,1,7,1,14,0,0,3
12703,OR5B2,1,7,1,14,0,0,3
12704,MCRIP2,1,7,0,16,0,0,2
12705,PDZD3,1,18,0,32,0,0,2
12706,C2CD2L,1,12,0,18,0,0,2
12707,OR9I1,1,7,1,12,0,0,3
12708,ARNT2,1,28,6,35,2,5,4
12709,GNG12,1,10,29,73,0,0,3
12710,PRSS27,1,6,0,7,0,0,2
12711,MYOZ2,1,13,0,54,0,3,3
12712,SYNPO2,1,16,0,33,0,0,2
12713,INSL5,1,8,2,28,0,0,3
12714,EFCAB3,1,2,0,33,0,0,2
12715,TTC36,1,6,0,10,0,0,2
12716,RSPH9,1,18,0,57,0,0,2
12717,COPS9,1,10,0,34,0,0,2
12718,GTPBP2,1,8,1,22,0,0,3
12719,FGGY,1,8,0,38,0,0,2
12720,OR9G4,1,7,1,13,0,0,3
12721,IL17D,1,11,0,35,0,0,2
12722,OR5AR1,1,10,1,45,0,0,3
12723,FUT9,1,26,1,37,0,1,4
12724,OR5AP2,1,7,1,22,0,0,3
12725,TCEAL1,1,3,0,34,0,1,3
12726,ZNF24,1,13,0,39,5,0,3
12727,MANEA,1,5,1,32,0,0,3
12728,RAB40A,1,14,1,22,0,0,3
12729,MAB21L4,1,0,0,4,0,0,1
12730,AGXT,1,18,2,78,0,4,4
12731,OR8J1,1,7,1,36,0,0,3
12732,OR5T3,1,7,1,11,0,0,3
12733,AFF1,1,15,0,55,0,1,3
12734,ACOT12,1,13,1,47,0,0,3
12735,FIBP,1,8,0,21,0,0,2
12736,CARNS1,1,8,1,42,0,0,3
12737,OR10H5,1,6,2,24,0,0,3
12738,BANP,1,10,2,33,0,6,4
12739,PPP1CA,1,49,6,171,0,1,4
12740,HCFC1,1,29,4,93,7,8,4
12741,FAM170B,1,6,0,22,0,0,2
12742,CTSW,1,10,1,36,0,0,3
12743,NIPAL4,1,6,1,33,0,0,3
12744,MUCL1,1,5,6,51,0,2,4
12745,SNTG2,1,10,1,41,0,0,3
12746,FNDC9,1,2,0,4,0,0,2
12747,PDE3A,1,24,1,41,0,3,4
12748,RASGRP1,1,34,6,37,0,2,4
12749,KLHL6,1,7,0,31,0,0,2
12750,CHCHD1,1,10,4,49,0,0,3
12751,SMPDL3A,1,10,0,10,0,0,2
12752,RND1,1,16,4,61,0,0,3
12753,RAD9A,1,18,7,44,0,2,4
12754,EFEMP2,1,22,1,44,0,1,4
12755,OR10AD1,1,6,1,13,0,0,3
12756,AGAP5,1,2,0,7,0,0,2
12757,TMEM134,1,4,0,15,0,0,2
12758,ZMAT3,1,7,0,28,0,2,3
12759,ZFAND4,1,1,0,63,0,0,2
12760,THEMIS,1,8,0,33,0,0,2
12761,MOS,1,16,0,31,0,1,3
12762,ZNF738,1,6,1,8,0,0,3
12763,MS4A10,1,4,0,11,0,0,2
12764,SLFN11,1,14,0,32,0,0,2
12765,FAM71D,1,3,0,27,0,0,2
12766,CCL19,1,52,3,69,0,13,4
12767,CORO1B,1,34,0,34,0,2,3
12768,FUT10,1,22,0,7,0,0,2
12769,LRRC20,1,1,0,34,0,0,2
12770,MUS81,1,27,2,92,0,1,4
12771,PURG,1,6,0,7,0,0,2
12772,TMEM217,1,3,0,5,0,0,2
12773,OR4D9,1,6,1,24,0,0,3
12774,ZNF596,1,6,1,14,0,0,3
12775,COL6A5,1,6,8,39,0,0,3
12776,CFL1,1,77,6,85,0,1,4
12777,TMCC1,1,12,0,11,0,0,2
12778,NAA16,1,12,0,33,0,0,2
12779,OR5B3,1,7,1,14,0,0,3
12780,EFCAB12,1,2,0,11,0,0,2
12781,OR10W1,1,7,1,37,0,0,3
12782,FAM192A,1,8,0,0,0,0,1
12783,RAB43,1,23,2,42,0,0,3
12784,FADS6,1,6,0,36,0,0,2
12785,CBWD1,1,8,0,23,0,0,2
12786,HOXC5,1,11,0,29,1,4,3
12787,RAB37,1,16,2,6,0,0,3
12788,DCP2,1,23,5,72,0,0,3
12789,SNX32,1,17,0,33,0,1,3
12790,CYP7B1,1,17,4,55,0,10,4
12791,OVOL1,1,9,0,23,9,4,3
12792,RARG,1,35,3,42,37,5,4
12793,CES4A,1,2,0,2,0,1,3
12794,CES3,1,8,2,18,0,2,4
12795,SSH3,1,11,0,22,0,0,2
12796,CES2,1,14,2,33,0,6,4
12797,PDP2,1,6,1,32,0,0,3
12798,SP3,1,24,1,37,429,20,4
12799,KRT2,1,21,2,51,0,0,3
12800,DMXL1,1,5,0,37,0,0,2
12801,METAP1D,1,9,0,35,0,0,2
12802,ZNF621,1,7,1,19,0,0,3
12803,EGFL7,1,10,0,33,0,3,3
12804,DHCR7,1,12,3,58,0,4,4
12805,LVRN,1,9,0,13,0,0,2
12806,NBEA,1,8,4,36,0,0,3
12807,RNASEH2C,1,5,0,32,0,0,2
12808,MYEOV,1,1,0,14,0,0,2
12809,ANKRD13D,1,8,0,18,0,0,2
12810,MRGPRF,1,4,0,25,0,7,3
12811,MYD88,1,74,16,95,0,20,4
12812,MRGPRD,1,14,1,32,0,0,3
12813,OXSR1,1,31,0,33,0,0,2
12814,SLC22A13,1,15,1,31,0,0,3
12815,PHF8,1,21,1,55,2,1,4
12816,LCLAT1,1,12,2,44,0,0,3
12817,ADH6,1,9,1,39,0,1,4
12818,XKR3,1,2,0,11,0,1,3
12819,FRG2C,1,1,0,10,0,0,2
12820,KAT5,1,76,22,114,51,6,4
12821,SH3RF3,1,7,0,24,0,0,2
12822,GXYLT2,1,6,1,16,0,0,3
12823,HPSE2,1,9,1,26,0,7,4
12824,DCAKD,1,6,1,36,0,0,3
12825,ARPP21,1,3,0,35,0,0,2
12826,TADA2B,1,13,2,51,0,0,3
12827,CCDC96,1,6,0,44,0,0,2
12828,GRK2,1,37,5,472,0,1,4
12829,RELA,1,99,29,145,944,24,4
12830,EVC2,1,6,2,37,0,0,3
12831,ZNF680,1,5,2,9,0,0,3
12832,HECTD4,1,7,0,15,0,2,3
12833,FAM222B,1,3,0,13,0,0,2
12834,BNC2,1,5,0,32,0,0,2
12835,DEC1,1,1,0,0,0,0,1
12836,RXFP4,1,7,2,32,0,0,3
12837,HPSE,1,44,2,34,0,15,4
12838,COQ2,1,10,2,49,0,0,3
12839,CCDC63,1,4,0,40,0,0,2
12840,HSPA6,1,19,2,55,0,3,4
12841,TRMT112,1,24,4,73,0,0,3
12842,LRRN3,1,4,0,16,0,3,3
12843,KDM2A,1,16,1,40,7,4,4
12844,ACSM6,1,8,1,33,0,0,3
12845,ADCK5,1,3,0,38,0,0,2
12846,NOC3L,1,7,0,74,0,2,3
12847,ESRRA,1,26,4,38,45,4,4
12848,RHOD,1,24,2,55,0,0,3
12849,ADAMTS20,1,13,2,18,0,0,3
12850,COMMD1,1,33,1,88,0,1,4
12851,RAPH1,1,10,0,36,0,0,2
12852,MTX1,1,10,3,38,0,1,4
12853,ADCY5,1,18,16,71,0,0,3
12854,PARP14,1,19,3,43,0,1,4
12855,CYSLTR1,1,12,4,46,0,1,4
12856,PARP15,1,12,0,32,0,0,2
12857,CKS1B,1,8,2,51,0,4,4
12858,ABCD2,1,29,2,33,0,6,4
12859,ABLIM3,1,13,1,23,0,0,3
12860,MAB21L3,1,1,0,19,0,0,2
12861,TUBB8P12,1,0,0,0,0,0,0
12862,MFSD4B,1,8,0,16,0,0,2
12863,VANGL1,1,5,18,47,0,2,4
12864,GLRX,1,10,1,50,0,11,4
12865,IQCB1,1,19,1,55,0,0,3
12866,SYT12,1,14,1,32,0,0,3
12867,GOLGB1,1,13,3,53,0,0,3
12868,C11orf86,1,0,0,5,0,0,1
12869,LIPM,1,7,1,12,0,0,3
12870,GPR151,1,13,0,18,0,0,2
12871,DMRT2,1,14,0,17,0,0,2
12872,ZNF483,1,5,1,23,0,0,3
12873,PLAC8L1,1,0,0,21,0,0,1
12874,SLC2A14,1,10,1,16,0,1,4
12875,GPR137,1,5,0,23,0,0,2
12876,SNCG,1,15,0,31,0,10,3
12877,MMRN2,1,24,1,32,0,0,3
12878,MZT2A,1,7,2,22,0,0,3
12879,TNKS,1,37,5,50,0,0,3
12880,ZNF449,1,6,0,12,0,0,2
12881,ZBTB21,1,11,0,23,0,0,2
12882,PPP1R3B,1,13,0,49,0,0,2
12883,OR10K1,1,7,1,14,0,0,3
12884,GPR148,1,8,0,15,0,0,2
12885,STOX2,1,7,0,16,0,0,2
12886,MAP3K11,1,26,7,41,0,7,4
12887,TRIB1,1,26,1,42,0,6,4
12888,CST9,1,2,0,25,0,0,2
12889,KCNK7,1,8,2,21,0,0,3
12890,SFT2D3,1,4,0,11,0,0,2
12891,C1QB,1,20,3,41,0,3,4
12892,C1QA,1,28,4,56,0,3,4
12893,NDNF,1,16,0,7,0,1,3
12894,IQCF1,1,5,0,27,0,0,2
12895,OLR1,1,15,2,37,0,12,4
12896,GLIPR1L1,1,7,0,16,0,0,2
12897,DAG1,1,101,12,79,0,1,4
12898,INSM1,1,29,1,39,4,8,4
12899,DAB1,1,13,1,34,0,4,4
12900,ARV1,1,10,1,9,0,0,3
12901,NAA20,1,13,0,36,0,0,2
12902,CCDC36,1,9,0,34,0,0,2
12903,RNASE8,1,9,1,8,0,0,3
12904,SAA1,1,15,9,47,0,18,4
12905,MICOS10,1,9,1,46,0,0,3
12906,EHBP1L1,1,8,0,39,0,0,2
12907,THAP2,1,2,0,12,0,0,2
12908,TMEM196,1,8,0,18,0,0,2
12909,RNF26,1,11,0,34,0,1,3
12910,PPP1R14B,1,6,0,12,0,0,2
12911,RNASE11,1,4,0,9,0,0,2
12912,ZNRD2,1,8,0,24,0,0,2
12913,AGR3,1,3,0,22,0,1,3
12914,SMARCC1,1,36,11,58,8,8,4
12915,ZNF417,1,7,1,7,1,0,4
12916,PTPRM,1,24,0,26,0,1,3
12917,FKBP2,1,5,0,35,0,0,2
12918,VEGFB,1,27,3,40,0,8,4
12919,PEAK1,1,13,2,31,0,0,3
12920,TNFRSF10D,1,6,3,30,0,2,4
12921,MST1,1,8,1,25,0,5,4
12922,TNFRSF10C,1,5,1,22,0,2,4
12923,GMPPB,1,16,1,53,0,0,3
12924,MOB1B,1,13,1,33,0,0,3
12925,ZNF622,1,17,0,37,0,1,3
12926,CSPG4,1,18,11,51,0,1,4
12927,SNX33,1,24,0,36,0,0,2
12928,FAM166C,1,8,0,36,0,0,2
12929,NABP1,1,15,1,33,0,0,3
12930,ADGRF3,1,7,0,10,0,0,2
12931,NLRP13,1,2,0,18,0,0,2
12932,CHD2,1,16,1,19,0,0,3
12933,XCR1,1,17,2,54,0,0,3
12934,CCDC106,1,3,0,35,0,0,2
12935,CCR9,1,16,2,50,0,4,4
12936,CEP83,1,10,1,44,0,0,3
12937,SULT1B1,1,15,1,45,0,0,3
12938,NUDT4,1,15,1,24,0,0,3
12939,PC,1,18,4,65,0,20,4
12940,UGT2A1,1,9,2,10,0,0,3
12941,SCAI,1,10,1,18,0,2,4
12942,GPRC6A,1,11,2,34,0,0,3
12943,NMNAT1,1,18,1,54,0,0,3
12944,LRFN4,1,10,1,36,0,0,3
12945,TRAPPC3L,1,10,0,29,0,0,2
12946,APOBEC4,1,1,2,18,0,0,3
12947,SLC19A1,1,34,1,36,0,13,4
12948,HSPB7,1,9,0,33,0,0,2
12949,RCE1,1,12,2,32,0,0,3
12950,UQCRH,1,11,2,66,0,0,3
12951,TAS1R1,1,8,3,42,0,0,3
12952,HES3,1,8,0,21,1,5,3
12953,EIF1AX,1,11,7,47,0,0,3
12954,OR1L1,1,7,1,18,0,0,3
12955,BCLAF3,1,9,0,35,0,0,2
12956,PSMD1,1,21,69,72,0,0,3
12957,ADGRG2,1,14,0,21,0,2,3
12958,SPATA3,1,3,0,52,0,0,2
12959,MUC13,1,7,9,76,0,0,3
12960,SUSD5,1,4,0,6,0,0,2
12961,HEG1,1,10,0,14,0,0,2
12962,WFIKKN2,1,8,0,16,0,0,2
12963,C11orf80,1,6,0,15,0,0,2
12964,TOMM20,1,19,3,65,0,2,4
12965,C1orf100,1,0,0,6,0,0,1
12966,AGFG1,1,13,2,55,0,1,4
12967,STAT5B,1,36,21,81,96,11,4
12968,CD7,1,10,0,45,0,4,3
12969,TOPAZ1,1,2,0,25,0,0,2
12970,CNP,1,22,0,37,0,1,3
12971,JUP,1,58,20,75,0,9,4
12972,HAP1,1,48,0,37,0,3,3
12973,TDRD12,1,13,1,37,0,0,3
12974,EIF1,1,13,0,53,0,0,2
12975,ENDOV,1,11,0,38,0,0,2
12976,RNF213,1,21,3,38,0,0,3
12977,TIGD3,1,4,0,19,0,0,2
12978,KCNH6,1,12,1,22,0,0,3
12979,MARCH10,1,4,0,0,0,0,1
12980,PLK3,1,45,3,41,0,4,4
12981,NET1,1,14,4,15,0,0,3
12982,DPY19L1,1,3,0,12,0,1,3
12983,PHOSPHO1,1,13,2,23,0,0,3
12984,ZNF791,1,6,1,12,0,0,3
12985,PHC3,1,11,10,46,0,0,3
12986,GPR160,1,4,0,17,0,0,2
12987,CBX2,1,15,9,58,0,4,4
12988,SPTBN2,1,26,6,37,0,0,3
12989,GOLIM4,1,9,1,36,0,0,3
12990,KRT28,1,12,2,29,0,0,3
12991,RBM4B,1,14,0,16,0,0,2
12992,ATP5MD,1,5,0,41,0,0,2
12993,HOXB2,1,15,1,35,12,5,4
12994,C1QTNF1,1,11,0,19,0,0,2
12995,MARCH3,1,9,0,0,0,0,1
12996,SWSAP1,1,10,0,42,0,0,2
12997,SLCO4C1,1,10,2,30,0,1,4
12998,RBM4,1,32,1,37,0,0,3
12999,PIFO,1,16,0,32,0,0,2
13000,XXYLT1,1,9,0,16,0,0,2
13001,UBXN2A,1,16,0,32,0,0,2
13002,RAX2,1,9,0,44,0,0,2
13003,LRRC63,1,1,0,24,0,0,2
13004,TCAP,1,36,1,69,0,2,4
13005,CCS,1,17,1,37,0,0,3
13006,NRROS,1,10,0,31,0,0,2
13007,CEP19,1,9,0,33,0,0,2
13008,KLHL15,1,9,0,33,0,0,2
13009,FBXO45,1,24,0,41,0,0,2
13010,SPERT,1,3,0,0,0,0,1
13011,TENT5D,1,3,0,17,0,0,2
13012,GNG5,1,12,29,66,0,0,3
13013,SLC25A30,1,7,0,9,0,0,2
13014,C9orf131,1,0,0,31,0,0,1
13015,CD34,1,44,0,106,0,24,3
13016,CTSF,1,13,2,37,0,1,4
13017,MSRB3,1,11,1,32,0,0,3
13018,LEMD3,1,10,11,59,0,2,4
13019,C16orf91,1,4,0,9,0,0,2
13020,TLR10,1,14,3,37,0,11,4
13021,TLR1,1,30,8,51,0,3,4
13022,TLR6,1,51,7,37,0,1,4
13023,FAM174A,1,2,0,16,0,0,2
13024,RGMB,1,10,1,18,0,1,4
13025,FAM53A,1,2,0,8,0,0,2
13026,NWD2,1,1,0,21,0,0,2
13027,CYB561D1,1,6,0,10,0,0,2
13028,GSTA3,1,7,2,39,0,0,3
13029,ZDHHC24,1,7,0,27,0,0,2
13030,TRMT10C,1,24,3,51,0,0,3
13031,SELP,1,30,2,74,0,10,4
13032,CTU2,1,11,1,33,0,0,3
13033,MGA,1,19,1,45,0,1,4
13034,C12orf66,1,7,0,34,0,0,2
13035,ARL13A,1,8,0,25,0,0,2
13036,SNX31,1,6,0,29,0,0,2
13037,PIGG,1,8,1,41,0,0,3
13038,PRPF8,1,34,3,173,0,0,3
13039,ADCY6,1,29,16,58,0,0,3
13040,REP15,1,7,0,17,0,0,2
13041,PITPNA,1,19,2,34,0,0,3
13042,DDX23,1,28,3,57,0,0,3
13043,ZNF80,1,5,0,8,0,0,2
13044,ZNHIT2,1,1,0,41,0,1,3
13045,EVX2,1,9,0,20,2,0,3
13046,ZBTB4,1,18,0,31,14,0,3
13047,TNK1,1,10,0,9,0,3,3
13048,ZHX3,1,12,0,19,1,1,3
13049,PHLDA3,1,14,0,15,0,1,3
13050,DIRC1,1,0,0,22,0,0,1
13051,SLC16A11,1,10,0,19,0,0,2
13052,SLC16A13,1,8,0,10,0,0,2
13053,GLIS1,1,12,0,29,1,1,3
13054,OR2Y1,1,6,1,12,0,0,3
13055,CHRNA9,1,27,2,33,0,0,3
13056,PODN,1,9,0,17,0,0,2
13057,SLC6A19,1,21,4,38,0,3,4
13058,C11orf45,1,2,0,5,0,0,2
13059,EXO1,1,24,17,128,0,4,4
13060,RALGAPA1,1,8,1,35,0,0,3
13061,LIG4,1,44,2,57,0,2,4
13062,TRHR,1,7,2,36,0,2,4
13063,GTF2IRD2B,1,5,0,23,0,0,2
13064,ABRA,1,10,0,24,0,2,3
13065,ATP2A2,1,43,4,65,0,13,4
13066,ZWILCH,1,8,6,38,0,0,3
13067,SNAPC5,1,10,3,38,0,0,3
13068,STARD6,1,1,1,24,0,0,3
13069,GOLGA6L2,1,1,0,7,0,0,2
13070,VWC2L,1,5,0,47,0,0,2
13071,C12orf76,1,0,0,3,0,0,1
13072,ZCCHC12,1,4,0,14,0,0,2
13073,CNTNAP2,1,47,0,66,0,3,3
13074,GALNTL6,1,5,1,30,0,0,3
13075,LINGO2,1,4,0,36,0,0,2
13076,BBS1,1,24,1,48,0,0,3
13077,DENND4A,1,8,1,23,0,0,3
13078,IGDCC3,1,3,0,21,0,0,2
13079,GCSAM,1,9,0,19,0,1,3
13080,ANKRD36C,1,1,0,15,0,0,2
13081,SLC26A9,1,23,1,31,0,1,4
13082,MFSD4A,1,3,0,2,0,0,2
13083,PELI3,1,9,3,31,0,0,3
13084,TTC9B,1,3,0,14,0,0,2
13085,MYO1H,1,12,0,9,0,0,2
13086,TMEM81,1,3,0,7,0,0,2
13087,KLK15,1,8,0,28,0,4,3
13088,IL20RB,1,17,1,38,0,0,3
13089,GOLT1A,1,11,0,37,0,0,2
13090,AKIRIN1,1,12,0,24,0,0,2
13091,NPAS4,1,25,2,61,3,2,4
13092,MSL2,1,16,1,34,0,0,3
13093,ZNF497,1,7,0,7,0,0,2
13094,TRAM1L1,1,5,0,6,0,0,2
13095,CMKLR1,1,25,1,35,0,2,4
13096,ANGEL2,1,15,0,33,0,0,2
13097,UGT8,1,19,1,48,0,5,4
13098,KY,1,5,0,12,0,0,2
13099,IQCK,1,0,0,28,0,0,1
13100,SLCO2A1,1,14,2,24,0,0,3
13101,ZNF266,1,7,1,8,1,1,4
13102,OR7D4,1,8,2,93,0,0,3
13103,SLC29A2,1,35,2,32,0,1,4
13104,BRSK2,1,29,0,33,0,0,2
13105,B4GAT1,1,9,3,32,0,0,3
13106,TMEM167A,1,5,0,20,0,0,2
13107,LEP,1,95,4,104,0,45,4
13108,SH3PXD2B,1,29,0,27,0,1,3
13109,RESF1,1,6,0,21,0,0,2
13110,LARP7,1,19,0,64,0,0,2
13111,FGFBP3,1,8,1,17,0,0,3
13112,NR1D2,1,31,1,35,6,1,4
13113,PABPC5,1,12,0,34,0,0,2
13114,BRMS1,1,16,2,39,0,8,4
13115,FAM241A,1,3,0,12,0,0,2
13116,HRAS,1,51,68,154,0,10,4
13117,WDR49,1,3,0,24,0,0,2
13118,SRP72,1,13,1,39,0,0,3
13119,PCP2,1,3,1,40,0,5,4
13120,RIN1,1,12,1,38,0,1,4
13121,ODAPH,1,4,0,25,0,0,2
13122,THAP6,1,2,0,32,0,0,2
13123,CEP135,1,12,7,87,0,1,4
13124,FZD4,1,40,8,47,0,2,4
13125,CD248,1,10,0,33,0,1,3
13126,BTC,1,16,28,34,0,2,4
13127,PDZK1,1,22,0,51,0,1,3
13128,ADGRE1,1,10,1,32,0,1,4
13129,DENND6A,1,6,1,20,0,0,3
13130,PDE12,1,18,1,35,0,0,3
13131,GLMN,1,20,1,67,0,2,4
13132,DNAH12,1,10,0,37,0,0,2
13133,YIF1A,1,8,1,34,0,0,3
13134,CNIH2,1,15,2,48,0,0,3
13135,NLRP6,1,33,0,34,0,0,2
13136,NDUFA11,1,7,2,67,0,0,3
13137,RSRC1,1,8,0,47,0,0,2
13138,CATSPERD,1,7,1,46,0,0,3
13139,SLC66A1L,1,10,0,7,0,0,2
13140,RAB1B,1,26,6,78,0,0,3
13141,OR9G1,1,6,2,25,0,0,3
13142,PTDSS2,1,6,1,34,0,0,3
13143,MICOS13,1,9,1,40,0,0,3
13144,C3orf33,1,7,0,9,0,0,2
13145,OR5M3,1,7,1,17,0,0,3
13146,SEZ6L2,1,7,0,31,0,0,2
13147,ASPHD1,1,1,0,27,0,0,2
13148,KCTD13,1,18,2,61,0,2,4
13149,P2RY14,1,7,2,32,0,0,3
13150,AMZ1,1,4,0,32,0,0,2
13151,GPR171,1,15,0,33,0,0,2
13152,GPR149,1,7,0,35,0,0,2
13153,CD164L2,1,3,0,12,0,0,2
13154,FUT1,1,20,2,41,0,3,4
13155,DHX36,1,62,1,42,0,0,3
13156,OR5J2,1,7,1,47,0,0,3
13157,ZIC4,1,8,0,33,0,0,2
13158,OR10AG1,1,7,1,15,0,0,3
13159,OR4S2,1,6,1,14,0,0,3
13160,FBXW8,1,21,2,42,0,0,3
13161,CA5A,1,5,1,22,0,0,3
13162,ZG16,1,7,0,32,0,0,2
13163,KLC2,1,14,5,65,0,0,3
13164,SLC22A1,1,50,6,47,0,3,4
13165,TEX36,1,0,0,12,0,0,1
13166,CTBP2,1,23,3,79,16,2,4
13167,CHST2,1,12,1,23,0,7,4
13168,ZDHHC14,1,8,0,11,0,0,2
13169,ATR,1,50,11,91,0,1,4
13170,UBE2C,1,26,19,98,0,7,4
13171,DSG4,1,11,2,58,0,8,4
13172,GK5,1,10,0,47,0,0,2
13173,VCPIP1,1,20,1,47,0,0,3
13174,RTP1,1,6,1,49,0,0,3
13175,DES,1,28,1,36,0,13,4
13176,PDIK1L,1,10,0,43,0,8,3
13177,SPSB4,1,11,2,32,0,0,3
13178,RAG2,1,21,2,45,0,12,4
13179,TRAF6,1,79,35,180,0,10,4
13180,ZNF654,1,5,0,20,0,0,2
13181,TVP23C,1,5,0,11,0,0,2
13182,PACS1,1,8,1,33,0,0,3
13183,WFDC5,1,6,0,32,0,0,2
13184,MARCKSL1,1,9,0,29,0,0,2
13185,SH3BP5L,1,3,0,25,0,0,2
13186,OR2T1,1,6,2,22,0,0,3
13187,YPEL2,1,2,0,6,0,0,2
13188,CADM2,1,6,1,34,0,0,3
13189,ABO,1,13,1,8,0,3,4
13190,PSMD2,1,22,69,86,0,0,3
13191,PPM1E,1,12,1,20,0,2,4
13192,FAM131A,1,0,0,9,0,0,1
13193,CSRP2,1,10,0,17,0,6,3
13194,INHBC,1,6,1,27,0,0,3
13195,PARL,1,19,1,46,0,0,3
13196,DDIT3,1,73,5,51,78,33,4
13197,PCCA,1,15,3,44,0,1,4
13198,HIGD2B,1,4,0,27,0,0,2
13199,DCTN2,1,21,12,80,0,0,3
13200,NPPA,1,45,3,64,0,64,4
13201,ZNF408,1,6,0,34,0,0,2
13202,CTDSP2,1,8,1,32,0,0,3
13203,CKAP5,1,31,13,63,0,1,4
13204,ARHGAP1,1,21,13,56,0,0,3
13205,MED16,1,15,5,49,0,1,4
13206,ATG13,1,25,1,62,0,0,3
13207,GAL3ST3,1,15,0,14,0,0,2
13208,C1orf127,1,2,0,4,0,0,2
13209,CHST1,1,14,1,21,0,0,3
13210,GOLGA8A,1,5,0,11,0,0,2
13211,VWA3A,1,2,0,32,0,0,2
13212,TP53I11,1,2,0,14,0,2,3
13213,CENPS,1,20,9,47,0,0,3
13214,DOLK,1,5,2,37,0,0,3
13215,PHYHD1,1,2,0,3,0,0,2
13216,CCNE2,1,13,11,51,0,6,4
13217,PHYKPL,1,5,2,38,0,0,3
13218,ANKS4B,1,12,0,24,0,1,3
13219,CST6,1,6,0,20,0,0,2
13220,GRAMD2A,1,9,0,15,0,0,2
13221,ZNF519,1,5,2,4,0,0,3
13222,LSM1,1,14,1,50,0,0,3
13223,PROP1,1,19,0,36,12,1,3
13224,ISX,1,15,0,9,1,1,3
13225,BANF1,1,23,8,57,0,2,4
13226,APOF,1,8,1,38,0,2,4
13227,CHRNA7,1,75,1,27,0,12,4
13228,TMEM9B,1,4,0,25,0,0,2
13229,NRIP3,1,4,0,27,0,0,2
13230,PTPN2,1,44,3,49,0,0,3
13231,SCUBE2,1,10,1,32,0,0,3
13232,EIF1AD,1,6,0,37,0,0,2
13233,SMAD2,1,73,17,139,101,5,4
13234,EIF3F,1,20,7,45,0,0,3
13235,ZNF25,1,9,1,3,0,0,3
13236,OR10P1,1,6,1,16,0,0,3
13237,ARL10,1,3,0,17,0,0,2
13238,CLTB,1,27,8,45,0,0,3
13239,PCSK1,1,17,5,38,0,15,4
13240,LPL,1,49,5,83,0,25,4
13241,RFESD,1,2,0,8,0,0,2
13242,CCDC14,1,5,0,42,0,0,2
13243,TBC1D10C,1,8,2,36,0,0,3
13244,SART1,1,23,1,92,0,0,3
13245,PPP2R2D,1,10,1,55,0,0,3
13246,MCTP1,1,11,0,23,0,0,2
13247,POLD4,1,8,17,33,0,0,3
13248,OR52W1,1,6,1,32,0,0,3
13249,LRRC25,1,4,0,30,0,0,2
13250,DPP10,1,10,0,42,0,0,2
13251,CLCF1,1,19,1,19,0,0,3
13252,TSGA10IP,1,4,0,14,0,0,2
13253,GPR152,1,6,0,25,0,0,2
13254,UBQLNL,1,4,0,38,0,0,2
13255,UBQLN3,1,5,0,43,0,0,2
13256,PNLIP,1,18,3,52,0,0,3
13257,LIPT2,1,5,1,29,0,0,3
13258,KCNE3,1,30,2,38,0,0,3
13259,CABP4,1,13,0,38,0,0,2
13260,ALG10B,1,8,1,23,0,0,3
13261,DRAP1,1,15,2,36,1,0,4
13262,LONRF3,1,3,0,12,0,0,2
13263,UCP3,1,23,1,35,0,14,4
13264,UCP2,1,50,1,39,0,15,4
13265,C11orf68,1,2,0,6,0,0,2
13266,PAAF1,1,3,1,37,0,0,3
13267,RAB6A,1,32,7,84,0,0,3
13268,P2RY2,1,15,4,35,0,1,4
13269,FOSL1,1,21,1,43,46,20,4
13270,ERCC4,1,33,5,70,0,4,4
13271,SUGCT,1,4,0,36,0,0,2
13272,CCDC85B,1,8,0,18,0,0,2
13273,TMEM70,1,11,0,43,0,0,2
13274,OR4B1,1,6,1,16,0,0,3
13275,RMI2,1,9,14,38,0,0,3
13276,PRM1,1,10,1,19,0,7,4
13277,TOM1L2,1,10,0,19,0,0,2
13278,TEX26,1,1,0,14,0,0,2
13279,ZNF77,1,6,1,14,2,0,4
13280,GPR156,1,9,0,21,0,0,2
13281,CCDC197,1,1,0,6,0,0,2
13282,MTLN,1,10,0,4,0,0,2
13283,KDF1,1,14,0,23,0,0,2
13284,B3GNTL1,1,0,0,22,0,0,1
13285,RBMXL3,1,6,0,34,0,0,2
13286,MLXIP,1,13,0,22,5,0,3
13287,NR2F1,1,19,1,38,67,9,4
13288,AURKAIP1,1,9,4,46,0,2,4
13289,TTLL11,1,9,1,31,0,0,3
13290,EIF4E1B,1,7,0,37,0,0,2
13291,TOMM5,1,6,2,38,0,0,3
13292,LINC02694,1,0,0,0,0,0,0
13293,SLC35E3,1,9,0,25,0,0,2
13294,PRIMA1,1,3,0,11,0,1,3
13295,ZNF169,1,6,1,23,0,0,3
13296,RUVBL1,1,52,7,120,1,1,4
13297,SFN,1,34,10,69,0,4,4
13298,MSRA,1,14,1,49,0,2,4
13299,CBLL2,1,5,1,13,0,0,3
13300,CCDC168,1,1,0,15,0,0,2
13301,CTDNEP1,1,15,1,15,0,0,3
13302,ETV4,1,16,1,39,64,2,4
13303,SWI5,1,8,0,33,0,1,3
13304,GAPT,1,4,0,12,0,0,2
13305,BAIAP2,1,59,7,58,0,0,3
13306,CALCB,1,12,2,34,0,8,4
13307,CREG2,1,5,0,16,0,0,2
13308,TMEM270,1,1,0,20,0,1,3
13309,HOXD8,1,13,0,33,4,1,3
13310,ZDHHC21,1,14,2,24,0,0,3
13311,TSPEAR,1,9,0,36,0,0,2
13312,PLEKHF2,1,10,0,5,0,0,2
13313,A2M,1,18,4,80,0,17,4
13314,ARL4D,1,10,0,8,0,0,2
13315,DOK7,1,14,0,33,0,1,3
13316,LRRN1,1,4,0,18,0,0,2
13317,UBE2O,1,15,0,46,0,0,2
13318,ORAI3,1,6,0,33,0,0,2
13319,KLHL38,1,5,0,21,0,0,2
13320,UNC119B,1,10,1,19,0,0,3
13321,DENND2C,1,3,1,20,0,0,3
13322,PLEKHD1,1,0,0,7,0,0,1
13323,ASCL3,1,18,0,24,0,0,2
13324,TUBB6,1,12,32,46,0,0,3
13325,LYSMD3,1,5,0,9,0,0,2
13326,B3GALT6,1,15,2,39,0,0,3
13327,ZNF613,1,6,1,9,0,1,4
13328,C11orf16,1,0,0,10,0,0,1
13329,TMPRSS7,1,5,0,1,0,0,2
13330,NUPR1,1,30,0,35,5,5,3
13331,JAKMIP2,1,4,0,13,0,0,2
13332,MBLAC2,1,8,0,32,0,0,2
13333,TPRN,1,14,2,53,0,0,3
13334,KCNE5,1,25,2,36,0,0,3
13335,ZNF683,1,18,0,33,0,0,2
13336,SLC35A4,1,17,1,16,0,1,4
13337,CRYBG2,1,0,0,9,0,0,1
13338,IP6K1,1,18,2,35,0,0,3
13339,SSNA1,1,18,7,33,0,0,3
13340,CSTF3,1,10,5,52,0,0,3
13341,YES1,1,26,17,42,0,2,4
13342,CHMP6,1,44,9,51,0,0,3
13343,UFSP1,1,6,0,11,0,0,2
13344,MC5R,1,18,3,26,0,2,4
13345,TMEM39A,1,5,0,11,0,0,2
13346,TCP11L1,1,3,0,26,0,0,2
13347,GPX2,1,9,5,81,0,4,4
13348,CCDC57,1,11,0,36,0,0,2
13349,HSF5,1,15,0,8,0,0,2
13350,FOXG1,1,13,2,58,12,3,4
13351,SPHK1,1,55,5,57,0,17,4
13352,ENTHD1,1,8,0,42,0,0,2
13353,MYPOP,1,10,0,9,0,0,2
13354,CIDEA,1,29,2,49,0,7,4
13355,OR11H4,1,6,2,83,0,0,3
13356,OR4D11,1,6,1,11,0,0,3
13357,LRRTM4,1,4,1,36,0,0,3
13358,ATAD5,1,14,0,50,0,0,2
13359,SMIM19,1,2,0,10,0,0,2
13360,OR11H6,1,6,2,18,0,0,3
13361,ZNF404,1,7,0,10,0,0,2
13362,RTTN,1,8,0,38,0,0,2
13363,OR4K17,1,6,1,17,0,0,3
13364,OR10H4,1,6,1,15,0,0,3
13365,OR51B6,1,9,1,21,0,0,3
13366,ACBD7,1,3,1,29,0,0,3
13367,OR4L1,1,6,2,25,0,0,3
13368,ANAPC2,1,19,18,59,0,0,3
13369,OR4K13,1,6,1,12,0,0,3
13370,HMGB4,1,4,0,6,0,0,2
13371,ZBTB8OS,1,14,0,18,0,0,2
13372,OR4F21,1,6,1,19,0,0,3
13373,SLC35G1,1,10,0,28,0,0,2
13374,OR4K5,1,6,1,15,0,0,3
13375,ZNF135,1,7,1,3,2,0,4
13376,OR4N2,1,6,1,14,0,0,3
13377,OR4M1,1,6,1,17,0,0,3
13378,FOXR1,1,16,0,23,0,0,2
13379,COX8A,1,12,4,47,0,1,4
13380,TAC4,1,13,0,19,0,6,3
13381,ZSCAN2,1,5,0,16,0,0,2
13382,PRR18,1,0,0,10,0,0,1
13383,B3GNT4,1,8,2,32,0,0,3
13384,CDC26,1,12,18,45,0,0,3
13385,HSD11B2,1,18,2,34,0,15,4
13386,CRLF3,1,11,0,27,0,0,2
13387,RNPEP,1,10,0,29,0,0,2
13388,EID2,1,11,0,22,0,0,2
13389,DMRTA1,1,12,0,5,3,1,3
13390,EID2B,1,7,0,11,1,0,3
13391,GJC3,1,10,0,25,0,0,2
13392,RIMS2,1,26,0,44,0,0,2
13393,KCMF1,1,18,1,19,0,0,3
13394,DNAJC30,1,5,0,41,0,0,2
13395,SPRYD4,1,3,0,14,0,0,2
13396,VPS37D,1,13,5,34,0,0,3
13397,CLEC14A,1,11,0,38,0,0,2
13398,SYNE3,1,14,0,27,0,1,3
13399,CLK2,1,17,0,35,0,1,3
13400,LPCAT4,1,22,5,46,0,0,3
13401,SLCO3A1,1,18,0,33,0,0,2
13402,ZNF575,1,5,0,23,0,0,2
13403,WDR25,1,1,0,47,0,0,2
13404,SGF29,1,24,2,59,0,1,4
13405,PLAAT3,1,32,4,62,0,6,4
13406,DIRAS1,1,7,0,27,0,0,2
13407,OR5AN1,1,12,1,14,0,0,3
13408,PHLDB3,1,2,0,10,0,0,2
13409,PRR15,1,1,0,10,0,0,2
13410,GNG7,1,8,29,447,0,0,3
13411,OR4C5,1,6,1,15,0,0,3
13412,USF3,1,6,0,14,0,0,2
13413,OR4C3,1,6,1,14,0,1,4
13414,OR4S1,1,6,1,14,0,0,3
13415,CNTD1,1,6,0,31,0,0,2
13416,DCAF4L2,1,1,0,35,0,0,2
13417,OR4X1,1,6,1,16,0,0,3
13418,CNBD1,1,0,0,6,0,1,2
13419,KBTBD11,1,0,0,6,0,0,1
13420,B3GNT5,1,12,2,34,0,0,3
13421,MAP3K19,1,6,0,28,0,0,2
13422,C14orf177,1,3,0,4,0,0,2
13423,LMNB2,1,12,0,42,0,0,2
13424,RMDN1,1,10,0,25,0,0,2
13425,MEX3C,1,6,1,36,0,0,3
13426,HORMAD2,1,9,0,51,0,0,2
13427,RNF152,1,16,1,31,0,0,3
13428,MYO1D,1,33,0,24,0,0,2
13429,FOXL1,1,16,0,33,2,2,3
13430,TGIF2LY,1,10,0,19,0,0,2
13431,FOXC2,1,36,2,40,19,5,4
13432,OR4F17,1,6,2,26,0,0,3
13433,BDNF,1,37,13,109,0,39,4
13434,CCDC121,1,1,0,13,0,0,2
13435,ACSF3,1,10,1,40,0,0,3
13436,BOK,1,51,0,31,0,4,3
13437,ZNF843,1,1,0,7,0,0,2
13438,RBIS,1,4,0,11,0,0,2
13439,PFN4,1,9,0,79,0,0,2
13440,OR51V1,1,10,1,23,0,0,3
13441,MAGEB6,1,3,0,10,0,0,2
13442,CDK5R1,1,59,6,39,0,3,4
13443,TCERG1L,1,3,0,41,0,0,2
13444,NCKAP5,1,4,0,4,0,0,2
13445,MAGEB18,1,4,0,10,0,0,2
13446,RUFY1,1,15,1,22,0,0,3
13447,OR52E2,1,7,1,15,0,0,3
13448,BASP1,1,29,1,33,0,0,3
13449,OR51L1,1,9,2,19,0,0,3
13450,LRRC37A3,1,1,0,22,0,0,2
13451,VSIG10,1,6,0,18,0,0,2
13452,IRX5,1,12,0,29,2,0,3
13453,METRNL,1,11,0,5,0,0,2
13454,FAM91A1,1,5,1,37,0,0,3
13455,WSB2,1,5,1,34,0,0,3
13456,GRIN1,1,63,9,92,0,24,4
13457,TYMS,1,20,2,105,0,12,4
13458,OR51G2,1,9,1,18,0,0,3
13459,PXMP2,1,6,2,34,0,0,3
13460,OR51A7,1,9,1,18,0,0,3
13461,TCEANC,1,5,0,38,0,0,2
13462,OR51T1,1,9,1,21,0,0,3
13463,PNMA1,1,5,0,32,0,0,2
13464,TCIM,1,12,0,15,0,0,2
13465,MAMSTR,1,3,0,13,0,0,2
13466,ANKLE2,1,14,3,39,0,0,3
13467,C8G,1,13,2,38,0,0,3
13468,OR51S1,1,6,1,18,0,0,3
13469,OR51F2,1,9,1,15,0,0,3
13470,GCNT4,1,10,1,32,0,1,4
13471,MUC20,1,9,7,62,0,0,3
13472,THAP4,1,10,0,20,0,0,2
13473,NFATC2IP,1,5,0,38,0,1,3
13474,LY6H,1,9,1,33,0,0,3
13475,FIBIN,1,7,0,5,0,0,2
13476,FAM89B,1,7,0,36,0,0,2
13477,SHMT1,1,37,2,75,0,1,4
13478,DPP7,1,12,1,32,0,1,4
13479,TRIM60,1,8,0,12,0,0,2
13480,SEC24C,1,14,6,57,0,1,4
13481,FMR1NB,1,1,0,34,0,0,2
13482,SMCR8,1,22,0,40,0,0,2
13483,MTHFR,1,21,1,66,0,3,4
13484,C19orf18,1,3,0,4,0,0,2
13485,DEAF1,1,24,0,28,12,0,3
13486,MTX3,1,8,0,32,0,0,2
13487,TMEM80,1,5,0,21,0,0,2
13488,SIX5,1,17,0,40,1,1,3
13489,IFNW1,1,17,0,34,0,0,2
13490,FBXO46,1,5,0,9,0,0,2
13491,ZDHHC13,1,11,0,36,0,0,2
13492,SLC38A9,1,25,7,47,0,0,3
13493,WDR73,1,9,0,41,0,0,2
13494,POLE,1,24,10,80,0,0,3
13495,PHETA2,1,13,0,10,0,0,2
13496,SCN4B,1,22,3,48,0,0,3
13497,DSCAML1,1,18,1,31,0,0,3
13498,RHOG,1,29,7,75,0,1,4
13499,EPS8L2,1,18,2,37,0,0,3
13500,ZDHHC22,1,11,0,25,0,0,2
13501,ANO6,1,41,6,24,0,0,3
13502,ZBTB34,1,10,0,6,0,0,2
13503,FAM9B,1,7,0,10,0,0,2
13504,CETN1,1,18,3,44,0,0,3
13505,FAM210A,1,6,0,12,0,0,2
13506,OR2T35,1,6,1,17,0,0,3
13507,TALDO1,1,13,6,74,0,3,4
13508,ULK1,1,46,5,75,0,2,4
13509,OR14C36,1,7,1,13,0,0,3
13510,RIMKLA,1,7,1,23,0,0,3
13511,CLVS1,1,10,1,25,0,0,3
13512,OR2M7,1,6,2,80,0,0,3
13513,B3GNT8,1,16,1,21,0,0,3
13514,PUS1,1,23,0,53,0,0,2
13515,CHD9,1,7,11,37,0,0,3
13516,OR2T12,1,6,1,18,0,0,3
13517,SPACA4,1,9,1,43,0,0,3
13518,OR2T33,1,6,1,20,0,0,3
13519,GATD1,1,7,0,24,0,0,2
13520,TRIM72,1,17,1,33,0,3,4
13521,MAN1B1,1,16,3,45,0,0,3
13522,DEFB4B,1,0,2,32,0,17,3
13523,KCNA3,1,16,1,42,0,2,4
13524,OR2AJ1,1,6,1,11,0,0,3
13525,FZD8,1,16,4,53,0,2,4
13526,GJD4,1,8,1,32,0,0,3
13527,FBXO39,1,4,0,18,0,0,2
13528,CLDN22,1,7,1,29,0,0,3
13529,KCNA2,1,45,1,57,0,0,3
13530,TOP3A,1,22,16,67,0,8,4
13531,CASKIN2,1,3,0,14,0,0,2
13532,ZBTB38,1,15,0,33,5,0,3
13533,BEND2,1,3,0,18,0,0,2
13534,CCDC71,1,0,0,27,0,0,1
13535,C10orf71,1,3,0,39,0,0,2
13536,LRRN4CL,1,1,0,2,0,0,2
13537,TIMM22,1,9,2,55,0,0,3
13538,HIC1,1,17,1,36,17,2,4
13539,PPFIA3,1,13,6,42,0,0,3
13540,MAGEF1,1,6,0,20,0,0,2
13541,UMODL1,1,7,0,16,0,0,2
13542,SAMD9L,1,4,0,38,0,1,3
13543,UBE2U,1,9,1,34,0,0,3
13544,PAWR,1,21,0,34,6,1,3
13545,TGIF1,1,17,2,32,11,4,4
13546,MIEF2,1,7,0,34,0,0,2
13547,NAP1L5,1,3,0,43,0,0,2
13548,NIM1K,1,6,0,10,0,0,2
13549,CD19,1,16,6,140,0,9,4
13550,ERICH5,1,1,1,8,0,0,3
13551,OR2T8,1,6,1,14,0,0,3
13552,NR2C2,1,23,2,42,55,5,4
13553,GPR4,1,13,2,34,0,1,4
13554,ACOT4,1,21,2,35,0,1,4
13555,OLIG3,1,10,0,31,1,0,3
13556,CAVIN1,1,19,4,37,0,1,4
13557,OR2G3,1,6,1,18,0,0,3
13558,ARIH2,1,20,1,38,0,2,4
13559,RBM44,1,8,0,15,0,0,2
13560,ZBTB33,1,18,1,36,9,0,4
13561,OR2G2,1,6,1,15,0,0,3
13562,ZBED2,1,9,0,4,0,0,2
13563,VCX2,1,2,0,17,0,0,2
13564,IRX3,1,25,0,41,3,1,3
13565,ST8SIA3,1,13,2,14,0,0,3
13566,RPRM,1,5,0,10,0,4,3
13567,OR2B11,1,6,2,24,0,0,3
13568,SLC25A22,1,13,2,32,0,0,3
13569,RABEP2,1,11,0,32,0,3,3
13570,NHLH2,1,15,0,31,6,2,3
13571,ATOX1,1,19,2,45,0,1,4
13572,FAM187B,1,1,0,21,0,0,2
13573,TBL1XR1,1,16,21,51,1,3,4
13574,SAMD12,1,6,0,16,0,0,2
13575,CD163,1,11,3,71,0,4,4
13576,C18orf32,1,4,0,15,0,0,2
13577,PIDD1,1,19,1,37,0,1,4
13578,ZNF491,1,5,0,6,0,0,2
13579,HASPIN,1,22,0,34,0,0,2
13580,JUN,1,53,15,224,858,76,4
13581,CSTF2T,1,8,5,46,0,0,3
13582,PGBD5,1,4,0,32,0,0,2
13583,C12orf54,1,2,0,6,0,0,2
13584,GBA,1,48,0,77,0,0,2
13585,ACAD9,1,18,1,58,0,0,3
13586,IL17RA,1,24,2,37,0,1,4
13587,PNPLA2,1,26,4,53,0,6,4
13588,MBOAT4,1,8,1,32,0,0,3
13589,TEX44,1,2,0,15,0,0,2
13590,AGTRAP,1,12,1,38,0,13,4
13591,CD163L1,1,7,0,6,0,0,2
13592,THAP5,1,6,0,14,0,0,2
13593,DEFB114,1,15,2,30,0,0,3
13594,CRACR2B,1,3,0,18,0,0,2
13595,SUMO4,1,13,0,45,0,5,3
13596,MAGEB10,1,4,0,14,0,0,2
13597,DNAJC28,1,2,0,35,0,0,2
13598,OR4F4,1,6,1,19,0,0,3
13599,NAALADL2,1,3,0,30,0,0,2
13600,CD151,1,13,2,47,0,2,4
13601,POLR2L,1,25,56,105,0,0,3
13602,FAM20C,1,18,2,82,0,0,3
13603,NECTIN3,1,22,2,34,0,1,4
13604,SLC35G5,1,2,0,3,0,0,2
13605,ANXA2R,1,2,0,6,0,0,2
13606,TMEM94,1,5,0,16,0,0,2
13607,FLII,1,16,0,34,0,5,3
13608,SOX12,1,17,0,4,0,0,2
13609,HNRNPA0,1,13,1,44,0,0,3
13610,YIPF7,1,10,0,18,0,0,2
13611,MYOZ1,1,17,0,56,0,7,3
13612,KCNJ10,1,15,3,45,0,0,3
13613,CHID1,1,14,1,32,0,0,3
13614,PCDHB9,1,11,0,3,0,0,2
13615,ZNF620,1,6,1,2,0,0,3
13616,ZNF518A,1,3,0,15,0,0,2
13617,TMEM187,1,3,0,15,0,0,2
13618,SVBP,1,13,1,28,0,0,3
13619,ZNF619,1,5,1,7,0,0,3
13620,CCDC184,1,2,0,7,0,0,2
13621,AP3S1,1,24,1,42,0,0,3
13622,GRB2,1,47,6,244,0,5,4
13623,ZBTB41,1,4,0,9,0,0,2
13624,UBE2N,1,34,24,108,0,0,3
13625,ARL6IP6,1,2,0,13,0,0,2
13626,ZNF354C,1,12,1,12,28,2,4
13627,CAPZA3,1,13,5,50,0,0,3
13628,CENPBD1,1,2,0,17,0,0,2
13629,ODF3,1,6,0,23,0,0,2
13630,BET1L,1,12,2,56,0,0,3
13631,RIC8A,1,12,0,41,0,0,2
13632,IMP3,1,14,2,87,0,2,4
13633,ASB8,1,5,2,34,0,0,3
13634,LCN15,1,3,1,15,0,0,3
13635,ODF3B,1,3,0,8,0,0,2
13636,DPY19L2,1,5,0,38,0,0,2
13637,SPATA31E1,1,1,0,11,0,0,2
13638,C2orf73,1,1,0,8,0,0,2
13639,GPR150,1,5,1,33,0,0,3
13640,TSPYL6,1,6,0,8,0,0,2
13641,LRRC75B,1,0,0,12,0,0,1
13642,DMAP1,1,24,1,89,5,1,4
13643,ADAMTSL1,1,2,2,15,0,1,4
13644,CALHM5,1,9,0,7,0,0,2
13645,IMPDH2,1,20,4,41,0,6,4
13646,ALS2CL,1,7,1,35,0,0,3
13647,MLF1,1,13,0,35,0,0,2
13648,NDUFAF3,1,5,1,51,0,1,4
13649,C2orf69,1,3,0,14,0,0,2
13650,GRAMD1C,1,9,0,19,0,0,2
13651,STAP2,1,5,2,23,0,0,3
13652,HTR3C,1,15,1,36,0,0,3
13653,TSSK6,1,14,0,47,0,1,3
13654,BOLA1,1,6,0,36,0,0,2
13655,PDE4DIP,1,16,0,33,0,0,2
13656,DDX10,1,10,0,65,0,0,2
13657,GOLGA8Q,1,5,0,9,0,0,2
13658,PPP1R42,1,8,0,40,0,0,2
13659,NDUFV2,1,14,2,118,0,1,4
13660,DALRD3,1,11,0,33,0,1,3
13661,ZNF114,1,8,1,13,0,0,3
13662,ZNF518B,1,3,0,10,0,0,2
13663,AMER3,1,5,0,24,0,0,2
13664,SPINK6,1,3,1,19,0,0,3
13665,ZNF366,1,10,0,19,0,0,2
13666,LCORL,1,5,0,27,0,0,2
13667,PARD6G,1,12,1,32,0,0,3
13668,ZNF454,1,6,2,5,0,0,3
13669,SH2B1,1,12,1,48,0,0,3
13670,ZC3H12D,1,12,0,8,0,0,2
13671,VN1R1,1,7,0,20,0,0,2
13672,POGLUT3,1,9,0,12,0,0,2
13673,PLEC,1,73,3,64,0,2,4
13674,SH2D4B,1,2,0,12,0,0,2
13675,RNF212,1,9,0,36,0,0,2
13676,PRSS36,1,3,0,17,0,0,2
13677,ZNF543,1,6,1,10,0,0,3
13678,TMEM151B,1,5,0,11,0,0,2
13679,GALNT11,1,12,1,32,0,0,3
13680,SLITRK1,1,17,1,40,0,0,3
13681,WDR6,1,12,5,46,0,1,4
13682,PRM3,1,4,0,14,0,4,3
13683,TNP2,1,11,0,35,0,0,2
13684,SPAG11A,1,1,0,15,0,0,2
13685,GEN1,1,18,1,35,0,0,3
13686,TMPRSS9,1,5,0,7,0,0,2
13687,AQP11,1,25,1,17,0,0,3
13688,TMEM11,1,6,1,32,0,1,4
13689,ZNF354B,1,8,1,2,0,0,3
13690,KCNG2,1,14,2,38,0,1,4
13691,SHISA3,1,2,0,13,0,1,3
13692,OR2D3,1,6,1,22,0,0,3
13693,CALML3,1,10,0,281,0,0,2
13694,CALML5,1,9,2,290,0,1,4
13695,ZFAND2A,1,8,0,26,0,3,3
13696,PLEKHM3,1,4,0,8,0,0,2
13697,ZNF223,1,7,1,22,0,0,3
13698,HTR1A,1,25,1,47,0,18,4
13699,CCDC185,1,1,0,8,0,0,2
13700,DNAJC22,1,2,0,33,0,0,2
13701,NEUROG2,1,11,0,56,17,17,3
13702,CEP295NL,1,5,0,4,0,0,2
13703,BEND3,1,11,0,17,0,0,2
13704,NT5DC1,1,2,0,13,0,0,2
13705,GLDC,1,14,1,67,0,1,4
13706,COX14,1,7,1,39,0,0,3
13707,MCMDC2,1,6,0,40,0,0,2
13708,TUBAL3,1,10,29,45,0,0,3
13709,P4HTM,1,9,0,16,0,0,2
13710,UCN3,1,22,1,32,0,1,4
13711,DTX3,1,9,0,22,0,0,2
13712,KLHL11,1,6,2,40,0,0,3
13713,AMBN,1,9,2,38,0,1,4
13714,CTXN1,1,1,0,16,0,0,2
13715,SLC25A20,1,11,1,35,0,3,4
13716,CA8,1,4,0,28,0,0,2
13717,CD28,1,34,7,81,0,20,4
13718,EPM2AIP1,1,7,0,26,0,0,2
13719,ERBB4,1,67,0,88,0,5,3
13720,MAF,1,21,3,57,60,16,4
13721,CTNNBIP1,1,24,1,27,0,2,4
13722,OR6B3,1,7,1,15,0,0,3
13723,DEFB125,1,5,2,33,0,0,3
13724,PSAPL1,1,8,0,19,0,0,2
13725,OTOS,1,3,0,14,0,0,2
13726,GTPBP6,1,10,0,53,0,0,2
13727,ERN1,1,46,1,63,0,1,4
13728,GPR35,1,17,1,30,0,1,4
13729,C10orf53,1,0,0,11,0,0,1
13730,CSRNP3,1,9,0,7,0,0,2
13731,ZNF713,1,6,1,26,0,0,3
13732,PARP10,1,24,3,36,2,0,4
13733,DYNAP,1,8,0,6,0,0,2
13734,SUZ12,1,27,11,101,0,2,4
13735,NSUN3,1,10,0,42,0,0,2
13736,KCTD12,1,13,0,23,0,0,2
13737,DHFR2,1,15,1,53,0,0,3
13738,RPP25,1,13,2,46,0,0,3
13739,GRINA,1,11,0,33,0,0,2
13740,THBD,1,17,2,68,0,13,4
13741,GP5,1,10,9,41,0,1,4
13742,STX19,1,13,0,41,0,0,2
13743,ERFE,1,16,0,19,0,0,2
13744,FAM219B,1,1,0,20,0,0,2
13745,ZHX2,1,13,0,33,9,2,3
13746,CPN2,1,7,1,19,0,0,3
13747,CPNE7,1,11,1,10,0,0,3
13748,C5orf46,1,3,0,11,0,0,2
13749,CD300LB,1,5,2,35,0,0,3
13750,GDPD4,1,7,0,13,0,0,2
13751,RIIAD1,1,0,0,8,0,0,1
13752,MPI,1,9,2,44,0,0,3
13753,H1FOO,1,13,0,0,0,0,1
13754,TRIM73,1,4,0,10,0,0,2
13755,OPLAH,1,7,2,43,0,0,3
13756,TMEM52,1,1,0,8,0,0,2
13757,RNF186,1,13,0,18,0,0,2
13758,EFCAB13,1,2,0,40,0,0,2
13759,MSC,1,19,0,32,28,3,3
13760,APOLD1,1,15,0,12,0,0,2
13761,RFLNA,1,9,0,12,0,0,2
13762,EXOSC4,1,28,8,50,0,0,3
13763,DPY19L3,1,4,0,35,0,0,2
13764,TAF7,1,35,10,76,0,9,4
13765,ZNF852,1,5,0,3,0,0,2
13766,FOXE1,1,29,0,39,8,3,3
13767,PFAS,1,12,1,31,0,1,4
13768,HYI,1,3,0,9,0,0,2
13769,CYBC1,1,5,0,9,0,0,2
13770,TPRX1,1,8,1,18,0,0,3
13771,LGALS7B,1,0,1,32,0,0,2
13772,ZNF552,1,6,1,2,0,0,3
13773,SMIM10L2A,1,0,0,0,0,0,0
13774,GAK,1,30,2,76,0,0,3
13775,ZBTB7A,1,35,0,37,31,1,3
13776,TUFM,1,16,2,108,0,0,3
13777,ERICH3,1,6,0,16,0,0,2
13778,RMI1,1,9,14,48,0,0,3
13779,CTC1,1,13,2,39,0,0,3
13780,FBXO34,1,3,0,15,0,0,2
13781,SELENOW,1,3,0,34,0,2,3
13782,EIF3K,1,15,7,43,0,0,3
13783,MRFAP1L1,1,2,0,13,0,0,2
13784,SNX18,1,22,1,37,0,0,3
13785,EXD1,1,9,0,36,0,0,2
13786,AURKB,1,61,10,113,0,7,4
13787,TAS1R2,1,14,3,39,0,0,3
13788,C14orf39,1,9,0,31,0,0,2
13789,MRFAP1,1,4,0,29,0,0,2
13790,C3orf38,1,3,0,7,0,0,2
13791,KLHDC7A,1,2,0,5,0,0,2
13792,TMEM107,1,10,0,30,0,0,2
13793,RRS1,1,15,0,82,0,0,2
13794,EXOC3L1,1,8,0,22,0,0,2
13795,TRIML2,1,7,0,21,0,0,2
13796,RCC2,1,31,6,35,0,0,3
13797,OR13D1,1,6,1,12,0,0,3
13798,IGSF22,1,0,0,12,0,0,1
13799,C9orf50,1,1,0,12,0,0,2
13800,ZFP42,1,15,0,39,16,6,3
13801,CCDC89,1,3,0,12,0,0,2
13802,FAM133A,1,1,0,10,0,0,2
13803,DPM3,1,12,5,47,0,0,3
13804,C12orf42,1,0,0,12,0,0,1
13805,CYC1,1,13,3,133,0,7,4
13806,PER1,1,31,4,36,0,24,4
13807,HTR1F,1,15,2,33,0,0,3
13808,TMTC2,1,8,0,32,0,0,2
13809,HES7,1,15,1,2,1,5,4
13810,FARSA,1,15,1,38,0,0,3
13811,SPTY2D1,1,11,0,19,0,0,2
13812,C10orf67,1,2,0,6,0,0,2
13813,SAMD4B,1,11,0,25,0,0,2
13814,CYP11B2,1,24,4,42,0,13,4
13815,GIMAP7,1,10,0,26,0,0,2
13816,ALOXE3,1,20,1,29,0,1,4
13817,EDC3,1,14,1,50,0,0,3
13818,TCAIM,1,1,0,15,0,0,2
13819,FUCA1,1,12,2,39,0,0,3
13820,PXT1,1,2,0,12,0,0,2
13821,GGN,1,6,0,10,0,0,2
13822,HNRNPCL1,1,5,0,27,0,0,2
13823,TMEM125,1,4,0,7,0,0,2
13824,ZNF664,1,6,1,14,0,0,3
13825,SIGLECL1,1,2,0,1,0,0,2
13826,CALR,1,87,8,112,0,15,4
13827,MAGED1,1,18,2,35,0,0,3
13828,GVQW3,1,0,0,0,0,0,0
13829,LDLRAD3,1,5,0,13,0,0,2
13830,CDH4,1,16,2,42,0,2,4
13831,SMCO3,1,2,0,12,0,0,2
13832,RAD23A,1,22,3,60,0,0,3
13833,PCARE,1,5,0,42,0,0,2
13834,GADD45GIP1,1,8,4,48,0,4,4
13835,DAND5,1,18,2,28,0,0,3
13836,TMEM151A,1,7,0,16,0,0,2
13837,PTPN11,1,57,52,166,0,6,4
13838,NSUN7,1,6,0,37,0,0,2
13839,RTL3,1,3,0,5,0,0,2
13840,WSCD1,1,2,0,14,0,0,2
13841,RAB39A,1,17,3,35,0,0,3
13842,CLK3,1,17,0,35,0,1,3
13843,GATA2,1,50,3,86,100,22,4
13844,ARID3B,1,5,0,22,6,0,3
13845,TMEM31,1,2,0,22,0,0,2
13846,PACS2,1,7,0,36,0,0,2
13847,ELMOD2,1,3,0,30,0,0,2
13848,EGR3,1,21,1,32,29,7,4
13849,CATSPERE,1,7,0,38,0,0,2
13850,GPC5,1,12,17,54,0,0,3
13851,VWA1,1,12,2,14,0,0,3
13852,DNAJB8,1,8,0,39,0,0,2
13853,GEMIN4,1,17,2,43,0,0,3
13854,FJX1,1,3,0,25,0,1,3
13855,KLHL28,1,4,0,23,0,0,2
13856,MKRN3,1,9,0,32,0,0,2
13857,ZBTB18,1,15,0,32,9,0,3
13858,C14orf28,1,0,0,5,0,0,1
13859,ALOX12B,1,22,1,42,0,0,3
13860,SLC17A8,1,38,3,45,0,0,3
13861,SHARPIN,1,16,4,43,0,3,4
13862,LBX2,1,10,0,3,0,0,2
13863,DNHD1,1,16,0,40,0,0,2
13864,SLITRK4,1,7,1,9,0,0,3
13865,HTR1D,1,19,2,39,0,0,3
13866,GCC1,1,7,1,55,0,0,3
13867,LSMEM2,1,2,0,10,0,0,2
13868,RNF151,1,8,0,26,0,0,2
13869,CIITA,1,25,1,40,15,35,4
13870,ALOX15B,1,40,1,36,0,4,4
13871,PLD6,1,18,3,37,0,0,3
13872,GPHB5,1,7,2,32,0,5,4
13873,GRM8,1,11,2,52,0,0,3
13874,CDC42EP4,1,16,4,35,0,0,3
13875,OR2AP1,1,6,1,13,0,0,3
13876,OR6C4,1,6,1,15,0,0,3
13877,ZBTB42,1,7,0,10,0,0,2
13878,LACC1,1,16,0,32,0,0,2
13879,MAF1,1,17,1,35,0,1,4
13880,TPPP2,1,8,0,12,0,0,2
13881,FCER1A,1,13,5,39,0,7,4
13882,RPRML,1,1,0,2,0,0,2
13883,ARL14,1,9,0,24,0,0,2
13884,OR6C2,1,7,1,14,0,0,3
13885,WDR97,1,0,0,42,0,0,1
13886,NLRP8,1,2,0,8,0,0,2
13887,PCED1B,1,1,0,1,0,0,2
13888,APOBEC3B,1,15,2,33,0,0,3
13889,SYCN,1,4,1,30,0,0,3
13890,PIPOX,1,11,2,41,0,0,3
13891,FOXS1,1,14,0,18,3,0,3
13892,ATOH7,1,24,0,34,11,4,3
13893,CDH5,1,54,3,97,0,24,4
13894,LRRC3B,1,4,0,19,0,1,3
13895,FAM216B,1,0,0,29,0,0,1
13896,MRGPRX4,1,11,0,8,0,0,2
13897,MYADM,1,16,0,21,0,1,3
13898,MRGPRX3,1,8,0,3,0,0,2
13899,MROH1,1,4,0,24,0,0,2
13900,SERTAD2,1,8,0,18,0,0,2
13901,AKAP5,1,37,3,44,0,0,3
13902,NKPD1,1,1,0,10,0,0,2
13903,GIPC3,1,1,0,34,0,0,2
13904,RNF227,1,2,0,0,0,0,1
13905,CITED4,1,7,1,11,0,0,3
13906,ABCA13,1,16,1,39,0,0,3
13907,NLRP11,1,5,0,15,0,0,2
13908,TIGD5,1,6,0,29,0,0,2
13909,PDXDC1,1,4,0,32,0,0,2
13910,C1orf194,1,7,0,54,0,0,2
13911,ZNF154,1,6,1,14,0,0,3
13912,R3HDM2,1,5,0,16,0,0,2
13913,B3GNT3,1,11,3,45,0,0,3
13914,ITLN1,1,14,1,32,0,0,3
13915,NRXN1,1,83,2,135,0,3,4
13916,SEPHS2,1,6,1,36,0,0,3
13917,OR10A7,1,6,1,12,0,0,3
13918,GPBAR1,1,13,2,45,0,0,3
13919,ZNF784,1,7,0,7,0,0,2
13920,ZNF648,1,6,0,5,0,0,2
13921,C14orf119,1,2,0,24,0,0,2
13922,CCR8,1,18,2,56,0,1,4
13923,BBS10,1,8,1,41,0,0,3
13924,FIZ1,1,7,0,35,2,0,3
13925,PUF60,1,10,4,44,0,5,4
13926,SSC5D,1,15,1,1,0,0,3
13927,DCTPP1,1,14,1,35,0,0,3
13928,ZNF771,1,6,1,7,0,0,3
13929,TSHZ1,1,6,0,24,2,0,3
13930,PSTK,1,3,1,32,0,0,3
13931,SOCS4,1,6,1,37,0,1,4
13932,ZADH2,1,7,0,33,0,0,2
13933,OR1E1,1,8,2,39,0,0,3
13934,ZNF48,1,5,0,6,0,0,2
13935,AC087498.1,1,0,0,0,0,0,0
13936,FAM71E2,1,0,0,20,0,0,1
13937,C3orf80,1,1,0,8,0,0,2
13938,NKX2-6,1,21,0,5,3,0,3
13939,TMEM150B,1,3,0,8,0,0,2
13940,ANKRD18A,1,0,0,7,0,0,1
13941,WFDC11,1,4,0,21,0,0,2
13942,TMEM86B,1,10,1,34,0,0,3
13943,OR3A1,1,7,2,25,0,0,3
13944,SEPTIN1,1,18,0,31,0,0,2
13945,TRNAU1AP,1,7,0,42,0,0,2
13946,EXOC3,1,16,3,46,0,0,3
13947,TDRD6,1,6,1,26,0,0,3
13948,C12orf40,1,7,0,24,0,0,2
13949,CSNK1A1L,1,8,0,19,0,0,2
13950,LYNX1,1,10,0,35,0,0,2
13951,TH,1,43,1,69,0,77,4
13952,MED14,1,15,5,112,0,0,3
13953,FAHD1,1,12,1,33,0,0,3
13954,TDRP,1,5,0,9,0,0,2
13955,RCC1,1,26,3,49,0,2,4
13956,WFDC9,1,5,0,19,0,0,2
13957,MYLPF,1,11,0,69,0,0,2
13958,F2,1,48,17,109,0,14,4
13959,FAM71C,1,1,0,5,0,0,2
13960,PRKRA,1,27,3,48,0,0,3
13961,ZNRF2,1,14,1,30,0,1,4
13962,RRH,1,11,2,34,0,0,3
13963,SLC9A4,1,18,1,27,0,0,3
13964,ZNF816,1,8,1,23,0,0,3
13965,FGD6,1,14,0,25,0,0,2
13966,ADGRD2,1,6,0,7,0,0,2
13967,GPR139,1,8,0,34,0,0,2
13968,PLD5,1,3,0,8,0,0,2
13969,OAZ2,1,11,2,35,0,1,4
13970,WFDC10A,1,5,0,12,0,0,2
13971,PNPLA1,1,12,0,27,0,0,2
13972,ALX1,1,21,0,12,4,1,3
13973,CCDC43,1,1,0,20,0,1,3
13974,KCTD4,1,3,0,8,0,0,2
13975,MEIOC,1,14,0,33,0,0,2
13976,FZD2,1,17,6,52,0,3,4
13977,TIGD2,1,3,0,10,0,0,2
13978,ITPRID1,1,2,0,8,0,0,2
13979,HCLS1,1,33,0,100,0,0,2
13980,MTURN,1,6,0,11,0,0,2
13981,ZNF609,1,8,0,33,0,0,2
13982,PAK2,1,42,27,65,0,0,3
13983,CCDC66,1,29,0,24,0,0,2
13984,DEFB124,1,12,2,34,0,5,4
13985,KRTAP9-7,1,2,1,25,0,0,3
13986,MCFD2,1,10,3,37,0,0,3
13987,HARBI1,1,5,0,16,0,0,2
13988,DEFB123,1,5,2,33,0,0,3
13989,C11orf71,1,0,0,13,0,0,1
13990,CYP8B1,1,14,5,47,0,10,4
13991,OR6K6,1,7,1,43,0,0,3
13992,SERTM1,1,2,0,13,0,0,2
13993,GAS1,1,18,2,34,0,4,4
13994,ARHGAP45,1,13,4,26,0,0,3
13995,OR10Q1,1,7,1,11,0,0,3
13996,ZNF571,1,5,1,5,2,0,4
13997,GLIPR1L2,1,4,0,18,0,0,2
13998,DEFB119,1,6,2,37,0,0,3
13999,MIGA1,1,7,1,19,0,0,3
14000,NRIP1,1,27,7,52,3,18,4
14001,ZSCAN4,1,9,1,32,0,0,3
14002,BHLHA15,1,17,1,25,20,2,4
14003,RNF182,1,6,1,12,0,0,3
14004,TSPYL5,1,11,0,12,0,1,3
14005,FUT7,1,29,1,33,0,2,4
14006,HIST1H2AC,1,12,0,0,0,0,1
14007,SKIDA1,1,2,0,19,0,0,2
14008,MB21D2,1,3,0,13,0,0,2
14009,GSX2,1,11,0,33,2,1,3
14010,SSTR2,1,17,2,46,0,7,4
14011,ZNF594,1,4,0,7,0,0,2
14012,PCGF5,1,15,1,41,0,0,3
14013,SLC47A2,1,11,1,36,0,0,3
14014,PRF1,1,28,1,77,0,20,4
14015,OR2A4,1,14,1,15,0,0,3
14016,MAB21L1,1,4,0,18,0,3,3
14017,YOD1,1,21,1,53,0,0,3
14018,TMEM64,1,8,0,11,0,0,2
14019,C3orf22,1,1,0,34,0,0,2
14020,OR10K2,1,7,1,14,0,0,3
14021,SHISA2,1,5,0,4,0,0,2
14022,S1PR5,1,10,2,34,0,0,3
14023,CLRN3,1,4,0,32,0,0,2
14024,GPR157,1,12,0,17,0,0,2
14025,CHST13,1,10,1,32,0,0,3
14026,AGTR2,1,30,2,78,0,8,4
14027,SLC36A4,1,12,2,32,0,0,3
14028,ZDHHC20,1,21,1,19,0,0,3
14029,ANKRD30B,1,3,0,9,0,0,2
14030,OR51E1,1,10,2,25,0,0,3
14031,ZFP3,1,5,0,8,0,0,2
14032,ARSJ,1,5,2,32,0,0,3
14033,HOXC9,1,17,0,34,4,1,3
14034,MAP3K15,1,7,0,4,0,0,2
14035,PPA1,1,10,2,39,0,4,4
14036,HOXC10,1,16,0,32,2,5,3
14037,PSMG4,1,6,1,29,0,0,3
14038,BHLHE22,1,9,1,37,2,2,4
14039,MAP6D1,1,10,0,33,0,0,2
14040,ZNF443,1,6,1,5,0,0,3
14041,CXCR2,1,33,3,78,0,10,4
14042,DEFB112,1,3,2,33,0,0,3
14043,GREM2,1,11,1,29,0,1,4
14044,C11orf42,1,2,0,11,0,0,2
14045,SSR4,1,8,1,42,0,0,3
14046,CAPS2,1,1,0,2,0,2,3
14047,ZNF792,1,7,1,3,0,0,3
14048,CUEDC1,1,2,0,13,0,0,2
14049,SCRIB,1,51,6,68,0,0,3
14050,KCTD2,1,7,0,70,0,0,2
14051,D2HGDH,1,15,1,32,0,0,3
14052,OXTR,1,24,2,37,0,22,4
14053,CMTR2,1,8,0,30,0,0,2
14054,OR56B4,1,8,1,14,0,0,3
14055,FAM83H,1,10,0,37,0,0,2
14056,GPR62,1,13,0,25,0,0,2
14057,OR56A1,1,9,1,33,0,0,3
14058,ZNF572,1,9,0,22,0,0,2
14059,AC015871.1,1,0,0,0,0,0,0
14060,PITPNB,1,20,1,21,0,1,4
14061,TCEAL8,1,2,0,11,0,0,2
14062,OR52E4,1,7,1,31,0,0,3
14063,LRRC57,1,2,0,34,0,0,2
14064,OR52N2,1,7,1,15,0,0,3
14065,GPR137C,1,2,0,28,0,0,2
14066,C1orf105,1,1,0,12,0,0,2
14067,OR52N1,1,6,1,16,0,0,3
14068,BBS12,1,6,1,36,0,0,3
14069,ZFP82,1,5,0,4,0,0,2
14070,OR52N5,1,7,1,22,0,0,3
14071,LSMEM1,1,3,0,12,0,0,2
14072,NQO1,1,28,3,54,0,29,4
14073,OR56B1,1,9,1,16,0,0,3
14074,AEN,1,10,0,29,0,0,2
14075,FKRP,1,12,1,36,0,0,3
14076,TRAPPC5,1,13,2,42,0,0,3
14077,RPH3AL,1,13,0,34,0,1,3
14078,SLC25A42,1,20,1,34,0,1,4
14079,FCRL6,1,10,0,9,0,1,3
14080,METTL23,1,16,2,20,0,0,3
14081,SLC26A11,1,21,2,16,0,0,3
14082,HIGD1A,1,8,2,37,0,2,4
14083,CHRM2,1,26,4,45,0,0,3
14084,OR52N4,1,7,1,15,0,0,3
14085,MAPK15,1,37,0,34,0,1,3
14086,EHMT1,1,35,6,49,0,1,4
14087,ADIPOQ,1,65,3,72,0,37,4
14088,F2R,1,59,4,43,0,15,4
14089,ZNF707,1,6,1,23,0,0,3
14090,MUC16,1,8,6,77,0,0,3
14091,PJA1,1,5,1,25,0,1,4
14092,DHTKD1,1,10,1,46,0,0,3
14093,PENK,1,47,4,65,0,25,4
14094,C4orf50,1,0,0,0,0,0,0
14095,HIST3H2A,1,12,0,0,0,0,1
14096,ZNF746,1,14,1,32,3,0,4
14097,POLR2A,1,28,44,184,0,1,4
14098,TMEM132C,1,4,0,13,0,0,2
14099,SLC25A41,1,13,0,40,0,0,2
14100,TLCD5,1,1,0,14,0,0,2
14101,OR5AK2,1,7,1,14,0,0,3
14102,FRAT2,1,2,2,32,0,0,3
14103,TMEM102,1,9,0,10,0,0,2
14104,TMEM132E,1,3,0,12,0,0,2
14105,ZNF322,1,11,0,8,2,0,3
14106,NME9,1,6,0,19,0,0,2
14107,SPEM1,1,5,0,32,0,0,2
14108,HEPHL1,1,6,0,19,0,0,2
14109,LRRC75A,1,4,0,0,0,0,1
14110,OR5M8,1,7,1,14,0,0,3
14111,CCL13,1,18,2,36,0,9,4
14112,DDX60L,1,8,0,32,0,1,3
14113,SYNE4,1,6,0,27,0,0,2
14114,OGFOD3,1,4,0,7,0,0,2
14115,WASHC1,1,25,0,32,0,0,2
14116,AATK,1,11,0,9,0,0,2
14117,DDN,1,16,0,23,0,0,2
14118,SAGE1,1,6,0,40,0,0,2
14119,ZNF467,1,6,1,2,0,0,3
14120,SOX2,1,40,12,184,77,29,4
14121,ZNF678,1,5,1,7,0,0,3
14122,TMEM45A,1,2,0,34,0,0,2
14123,RAP2B,1,26,1,37,0,1,4
14124,ZBTB2,1,10,0,36,4,0,3
14125,RNF135,1,20,8,43,0,0,3
14126,OR6T1,1,6,1,24,0,0,3
14127,ACBD4,1,4,1,32,0,0,3
14128,OR8D4,1,7,1,13,0,0,3
14129,SGSH,1,8,2,34,0,0,3
14130,MAB21L2,1,6,0,16,0,1,3
14131,FANCB,1,10,2,36,0,0,3
14132,EDDM3B,1,2,0,14,0,0,2
14133,EDDM3A,1,3,0,13,0,0,2
14134,C6orf223,1,0,0,6,0,0,1
14135,TMIE,1,3,2,35,0,1,4
14136,MEX3D,1,8,0,14,0,0,2
14137,OR52D1,1,8,1,17,0,0,3
14138,OR52H1,1,7,1,22,0,0,3
14139,FDCSP,1,2,0,12,0,0,2
14140,GPR135,1,8,0,15,0,0,2
14141,ANKRD62,1,0,0,37,0,0,1
14142,P2RY13,1,8,2,34,0,0,3
14143,TNFSF15,1,15,1,39,0,8,4
14144,ZFP41,1,6,0,2,0,0,2
14145,PHLDA2,1,7,0,33,0,0,2
14146,ATG9B,1,19,1,39,0,0,3
14147,GPR88,1,18,0,32,0,0,2
14148,ZNF875,1,7,1,5,0,0,3
14149,PLAG1,1,14,0,32,7,0,3
14150,OR8H1,1,7,1,14,0,0,3
14151,OR5T1,1,7,1,42,0,0,3
14152,YIPF6,1,12,1,48,0,0,3
14153,OR5T2,1,7,1,14,0,0,3
14154,ZBTB20,1,15,0,31,3,2,3
14155,OR2Z1,1,6,1,16,0,0,3
14156,DIPK2A,1,9,0,36,0,0,2
14157,C5orf30,1,9,0,19,0,0,2
14158,OR8K5,1,7,1,13,0,0,3
14159,AMIGO1,1,24,0,11,0,0,2
14160,OR8H3,1,7,1,19,0,0,3
14161,OR8H2,1,7,1,13,0,0,3
14162,GPR3,1,10,0,26,0,0,2
14163,TMEM252,1,2,0,9,0,0,2
14164,ODF3L2,1,3,0,28,0,0,2
14165,OR5AS1,1,8,1,14,0,0,3
14166,ACTL9,1,9,0,30,0,0,2
14167,SIAH2,1,25,4,35,0,2,4
14168,COPG1,1,18,2,44,0,0,3
14169,ADGRB1,1,36,0,40,0,2,3
14170,OR6S1,1,6,1,23,0,0,3
14171,SLC9A9,1,24,2,32,0,0,3
14172,LSM10,1,14,3,44,0,0,3
14173,RELL1,1,3,0,5,0,0,2
14174,RFX7,1,13,0,20,0,0,2
14175,SLC35C1,1,9,3,49,0,0,3
14176,TIGIT,1,10,0,63,0,0,2
14177,RNF41,1,27,2,49,0,0,3
14178,SLC2A4,1,45,3,73,0,48,4
14179,FTMT,1,11,1,32,0,12,4
14180,IBA57,1,6,0,47,0,0,2
14181,CLDN7,1,12,1,62,0,13,4
14182,ZNF329,1,8,0,6,0,0,2
14183,ZNF101,1,6,1,15,0,0,3
14184,OR4C6,1,6,1,14,0,0,3
14185,C5orf24,1,2,0,14,0,0,2
14186,ADO,1,8,1,10,0,1,4
14187,COA4,1,4,1,33,0,0,3
14188,OR4P4,1,6,1,13,0,0,3
14189,PRKAG1,1,26,9,64,0,0,3
14190,GINS3,1,8,1,38,0,1,4
14191,OR4C15,1,6,1,12,0,0,3
14192,OR4A15,1,6,1,16,0,0,3
14193,OR4A16,1,6,1,11,0,0,3
14194,OR52K2,1,7,1,18,0,0,3
14195,NEUROG1,1,39,0,48,15,11,3
14196,CCDC149,1,0,0,27,0,0,1
14197,SNRPE,1,42,10,183,0,0,3
14198,RTKN2,1,7,0,4,0,0,2
14199,PNMA8A,1,2,0,10,0,0,2
14200,CHST15,1,9,2,34,0,0,3
14201,ADIG,1,10,0,4,0,0,2
14202,USH1G,1,23,2,33,0,0,3
14203,MGAT4C,1,5,2,14,0,0,3
14204,TRIM49B,1,5,0,9,0,0,2
14205,IDH2,1,18,4,60,0,0,3
14206,OR52A1,1,10,1,14,0,0,3
14207,OR6B2,1,7,1,12,0,0,3
14208,TMEM259,1,4,0,33,0,0,2
14209,GET1,1,9,1,34,0,0,3
14210,TNRC18,1,12,0,19,0,0,2
14211,FAM181B,1,0,0,9,0,0,1
14212,TMEM30B,1,13,0,25,0,1,3
14213,DEXI,1,1,0,20,0,0,2
14214,ZNF716,1,5,1,11,0,0,3
14215,NOP10,1,21,2,45,0,0,3
14216,FAM89A,1,0,0,26,0,0,1
14217,KCNIP1,1,18,1,32,0,0,3
14218,TDRKH,1,13,1,32,0,0,3
14219,ZNF708,1,4,2,16,0,0,3
14220,IST1,1,26,2,40,0,0,3
14221,ERCC6L2,1,14,0,32,0,0,2
14222,ENPP7,1,18,1,32,0,0,3
14223,CREB3L2,1,19,1,41,2,0,4
14224,P2RY8,1,8,0,33,0,0,2
14225,UNC5C,1,21,1,35,0,1,4
14226,MRGPRG,1,5,0,6,0,0,2
14227,TSEN54,1,7,1,36,0,0,3
14228,RGMA,1,13,1,24,0,0,3
14229,ASB18,1,6,2,32,0,0,3
14230,UBA7,1,12,7,49,0,1,4
14231,SHISAL2A,1,2,0,4,0,0,2
14232,RAD51B,1,20,10,62,0,4,4
14233,CRYGB,1,6,0,26,0,3,3
14234,LDOC1,1,7,0,12,0,3,3
14235,ARL6IP4,1,6,0,26,0,0,2
14236,EXT1,1,21,3,57,0,3,4
14237,SHMT2,1,33,3,84,0,1,4
14238,MOB2,1,10,0,20,0,0,2
14239,HHIPL1,1,6,0,12,0,0,2
14240,ATP6AP2,1,39,2,43,0,1,4
14241,ZAR1,1,13,0,28,0,0,2
14242,CYB5D1,1,8,0,27,0,0,2
14243,FAM153B,1,1,0,6,0,0,2
14244,BACE2,1,18,0,33,0,1,3
14245,UBE2E2,1,13,1,43,0,0,3
14246,SYNM,1,15,0,34,0,1,3
14247,KCNA4,1,19,1,47,0,5,4
14248,GABRG3,1,24,2,40,0,0,3
14249,NLRP10,1,18,0,22,0,1,3
14250,FIGN,1,9,0,11,0,0,2
14251,IZUMO1,1,19,1,40,0,0,3
14252,TMIGD1,1,17,0,23,0,0,2
14253,B4GALNT4,1,4,0,14,0,0,2
14254,AP1S2,1,19,4,61,0,0,3
14255,C8orf33,1,1,0,24,0,0,2
14256,DCAF4L1,1,3,0,33,0,0,2
14257,SPACA6,1,7,0,41,0,0,2
14258,ZSCAN22,1,6,0,24,0,0,2
14259,KCNJ14,1,6,2,22,0,0,3
14260,FBXL6,1,6,0,27,0,0,2
14261,C1S,1,14,4,52,0,0,3
14262,GLTPD2,1,10,0,4,0,0,2
14263,KIAA2012,1,0,0,35,0,0,1
14264,PRAMEF8,1,8,0,33,0,0,2
14265,LIPF,1,11,1,43,0,0,3
14266,DAOA,1,7,0,32,0,0,2
14267,ZNF804B,1,1,1,21,0,1,4
14268,KBTBD3,1,4,0,17,0,0,2
14269,YBEY,1,6,0,46,0,5,3
14270,CLN8,1,17,0,30,0,0,2
14271,PLCXD1,1,3,0,25,0,0,2
14272,NXPH4,1,6,0,12,0,0,2
14273,CACNB4,1,25,2,54,0,0,3
14274,IFNL1,1,23,2,36,0,11,4
14275,TRAPPC6B,1,12,2,49,0,0,3
14276,PGBD4,1,0,0,16,0,0,1
14277,CDY2A,1,8,0,27,0,0,2
14278,NPLOC4,1,26,5,70,0,0,3
14279,OTOL1,1,6,0,32,0,0,2
14280,KCNK4,1,27,2,34,0,0,3
14281,TEX19,1,10,0,14,0,0,2
14282,TSHZ2,1,7,0,7,0,0,2
14283,CAPN12,1,4,1,12,0,0,3
14284,EXOC7,1,21,3,59,0,0,3
14285,KPNA2,1,21,9,57,0,3,4
14286,XKRX,1,2,0,11,0,0,2
14287,BGN,1,17,11,129,0,4,4
14288,CEP97,1,8,2,54,0,0,3
14289,LHFPL1,1,2,0,12,0,0,2
14290,FES,1,38,4,36,0,3,4
14291,GLRX5,1,15,1,41,0,0,3
14292,FAM104B,1,1,0,15,0,0,2
14293,TBPL2,1,6,1,46,10,0,4
14294,MXRA7,1,3,0,7,0,0,2
14295,LIMK2,1,20,3,33,0,1,4
14296,MFSD5,1,5,0,34,0,0,2
14297,RNASE10,1,8,0,15,0,0,2
14298,ADI1,1,12,1,33,0,0,3
14299,RWDD4,1,1,0,15,0,0,2
14300,SPNS3,1,4,0,27,0,0,2
14301,CLEC4G,1,15,1,33,0,3,4
14302,SATB1,1,23,3,39,43,5,4
14303,NXPH3,1,5,0,7,0,0,2
14304,CSF1R,1,63,3,104,0,23,4
14305,EPHB3,1,32,4,36,0,4,4
14306,VCX,1,7,0,12,0,0,2
14307,ACTL10,1,3,0,28,0,0,2
14308,EPGN,1,15,15,34,0,0,3
14309,KRTAP11-1,1,4,1,63,0,0,3
14310,SNORC,1,5,0,1,0,0,2
14311,HS3ST4,1,5,1,26,0,0,3
14312,TRAK1,1,27,3,40,0,2,4
14313,TSPAN10,1,5,0,23,0,0,2
14314,OR2V2,1,6,1,14,0,0,3
14315,PLCB1,1,69,8,125,0,1,4
14316,SKA2,1,18,6,36,0,1,4
14317,RXFP3,1,7,2,32,0,0,3
14318,OR10G7,1,6,2,22,0,0,3
14319,NDN,1,11,1,56,1,7,4
14320,CCDC172,1,4,0,15,0,0,2
14321,OR4Q3,1,6,2,23,0,0,3
14322,NTM,1,9,1,32,0,0,3
14323,TTC3,1,9,0,32,0,0,2
14324,KCNB2,1,21,1,42,0,0,3
14325,PPP1R27,1,2,0,25,0,0,2
14326,BRICD5,1,4,0,12,0,0,2
14327,GALR2,1,21,2,33,0,0,3
14328,RESP18,1,1,0,3,0,0,2
14329,IGIP,1,1,0,2,0,0,2
14330,TSKU,1,21,0,24,0,0,2
14331,CMC4,1,2,1,36,0,0,3
14332,ANXA2,1,68,6,75,0,2,4
14333,RGS6,1,14,2,38,0,1,4
14334,HOXB4,1,14,2,34,9,9,4
14335,SLC35D3,1,14,0,28,0,0,2
14336,PAQR7,1,7,0,17,0,0,2
14337,PAPPA,1,8,1,35,0,2,4
14338,MAFA,1,13,1,30,19,16,4
14339,NGRN,1,10,2,32,0,0,3
14340,GRID1,1,36,0,33,0,0,2
14341,HCAR2,1,11,3,33,0,1,4
14342,CCDC87,1,3,0,7,0,0,2
14343,GSTA5,1,8,1,38,0,0,3
14344,C1orf116,1,6,0,8,0,1,3
14345,MAGEB17,1,3,0,10,0,0,2
14346,CRIP2,1,3,0,6,0,0,2
14347,DDX28,1,13,0,52,0,0,2
14348,KRTAP13-2,1,4,1,25,0,0,3
14349,ACBD3,1,10,1,38,0,0,3
14350,C16orf72,1,6,0,14,0,0,2
14351,PLCXD3,1,5,0,2,0,0,2
14352,VMO1,1,2,0,6,0,0,2
14353,OR4F15,1,6,1,16,0,0,3
14354,ALG12,1,11,2,56,0,3,4
14355,LCK,1,51,23,91,0,15,4
14356,GALNT9,1,5,1,32,0,0,3
14357,COL18A1,1,24,7,62,0,4,4
14358,RBM10,1,12,4,40,0,0,3
14359,ADGRG3,1,12,1,15,0,2,4
14360,GLUD2,1,15,2,62,0,0,3
14361,TMEM95,1,4,0,27,0,0,2
14362,TCHHL1,1,1,0,34,0,0,2
14363,RGS7,1,23,2,52,0,1,4
14364,SLC25A18,1,13,2,19,0,0,3
14365,ZNF721,1,5,1,6,0,0,3
14366,TCEAL7,1,3,0,10,0,7,3
14367,C11orf54,1,9,0,16,0,0,2
14368,CEP63,1,17,7,46,0,0,3
14369,WFDC10B,1,6,0,15,0,0,2
14370,SRPRA,1,14,2,46,0,1,4
14371,OTOP3,1,6,0,10,0,0,2
14372,EWSR1,1,11,0,65,53,1,3
14373,ODF3L1,1,2,0,12,0,0,2
14374,HMGN4,1,6,0,37,0,0,2
14375,SPATA13,1,15,2,25,0,0,3
14376,GJC1,1,20,2,39,0,2,4
14377,SOX1,1,17,2,49,3,1,4
14378,CNOT10,1,9,3,45,0,0,3
14379,AC135068.1,1,0,0,0,0,0,0
14380,MTA1,1,32,12,60,47,4,4
14381,ZNF662,1,6,1,7,0,0,3
14382,CADM1,1,29,2,52,0,13,4
14383,ZNF320,1,6,2,9,0,0,3
14384,C12orf60,1,1,0,7,0,0,2
14385,PYCR1,1,12,1,34,0,2,4
14386,NAA38,1,7,1,39,0,0,3
14387,SPNS2,1,13,1,28,0,0,3
14388,MCEMP1,1,6,1,33,0,0,3
14389,AP2A2,1,29,15,74,0,0,3
14390,SLC8A1,1,58,3,34,0,11,4
14391,OR1G1,1,9,1,16,0,0,3
14392,SLC25A21,1,7,1,13,0,0,3
14393,OTOP2,1,5,0,12,0,0,2
14394,CYLC1,1,12,0,30,0,1,3
14395,PCP4,1,9,0,31,0,1,3
14396,ABAT,1,30,1,46,0,0,3
14397,SLC25A10,1,23,2,24,0,0,3
14398,CAMK1D,1,16,0,40,0,1,3
14399,LYSMD4,1,1,0,9,0,0,2
14400,WBP2NL,1,11,0,49,0,0,2
14401,IGSF5,1,5,0,28,0,0,2
14402,NKX2-5,1,67,3,70,62,17,4
14403,GAS6,1,68,8,42,0,6,4
14404,FREM3,1,8,0,33,0,0,2
14405,NEB,1,15,1,47,0,0,3
14406,BEGAIN,1,6,1,36,0,0,3
14407,GPC6,1,13,16,47,0,4,4
14408,ARHGEF37,1,3,2,23,0,0,3
14409,FAM43B,1,0,0,6,0,0,1
14410,CSMD1,1,2,0,39,0,0,2
14411,CALHM3,1,13,2,15,0,0,3
14412,PTGDR2,1,16,2,41,0,1,4
14413,CEP57L1,1,9,0,6,0,0,2
14414,RIPPLY3,1,6,0,12,0,0,2
14415,GPR19,1,6,0,13,0,1,3
14416,GJD3,1,17,1,23,0,0,3
14417,RABIF,1,8,0,139,0,0,2
14418,TMEM119,1,17,0,33,0,0,2
14419,FANCF,1,8,2,38,0,1,4
14420,CALN1,1,7,0,16,0,1,3
14421,SMDT1,1,11,3,33,0,0,3
14422,GABRR3,1,18,1,22,0,0,3
14423,C2CD4C,1,1,0,3,0,0,2
14424,CHST6,1,11,2,32,0,0,3
14425,POTEC,1,0,0,36,0,0,1
14426,RUVBL2,1,63,2,119,0,1,4
14427,GDPGP1,1,4,0,20,0,0,2
14428,CTNNA3,1,15,0,49,0,2,3
14429,PRR36,1,0,0,9,0,0,1
14430,PTTG1IP,1,11,0,28,0,3,3
14431,DDX41,1,21,4,43,0,0,3
14432,ABHD16B,1,6,0,29,0,0,2
14433,OR52E8,1,7,1,22,0,0,3
14434,CCDC60,1,1,0,21,0,0,2
14435,PLGLB1,1,1,0,6,0,0,2
14436,DAZAP2,1,20,0,33,0,0,2
14437,CCBE1,1,14,0,31,0,1,3
14438,SELENOF,1,8,0,36,0,0,2
14439,OR5P2,1,7,1,14,0,0,3
14440,FAM9A,1,5,0,16,0,0,2
14441,TMEM121B,1,0,0,8,0,0,1
14442,ZNF623,1,6,0,9,0,0,2
14443,OR2T34,1,6,1,17,0,0,3
14444,OR52L1,1,8,1,21,0,0,3
14445,EPHA10,1,10,3,29,0,0,3
14446,SPDYE4,1,2,0,34,0,0,2
14447,CCDC125,1,7,0,19,0,0,2
14448,REC114,1,6,0,34,0,1,3
14449,BCOR,1,23,0,43,4,3,3
14450,JRKL,1,4,0,7,0,0,2
14451,CABCOCO1,1,6,0,25,0,0,2
14452,GBP6,1,11,2,19,0,0,3
14453,KIAA2026,1,1,0,12,0,0,2
14454,OVCH2,1,4,0,7,0,0,2
14455,SYNDIG1L,1,2,0,21,0,0,2
14456,FHL3,1,9,0,28,0,0,2
14457,OR56A4,1,9,2,22,0,0,3
14458,PMCH,1,11,3,62,0,0,3
14459,TMEM89,1,3,0,12,0,0,2
14460,C19orf71,1,5,0,34,0,0,2
14461,CCDC159,1,2,0,8,0,0,2
14462,RIPK4,1,11,0,42,0,0,2
14463,LRIT3,1,5,0,38,0,0,2
14464,SF3A3,1,22,4,95,0,0,3
14465,TFDP3,1,16,0,30,6,0,3
14466,TRIM61,1,5,0,3,0,0,2
14467,GRIN2A,1,51,7,111,0,5,4
14468,URAD,1,4,0,9,0,0,2
14469,GTF2H2C,1,10,0,44,0,0,2
14470,ASB7,1,11,2,45,0,0,3
14471,SH2D7,1,2,0,28,0,0,2
14472,TREX2,1,14,0,14,0,1,3
14473,GPR132,1,6,2,32,0,1,4
14474,MX2,1,20,2,51,0,2,4
14475,EP400,1,17,3,62,0,4,4
14476,MEX3B,1,9,0,22,0,0,2
14477,TENT5C,1,8,0,32,0,0,2
14478,COA5,1,5,1,32,0,0,3
14479,UTP11,1,12,2,64,0,0,3
14480,PSMG1,1,13,1,65,0,1,4
14481,PRR14L,1,0,0,18,0,0,1
14482,KLRC4,1,7,0,29,0,0,2
14483,ACSM5,1,7,2,33,0,0,3
14484,C10orf120,1,1,0,18,0,0,2
14485,IZUMO1R,1,10,1,32,0,0,3
14486,SERHL2,1,4,0,8,0,0,2
14487,PCBP3,1,12,0,18,0,1,3
14488,PGPEP1L,1,1,0,6,0,0,2
14489,SETD3,1,12,1,47,0,0,3
14490,TNFAIP8L3,1,13,0,3,0,0,2
14491,ZNRF3,1,16,1,39,0,0,3
14492,FBXL7,1,12,3,36,0,0,3
14493,TANGO2,1,7,0,27,0,0,2
14494,SFXN4,1,9,1,32,0,0,3
14495,GKN2,1,4,0,16,0,2,3
14496,FAM167B,1,1,0,7,0,0,2
14497,ZNF438,1,8,0,14,0,0,2
14498,HMCES,1,13,0,19,0,0,2
14499,CCR3,1,24,2,69,0,3,4
14500,DGCR6,1,5,0,26,0,0,2
14501,PRR32,1,1,0,15,0,0,2
14502,RP1L1,1,9,0,39,0,0,2
14503,KRTAP8-1,1,2,1,54,0,0,3
14504,C11orf88,1,6,0,51,0,0,2
14505,ZNF530,1,9,1,3,0,0,3
14506,NDUFB1,1,8,2,44,0,0,3
14507,MARCH11,1,5,0,0,0,0,1
14508,KLHL25,1,13,2,50,0,0,3
14509,TAFA1,1,8,0,12,0,0,2
14510,TRMT12,1,7,0,37,0,0,2
14511,PSG9,1,11,1,30,0,0,3
14512,GPR1,1,14,0,34,0,0,2
14513,BMP8A,1,9,0,25,0,0,2
14514,ALYREF,1,21,7,113,0,0,3
14515,RFLNB,1,9,0,4,0,0,2
14516,EFHC2,1,10,0,53,0,0,2
14517,NOG,1,59,2,53,0,3,4
14518,MRGPRX2,1,25,0,27,0,0,2
14519,UPP1,1,20,2,40,0,15,4
14520,OR4N4,1,6,1,18,0,0,3
14521,IFNL2,1,9,1,34,0,6,4
14522,OPCML,1,8,1,37,0,0,3
14523,TRIM52,1,12,0,41,0,0,2
14524,LHFPL6,1,1,0,14,0,1,3
14525,CMTM4,1,3,0,23,0,0,2
14526,TMEM50A,1,9,0,19,0,1,3
14527,NPBWR1,1,13,2,34,0,0,3
14528,FIGLA,1,16,0,43,4,0,3
14529,ASCL2,1,32,0,36,10,5,3
14530,TBK1,1,47,19,90,0,11,4
14531,CBX6,1,14,4,40,0,0,3
14532,MACC1,1,5,0,7,0,5,3
14533,ACSM2A,1,13,2,32,0,0,3
14534,TBL3,1,13,2,87,0,0,3
14535,ACP7,1,4,0,11,0,0,2
14536,KREMEN1,1,14,3,34,0,1,4
14537,TRAIP,1,21,1,34,0,0,3
14538,CHEK2,1,38,8,85,0,6,4
14539,FOXL2,1,27,1,42,24,3,4
14540,AIFM3,1,7,0,34,0,0,2
14541,KCTD16,1,11,0,18,0,0,2
14542,B3GALT5,1,10,1,35,0,4,4
14543,ZNF703,1,20,1,22,0,0,3
14544,SLC35F3,1,4,0,10,0,0,2
14545,KCTD8,1,12,0,18,0,0,2
14546,DOCK8-AS1,1,0,0,0,0,0,0
14547,ELOA3,1,0,0,33,0,0,1
14548,EMILIN3,1,6,1,2,0,0,3
14549,OLFML1,1,2,0,10,0,0,2
14550,FAM162B,1,1,0,25,0,0,2
14551,RBM12B,1,6,0,19,0,0,2
14552,CCR4,1,17,2,37,0,13,4
14553,LIN9,1,13,7,37,0,0,3
14554,BTBD9,1,7,0,40,0,0,2
14555,NUDT14,1,11,1,31,0,0,3
14556,ANKRD45,1,8,0,46,0,0,2
14557,MAATS1,1,9,0,34,0,0,2
14558,PNMA3,1,5,0,21,0,0,2
14559,GPR39,1,6,3,45,0,3,4
14560,FAM3B,1,6,0,21,0,1,3
14561,ZNF730,1,5,1,4,0,0,3
14562,KIRREL1,1,12,1,35,0,0,3
14563,IQGAP3,1,12,8,51,0,0,3
14564,CNGA2,1,19,2,49,0,0,3
14565,TOB2,1,9,0,14,0,1,3
14566,SCN5A,1,73,2,98,0,13,4
14567,ARSI,1,6,2,32,0,1,4
14568,UTY,1,10,1,51,0,1,4
14569,SRARP,1,5,0,2,0,0,2
14570,TTC32,1,1,0,24,0,0,2
14571,LRRC55,1,7,0,10,0,0,2
14572,SH2D1A,1,10,2,53,0,10,4
14573,PRKX,1,25,4,39,0,0,3
14574,KMT5A,1,22,4,37,0,5,4
14575,KCNH8,1,10,1,33,0,0,3
14576,SMTN,1,9,0,36,0,4,3
14577,NPW,1,5,2,35,0,0,3
14578,PP2D1,1,5,0,10,0,0,2
14579,COA3,1,7,1,39,0,0,3
14580,NPB,1,5,2,37,0,0,3
14581,ST6GALNAC3,1,13,5,32,0,1,4
14582,ACTG1,1,50,30,142,0,4,4
14583,TMPRSS2,1,11,3,56,0,7,4
14584,DENND5A,1,9,1,28,0,0,3
14585,OR2T10,1,6,1,18,0,0,3
14586,KRTAP20-2,1,1,1,24,0,0,3
14587,VPS33B,1,35,2,56,0,1,4
14588,TBX1,1,72,1,47,14,1,4
14589,ADAP2,1,12,0,28,0,0,2
14590,UQCR10,1,9,2,101,0,0,3
14591,FAM120C,1,1,0,21,0,0,2
14592,TRIML1,1,5,0,14,0,0,2
14593,CLDN5,1,34,2,70,0,11,4
14594,NIPSNAP1,1,8,0,33,0,0,2
14595,OR4F6,1,6,1,21,0,0,3
14596,CNTN2,1,28,3,57,0,3,4
14597,SPRR4,1,3,0,40,0,0,2
14598,LRTOMT,1,13,0,39,0,0,2
14599,OR10J5,1,12,2,22,0,1,4
14600,KCNQ3,1,19,2,51,0,2,4
14601,ADRA2C,1,26,6,35,0,0,3
14602,NR2C2AP,1,3,1,16,0,0,3
14603,C1QTNF12,1,7,0,15,0,3,3
14604,CRELD2,1,8,0,28,0,1,3
14605,OR1D2,1,9,2,21,0,0,3
14606,SCFD2,1,2,0,19,0,1,3
14607,UBE2F,1,6,2,59,0,0,3
14608,KCNJ12,1,10,4,38,0,0,3
14609,GPR173,1,8,0,8,0,0,2
14610,PPP1R2,1,7,0,26,0,0,2
14611,TSPYL2,1,15,1,32,0,0,3
14612,GOLGA6L4,1,0,0,4,0,0,1
14613,PGP,1,13,1,32,0,2,4
14614,SNRNP35,1,17,1,43,0,0,3
14615,DGAT2L6,1,8,1,5,0,0,3
14616,IRAK1,1,54,18,65,0,10,4
14617,CMSS1,1,2,0,36,0,0,2
14618,OLIG1,1,10,0,34,7,0,3
14619,PCDH9,1,9,0,19,0,0,2
14620,ACOT1,1,14,1,32,0,0,3
14621,OAF,1,0,0,3,0,0,1
14622,ALDH1A3,1,22,5,49,0,3,4
14623,CDR1,1,1,0,33,0,0,2
14624,KCNK12,1,10,1,26,0,0,3
14625,POU6F1,1,18,0,10,2,1,3
14626,DEFB108B,1,3,2,33,0,0,3
14627,TM2D3,1,12,0,31,0,0,2
14628,TSSC4,1,8,0,43,0,0,2
14629,TACSTD2,1,21,0,33,0,5,3
14630,CLECL1,1,5,0,10,0,0,2
14631,SIX6,1,11,0,39,0,3,3
14632,PRKD1,1,69,1,49,0,0,3
14633,CCSER1,1,1,0,11,0,0,2
14634,ZDHHC23,1,9,0,13,0,0,2
14635,MROH7,1,3,0,11,0,0,2
14636,S100A7A,1,7,1,32,0,0,3
14637,SRPK3,1,11,0,32,0,0,2
14638,GDF3,1,14,0,38,0,3,3
14639,IQCF2,1,2,0,3,0,0,2
14640,SLIT3,1,20,3,48,0,3,4
14641,EFNA5,1,35,3,54,0,4,4
14642,MRGPRE,1,12,0,4,0,0,2
14643,KRTAP19-1,1,2,1,36,0,0,3
14644,HIST1H1B,1,22,0,0,0,0,1
14645,SPATA32,1,4,0,11,0,0,2
14646,PKP3,1,30,2,43,0,1,4
14647,MAP7D2,1,13,0,18,0,0,2
14648,CSF1,1,38,7,49,0,37,4
14649,COLEC10,1,14,2,35,0,0,3
14650,ACTRT3,1,9,0,27,0,0,2
14651,PLA2G6,1,24,5,83,0,3,4
14652,MAML2,1,9,12,40,2,0,4
14653,PABPC1L2B,1,0,0,25,0,0,1
14654,A3GALT2,1,9,0,11,0,0,2
14655,OR4N5,1,6,1,27,0,0,3
14656,SS18L1,1,11,7,35,0,0,3
14657,KCND2,1,36,2,45,0,4,4
14658,TOP1MT,1,7,0,32,0,1,3
14659,COPB2,1,14,2,52,0,0,3
14660,LRRC19,1,10,0,16,0,0,2
14661,THAP7,1,17,0,38,2,0,3
14662,KNTC1,1,15,6,41,0,5,4
14663,CCR10,1,16,2,41,0,1,4
14664,NCMAP,1,7,0,6,0,0,2
14665,BPIFC,1,4,0,9,0,0,2
14666,WDR27,1,2,0,32,0,0,2
14667,TXNRD2,1,19,1,67,0,1,4
14668,C1QTNF8,1,5,0,16,0,0,2
14669,OR56A3,1,9,1,19,0,0,3
14670,FOXO4,1,33,9,46,28,4,4
14671,POU3F2,1,25,3,48,29,2,4
14672,PTP4A3,1,7,0,20,0,3,3
14673,FOXD4L1,1,11,0,5,0,0,2
14674,TMEM255B,1,2,0,4,0,0,2
14675,PROS1,1,15,12,38,0,11,4
14676,GAST,1,6,2,56,0,44,4
14677,NUTM1,1,3,0,34,0,0,2
14678,HDDC3,1,2,0,49,0,0,2
14679,BEX5,1,4,0,16,0,0,2
14680,ZFP1,1,7,1,20,1,1,4
14681,CEND1,1,9,0,15,0,1,3
14682,C6orf58,1,3,0,15,0,0,2
14683,DHRS7C,1,7,0,22,0,0,2
14684,DUSP8,1,13,3,27,0,1,4
14685,SOCS3,1,17,14,61,0,37,4
14686,SPEM2,1,1,0,10,0,0,2
14687,SLITRK6,1,6,1,19,0,1,4
14688,PIWIL3,1,10,0,20,0,0,2
14689,LPAR5,1,5,3,36,0,0,3
14690,XPOT,1,14,1,46,0,0,3
14691,TMEM173,1,0,0,0,0,0,0
14692,PDE4B,1,29,0,38,0,3,3
14693,TAFA3,1,5,0,6,0,0,2
14694,C14orf180,1,2,0,13,0,0,2
14695,SNN,1,5,0,3,0,0,2
14696,KCNH7,1,11,1,33,0,0,3
14697,NELL2,1,11,1,26,0,3,4
14698,KRBA2,1,4,0,17,0,0,2
14699,MED12,1,20,5,59,1,1,4
14700,ZNF93,1,11,1,9,0,0,3
14701,SEPTIN9,1,23,0,49,0,1,3
14702,PRSS55,1,9,0,20,0,0,2
14703,ODF4,1,2,0,22,0,0,2
14704,FOXD4L4,1,11,0,3,0,0,2
14705,CDCA2,1,9,0,46,0,0,2
14706,RALYL,1,6,0,34,0,0,2
14707,AMER1,1,15,13,37,0,2,4
14708,ZBTB40,1,6,0,35,0,0,2
14709,HIST2H2BE,1,16,0,0,0,0,1
14710,CLDN6,1,13,1,36,0,1,4
14711,SEPTIN5,1,20,0,43,0,0,2
14712,EIF4ENIF1,1,21,0,44,0,0,2
14713,LRRC26,1,11,0,26,0,0,2
14714,SERINC4,1,1,1,8,0,0,3
14715,RNLS,1,13,1,20,0,3,4
14716,KRTAP6-1,1,3,1,33,0,0,3
14717,APOBR,1,8,1,43,0,2,4
14718,FAM110C,1,10,0,10,0,1,3
14719,DDX53,1,9,0,32,0,3,3
14720,ATL3,1,14,0,37,0,0,2
14721,NDUFA12,1,10,2,110,0,0,3
14722,SMIM10,1,1,0,0,0,0,1
14723,TCTE3,1,7,0,41,0,0,2
14724,UBE2G2,1,15,2,43,0,0,3
14725,OSBP2,1,12,0,38,0,0,2
14726,TRARG1,1,9,0,34,0,1,3
14727,PRR23B,1,1,0,3,0,0,2
14728,ZBTB7C,1,5,0,12,2,0,3
14729,APOO,1,12,1,42,0,0,3
14730,PRR16,1,3,0,4,0,0,2
14731,TMED9,1,17,2,45,0,0,3
14732,DRD1,1,55,2,42,0,10,4
14733,TMEM186,1,5,2,50,0,0,3
14734,SDR42E1,1,4,0,39,0,1,3
14735,RBM33,1,9,0,22,0,0,2
14736,ARMCX2,1,4,0,21,0,0,2
14737,BTBD6,1,4,2,35,0,1,4
14738,SRY,1,18,2,62,33,6,4
14739,H1FX,1,14,0,0,0,0,1
14740,RBM43,1,3,0,10,0,0,2
14741,SUMO3,1,15,11,47,0,1,4
14742,IMMP2L,1,14,0,43,0,0,2
14743,TCEAL2,1,1,0,13,0,0,2
14744,CLCNKB,1,13,1,32,0,0,3
14745,JAG2,1,16,7,50,0,7,4
14746,FMNL1,1,19,3,36,0,0,3
14747,NUTM2A,1,0,0,13,0,0,1
14748,PTRHD1,1,3,0,20,0,0,2
14749,LCN12,1,3,1,26,0,0,3
14750,OR6A2,1,11,1,36,0,1,4
14751,WT1,1,69,3,81,142,29,4
14752,ZFP90,1,11,1,15,2,0,4
14753,AQP12A,1,7,1,20,0,0,3
14754,FAM227A,1,0,0,7,0,0,1
14755,OR6C70,1,6,1,14,0,0,3
14756,MUC6,1,6,6,71,0,9,4
14757,NOC4L,1,18,2,91,0,0,3
14758,USP18,1,16,5,55,0,3,4
14759,NDUFA6,1,10,2,110,0,1,4
14760,CHRM5,1,17,2,37,0,1,4
14761,SORCS2,1,15,0,30,0,0,2
14762,TMEM121,1,2,0,6,0,0,2
14763,TMEM106A,1,5,0,10,0,0,2
14764,SIVA1,1,17,0,31,0,3,3
14765,BRI3BP,1,3,0,0,0,0,1
14766,IFNE,1,15,0,33,0,5,3
14767,SLC22A10,1,4,0,33,0,1,3
14768,DGAT1,1,25,3,89,0,1,4
14769,RFX6,1,22,1,39,1,1,4
14770,ROBO2,1,32,6,50,0,1,4
14771,AP3M1,1,25,1,42,0,0,3
14772,F8,1,17,16,42,0,5,4
14773,NT5C1B,1,10,1,60,0,0,3
14774,CA13,1,6,1,19,0,0,3
14775,UBOX5,1,9,1,49,0,0,3
14776,MAFF,1,18,1,36,4,0,4
14777,BRF1,1,14,3,40,0,6,4
14778,LRRC14B,1,0,0,19,0,0,1
14779,SEMA4B,1,13,0,14,0,1,3
14780,MROH2A,1,1,0,10,0,0,2
14781,SPDYE16,1,1,0,4,0,0,2
14782,CIB1,1,68,0,38,0,0,2
14783,ANKS1B,1,12,0,35,0,0,2
14784,NELFA,1,11,15,56,0,0,3
14785,SLC24A3,1,14,1,16,0,1,4
14786,SGCZ,1,15,1,33,0,1,4
14787,EFCAB10,1,1,0,15,0,0,2
14788,C5orf47,1,0,0,17,0,0,1
14789,KRT76,1,10,2,39,0,0,3
14790,FLRT2,1,19,1,37,0,0,3
14791,INTS5,1,13,1,45,0,0,3
14792,MANEAL,1,3,0,31,0,0,2
14793,ADSSL1,1,14,0,0,0,0,1
14794,ANO9,1,15,2,11,0,0,3
14795,FAF1,1,29,0,48,0,3,3
14796,MYADML2,1,3,0,10,0,0,2
14797,FAM43A,1,1,0,12,0,0,2
14798,NSMCE3,1,17,1,34,0,0,3
14799,HSF1,1,56,6,43,92,14,4
14800,C6orf120,1,3,1,21,0,0,3
14801,PURA,1,27,0,38,19,3,3
14802,INPP5J,1,22,3,35,0,1,4
14803,NPY2R,1,23,2,42,0,3,4
14804,MIXL1,1,22,2,34,5,1,4
14805,MFSD6L,1,1,0,44,0,0,2
14806,LRRC37B,1,1,0,12,0,0,2
14807,DDX51,1,8,0,39,0,0,2
14808,AQP12B,1,8,0,20,0,0,2
14809,ZNF479,1,6,1,3,0,0,3
14810,SIGIRR,1,15,2,32,0,1,4
14811,NRBP2,1,11,0,15,0,0,2
14812,PRSS57,1,7,0,40,0,0,2
14813,IFITM2,1,15,1,35,0,2,4
14814,TNFAIP2,1,5,0,32,0,6,3
14815,ZNF445,1,8,1,19,0,0,3
14816,PGBD2,1,1,0,16,0,0,2
14817,TCEAL9,1,1,0,17,0,0,2
14818,MC2R,1,12,3,41,0,13,4
14819,RAB11B,1,33,2,40,0,0,3
14820,PRMT3,1,17,2,41,0,0,3
14821,PRPF39,1,8,0,45,0,0,2
14822,MAGEA11,1,8,0,32,0,1,3
14823,PPIL6,1,1,1,26,0,0,3
14824,ZNF74,1,6,1,28,0,0,3
14825,KIAA0825,1,1,0,15,0,0,2
14826,UBALD2,1,0,0,11,0,0,1
14827,TEX33,1,4,0,29,0,0,2
14828,CDNF,1,5,0,18,0,0,2
14829,NOTUM,1,13,3,33,0,3,4
14830,KLHL33,1,0,0,18,0,0,1
14831,RBM11,1,11,0,35,0,0,2
14832,GALNT17,1,5,1,31,0,0,3
14833,ZBTB37,1,10,0,14,0,0,2
14834,NUPR2,1,8,0,17,0,0,2
14835,IL3RA,1,13,3,66,0,1,4
14836,SPPL2C,1,18,0,28,0,0,2
14837,CCDC137,1,6,0,31,0,0,2
14838,SFTPA2,1,6,8,39,0,4,4
14839,RGPD2,1,5,0,38,0,0,2
14840,ARL15,1,6,0,32,0,0,2
14841,C12orf56,1,0,0,30,0,0,1
14842,SCN10A,1,33,2,50,0,2,4
14843,SOCS1,1,21,12,60,0,23,4
14844,TCN2,1,9,3,33,0,4,4
14845,GAS2L1,1,16,0,33,0,1,3
14846,ATP6V0A2,1,23,4,58,0,1,4
14847,PRKN,1,173,6,114,0,21,4
14848,TEDC1,1,7,0,10,0,0,2
14849,HS6ST3,1,5,1,35,0,0,3
14850,HGS,1,37,12,64,0,2,4
14851,TNFAIP8L1,1,5,0,6,0,1,3
14852,OR2V1,1,6,1,11,0,0,3
14853,RAD51D,1,23,10,53,0,0,3
14854,OR7A17,1,8,1,13,0,0,3
14855,MAPK11,1,23,13,84,0,1,4
14856,SP140L,1,5,0,13,0,0,2
14857,TARSL2,1,10,0,0,0,0,1
14858,SMYD3,1,14,1,43,0,1,4
14859,METTL7A,1,15,0,20,0,0,2
14860,IFNLR1,1,14,2,38,0,2,4
14861,SH3BGR,1,3,0,17,0,0,2
14862,FAM174B,1,3,0,18,0,1,3
14863,FAM47A,1,1,0,10,0,0,2
14864,ZSWIM9,1,1,0,8,0,0,2
14865,KPNA7,1,10,3,35,0,2,4
14866,TMEM179B,1,7,1,36,0,0,3
14867,GPRIN3,1,2,0,17,0,0,2
14868,KRT6B,1,10,2,53,0,1,4
14869,PARPBP,1,6,0,35,0,0,2
14870,STAC3,1,15,0,48,0,0,2
14871,ROR1,1,20,1,33,0,2,4
14872,MUC1,1,18,9,138,3,29,4
14873,FAAP100,1,7,2,53,0,0,3
14874,IRF7,1,40,9,117,32,14,4
14875,L3MBTL1,1,27,1,36,3,0,4
14876,BRCC3,1,32,5,54,0,0,3
14877,SV2B,1,11,4,42,0,0,3
14878,FAM131C,1,1,0,20,0,0,2
14879,LMNTD2,1,3,0,11,0,0,2
14880,SPATA45,1,0,0,17,0,0,1
14881,PDE6G,1,14,3,48,0,0,3
14882,PRKG1,1,22,1,77,0,15,4
14883,NR2F2,1,28,2,38,75,10,4
14884,DLK1,1,13,1,55,0,16,4
14885,TLCD2,1,6,0,2,0,0,2
14886,LSAMP,1,7,1,28,0,0,3
14887,AHNAK2,1,8,0,35,0,0,2
14888,OLFML2A,1,5,0,5,0,0,2
14889,SP1,1,43,11,69,1289,36,4
14890,SPATA8,1,1,0,0,0,0,1
14891,DBX2,1,7,0,11,0,0,2
14892,INKA1,1,5,0,8,0,0,2
14893,PDIA2,1,10,1,38,0,1,4
14894,PCGF3,1,12,0,49,0,0,2
14895,LMLN,1,8,0,18,0,0,2
14896,P4HB,1,39,12,72,0,0,3
14897,PSMD13,1,20,69,71,0,0,3
14898,PBX1,1,28,3,83,54,7,4
14899,NDUFA4L2,1,7,0,40,0,0,2
14900,SHC4,1,7,0,35,0,0,2
14901,KRT79,1,8,2,32,0,2,4
14902,ZFP36L1,1,51,1,34,0,3,4
14903,UBE2L3,1,28,6,74,0,1,4
14904,NTF3,1,24,9,52,0,7,4
14905,BRWD1,1,9,2,30,0,0,3
14906,SMIM23,1,1,0,18,0,0,2
14907,PMEL,1,18,1,39,0,4,4
14908,SYN3,1,14,2,44,0,1,4
14909,POU3F1,1,17,3,34,20,1,4
14910,SNAI3,1,11,0,10,0,1,3
14911,ZBTB3,1,4,0,13,0,0,2
14912,MORN5,1,3,0,39,0,0,2
14913,PRAME,1,19,0,57,0,1,3
14914,C6orf201,1,0,0,6,0,0,1
14915,MYBL1,1,12,1,34,12,1,4
14916,MOSMO,1,7,0,13,0,0,2
14917,DRG1,1,15,1,50,0,2,4
14918,ANKFY1,1,19,1,44,0,0,3
14919,YTHDF3,1,17,0,39,0,1,3
14920,ZNF696,1,5,1,9,0,0,3
14921,ADARB2,1,14,0,32,0,1,3
14922,NRG3,1,16,17,34,0,0,3
14923,SRL,1,5,0,32,0,2,3
14924,C11orf87,1,2,0,8,0,0,2
14925,IFIT1,1,17,5,69,0,4,4
14926,CXorf38,1,2,0,22,0,0,2
14927,CLDN24,1,4,0,28,0,0,2
14928,KCNQ5,1,11,1,42,0,3,4
14929,ADAMTSL5,1,7,2,15,0,0,3
14930,SPATA31A6,1,1,0,8,0,0,2
14931,MORF4L1,1,18,1,73,0,2,4
14932,NLRP9,1,8,0,20,0,0,2
14933,WDR53,1,0,0,43,0,0,1
14934,DMWD,1,8,0,32,0,0,2
14935,SLC52A2,1,7,1,15,0,0,3
14936,PIGP,1,7,1,37,0,0,3
14937,IKZF1,1,16,1,62,51,2,4
14938,PCYT2,1,7,1,39,0,9,4
14939,NAT8L,1,9,0,32,0,0,2
14940,OR6C76,1,6,1,11,0,0,3
14941,NPAP1,1,7,0,19,0,0,2
14942,BCAP31,1,19,5,64,0,0,3
14943,ARL17A,1,7,0,16,0,1,3
14944,GNB1L,1,4,0,35,0,8,3
14945,DNAH14,1,10,0,32,0,0,2
14946,CCDC190,1,0,0,20,0,0,1
14947,EVI2B,1,9,0,42,0,0,2
14948,TMEM210,1,2,0,10,0,0,2
14949,ZNF829,1,6,0,14,0,0,2
14950,TMPRSS11B,1,7,0,13,0,0,2
14951,THNSL1,1,2,0,36,0,0,2
14952,TRIM69,1,14,1,31,0,0,3
14953,ATP6V0C,1,36,7,65,0,0,3
14954,IFITM1,1,17,2,42,0,4,4
14955,PRSS38,1,3,0,4,0,0,2
14956,LAMP1,1,39,1,90,0,1,4
14957,FFAR3,1,16,2,36,0,0,3
14958,C16orf54,1,2,0,30,0,1,3
14959,KLHDC8B,1,8,0,25,0,0,2
14960,KLHL34,1,3,0,5,0,0,2
14961,SETD4,1,15,0,38,0,0,2
14962,PTCH1,1,60,5,49,0,12,4
14963,RTN4RL1,1,14,1,32,0,0,3
14964,OR4C46,1,6,1,13,0,0,3
14965,CALHM1,1,25,2,34,0,0,3
14966,KRTAP5-5,1,1,1,28,0,0,3
14967,NKAIN3,1,3,0,20,0,0,2
14968,RNPC3,1,10,1,40,0,0,3
14969,ZNF267,1,5,1,6,1,2,4
14970,IRS2,1,37,20,46,0,18,4
14971,C7orf61,1,3,0,16,0,0,2
14972,FAM186A,1,0,0,10,0,0,1
14973,SHOX,1,13,0,34,3,1,3
14974,LCE3A,1,5,1,39,0,0,3
14975,BICD2,1,22,1,50,0,1,4
14976,LCE3E,1,2,1,39,0,0,3
14977,CCIN,1,11,0,11,0,0,2
14978,TMLHE,1,6,1,36,0,0,3
14979,GRK1,1,19,1,42,0,0,3
14980,DEFB128,1,6,2,37,0,0,3
14981,SLITRK2,1,15,1,33,0,0,3
14982,PLK5,1,15,0,38,0,0,2
14983,RASA3,1,11,1,31,0,0,3
14984,LRCH3,1,5,0,33,0,0,2
14985,LEMD1,1,2,0,7,0,0,2
14986,ATP4B,1,16,1,35,0,0,3
14987,NDUFA13,1,20,3,101,0,0,3
14988,ZNF566,1,6,1,7,0,0,3
14989,ZNF529,1,5,1,15,0,0,3
14990,ZNF284,1,6,0,9,0,0,2
14991,HTR3E,1,15,1,33,0,0,3
14992,DLEU7,1,3,0,17,0,1,3
14993,KRT73,1,8,2,32,0,0,3
14994,TAL2,1,8,0,30,0,1,3
14995,AIDA,1,9,0,6,0,0,2
14996,C15orf41,1,4,0,18,0,0,2
14997,CD300LF,1,15,1,42,0,0,3
14998,ZPBP2,1,7,0,33,0,0,2
14999,KRT5,1,19,7,73,0,16,4
15000,GSAP,1,6,0,20,0,0,2
15001,HTR3D,1,15,1,32,0,0,3
15002,OR4F5,1,6,1,14,0,0,3
15003,AGBL4,1,11,1,22,0,0,3
15004,ARGFX,1,8,0,16,0,0,2
15005,CYP2R1,1,15,3,34,0,0,3
15006,LRRC70,1,3,0,13,0,0,2
15007,ANKRD46,1,2,0,36,0,1,3
15008,PIP5K1C,1,33,5,51,0,1,4
15009,OR5D14,1,7,2,22,0,0,3
15010,CYP4F2,1,42,5,41,0,4,4
15011,TEX38,1,1,0,24,0,0,2
15012,OR5D18,1,7,1,38,0,0,3
15013,ZBTB6,1,9,0,9,0,0,2
15014,C2orf76,1,1,0,6,0,0,2
15015,TAS2R42,1,5,2,38,0,0,3
15016,POLR3C,1,15,7,56,0,0,3
15017,PRR30,1,1,0,18,0,0,2
15018,DEFB131A,1,8,2,32,0,0,3
15019,UBL4B,1,3,0,40,0,0,2
15020,WWOX,1,21,3,57,0,7,4
15021,CYP4Z1,1,11,0,33,0,0,2
15022,CCDC84,1,10,0,30,0,0,2
15023,BCL9L,1,11,2,32,0,2,4
15024,POLR1D,1,19,12,66,0,0,3
15025,KIF18B,1,28,2,49,0,0,3
15026,ZNRF1,1,15,1,26,0,0,3
15027,FFAR4,1,33,3,38,0,0,3
15028,BPIFB3,1,5,0,14,0,0,2
15029,BPIFB4,1,4,1,15,0,0,3
15030,SAPCD2,1,16,0,7,0,0,2
15031,EDARADD,1,4,1,32,0,0,3
15032,SLC51B,1,11,1,33,0,6,4
15033,CYP4F12,1,26,2,32,0,4,4
15034,MARC1,1,17,0,14,0,0,2
15035,LCE5A,1,3,1,37,0,0,3
15036,SOWAHB,1,1,0,32,0,0,2
15037,BLOC1S4,1,12,1,34,0,0,3
15038,KLHL32,1,4,0,19,0,0,2
15039,MRTFB,1,9,0,22,0,0,2
15040,BTLA,1,12,1,51,0,0,3
15041,ZNF17,1,6,1,18,0,0,3
15042,KDM4D,1,20,1,30,0,0,3
15043,GPAT2,1,13,2,34,0,0,3
15044,TOR3A,1,7,0,18,0,0,2
15045,PABPC1L2A,1,10,0,29,0,0,2
15046,GABRA5,1,37,1,49,0,0,3
15047,PPP1CC,1,41,13,147,0,10,4
15048,ZNF555,1,8,1,5,0,0,3
15049,OR10T2,1,7,1,15,0,0,3
15050,NAP1L3,1,6,0,22,0,0,2
15051,PRELID2,1,3,0,10,0,0,2
15052,BACE1,1,52,1,69,0,21,4
15053,RGS9BP,1,9,1,37,0,0,3
15054,TMEM212,1,1,0,31,0,0,2
15055,SLC36A3,1,10,0,22,0,0,2
15056,SLC36A2,1,18,3,32,0,0,3
15057,THBS2,1,13,3,63,0,9,4
15058,RXRA,1,60,30,90,110,2,4
15059,ANKRD37,1,5,0,14,0,4,3
15060,NUDT17,1,7,0,34,0,0,2
15061,MINAR2,1,7,0,9,0,0,2
15062,ZNF75D,1,6,1,13,0,0,3
15063,CYP4X1,1,6,0,32,0,1,3
15064,KRT26,1,10,2,32,0,0,3
15065,KRT10,1,21,3,52,0,8,4
15066,GOLGA8R,1,5,2,9,0,0,3
15067,CD300E,1,7,2,21,0,0,3
15068,CCDC30,1,0,0,19,0,0,1
15069,NKRF,1,12,0,34,9,0,3
15070,GLDN,1,8,0,28,0,0,2
15071,FCAR,1,22,2,36,0,1,4
15072,KPNA4,1,10,3,45,0,0,3
15073,TRDN,1,23,2,53,0,0,3
15074,OR6P1,1,6,2,31,0,0,3
15075,KRT3,1,10,2,35,0,1,4
15076,ZNF501,1,8,0,34,0,0,2
15077,ZNF197,1,5,1,15,0,0,3
15078,SPATA12,1,1,0,15,0,3,3
15079,TMPRSS12,1,9,0,14,0,0,2
15080,FAM228A,1,1,0,10,0,0,2
15081,DEFB132,1,6,2,30,0,0,3
15082,NAP1L2,1,12,0,18,0,0,2
15083,GNG2,1,13,29,190,0,1,4
15084,BTN3A2,1,9,1,32,0,0,3
15085,AKAP14,1,5,0,39,0,0,2
15086,PCLO,1,26,1,39,0,0,3
15087,KLK12,1,7,1,14,0,0,3
15088,RGS7BP,1,15,0,32,0,0,2
15089,INSIG1,1,16,1,43,0,5,4
15090,ZNF396,1,12,0,31,0,0,2
15091,TMEM222,1,3,0,18,0,0,2
15092,OR9Q1,1,7,1,13,0,0,3
15093,CLCNKA,1,13,1,27,0,2,4
15094,OR9Q2,1,7,1,37,0,0,3
15095,ARHGAP30,1,8,4,36,0,0,3
15096,SEPTIN10,1,15,0,20,0,0,2
15097,FAM86B1,1,2,0,9,0,0,2
15098,CYP4F8,1,13,3,36,0,0,3
15099,CYP4F3,1,25,4,39,0,0,3
15100,SMYD4,1,6,0,34,0,0,2
15101,FOXD2,1,14,0,10,4,0,3
15102,GPATCH8,1,5,0,31,0,0,2
15103,CEACAM19,1,5,0,10,0,0,2
15104,NF2,1,45,2,55,0,2,4
15105,SMIM29,1,1,0,13,0,0,2
15106,SPATC1,1,2,0,24,0,0,2
15107,UBE2H,1,9,2,45,0,1,4
15108,HPDL,1,6,1,36,0,0,3
15109,KATNA1,1,18,0,38,0,0,2
15110,FSD2,1,4,0,12,0,0,2
15111,ARAP1,1,32,4,36,0,3,4
15112,KIF24,1,14,1,37,0,0,3
15113,PDE2A,1,55,2,36,0,0,3
15114,CARMIL3,1,8,0,7,0,0,2
15115,PRG2,1,9,1,25,0,6,4
15116,PRR5,1,10,7,37,0,0,3
15117,ZFP91,1,12,0,32,0,1,3
15118,C17orf58,1,1,0,9,0,0,2
15119,BCDIN3D,1,13,1,33,0,0,3
15120,MAGEE2,1,3,0,23,0,0,2
15121,CYP27C1,1,17,0,38,0,0,2
15122,LYRM7,1,8,1,46,0,0,3
15123,CFAP73,1,7,0,14,0,0,2
15124,CCDC73,1,0,0,31,0,0,1
15125,BCR,1,30,9,34,0,16,4
15126,OR10H1,1,6,1,18,0,0,3
15127,MPPED1,1,6,0,22,0,0,2
15128,FOXI2,1,10,0,10,0,0,2
15129,SPIN4,1,11,0,9,0,0,2
15130,ZNF732,1,6,1,7,0,0,3
15131,SPIN2B,1,7,0,16,0,0,2
15132,SPATA31D3,1,1,0,10,0,0,2
15133,FOXE3,1,26,0,36,0,3,3
15134,HYAL3,1,25,2,11,0,0,3
15135,KCNK18,1,11,2,32,0,0,3
15136,IFNA10,1,13,6,36,0,2,4
15137,VSIG10L,1,1,0,9,0,0,2
15138,CXCR3,1,37,2,73,0,1,4
15139,ZNF397,1,10,0,30,0,0,2
15140,ZSCAN30,1,6,0,19,0,0,2
15141,TPCN1,1,25,1,32,0,0,3
15142,LILRB4,1,45,1,32,0,1,4
15143,TNFRSF4,1,13,1,45,0,7,4
15144,KRT16,1,22,2,52,0,12,4
15145,HEXIM1,1,17,0,37,0,3,3
15146,SELENOV,1,2,0,33,0,0,2
15147,LCE1A,1,3,1,34,0,0,3
15148,KRT14,1,24,5,71,0,24,4
15149,TRABD2A,1,12,0,8,0,0,2
15150,KRTAP17-1,1,2,1,50,0,0,3
15151,PDZD7,1,18,0,35,0,0,2
15152,POFUT2,1,8,1,59,0,0,3
15153,QRFPR,1,8,2,23,0,0,3
15154,MAPT,1,104,1,139,0,3,4
15155,ERCC6L,1,10,6,45,0,0,3
15156,OR13F1,1,6,1,14,0,0,3
15157,OR5D3P,1,7,0,0,0,0,1
15158,TMEM17,1,9,0,36,0,0,2
15159,TNFRSF18,1,11,2,50,0,7,4
15160,FGF3,1,16,21,60,0,11,4
15161,C1QL4,1,7,0,17,0,0,2
15162,RTN4RL2,1,15,1,29,0,0,3
15163,ZDHHC17,1,23,0,42,0,0,2
15164,SERPINA11,1,2,0,23,0,0,2
15165,ZNF395,1,13,0,35,6,0,3
15166,ZACN,1,14,0,11,0,0,2
15167,KRTAP22-1,1,1,1,35,0,0,3
15168,KRTAP19-6,1,2,1,13,0,0,3
15169,KRTAP6-2,1,4,1,30,0,0,3
15170,OR13C8,1,6,1,24,0,0,3
15171,PPARA,1,76,13,121,255,28,4
15172,TMEM232,1,5,0,34,0,0,2
15173,KRTAP19-2,1,2,1,15,0,0,3
15174,KRTAP19-4,1,2,1,12,0,0,3
15175,KRTAP15-1,1,2,1,31,0,0,3
15176,KRTAP13-4,1,2,1,12,0,0,3
15177,FAM183A,1,7,0,39,0,0,2
15178,EFCAB6,1,9,0,43,0,0,2
15179,KRTAP19-5,1,2,1,19,0,0,3
15180,KRTAP23-1,1,2,1,5,0,0,3
15181,KANK3,1,3,0,10,0,0,2
15182,EMID1,1,6,1,9,0,0,3
15183,ACTL7A,1,16,0,32,0,0,2
15184,KRTAP21-1,1,1,1,25,0,0,3
15185,RHD,1,6,1,36,0,19,4
15186,ESPN,1,13,2,63,0,0,3
15187,PNLIPRP1,1,12,1,44,0,0,3
15188,PTRH1,1,5,0,32,0,0,2
15189,KRTAP21-2,1,2,1,22,0,0,3
15190,SAMD7,1,12,0,12,0,1,3
15191,GPR141,1,7,0,13,0,0,2
15192,TMPRSS6,1,17,2,33,0,0,3
15193,CYP4A11,1,33,6,59,0,3,4
15194,TMEM216,1,13,1,38,0,0,3
15195,TMPRSS11A,1,7,0,17,0,0,2
15196,TMEM262,1,6,0,35,0,0,2
15197,C3orf70,1,2,0,8,0,0,2
15198,TEAD1,1,21,4,44,24,2,4
15199,OR2AK2,1,6,1,16,0,0,3
15200,PLCD1,1,21,1,74,0,5,4
15201,CCK,1,13,2,69,0,24,4
15202,ENTPD5,1,15,2,37,0,0,3
15203,MITF,1,30,2,43,98,20,4
15204,HEATR4,1,1,0,23,0,0,2
15205,LILRA5,1,17,1,18,0,0,3
15206,CMC1,1,6,1,21,0,0,3
15207,SLIT1,1,15,5,46,0,10,4
15208,LYPD6,1,13,0,33,0,0,2
15209,AKR1C1,1,45,5,40,0,4,4
15210,VSTM2B,1,1,0,19,0,0,2
15211,FOXD3,1,18,2,45,15,4,4
15212,SPATA21,1,1,0,9,0,0,2
15213,RNF220,1,20,1,15,0,0,3
15214,ANGPTL5,1,3,0,9,0,0,2
15215,SHTN1,1,30,1,32,0,0,3
15216,H1FNT,1,10,0,0,0,0,1
15217,LCE4A,1,3,1,34,0,0,3
15218,LCE2A,1,2,1,37,0,0,3
15219,KRTAP12-1,1,3,1,20,0,0,3
15220,LCE2C,1,3,1,41,0,0,3
15221,AL162231.1,1,0,0,0,0,0,0
15222,ZNF546,1,6,1,13,0,0,3
15223,TSPYL4,1,6,0,15,0,0,2
15224,MT1X,1,13,1,23,0,0,3
15225,GCNT1,1,13,1,50,0,1,4
15226,LCE2D,1,2,1,41,0,0,3
15227,SESTD1,1,11,0,25,0,0,2
15228,LCE3B,1,5,1,35,0,0,3
15229,FNBP1,1,14,5,54,0,0,3
15230,DYNC2H1,1,25,2,50,0,0,3
15231,KRT12,1,11,2,39,0,2,4
15232,BCAM,1,14,0,13,0,0,2
15233,RSBN1L,1,3,0,14,0,0,2
15234,NPSR1,1,17,3,50,0,1,4
15235,WDR86,1,0,0,34,0,0,1
15236,FAM9C,1,5,0,8,0,0,2
15237,KRTAP9-8,1,2,1,44,0,0,3
15238,CIDEC,1,17,2,42,0,4,4
15239,DCC,1,18,7,47,0,7,4
15240,TAF9B,1,15,11,64,0,0,3
15241,PCDHB13,1,14,0,5,0,0,2
15242,MAGI2,1,38,1,40,0,1,4
15243,LUZP2,1,1,0,6,0,0,2
15244,LHFPL3,1,4,0,12,0,0,2
15245,CHP1,1,51,1,35,0,0,3
15246,FPR3,1,11,2,33,0,0,3
15247,C11orf96,1,1,0,3,0,0,2
15248,KCNJ11,1,29,6,55,0,7,4
15249,CDHR4,1,6,0,9,0,0,2
15250,COL4A1,1,19,15,71,0,4,4
15251,C12orf74,1,2,0,0,0,0,1
15252,GJA4,1,9,1,45,0,3,4
15253,HYPM,1,6,0,0,0,0,1
15254,HSPA14,1,14,1,53,0,0,3
15255,ATP13A5,1,14,1,3,0,0,3
15256,SIRT7,1,44,0,38,0,1,3
15257,PRR27,1,2,0,8,0,0,2
15258,IFT140,1,18,2,52,0,0,3
15259,PRAMEF10,1,9,0,10,0,0,2
15260,AGMO,1,8,1,27,0,0,3
15261,SBK2,1,6,0,8,0,0,2
15262,CYP26C1,1,16,3,39,0,0,3
15263,TLR5,1,13,4,40,0,2,4
15264,USP7,1,39,8,101,0,6,4
15265,NANOS3,1,19,1,35,0,0,3
15266,FOXD4L3,1,11,0,4,0,0,2
15267,NHLRC1,1,14,2,38,0,0,3
15268,DPPA3,1,8,1,39,0,0,3
15269,COX8C,1,5,4,33,0,0,3
15270,PLEKHN1,1,12,0,16,0,0,2
15271,ZNF385C,1,4,0,6,0,0,2
15272,MAGEH1,1,5,0,21,0,0,2
15273,TET3,1,18,2,36,0,1,4
15274,ZNF286A,1,6,1,7,0,0,3
15275,ISG15,1,31,10,108,0,5,4
15276,EXD3,1,3,0,32,0,0,2
15277,OR5W2,1,7,1,15,0,0,3
15278,MYMK,1,5,0,16,0,0,2
15279,C17orf97,1,6,0,37,0,0,2
15280,ZKSCAN4,1,8,1,33,2,0,4
15281,DHRS4L2,1,5,0,24,0,0,2
15282,SAMD11,1,9,0,4,0,0,2
15283,PERM1,1,4,1,11,0,0,3
15284,VMAC,1,3,0,4,0,0,2
15285,C5orf52,1,0,0,11,0,0,1
15286,HAPLN4,1,10,0,27,0,0,2
15287,ERC2,1,10,0,36,0,0,2
15288,B3GLCT,1,6,2,54,0,0,3
15289,SPRY4,1,13,0,34,0,1,3
15290,ERAS,1,9,0,29,0,0,2
15291,TRPV2,1,23,1,45,0,0,3
15292,AMTN,1,10,2,34,0,1,4
15293,EZHIP,1,8,1,33,0,0,3
15294,C2orf88,1,3,0,11,0,0,2
15295,OR2T27,1,6,1,17,0,0,3
15296,TMEM203,1,7,0,3,0,0,2
15297,SLC18A3,1,21,3,45,0,3,4
15298,KBTBD12,1,4,0,34,0,0,2
15299,THSD4,1,10,2,20,0,0,3
15300,DNAJB13,1,19,0,47,0,0,2
15301,GABRD,1,25,0,49,0,1,3
15302,NHEJ1,1,21,1,43,0,0,3
15303,FANCA,1,11,2,52,0,1,4
15304,SECISBP2,1,13,1,47,0,1,4
15305,OR52B6,1,7,2,27,0,0,3
15306,C9orf153,1,1,0,7,0,0,2
15307,SSX7,1,3,0,10,0,0,2
15308,ADH1A,1,11,3,44,0,5,4
15309,SEMA4D,1,39,3,35,0,2,4
15310,KRTAP10-8,1,4,1,26,0,0,3
15311,LIN28B,1,19,0,40,0,2,3
15312,DIPK1C,1,2,0,9,0,0,2
15313,DNAH17,1,20,0,38,0,0,2
15314,MCRS1,1,34,4,59,0,0,3
15315,TMEM72,1,5,0,7,0,0,2
15316,FANCM,1,22,2,154,0,0,3
15317,FAM205C,1,1,0,0,0,0,1
15318,ZNF70,1,7,1,23,0,0,3
15319,CARD9,1,32,2,48,0,0,3
15320,PEAR1,1,9,0,28,0,0,2
15321,ZFP69B,1,8,1,10,0,0,3
15322,TMEM202,1,2,0,15,0,0,2
15323,SOWAHD,1,0,0,2,0,0,1
15324,ZFP69,1,6,1,9,0,0,3
15325,HELT,1,15,0,7,0,2,3
15326,RTL4,1,3,0,16,0,0,2
15327,TMEM220,1,2,0,15,0,0,2
15328,C2orf78,1,0,0,3,0,0,1
15329,HIST1H1C,1,21,0,0,0,0,1
15330,PLSCR3,1,19,0,10,0,0,2
15331,EIF4EBP1,1,13,2,44,0,3,4
15332,P2RX2,1,23,2,36,0,0,3
15333,ASCL4,1,14,0,10,3,0,3
15334,OR6C75,1,6,1,14,0,0,3
15335,CCDC157,1,1,0,4,0,0,2
15336,TTC24,1,1,0,10,0,0,2
15337,FAM122A,1,11,0,15,0,0,2
15338,PALM3,1,8,0,16,0,0,2
15339,GFRAL,1,14,0,7,0,0,2
15340,FYB2,1,8,0,5,0,0,2
15341,SHISA7,1,11,0,42,0,0,2
15342,LRRC74B,1,0,0,17,0,0,1
15343,DMBT1,1,26,1,39,0,7,4
15344,CLEC17A,1,9,0,13,0,0,2
15345,LCN10,1,2,0,12,0,0,2
15346,C2orf66,1,1,0,4,0,0,2
15347,OVCH1,1,4,0,5,0,0,2
15348,CYHR1,1,4,0,36,0,0,2
15349,COL14A1,1,14,4,55,0,0,3
15350,DNER,1,14,1,38,0,4,4
15351,CPSF4L,1,4,0,36,0,0,2
15352,KLHL17,1,12,0,20,0,0,2
15353,ZCCHC13,1,8,0,14,0,0,2
15354,PLA2G2C,1,10,0,43,0,0,2
15355,ZSCAN23,1,6,0,24,0,0,2
15356,RINL,1,9,1,22,0,0,3
15357,C17orf99,1,7,0,0,0,0,1
15358,OR7D2,1,9,1,27,0,0,3
15359,TPRG1,1,3,0,5,0,1,3
15360,MORN2,1,3,0,8,0,0,2
15361,RTP5,1,6,0,4,0,0,2
15362,S100A3,1,8,0,34,0,1,3
15363,UBQLN2,1,18,1,69,0,0,3
15364,RILPL1,1,15,0,31,0,0,2
15365,C19orf67,1,0,0,10,0,0,1
15366,ZNF490,1,6,1,24,0,0,3
15367,CLCN1,1,12,1,41,0,1,4
15368,NRN1L,1,8,1,12,0,0,3
15369,NWD1,1,2,0,12,0,2,3
15370,ARL4C,1,12,1,30,0,1,4
15371,RNF133,1,8,0,6,0,0,2
15372,TMEM221,1,1,0,10,0,0,2
15373,TREML4,1,5,1,13,0,0,3
15374,RAB42,1,7,1,13,0,0,3
15375,WNT7B,1,56,2,40,0,9,4
15376,C11orf95,1,2,0,12,0,0,2
15377,SCGB1C1,1,1,0,16,0,0,2
15378,PRSS45P,1,3,0,12,0,0,2
15379,PLA2G4E,1,23,5,42,0,0,3
15380,GPR89B,1,9,0,21,0,1,3
15381,MESP2,1,11,1,41,8,2,4
15382,FAM25A,1,1,0,8,0,0,2
15383,EYS,1,18,0,48,0,0,2
15384,C6orf132,1,0,0,13,0,0,1
15385,OR2AG2,1,6,1,11,0,0,3
15386,MAPK12,1,22,6,89,0,2,4
15387,TMEM215,1,5,0,8,0,0,2
15388,NUTM2G,1,0,0,14,0,0,1
15389,COL4A5,1,12,15,42,0,0,3
15390,KRTAP10-6,1,3,1,16,0,0,3
15391,AGRN,1,39,21,87,0,0,3
15392,NHS,1,8,3,33,0,0,3
15393,OTOG,1,8,1,38,0,0,3
15394,FAM166A,1,8,0,10,0,0,2
15395,TMPPE,1,3,0,10,0,0,2
15396,ZNF626,1,5,1,5,0,0,3
15397,HEPACAM2,1,8,0,27,0,0,2
15398,SMTNL2,1,1,0,39,0,0,2
15399,ZC3H6,1,9,0,33,0,0,2
15400,LAMTOR4,1,15,7,49,0,0,3
15401,PRKAR1B,1,29,12,36,0,0,3
15402,NUTM2B,1,0,0,8,0,0,1
15403,NCR3LG1,1,5,1,34,0,0,3
15404,DCUN1D3,1,18,1,58,0,0,3
15405,POTEE,1,17,1,32,0,0,3
15406,ZNF793,1,6,1,16,0,0,3
15407,TUBB4B,1,23,39,77,0,0,3
15408,AGAP4,1,2,0,5,0,0,2
15409,COMMD6,1,10,1,60,0,0,3
15410,PLA2G2A,1,27,7,66,0,14,4
15411,IL17REL,1,5,0,12,0,0,2
15412,HYKK,1,5,1,40,0,0,3
15413,OR7A5,1,8,1,32,0,0,3
15414,C15orf62,1,9,0,13,0,0,2
15415,RUFY4,1,15,0,21,0,0,2
15416,ZNF383,1,9,1,25,1,0,4
15417,HES4,1,10,0,18,1,0,3
15418,IGFL1,1,3,0,9,0,0,2
15419,ZNF669,1,6,2,4,0,0,3
15420,PEAK3,1,7,0,13,0,0,2
15421,LRRIQ4,1,1,0,16,0,0,2
15422,CENPP,1,8,7,33,0,0,3
15423,PLSCR1,1,44,0,46,1,4,3
15424,C3orf62,1,2,0,16,0,0,2
15425,ENO4,1,4,2,39,0,0,3
15426,ZNF559,1,7,1,20,0,0,3
15427,SBK1,1,5,0,13,0,0,2
15428,OR6C6,1,6,1,13,0,0,3
15429,BSPH1,1,5,0,4,0,0,2
15430,SLC38A3,1,30,1,34,0,0,3
15431,OR6N2,1,7,1,17,0,0,3
15432,GTF2F2,1,12,35,54,0,2,4
15433,FAM92A,1,22,0,13,0,0,2
15434,FOCAD,1,4,0,6,0,1,3
15435,PRR19,1,3,0,20,0,0,2
15436,ZP3,1,32,1,40,0,2,4
15437,C10orf99,1,16,0,10,0,0,2
15438,H3F3C,1,14,0,0,0,0,1
15439,IFNA2,1,28,6,47,0,5,4
15440,JAKMIP3,1,3,0,13,0,0,2
15441,PPP3R2,1,15,0,37,0,0,2
15442,PDCD1,1,15,3,64,0,4,4
15443,CLEC2A,1,9,0,9,0,0,2
15444,TCTEX1D4,1,12,0,34,0,0,2
15445,SELL,1,22,3,68,0,7,4
15446,MAGEB5,1,3,0,13,0,0,2
15447,CHM,1,13,3,94,0,0,3
15448,NANOS2,1,16,0,41,0,0,2
15449,BLOC1S5,1,17,0,29,0,1,3
15450,CERKL,1,13,0,53,0,0,2
15451,IER5L,1,0,0,7,0,0,1
15452,H2AFX,1,31,0,0,0,0,1
15453,INSC,1,15,0,18,0,0,2
15454,SERPINA5,1,30,3,38,0,2,4
15455,C19orf54,1,5,0,48,0,0,2
15456,NCCRP1,1,10,0,3,0,0,2
15457,KRTDAP,1,3,1,35,0,0,3
15458,COL25A1,1,10,3,41,0,0,3
15459,FAM83G,1,5,0,8,0,0,2
15460,CFAP77,1,7,0,41,0,0,2
15461,SRSF10,1,22,3,45,0,1,4
15462,HBA2,1,0,6,45,0,0,2
15463,DUSP28,1,4,0,8,0,0,2
15464,CCDC9B,1,1,0,11,0,0,2
15465,NBR1,1,23,1,65,0,0,3
15466,OR2G6,1,7,1,15,0,0,3
15467,RALGAPA2,1,10,1,11,0,0,3
15468,NDOR1,1,19,1,40,0,0,3
15469,FBLL1,1,18,0,51,0,0,2
15470,NKAIN2,1,2,0,10,0,0,2
15471,KRTAP1-1,1,3,1,55,0,0,3
15472,PAQR9,1,3,0,17,0,0,2
15473,CLEC20A,1,0,0,1,0,0,1
15474,CFAP54,1,5,0,32,0,0,2
15475,CLN3,1,82,1,45,0,3,4
15476,FAM72B,1,2,0,36,0,0,2
15477,ASAH2,1,23,1,36,0,5,4
15478,SUMO2,1,11,15,92,0,3,4
15479,NANOS1,1,15,0,36,0,0,2
15480,HMX3,1,9,0,17,2,0,3
15481,IGFL3,1,2,0,3,0,0,2
15482,GOLGA8M,1,5,0,8,0,0,2
15483,ZNF177,1,9,0,8,0,0,2
15484,RTL6,1,0,0,17,0,0,1
15485,DPYD,1,22,1,49,0,4,4
15486,S100A16,1,13,0,30,0,0,2
15487,PTAR1,1,6,0,18,0,0,2
15488,CC2D2B,1,3,0,28,0,0,2
15489,RNASE9,1,3,0,1,0,0,2
15490,SAXO2,1,7,0,27,0,0,2
15491,RHCE,1,6,1,32,0,0,3
15492,C2orf80,1,0,0,17,0,0,1
15493,IDO2,1,9,1,38,0,0,3
15494,PARVB,1,19,2,45,0,1,4
15495,SLC4A5,1,15,1,32,0,0,3
15496,UROS,1,12,1,36,0,0,3
15497,OR56A5,1,9,1,18,0,0,3
15498,KRTAP24-1,1,3,1,40,0,0,3
15499,ZDHHC9,1,17,2,34,0,0,3
15500,ZBED6CL,1,0,0,17,0,0,1
15501,QRFP,1,9,2,41,0,5,4
15502,DUPD1,1,15,0,7,0,0,2
15503,SMIM15,1,1,0,10,0,0,2
15504,OSTN,1,6,0,24,0,1,3
15505,VWC2,1,13,0,55,0,0,2
15506,FAM221A,1,1,0,13,0,0,2
15507,TMEM120B,1,5,0,14,0,0,2
15508,FSIP2,1,7,0,56,0,0,2
15509,RBM34,1,4,0,50,0,0,2
15510,NOXA1,1,14,4,33,0,1,4
15511,TMEM198,1,4,0,5,0,0,2
15512,BCL2L15,1,4,0,15,0,0,2
15513,FZD9,1,34,1,55,0,0,3
15514,SPRED3,1,9,2,34,0,0,3
15515,OPTC,1,7,1,32,0,0,3
15516,PLET1,1,7,1,14,0,0,3
15517,ADRB3,1,30,2,38,0,4,4
15518,SKOR1,1,13,0,28,0,0,2
15519,CATSPER4,1,18,1,41,0,0,3
15520,PRELP,1,11,5,50,0,1,4
15521,PLA2G2E,1,12,6,44,0,0,3
15522,ZNF548,1,5,1,8,0,0,3
15523,MTF1,1,16,3,33,31,1,4
15524,TMCO2,1,3,0,29,0,0,2
15525,SHISA6,1,17,0,42,0,0,2
15526,TMEM201,1,16,0,30,0,0,2
15527,NHLRC3,1,5,1,10,0,0,3
15528,HMX2,1,8,0,8,1,2,3
15529,SNTN,1,4,0,38,0,0,2
15530,ZDHHC11,1,13,1,15,0,0,3
15531,CALHM6,1,9,0,18,0,0,2
15532,CNR2,1,25,2,32,0,0,3
15533,SLX4,1,23,2,57,0,0,3
15534,GLRA4,1,0,0,16,0,0,1
15535,ENTPD8,1,14,1,56,0,0,3
15536,BEND4,1,1,0,13,0,0,2
15537,FAM78B,1,0,0,1,0,0,1
15538,ZNF563,1,6,1,13,0,0,3
15539,TMC3,1,5,0,5,0,0,2
15540,FBF1,1,13,1,47,0,0,3
15541,KLRG2,1,1,0,21,0,0,2
15542,ASTL,1,17,0,20,0,0,2
15543,MSL1,1,9,1,40,0,1,4
15544,AC099489.1,1,0,0,0,0,0,0
15545,LRRK2,1,169,1,96,0,1,4
15546,BSX,1,13,0,11,4,2,3
15547,GJB3,1,11,2,42,0,1,4
15548,INSYN2A,1,3,0,8,0,0,2
15549,TRMT2B,1,7,0,39,0,0,2
15550,HACD4,1,11,1,32,0,0,3
15551,CFAP126,1,9,0,53,0,0,2
15552,NYX,1,7,0,40,0,0,2
15553,FAM120AOS,1,1,0,3,0,0,2
15554,UTS2B,1,4,2,38,0,0,3
15555,C9orf152,1,1,0,8,0,0,2
15556,NOC2L,1,19,1,117,0,0,3
15557,MSANTD1,1,2,0,13,0,0,2
15558,AADACL3,1,3,0,28,0,0,2
15559,NELFB,1,12,16,52,0,1,4
15560,SLC15A5,1,4,0,11,0,0,2
15561,LIPI,1,9,1,25,0,0,3
15562,LRRC66,1,1,0,24,0,0,2
15563,ZNF292,1,6,0,37,1,0,3
15564,HUS1B,1,11,0,32,0,0,2
15565,KCTD21,1,8,0,15,0,0,2
15566,SBSN,1,3,1,35,0,0,3
15567,ADAT2,1,12,1,37,0,1,4
15568,KIR2DL4,1,12,1,38,0,1,4
15569,MAGEB16,1,3,0,33,0,0,2
15570,VHLL,1,1,0,7,0,0,2
15571,DUSP21,1,14,0,16,0,0,2
15572,ZNF567,1,6,1,14,0,0,3
15573,NDUFA4,1,11,0,57,0,1,3
15574,ANKDD1B,1,1,0,11,0,0,2
15575,ALKBH2,1,11,1,32,0,1,4
15576,RNFT1,1,7,0,18,0,0,2
15577,CGB5,1,0,2,28,0,0,2
15578,RELN,1,51,1,46,0,17,4
15579,FAM111B,1,8,0,13,0,0,2
15580,APOD,1,30,2,43,0,6,4
15581,H1F0,1,23,0,0,0,0,1
15582,LITAF,1,24,0,35,23,15,3
15583,VSTM1,1,6,0,5,0,0,2
15584,TMEM120A,1,13,0,23,0,0,2
15585,ARID2,1,24,4,45,0,0,3
15586,SF3B3,1,30,5,118,0,0,3
15587,PRSS48,1,4,0,11,0,0,2
15588,IL1RAPL2,1,15,1,24,0,0,3
15589,BLOC1S3,1,19,1,35,0,5,4
15590,SP6,1,10,0,35,5,0,3
15591,ANKRD34B,1,4,0,3,0,0,2
15592,PLAC9,1,2,0,18,0,0,2
15593,FAM47B,1,1,0,18,0,0,2
15594,NKAPL,1,4,0,24,0,0,2
15595,FSCB,1,5,0,30,0,0,2
15596,CLDN4,1,23,1,49,0,8,4
15597,ZNF573,1,6,1,19,0,0,3
15598,FAM47E,1,10,0,12,0,0,2
15599,JPT1,1,5,0,6,0,1,3
15600,ZNF527,1,5,0,5,0,0,2
15601,ZAR1L,1,7,0,5,0,0,2
15602,KRTAP10-12,1,2,1,11,0,0,3
15603,S100A13,1,17,0,35,0,1,3
15604,ZNF33A,1,5,2,9,0,0,3
15605,OR14I1,1,8,1,15,0,0,3
15606,KRT77,1,9,2,38,0,1,4
15607,PCDH18,1,8,0,13,0,0,2
15608,DCAF8L2,1,2,1,33,0,0,3
15609,ZNF600,1,4,1,8,0,0,3
15610,BTBD8,1,11,0,35,0,0,2
15611,MAOA,1,11,8,71,0,10,4
15612,C15orf61,1,2,0,13,0,0,2
15613,NUGGC,1,5,0,10,0,0,2
15614,TSPYL1,1,8,0,20,0,0,2
15615,SPANXN3,1,1,0,18,0,0,2
15616,TRIM64B,1,6,0,5,0,0,2
15617,PNRC2,1,8,1,34,0,2,4
15618,DRICH1,1,1,0,23,0,0,2
15619,GJB5,1,9,1,29,0,0,3
15620,FHIT,1,16,0,41,0,7,3
15621,ALKAL2,1,10,2,12,0,0,3
15622,ZKSCAN3,1,19,1,29,3,0,4
15623,FOXR2,1,10,0,32,0,0,2
15624,RRP7A,1,18,2,54,0,0,3
15625,LIN54,1,12,7,37,0,1,4
15626,FAM53B,1,5,0,10,0,0,2
15627,FAM180A,1,1,0,13,0,0,2
15628,BNIP5,1,1,0,9,0,0,2
15629,SPANXN4,1,0,0,14,0,0,1
15630,S100A14,1,15,0,33,0,0,2
15631,KAZN,1,9,1,17,0,0,3
15632,SLC35E2B,1,4,0,12,0,0,2
15633,TOGARAM2,1,4,0,7,0,0,2
15634,SPATA31D4,1,1,0,15,0,0,2
15635,NEMP2,1,2,0,11,0,0,2
15636,ALG1L,1,0,0,35,0,0,1
15637,KIAA0408,1,1,0,18,0,0,2
15638,GSPT2,1,10,4,39,0,0,3
15639,TBC1D28,1,0,0,34,0,0,1
15640,C8orf76,1,1,0,13,0,0,2
15641,CXCL17,1,18,0,32,0,0,2
15642,OTUD6A,1,7,0,38,0,0,2
15643,MMP23B,1,10,0,10,0,1,3
15644,SH2D5,1,2,0,11,0,0,2
15645,ZFP92,1,10,0,2,0,0,2
15646,NCR1,1,10,1,61,0,2,4
15647,RASSF10,1,7,0,12,0,3,3
15648,GJB4,1,10,1,24,0,0,3
15649,OR2L13,1,7,2,80,0,0,3
15650,BLOC1S2,1,37,0,44,0,0,2
15651,SYCP2,1,11,1,40,0,0,3
15652,ZNF724,1,5,1,2,0,0,3
15653,IL1RAP,1,39,0,37,0,0,2
15654,PTPRT,1,25,0,28,0,1,3
15655,MYBPC1,1,8,1,38,0,0,3
15656,PAX5,1,17,2,63,63,9,4
15657,OR5K4,1,7,1,15,0,0,3
15658,OR6M1,1,6,1,20,0,0,3
15659,SPOCK3,1,8,1,11,0,0,3
15660,ZNF676,1,5,1,15,0,0,3
15661,ZNF699,1,6,1,7,55,0,4
15662,TDRD7,1,14,0,47,0,0,2
15663,CCDC189,1,6,0,26,0,0,2
15664,OR8A1,1,7,1,35,0,1,4
15665,KIAA0895L,1,6,0,11,0,0,2
15666,VN1R2,1,6,0,20,0,0,2
15667,MYT1,1,8,0,19,8,1,3
15668,SERPINA3,1,15,2,47,0,14,4
15669,AKR1C3,1,62,6,67,0,4,4
15670,SPATS2L,1,5,0,36,0,0,2
15671,ZNF250,1,8,1,18,3,0,4
15672,WDSUB1,1,2,0,12,0,0,2
15673,ZNF79,1,6,1,15,1,1,4
15674,S100A4,1,19,0,48,0,11,3
15675,PLEKHG4,1,8,3,38,0,0,3
15676,KRTAP4-3,1,3,1,52,0,0,3
15677,FAT4,1,19,0,40,0,1,3
15678,KIF19,1,15,2,36,0,0,3
15679,OR6K2,1,7,1,13,0,0,3
15680,ZNF681,1,5,1,8,0,0,3
15681,ACADSB,1,12,2,54,0,1,4
15682,STK40,1,10,0,28,0,1,3
15683,OR10J1,1,9,1,16,0,0,3
15684,TMEM63A,1,17,1,19,0,0,3
15685,CTSE,1,6,2,34,0,8,4
15686,SEMA4A,1,17,1,40,0,0,3
15687,HRCT1,1,1,0,9,0,0,2
15688,MPHOSPH8,1,17,2,33,0,0,3
15689,GREB1,1,4,1,34,0,16,4
15690,SIRPB2,1,2,0,9,0,0,2
15691,ZNF766,1,7,0,12,0,0,2
15692,RYR1,1,50,2,85,0,0,3
15693,SRGAP3,1,10,3,37,0,0,3
15694,KRTAP5-3,1,2,1,12,0,0,3
15695,FAM217B,1,2,0,14,0,0,2
15696,SULT1C3,1,12,0,40,0,0,2
15697,TUBB,1,38,9,65,0,1,4
15698,LCOR,1,15,0,33,2,2,3
15699,SUPT5H,1,20,19,120,0,0,3
15700,XPNPEP3,1,12,0,35,0,0,2
15701,OR2T2,1,6,1,15,0,0,3
15702,OR2C3,1,6,1,0,0,0,2
15703,ZNF107,1,5,0,4,0,0,2
15704,OR10S1,1,6,2,25,0,0,3
15705,SFTA2,1,3,0,11,0,0,2
15706,PPIA,1,43,15,44,0,4,4
15707,ZNF471,1,7,1,13,0,0,3
15708,ZNF836,1,5,0,1,0,0,2
15709,ZNF493,1,6,1,5,0,0,3
15710,GTF2IRD2,1,5,0,22,0,0,2
15711,GRM7,1,35,2,53,0,1,4
15712,SUPT3H,1,12,1,56,1,1,4
15713,BECN2,1,16,0,46,0,0,2
15714,NIF3L1,1,10,0,39,0,0,2
15715,ATP2A1,1,41,4,49,0,1,4
15716,IARS,1,17,0,0,0,0,1
15717,MFSD14C,1,4,0,7,0,0,2
15718,POM121,1,10,31,35,0,0,3
15719,ZBTB44,1,2,0,15,1,0,3
15720,GIMAP5,1,6,0,19,0,0,2
15721,STK31,1,8,0,34,0,0,2
15722,CGB7,1,9,0,4,0,1,3
15723,NLGN3,1,41,1,63,0,0,3
15724,OR8D1,1,7,2,28,0,0,3
15725,ADH7,1,17,2,39,0,1,4
15726,ZKSCAN7,1,7,1,19,12,1,4
15727,ZNF729,1,6,1,3,0,0,3
15728,CD55,1,25,4,51,0,7,4
15729,CPNE4,1,7,0,8,0,0,2
15730,ZNF565,1,5,1,2,0,0,3
15731,NTNG2,1,17,1,38,0,1,4
15732,ELAVL3,1,7,0,42,0,0,2
15733,WDR5,1,25,17,126,0,5,4
15734,LONP1,1,32,2,40,0,4,4
15735,TRRAP,1,20,3,120,2,7,4
15736,NUDT11,1,11,1,30,0,0,3
15737,SRGAP2B,1,6,0,8,0,0,2
15738,FUT4,1,24,1,39,0,3,4
15739,ASB13,1,4,2,36,0,0,3
15740,SLC35F1,1,5,0,35,0,0,2
15741,ZNF34,1,8,1,9,0,0,3
15742,ZNF781,1,3,0,7,0,0,2
15743,ZNF140,1,10,1,4,1,0,4
15744,INCA1,1,9,0,16,0,0,2
15745,ZNF774,1,6,1,17,0,0,3
15746,PTPN1,1,74,9,48,0,12,4
15747,EVL,1,27,3,36,0,0,3
15748,SPANXD,1,3,0,23,0,0,2
15749,THEM5,1,5,1,14,0,0,3
15750,NOXO1,1,12,4,32,0,3,4
15751,EPHB4,1,18,4,38,0,5,4
15752,PRTN3,1,22,4,49,0,5,4
15753,ZNF765,1,6,1,2,0,0,3
15754,ZNF124,1,7,1,2,0,0,3
15755,XRCC6,1,53,5,121,0,2,4
15756,S100A5,1,10,0,24,0,0,2
15757,C20orf204,1,1,0,3,0,0,2
15758,PPP1R26,1,4,0,50,0,0,2
15759,NBPF4,1,1,0,8,0,2,3
15760,TSC22D2,1,3,0,18,0,0,2
15761,CRYBA4,1,6,0,30,0,0,2
15762,ASMT,1,13,1,37,0,2,4
15763,NPIPB15,1,1,0,3,0,0,2
15764,ZNF569,1,7,1,36,1,0,4
15765,ARMCX4,1,2,0,29,0,0,2
15766,YRDC,1,13,1,36,0,0,3
15767,ZNF777,1,10,1,20,0,0,3
15768,PIK3R4,1,31,12,64,0,0,3
15769,ZNF775,1,6,1,18,0,0,3
15770,ZNF605,1,2,1,13,0,0,3
15771,TRAPPC2,1,16,2,45,0,0,3
15772,RFX8,1,8,0,20,0,0,2
15773,MYL6B,1,14,1,49,0,0,3
15774,ZNF799,1,5,1,10,0,0,3
15775,FGF16,1,15,27,48,0,8,4
15776,SIAH1,1,27,3,44,0,3,4
15777,GK2,1,19,1,36,0,0,3
15778,C20orf96,1,1,0,10,0,0,2
15779,ESRRG,1,25,1,37,20,5,4
15780,IPO4,1,12,0,40,0,0,2
15781,NCOR2,1,29,19,109,58,6,4
15782,SULT1A1,1,18,2,37,0,6,4
15783,ARL9,1,2,0,11,0,0,2
15784,PRPF40A,1,10,2,72,0,0,3
15785,GDAP2,1,2,0,15,0,0,2
15786,TCEAL3,1,1,0,14,0,0,2
15787,ANAPC7,1,22,18,53,0,0,3
15788,TPK1,1,11,1,34,0,1,4
15789,SLC6A9,1,28,1,22,0,0,3
15790,AFAP1,1,8,0,29,0,0,2
15791,MYO18A,1,35,3,41,0,0,3
15792,OR2T3,1,6,1,11,0,0,3
15793,SPTSSB,1,9,1,13,0,0,3
15794,BORCS6,1,9,0,33,0,0,2
15795,MAN2A2,1,10,2,35,0,1,4
15796,MME,1,58,4,84,0,16,4
15797,CCDC196,1,0,0,5,0,0,1
15798,CACNA1H,1,25,3,75,0,1,4
15799,SULF2,1,27,0,35,0,2,3
15800,HBG2,1,12,1,32,0,12,4
15801,LAMA2,1,29,9,65,0,0,3
15802,PFN3,1,7,0,61,0,0,2
15803,PLXNB2,1,28,0,40,0,2,3
15804,OR5AC2,1,7,1,11,0,0,3
15805,AJAP1,1,14,0,24,0,0,2
15806,XRCC2,1,19,9,42,0,3,4
15807,MYO6,1,62,5,87,0,2,4
15808,MRTFA,1,15,2,50,3,4,4
15809,MBD3L2B,1,5,0,0,0,0,1
15810,HDAC2,1,56,26,202,0,5,4
15811,ZNF782,1,4,1,28,0,0,3
15812,SLC22A25,1,4,0,12,0,0,2
15813,POTEF,1,17,0,38,0,0,2
15814,MMP1,1,14,6,52,0,75,4
15815,ADH1B,1,13,1,46,0,9,4
15816,UGT2B15,1,6,3,49,0,9,4
15817,TCF4,1,27,3,68,55,13,4
15818,WNK3,1,34,1,38,0,0,3
15819,SDHAF3,1,4,1,32,0,0,3
15820,HRH1,1,15,2,33,0,6,4
15821,RABL6,1,6,0,32,0,0,2
15822,ZNF136,1,7,2,4,0,0,3
15823,ZKSCAN5,1,8,1,33,0,0,3
15824,ZNF502,1,8,0,2,0,0,2
15825,TRAPPC4,1,23,3,43,0,0,3
15826,TTC30B,1,10,0,36,0,0,2
15827,SLC30A10,1,33,1,41,0,0,3
15828,TECPR2,1,1,0,35,0,0,2
15829,TLR7,1,43,11,54,0,3,4
15830,FAM180B,1,2,0,8,0,0,2
15831,ZFP62,1,4,0,22,0,0,2
15832,ERI2,1,6,0,19,0,0,2
15833,TOMM7,1,11,2,49,0,0,3
15834,HSH2D,1,8,0,31,0,0,2
15835,TRPV1,1,38,1,97,0,5,4
15836,ZNF33B,1,5,1,5,0,0,3
15837,ZNF512B,1,12,1,37,0,0,3
15838,AMZ2,1,4,0,7,0,0,2
15839,ZNF431,1,6,1,20,1,0,4
15840,ALKAL1,1,10,2,9,0,0,3
15841,NF1,1,58,2,73,0,32,4
15842,VKORC1L1,1,7,1,8,0,0,3
15843,ZNF418,1,11,2,8,0,0,3
15844,DAPK1,1,37,1,49,0,14,4
15845,LCE1B,1,3,1,40,0,0,3
15846,COL27A1,1,9,6,41,0,2,4
15847,GM2A,1,21,2,28,0,2,4
15848,HIST1H2AI,1,0,0,0,0,0,0
15849,CLPSL2,1,7,0,8,0,0,2
15850,S100A2,1,6,0,38,0,8,3
15851,ZNF700,1,5,1,6,0,0,3
15852,POU3F4,1,15,0,37,4,0,3
15853,OR14A16,1,7,1,19,0,0,3
15854,CD47,1,33,4,56,0,1,4
15855,OR52K1,1,7,1,16,0,0,3
15856,TLE1,1,18,5,51,1,8,4
15857,MAML3,1,8,12,45,0,0,3
15858,HIST1H2AG,1,12,0,0,0,0,1
15859,STRN3,1,26,0,39,0,0,2
15860,ZNF239,1,12,0,11,2,0,3
15861,SPINK14,1,3,0,22,0,0,2
15862,SPRR2B,1,5,1,62,0,0,3
15863,CHRNG,1,28,1,38,0,2,4
15864,ZSCAN16,1,6,0,12,0,0,2
15865,MVB12B,1,21,5,38,0,0,3
15866,ILRUN,1,12,0,8,0,0,2
15867,OR11G2,1,6,1,14,0,0,3
15868,POTEI,1,14,0,17,0,0,2
15869,ADA,1,32,3,46,0,14,4
15870,ARID5A,1,30,0,28,4,0,3
15871,PATE2,1,1,0,31,0,0,2
15872,PPTC7,1,9,0,33,0,0,2
15873,KRT39,1,9,2,32,0,0,3
15874,TOMM20L,1,7,0,33,0,0,2
15875,RGPD4,1,5,0,32,0,0,2
15876,NHLRC2,1,4,1,35,0,0,3
15877,ZFP28,1,6,1,4,0,0,3
15878,KIAA1211L,1,0,0,9,0,0,1
15879,CBWD3,1,7,0,13,0,0,2
15880,SCN8A,1,24,2,56,0,2,4
15881,LAMB3,1,12,11,61,0,2,4
15882,HIST3H2BB,1,12,0,0,0,0,1
15883,TEX43,1,4,0,24,0,0,2
15884,KPNA5,1,9,3,40,0,0,3
15885,ANKRD36B,1,2,0,25,0,0,2
15886,ARHGEF12,1,14,7,50,0,0,3
15887,HCAR1,1,7,2,30,0,1,4
15888,PDLIM7,1,17,1,46,0,38,4
15889,FLNA,1,80,5,112,0,3,4
15890,TMEM26,1,1,0,33,0,0,2
15891,SRGAP1,1,8,4,32,0,0,3
15892,FAM3C,1,8,1,28,0,0,3
15893,NOP9,1,10,0,37,0,0,2
15894,OR2T4,1,6,2,23,0,0,3
15895,ZNF705A,1,6,1,6,0,0,3
15896,SLC39A10,1,15,1,27,0,2,4
15897,CASP4,1,34,5,40,0,10,4
15898,AP2A1,1,29,15,85,0,0,3
15899,ZNF585A,1,5,1,6,0,0,3
15900,FUT11,1,12,0,19,0,0,2
15901,SMIM10L2B,1,0,0,5,0,0,1
15902,ANXA4,1,26,0,32,0,1,3
15903,LAGE3,1,7,1,27,0,0,3
15904,WDR5B,1,3,0,27,0,0,2
15905,FAM163B,1,2,0,26,0,0,2
15906,WDR45,1,18,1,38,0,0,3
15907,METTL9,1,4,0,32,0,0,2
15908,ZNF138,1,6,1,4,0,0,3
15909,ZNF429,1,6,1,6,0,0,3
15910,ZNF470,1,7,1,11,0,0,3
15911,SERTAD1,1,7,0,30,0,1,3
15912,ZNF100,1,6,1,3,0,0,3
15913,CXorf40B,1,1,0,20,0,0,2
15914,ZNF398,1,7,1,34,2,2,4
15915,ZSCAN25,1,6,1,20,0,1,4
15916,ANXA6,1,26,1,33,0,0,3
15917,ZNF441,1,6,1,3,0,0,3
15918,GMFB,1,9,0,12,0,0,2
15919,SIGLEC15,1,7,1,32,0,0,3
15920,ZNF420,1,7,2,10,0,0,3
15921,ZNF763,1,7,0,33,0,0,2
15922,ZMYM1,1,3,0,18,0,0,2
15923,DTHD1,1,1,0,21,0,0,2
15924,HIST1H4C,1,0,0,0,0,0,0
15925,ZSCAN26,1,9,0,13,1,0,3
15926,MAFG,1,17,3,38,8,2,4
15927,ARRDC1,1,16,0,32,0,0,2
15928,KIAA1671,1,2,0,23,0,0,2
15929,KRT35,1,12,2,41,0,1,4
15930,IGF2R,1,51,5,66,0,3,4
15931,LCE1C,1,2,1,34,0,0,3
15932,GAL3ST4,1,14,0,13,0,0,2
15933,DYNC1H1,1,37,21,81,0,12,4
15934,SLC6A17,1,24,0,18,0,0,2
15935,IFNL3,1,9,1,35,0,13,4
15936,PCBP2,1,25,6,53,0,0,3
15937,ZGPAT,1,14,0,38,12,0,3
15938,SLC25A29,1,14,1,19,0,0,3
15939,PGAP1,1,6,1,34,0,0,3
15940,SRC,1,112,38,422,0,27,4
15941,ZNF679,1,6,1,8,0,0,3
15942,ZNF682,1,5,1,2,0,0,3
15943,OR8B8,1,7,1,21,0,0,3
15944,ZNF772,1,6,1,20,0,0,3
15945,ZNF257,1,5,2,3,0,0,3
15946,PCNX3,1,2,0,23,0,0,2
15947,ADAM32,1,11,0,13,0,0,2
15948,ACSL5,1,15,1,45,0,5,4
15949,LRRC8B,1,9,1,41,0,0,3
15950,ABCB8,1,15,1,33,0,1,4
15951,HIST1H3J,1,0,0,0,0,0,0
15952,SND1,1,24,1,45,2,9,4
15953,ZNF785,1,6,1,5,0,0,3
15954,SULT1A2,1,13,1,29,0,0,3
15955,PSMD12,1,19,69,82,0,0,3
15956,MAGEA6,1,5,0,29,0,0,2
15957,ADGRA1,1,10,0,29,0,0,2
15958,PIWIL2,1,26,1,43,0,0,3
15959,NOL4L,1,2,0,13,0,0,2
15960,CYSRT1,1,6,0,19,0,0,2
15961,SLC22A4,1,34,2,39,0,8,4
15962,ZSCAN5B,1,5,0,2,0,0,2
15963,ENTPD4,1,20,1,36,0,0,3
15964,C1D,1,15,3,48,0,0,3
15965,TBC1D9B,1,5,0,27,0,0,2
15966,HIST1H4J,1,0,0,0,0,0,0
15967,SLC2A7,1,14,1,15,0,0,3
15968,FAM110D,1,1,0,9,0,0,2
15969,SERPINA1,1,14,6,91,0,11,4
15970,TPSB2,1,8,0,13,0,4,3
15971,KANK2,1,17,0,35,0,0,2
15972,C6orf141,1,1,0,5,0,0,2
15973,GTF2E2,1,12,9,63,0,0,3
15974,IL27,1,18,1,32,0,18,4
15975,GUCA2A,1,5,1,36,0,1,4
15976,RAD54B,1,13,0,38,0,0,2
15977,ZNF165,1,6,0,16,3,0,3
15978,SYNGAP1,1,12,1,50,0,1,4
15979,FITM2,1,14,1,28,0,0,3
15980,BLM,1,63,17,86,0,1,4
15981,ZNF720,1,6,0,11,0,0,2
15982,OR10D3,1,6,1,13,0,0,3
15983,DDI2,1,13,0,32,0,0,2
15984,SVIL,1,22,0,35,0,1,3
15985,TRIM33,1,16,2,55,0,1,4
15986,LRP10,1,5,1,32,0,0,3
15987,PELI1,1,23,4,34,0,0,3
15988,ZNF655,1,10,1,6,0,1,4
15989,LYPD2,1,3,1,31,0,0,3
15990,UAP1L1,1,4,0,33,0,0,2
15991,ZNF98,1,7,0,5,0,0,2
15992,FBXL22,1,7,2,28,0,0,3
15993,ZNF786,1,5,1,21,0,0,3
15994,ZNF517,1,6,1,7,0,0,3
15995,S100A7L2,1,6,0,13,0,0,2
15996,ZNF675,1,17,1,15,0,0,3
15997,SLC22A5,1,30,3,42,0,7,4
15998,DACT3,1,8,0,15,0,2,3
15999,ADARB1,1,22,2,38,0,3,4
16000,ZNF860,1,6,1,8,0,0,3
16001,HTT,1,53,1,96,0,24,4
16002,OR6N1,1,6,1,19,0,0,3
16003,C5AR1,1,33,5,41,0,0,3
16004,DIO3,1,8,1,34,0,6,4
16005,CYP2B6,1,19,4,91,0,28,4
16006,DCHS2,1,17,0,14,0,0,2
16007,VEPH1,1,6,0,9,0,0,2
16008,FABP12,1,7,1,5,0,0,3
16009,SHPK,1,14,1,37,0,0,3
16010,OR51D1,1,9,2,27,0,0,3
16011,IPP,1,8,0,19,0,0,2
16012,OPALIN,1,4,0,52,0,2,3
16013,OR13G1,1,7,1,36,0,0,3
16014,MAP3K5,1,36,1,54,0,8,4
16015,OGDHL,1,9,0,42,0,0,2
16016,CYP2F1,1,13,3,40,0,3,4
16017,GSTK1,1,18,2,33,0,14,4
16018,HNRNPAB,1,25,0,38,0,0,2
16019,OR2L5,1,6,1,13,0,0,3
16020,STMN3,1,17,0,19,0,0,2
16021,PDGFA,1,49,2,37,0,19,4
16022,GYPE,1,2,0,35,0,0,2
16023,COL13A1,1,15,4,38,0,2,4
16024,SPN,1,30,2,47,0,7,4
16025,ZNF695,1,6,0,6,0,0,2
16026,PCDHB11,1,11,0,8,0,0,2
16027,ZNF628,1,9,0,21,0,0,2
16028,GALP,1,10,0,21,0,0,2
16029,SLC2A10,1,32,2,38,0,2,4
16030,ZNF665,1,8,1,7,0,0,3
16031,RPF2,1,13,0,129,0,0,2
16032,SLC28A3,1,21,3,34,0,0,3
16033,FAM177B,1,0,0,4,0,0,1
16034,MIB2,1,15,10,34,0,0,3
16035,OR6Y1,1,6,1,11,0,0,3
16036,MYO5A,1,38,5,66,0,1,4
16037,GZMM,1,9,1,33,0,0,3
16038,ATG7,1,38,5,86,0,2,4
16039,SIPA1L1,1,17,1,35,0,0,3
16040,TTC30A,1,5,0,40,0,0,2
16041,SSPO,1,4,0,0,0,0,1
16042,ELANE,1,51,8,66,0,18,4
16043,RAB40C,1,19,1,27,0,0,3
16044,PIGN,1,7,1,30,0,0,3
16045,COL4A6,1,12,12,55,0,0,3
16046,ZNF624,1,6,1,6,0,0,3
16047,HHLA3,1,1,0,6,0,0,2
16048,HOXA4,1,14,1,35,3,6,4
16049,TOPORS,1,33,3,50,0,0,3
16050,BCO2,1,19,1,21,0,0,3
16051,KCNMB2,1,14,2,19,0,0,3
16052,ENTPD6,1,18,1,37,0,0,3
16053,DMBX1,1,18,0,7,4,0,3
16054,OR11L1,1,8,1,24,0,0,3
16055,ENPP1,1,52,2,124,0,6,4
16056,CCDC154,1,2,0,18,0,0,2
16057,FAR1,1,12,1,32,0,0,3
16058,CPLANE1,1,4,0,34,0,0,2
16059,ZNF841,1,4,0,17,0,0,2
16060,MFAP5,1,8,2,42,0,0,3
16061,ZNF615,1,4,1,8,0,1,4
16062,CXorf40A,1,4,0,13,0,0,2
16063,CDC42SE1,1,8,0,10,0,1,3
16064,MPEG1,1,15,0,32,0,0,2
16065,SERPINB2,1,7,2,33,0,11,4
16066,DPP4,1,41,2,64,0,6,4
16067,SERPINB13,1,14,1,35,0,1,4
16068,PDCD1LG2,1,14,2,44,0,2,4
16069,ZNF433,1,7,1,6,0,0,3
16070,CCER1,1,4,0,14,0,0,2
16071,DNAH10,1,11,0,34,0,0,2
16072,SLC22A24,1,6,0,18,0,1,3
16073,OR51C1P,1,9,0,0,0,0,1
16074,KRTAP26-1,1,4,1,31,0,0,3
16075,SPTAN1,1,28,11,56,0,5,4
16076,NMB,1,23,2,40,0,0,3
16077,PARVA,1,29,3,42,0,0,3
16078,KLHL14,1,7,0,14,0,0,2
16079,OR6C74,1,6,1,13,0,0,3
16080,FAM114A1,1,5,0,4,0,0,2
16081,RPE,1,11,1,37,0,0,3
16082,ZNF460,1,7,1,11,0,0,3
16083,CR1L,1,10,0,17,0,0,2
16084,PHF2,1,18,1,32,0,1,4
16085,C14orf178,1,0,0,9,0,0,1
16086,SCGB1D4,1,1,0,13,0,0,2
16087,PSAP,1,36,5,41,0,9,4
16088,S100A10,1,29,1,50,0,6,4
16089,CFAP43,1,7,0,51,0,0,2
16090,HOXC6,1,10,0,32,12,7,3
16091,TXNRD3,1,14,0,50,0,2,3
16092,CFD,1,12,3,34,0,3,4
16093,STPG3,1,1,0,11,0,0,2
16094,MAP1LC3C,1,20,1,45,0,0,3
16095,MCMBP,1,7,0,36,0,1,3
16096,EME2,1,16,2,35,0,0,3
16097,KLHDC1,1,7,0,27,0,0,2
16098,ZNF81,1,6,0,17,0,0,2
16099,TAF13,1,15,11,56,0,0,3
16100,ZNF780A,1,7,0,19,0,0,2
16101,ATAD3A,1,16,0,37,0,0,2
16102,OR5B17,1,7,1,13,0,0,3
16103,OR52M1,1,7,1,16,0,0,3
16104,FAM118B,1,8,0,16,0,0,2
16105,ZNF461,1,7,1,10,3,3,4
16106,CCDC180,1,1,0,26,0,0,2
16107,SLC9A8,1,22,1,24,0,1,4
16108,OCLN,1,30,2,80,0,14,4
16109,CFAP299,1,3,0,33,0,0,2
16110,HIST4H4,1,0,0,0,0,0,0
16111,CYP2A13,1,13,4,56,0,13,4
16112,ZNF181,1,5,0,2,0,1,3
16113,OR8G1,1,8,1,17,0,0,3
16114,INKA2,1,5,0,8,0,0,2
16115,ZNF44,1,5,0,34,0,0,2
16116,GPAA1,1,10,1,49,0,0,3
16117,ADAMTSL2,1,6,2,25,0,0,3
16118,SGTB,1,10,0,32,0,0,2
16119,ZNF790,1,5,1,9,0,0,3
16120,PRB3,1,3,0,32,0,0,2
16121,FAM49A,1,7,0,11,0,0,2
16122,MYO1C,1,41,5,59,0,0,3
16123,NKIRAS1,1,7,3,9,0,0,3
16124,OR1S2,1,7,1,12,0,0,3
16125,UGT2B17,1,7,3,47,0,7,4
16126,MEIG1,1,6,0,19,0,0,2
16127,SLC22A12,1,16,2,37,0,2,4
16128,KIF13B,1,19,2,38,0,0,3
16129,NRAP,1,11,0,38,0,0,2
16130,ADH5,1,17,1,41,0,5,4
16131,SLC22A6,1,23,1,46,0,3,4
16132,TEAD4,1,22,5,46,12,0,4
16133,SPG7,1,18,2,86,0,1,4
16134,HRNR,1,13,1,34,0,0,3
16135,IFNA1,1,5,6,77,0,43,4
16136,HES5,1,51,6,48,6,12,4
16137,ZNF677,1,5,1,5,0,0,3
16138,ERO1A,1,23,1,41,0,2,4
16139,ZNF823,1,5,0,12,0,0,2
16140,ZNF311,1,5,1,15,0,0,3
16141,ZNF347,1,6,1,10,0,0,3
16142,OR5H2,1,7,1,18,0,0,3
16143,PLCG2,1,69,15,112,0,6,4
16144,FCHSD1,1,15,0,35,0,0,2
16145,ZNF71,1,6,1,6,0,0,3
16146,AADACL2,1,4,0,33,0,0,2
16147,S100A6,1,24,0,54,0,11,3
16148,DNM3,1,21,5,38,0,1,4
16149,ZNF121,1,5,0,2,0,0,2
16150,MPZL1,1,9,0,28,0,0,2
16151,VPS13A,1,27,0,35,0,0,2
16152,MBP,1,20,1,64,0,32,4
16153,AKAP17A,1,10,0,32,0,0,2
16154,ELOVL2,1,17,3,33,0,0,3
16155,LEKR1,1,0,0,19,0,0,1
16156,C1orf122,1,0,0,10,0,0,1
16157,CLEC9A,1,4,0,36,0,0,2
16158,KEL,1,8,1,35,0,2,4
16159,NOL8,1,6,0,32,0,0,2
16160,IRAK4,1,38,10,50,0,5,4
16161,CCDC151,1,14,0,54,0,0,2
16162,DLGAP2,1,11,1,41,0,0,3
16163,ENTPD7,1,20,1,6,0,1,4
16164,FCGR1B,1,14,0,30,0,0,2
16165,ZNF335,1,17,1,32,8,0,4
16166,ZNF560,1,6,1,1,0,0,3
16167,TUBA3C,1,12,32,38,0,0,3
16168,ZNF273,1,6,2,7,0,0,3
16169,ZNF84,1,6,0,9,0,0,2
16170,MAK16,1,6,0,65,0,0,2
16171,ZNF667,1,7,1,7,1,2,4
16172,AVPR1B,1,21,3,35,0,0,3
16173,SIRPA,1,45,3,54,0,1,4
16174,GRK6,1,14,1,35,0,0,3
16175,PRIM1,1,10,9,58,0,0,3
16176,MARCH5,1,22,0,0,0,0,1
16177,POTEH,1,0,0,22,0,0,1
16178,AKR1B10,1,21,1,43,0,9,4
16179,SULT1C4,1,12,2,41,0,3,4
16180,CYP2A7,1,12,3,33,0,0,3
16181,ZBTB14,1,14,0,29,6,1,3
16182,KRTAP9-9,1,2,1,37,0,0,3
16183,CD2AP,1,41,1,88,0,7,4
16184,NUP62CL,1,5,0,45,0,0,2
16185,SFI1,1,4,7,37,0,0,3
16186,KRTAP4-6,1,2,1,20,0,0,3
16187,TMPRSS11F,1,8,0,1,0,0,2
16188,ZNF649,1,7,2,1,0,0,3
16189,ADH4,1,24,2,43,0,5,4
16190,OR2T6,1,6,1,12,0,0,3
16191,ZNF248,1,7,1,13,0,0,3
16192,CHSY3,1,6,1,22,0,0,3
16193,TOR4A,1,9,1,11,0,0,3
16194,LPAR1,1,48,3,49,0,1,4
16195,MB,1,12,1,45,0,4,4
16196,OR2L3,1,6,1,14,0,0,3
16197,HIBCH,1,5,2,70,0,0,3
16198,ZNF544,1,5,1,6,0,0,3
16199,TMEM229B,1,2,0,15,0,0,2
16200,SOWAHC,1,0,3,36,0,0,2
16201,ZNF770,1,3,1,23,0,0,3
16202,HMGN5,1,12,0,14,0,0,2
16203,MIER1,1,14,0,26,1,1,3
16204,MAN1A2,1,11,2,35,0,0,3
16205,SVIP,1,17,1,22,0,0,3
16206,ZNF251,1,6,0,9,0,0,2
16207,DDRGK1,1,35,1,36,0,0,3
16208,FAM47C,1,0,0,20,0,0,1
16209,TFDP1,1,29,19,43,30,2,4
16210,CLEC4C,1,9,2,37,0,1,4
16211,ZNF607,1,7,1,6,0,0,3
16212,BPIFA1,1,12,1,37,0,3,4
16213,ZNF334,1,6,1,3,0,0,3
16214,HSD17B11,1,10,1,32,0,3,4
16215,SZT2,1,15,1,32,0,0,3
16216,SULT1C2,1,11,1,20,0,3,4
16217,ZXDA,1,7,0,4,2,0,3
16218,CACNA1E,1,15,2,39,0,1,4
16219,QRICH1,1,14,0,40,0,1,3
16220,CSF2RA,1,20,6,40,0,2,4
16221,FKBP1C,1,4,0,39,0,0,2
16222,DDX42,1,17,5,41,0,0,3
16223,SLC29A3,1,32,3,31,0,0,3
16224,STYX,1,9,0,24,0,0,2
16225,UBL5,1,9,1,47,0,0,3
16226,HELZ,1,17,0,37,0,0,2
16227,TMEM116,1,4,0,48,0,0,2
16228,KRTAP4-5,1,4,1,40,0,0,3
16229,UCKL1,1,13,1,35,0,0,3
16230,OR5B21,1,7,1,33,0,0,3
16231,CARD11,1,25,4,41,0,2,4
16232,ZNF485,1,11,1,2,0,0,3
16233,PEG3,1,10,0,36,7,7,3
16234,SDAD1,1,3,0,64,0,0,2
16235,ZKSCAN8,1,8,1,24,0,0,3
16236,PHETA1,1,13,0,25,0,0,2
16237,TMEM239,1,2,0,8,0,0,2
16238,HYLS1,1,9,0,16,0,0,2
16239,MYL4,1,10,1,48,0,6,4
16240,ZNF442,1,5,1,7,0,0,3
16241,ZNF813,1,5,0,7,0,0,2
16242,HOXC4,1,15,2,42,3,5,4
16243,DCAF12L2,1,1,0,39,0,0,2
16244,PIM3,1,11,0,19,0,3,3
16245,GET3,1,13,1,47,0,0,3
16246,ASPH,1,35,3,40,0,5,4
16247,SPRED2,1,18,3,35,0,0,3
16248,WWP2,1,27,5,59,0,0,3
16249,GFPT1,1,11,3,47,0,0,3
16250,UVRAG,1,41,4,56,0,1,4
16251,KRTAP13-1,1,3,1,36,0,0,3
16252,ZNF26,1,3,1,7,0,0,3
16253,TMEM207,1,2,0,19,0,0,2
16254,ITSN2,1,14,3,124,0,0,3
16255,NTRK1,1,72,9,126,0,21,4
16256,OGA,1,13,0,41,0,29,3
16257,MT1F,1,11,1,14,0,4,4
16258,TCAF1,1,7,0,18,0,1,3
16259,ZNF69,1,7,0,4,0,0,2
16260,TXNRD1,1,21,8,68,0,5,4
16261,NRARP,1,6,0,35,0,2,3
16262,ZNF583,1,6,1,11,0,0,3
16263,KRTAP4-1,1,3,1,38,0,0,3
16264,CCT8L2,1,9,0,38,0,0,2
16265,ZNF568,1,11,1,7,0,0,3
16266,ZXDB,1,7,0,7,0,1,3
16267,ZNF480,1,7,1,4,0,0,3
16268,ZNF587,1,6,1,6,0,0,3
16269,TPM2,1,15,2,58,0,5,4
16270,RTP2,1,7,1,42,0,0,3
16271,SH3BGRL2,1,3,0,4,0,0,2
16272,ZNF808,1,8,0,6,0,0,2
16273,ANKRD35,1,1,0,17,0,0,2
16274,B3GNT6,1,11,1,37,0,0,3
16275,YTHDF2,1,32,0,47,0,0,2
16276,TMA16,1,7,0,41,0,0,2
16277,ATL1,1,19,0,36,0,0,2
16278,CNGA1,1,20,2,43,0,0,3
16279,MAFK,1,14,13,35,22,5,4
16280,ARMH1,1,2,0,8,0,0,2
16281,ZNF43,1,5,1,9,0,1,4
16282,GPN1,1,8,0,43,0,1,3
16283,PLN,1,45,2,43,0,1,4
16284,C2CD4A,1,6,0,32,0,0,2
16285,ZNF28,1,6,2,14,0,0,3
16286,ITGBL1,1,12,1,32,0,0,3
16287,ZNF511,1,4,0,29,0,0,2
16288,ZNF627,1,6,1,5,0,0,3
16289,KCNRG,1,5,0,37,0,0,2
16290,WDHD1,1,10,0,60,0,0,2
16291,ZNF789,1,7,0,13,0,0,2
16292,CTNND1,1,27,10,76,0,10,4
16293,DDX39B,1,25,4,85,0,0,3
16294,SLC34A3,1,14,2,35,0,1,4
16295,RD3,1,14,0,35,0,0,2
16296,SPANXC,1,3,0,18,0,0,2
16297,SH2D1B,1,6,1,35,0,0,3
16298,ARC,1,34,1,33,0,5,4
16299,NUDT16,1,25,1,45,0,0,3
16300,TLK1,1,11,0,33,0,0,2
16301,LRBA,1,10,0,32,0,2,3
16302,ZNF536,1,7,0,15,0,0,2
16303,MMP17,1,11,1,22,0,2,4
16304,OR2M2,1,6,2,20,0,0,3
16305,BAZ1A,1,15,0,37,0,1,3
16306,AKR1C4,1,35,4,34,0,6,4
16307,COPS8,1,15,4,44,0,0,3
16308,CCDC69,1,7,0,7,0,0,2
16309,MDM4,1,26,7,46,0,1,4
16310,RYR2,1,77,2,92,0,2,4
16311,ZNF534,1,7,1,7,0,0,3
16312,KLHL9,1,10,2,45,0,0,3
16313,FAM3D,1,5,0,7,0,0,2
16314,NCOA6,1,20,15,48,5,3,4
16315,STK39,1,52,0,41,0,6,3
16316,TAT,1,26,1,43,0,31,4
16317,C6orf89,1,10,0,6,0,0,2
16318,CALM1,1,58,56,93,0,14,4
16319,TAFA2,1,7,0,10,0,0,2
16320,OR10G6,1,6,1,16,0,0,3
16321,TTC37,1,11,0,47,0,0,2
16322,OR5BS1P,1,7,0,2,0,0,2
16323,TUSC1,1,0,0,4,0,0,1
16324,MAGEA1,1,8,0,53,0,0,2
16325,PAPSS2,1,10,3,37,0,6,4
16326,SLC9A6,1,26,2,35,0,0,3
16327,FAN1,1,17,1,38,0,0,3
16328,ABCA4,1,29,3,64,0,4,4
16329,EIF1AY,1,5,0,48,0,0,2
16330,MT-ND6,1,9,4,50,0,0,3
16331,IPO9,1,14,0,35,0,0,2
16332,GPX6,1,6,1,69,0,1,4
16333,CEP290,1,31,8,125,0,0,3
16334,MT-CO2,1,18,6,113,0,0,3
16335,GLMP,1,8,0,11,0,0,2
16336,TOGARAM1,1,14,0,30,0,0,2
16337,DLL1,1,70,13,58,0,21,4
16338,ANKRD13B,1,8,0,14,0,0,2
16339,ECI2,1,10,0,47,0,0,2
16340,UNC13B,1,30,5,52,0,0,3
16341,TEX45,1,1,0,10,0,0,2
16342,MT-CYB,1,11,3,77,0,0,3
16343,LDB1,1,33,4,57,3,5,4
16344,PPP1R14C,1,5,0,16,0,0,2
16345,CTR9,1,20,7,75,0,1,4
16346,SMOC1,1,12,0,32,0,0,2
16347,F5,1,20,10,46,0,1,4
16348,MSRB1,1,14,1,37,0,2,4
16349,LRRTM3,1,8,1,35,0,0,3
16350,ZNF652,1,6,0,10,0,1,3
16351,SMURF1,1,43,8,63,0,2,4
16352,SLC5A3,1,26,1,25,0,1,4
16353,GPATCH3,1,9,0,32,0,0,2
16354,CDC42BPB,1,23,3,45,0,0,3
16355,OXCT2,1,7,1,34,0,0,3
16356,COLGALT2,1,4,1,38,0,0,3
16357,EPS8L3,1,10,0,25,0,0,2
16358,EGFL6,1,7,0,19,0,0,2
16359,MT-ND2,1,13,4,72,0,0,3
16360,SYCP1,1,20,1,61,0,0,3
16361,APCDD1L,1,5,0,1,0,0,2
16362,RCSD1,1,11,0,24,0,0,2
16363,RASSF9,1,9,0,11,0,0,2
16364,FAM169A,1,4,1,33,0,0,3
16365,ZNF830,1,14,5,37,0,0,3
16366,GRIN3A,1,51,1,52,0,2,4
16367,MT-ND5,1,12,4,73,0,0,3
16368,MUC2,1,15,6,83,0,26,4
16369,CNOT7,1,36,3,57,4,0,4
16370,TMEM184B,1,3,0,23,0,0,2
16371,MTOR,1,108,15,136,0,2,4
16372,SCAMP5,1,15,0,18,0,0,2
16373,ZNF521,1,6,3,38,3,2,4
16374,ALPK2,1,11,0,9,0,0,2
16375,BRINP2,1,10,0,12,0,0,2
16376,MAGEB3,1,4,0,6,0,0,2
16377,LRIG2,1,9,0,31,0,3,3
16378,MT-CO1,1,19,6,99,0,1,4
16379,PNP,1,35,5,71,0,2,4
16380,PAX9,1,15,0,43,10,0,3
16381,LRRC10,1,8,0,41,0,3,3
16382,GK,1,16,1,37,0,13,4
16383,FOXJ3,1,14,0,15,2,0,3
16384,ZNF358,1,7,0,21,0,0,2
16385,SFT2D1,1,5,0,16,0,0,2
16386,CD247,1,25,0,80,0,2,3
16387,GRM3,1,24,2,50,0,0,3
16388,CHAMP1,1,12,0,24,0,0,2
16389,INPP5F,1,26,1,39,0,0,3
16390,ARHGAP11A,1,6,1,44,0,0,3
16391,SUCNR1,1,8,2,32,0,0,3
16392,SELENOM,1,6,0,34,0,0,2
16393,UBE2J1,1,10,1,50,0,0,3
16394,GJC2,1,10,1,39,0,1,4
16395,OPA1,1,41,2,33,0,0,3
16396,DENND4B,1,5,1,14,0,0,3
16397,RYR3,1,27,2,42,0,0,3
16398,ZNF277,1,2,0,23,1,0,3
16399,MT-ND3,1,13,3,70,0,1,4
16400,KTI12,1,2,0,33,0,0,2
16401,DUSP27,1,6,0,6,0,0,2
16402,SELENOT,1,13,0,37,0,0,2
16403,ARHGEF15,1,14,5,32,0,1,4
16404,TOX,1,15,0,16,4,2,3
16405,CES1,1,28,4,38,0,5,4
16406,CD3E,1,39,6,67,0,17,4
16407,RUSC2,1,7,0,39,0,0,2
16408,C1orf68,1,1,0,22,0,0,2
16409,FICD,1,15,0,15,0,0,2
16410,OSTC,1,10,5,33,0,0,3
16411,R3HDM4,1,2,0,43,0,0,2
16412,TSEN15,1,8,1,14,0,0,3
16413,LTN1,1,12,2,47,0,0,3
16414,RUNDC1,1,0,0,13,0,0,1
16415,CCDC152,1,1,0,7,0,0,2
16416,STKLD1,1,2,0,9,0,0,2
16417,GRK5,1,23,2,73,0,7,4
16418,TYW1,1,7,1,32,0,0,3
16419,DCAF12,1,15,0,54,0,0,2
16420,SFMBT2,1,10,0,14,0,0,2
16421,ASB12,1,5,2,51,0,0,3
16422,PNMA5,1,4,0,11,0,0,2
16423,ITPRIPL1,1,6,0,18,0,0,2
16424,MT-ND4,1,21,3,128,0,0,3
16425,SMC5,1,26,1,70,0,1,4
16426,MT-ND1,1,13,4,85,0,0,3
16427,DCAF12L1,1,2,0,36,0,0,2
16428,PRMT6,1,23,2,41,0,0,3
16429,SHISA4,1,2,0,38,0,0,2
16430,CIPC,1,6,1,12,0,0,3
16431,CAPZA2,1,13,8,65,0,0,3
16432,MT-ATP6,1,11,4,67,0,11,4
16433,TOP1,1,41,1,56,0,4,4
16434,PRC1,1,34,1,55,0,5,4
16435,MAP3K3,1,11,1,33,0,0,3
16436,L1CAM,1,23,5,60,0,25,4
16437,SREBF2,1,41,6,70,67,7,4
16438,C1orf174,1,3,0,11,0,0,2
16439,POU3F3,1,25,1,33,4,1,4
16440,RASGEF1A,1,7,1,18,0,0,3
16441,SPOUT1,1,17,0,35,0,0,2
16442,DZIP3,1,9,1,33,0,0,3
16443,KIAA0753,1,9,0,37,0,0,2
16444,DCLRE1A,1,9,1,42,0,0,3
16445,ATG9A,1,28,2,49,0,1,4
16446,NOS1AP,1,26,0,42,0,0,2
16447,CSAG1,1,3,0,20,0,0,2
16448,APRT,1,14,3,116,0,19,4
16449,GPRASP1,1,6,0,25,0,1,3
16450,TBKBP1,1,5,0,29,0,0,2
16451,MAGEE1,1,7,0,14,0,2,3
16452,CCDC167,1,2,0,14,0,0,2
16453,MT-CO3,1,14,5,106,0,0,3
16454,ZFP2,1,6,1,3,0,0,3
16455,SOWAHA,1,0,0,13,0,0,1
16456,L3MBTL3,1,14,0,26,0,0,2
16457,DMD,1,90,3,63,0,6,4
16458,MFAP3L,1,7,0,10,0,0,2
16459,NAGA,1,12,0,32,0,0,2
16460,SMG5,1,17,1,44,0,0,3
16461,KIF1BP,1,9,0,0,0,0,1
16462,TGM2,1,41,0,37,0,11,3
16463,ARMCX6,1,6,0,9,0,0,2
16464,PJA2,1,25,1,32,0,1,4
16465,RORB,1,30,2,40,5,0,4
16466,SGMS1,1,18,1,36,0,0,3
16467,OR10R2,1,7,1,14,0,0,3
16468,OR10Z1,1,7,1,16,0,0,3
16469,INF2,1,8,0,46,0,0,2
16470,IQANK1,1,0,0,11,0,0,1
16471,GP1BB,1,13,9,44,0,1,4
16472,OR2T5,1,6,1,20,0,0,3
16473,OR2L2,1,6,1,13,0,0,3
16474,EFCAB2,1,8,0,26,0,0,2
16475,COX20,1,4,1,32,0,0,3
16476,CHML,1,11,2,86,0,1,4
16477,STUM,1,2,0,4,0,0,2
16478,TCP10,1,0,0,29,0,0,1
16479,CAPN8,1,5,1,17,0,0,3
16480,TATDN3,1,5,0,22,0,0,2
16481,CR1,1,43,4,43,0,9,4
16482,RAET1G,1,13,1,24,0,1,4
16483,C1orf53,1,1,0,4,0,0,2
16484,SAMD5,1,2,0,14,0,1,3
16485,TEDDM1,1,1,0,15,0,0,2
16486,GJE1,1,6,0,21,0,0,2
16487,ECT2L,1,1,0,25,0,0,2
16488,METTL11B,1,4,0,31,0,0,2
16489,FCGR3A,1,21,7,125,0,3,4
16490,TMEM244,1,1,0,16,0,0,2
16491,OR6K3,1,7,1,19,0,0,3
16492,CENPW,1,15,1,39,0,2,4
16493,SPRN,1,9,1,17,0,0,3
16494,FAM229B,1,1,0,17,0,0,2
16495,FANK1,1,12,0,27,0,0,2
16496,LOR,1,10,0,87,0,0,2
16497,PRR9,1,0,0,17,0,1,2
16498,LELP1,1,1,1,42,0,0,3
16499,SPRR2E,1,8,1,39,0,0,3
16500,KPRP,1,3,1,46,0,0,3
16501,EEF1AKMT2,1,7,1,38,0,0,3
16502,FAM24A,1,1,0,7,0,0,2
16503,DDO,1,13,2,36,0,0,3
16504,PLPP4,1,11,1,45,0,0,3
16505,PNLIPRP3,1,11,1,37,0,0,3
16506,HSD3B1,1,20,3,63,0,10,4
16507,HSD3B2,1,17,3,55,0,21,4
16508,RBM20,1,16,0,36,0,0,2
16509,SMIM9,1,1,0,11,0,0,2
16510,C6orf163,1,3,0,14,0,0,2
16511,RIPPLY2,1,6,1,20,0,1,4
16512,GDI1,1,25,1,92,0,1,4
16513,PCMTD2,1,3,0,22,0,0,2
16514,SOX18,1,30,0,40,6,6,3
16515,LIME1,1,7,0,32,0,0,2
16516,OOEP,1,22,0,22,0,0,2
16517,KHDC3L,1,24,0,34,0,0,2
16518,DPPA5,1,4,0,27,0,1,3
16519,C1orf146,1,8,0,23,0,0,2
16520,SPANXN1,1,0,0,8,0,0,1
16521,CXorf66,1,2,0,34,0,0,2
16522,C10orf62,1,1,0,13,0,0,2
16523,SAMD13,1,0,0,10,0,0,1
16524,RTL8A,1,1,0,6,0,0,2
16525,CCDC160,1,0,0,40,0,0,1
16526,C1orf141,1,0,0,8,0,0,1
16527,EFCAB7,1,10,1,30,0,0,3
16528,DEFB110,1,7,2,27,0,0,3
16529,GLYATL3,1,3,4,8,0,0,3
16530,LDLRAD1,1,2,0,37,0,0,2
16531,RHOXF2B,1,9,0,8,0,0,2
16532,ZYG11A,1,1,0,29,0,0,2
16533,LCN8,1,2,0,26,0,3,3
16534,C1orf185,1,1,0,3,0,0,2
16535,GLT6D1,1,6,0,13,0,0,2
16536,IFIT1B,1,6,0,34,0,0,2
16537,CT83,1,2,0,16,0,0,2
16538,LIPN,1,9,1,35,0,0,3
16539,LIPK,1,7,1,4,0,0,3
16540,LIPJ,1,4,1,12,0,0,3
16541,TRPC5OS,1,0,0,0,0,0,0
16542,LRIT2,1,1,0,23,0,0,2
16543,LRRC73,1,1,0,10,0,0,2
16544,FOXO6,1,15,4,26,5,3,4
16545,TCEAL5,1,2,0,9,0,0,2
16546,SYS1,1,8,1,43,0,0,3
16547,TCEAL6,1,1,0,24,0,0,2
16548,INPP5B,1,19,2,36,0,0,3
16549,RPA4,1,16,1,34,0,0,3
16550,NEU4,1,17,1,35,0,0,3
16551,MAFB,1,30,1,56,42,7,4
16552,TRAF3IP1,1,24,0,40,0,0,2
16553,CHIC1,1,3,0,11,0,0,2
16554,GIGYF2,1,25,0,45,0,0,2
16555,C2orf72,1,0,0,2,0,0,1
16556,RUFY2,1,7,0,23,0,0,2
16557,NHSL2,1,2,0,18,0,0,2
16558,PHACTR4,1,14,0,15,0,0,2
16559,CLPSL1,1,4,0,28,0,0,2
16560,ASAH2B,1,6,0,9,0,0,2
16561,ZDHHC18,1,9,0,10,0,0,2
16562,TMEM273,1,1,0,6,0,0,2
16563,CXorf65,1,1,0,22,0,0,2
16564,AGAP9,1,2,0,3,0,0,2
16565,GPRIN2,1,3,0,35,0,0,2
16566,SYT15,1,8,0,3,0,0,2
16567,MACO1,1,13,2,33,0,0,3
16568,PTPN20,1,5,1,37,0,0,3
16569,GDF5OS,1,2,0,0,0,0,1
16570,ZDBF2,1,3,0,35,0,0,2
16571,TXNDC8,1,7,0,33,0,0,2
16572,AWAT1,1,8,2,34,0,0,3
16573,DAXX,1,46,7,58,4,5,4
16574,BMPR2,1,82,1,72,0,3,4
16575,TCEA3,1,7,0,40,0,0,2
16576,PFDN6,1,12,1,52,0,1,4
16577,RING1,1,19,10,82,0,1,4
16578,HSD17B8,1,18,0,49,0,7,3
16579,RXRB,1,32,9,43,14,1,4
16580,OXLD1,1,1,0,28,0,0,2
16581,OR13C3,1,6,2,24,0,0,3
16582,COL11A2,1,15,8,50,0,13,4
16583,BRD2,1,21,1,67,0,3,4
16584,COL5A2,1,15,15,81,0,7,4
16585,PSMB8,1,25,5,56,0,3,4
16586,TAP2,1,27,2,32,0,5,4
16587,SPIN3,1,6,0,5,0,0,2
16588,NBDY,1,4,0,17,0,0,2
16589,TMEM235,1,4,0,32,0,0,2
16590,PAGE3,1,1,0,3,0,0,2
16591,BTNL2,1,7,1,30,0,0,3
16592,COL15A1,1,11,4,47,0,0,3
16593,TSBP1,1,2,0,10,0,0,2
16594,TMEM225,1,1,0,27,0,0,2
16595,PBX2,1,20,0,57,11,0,3
16596,AGER,1,77,3,49,0,13,4
16597,RNF5,1,21,4,50,0,0,3
16598,AGPAT1,1,12,2,46,0,0,3
16599,PJVK,1,13,2,49,0,0,3
16600,PRRT1,1,15,0,8,0,0,2
16601,FKBPL,1,4,1,34,0,1,4
16602,SMIM5,1,2,0,5,0,0,2
16603,ERICH2,1,1,0,6,0,0,2
16604,SP5,1,9,0,4,2,4,3
16605,STK19,1,0,0,34,0,0,1
16606,CD300LD,1,4,1,21,0,0,3
16607,BTBD17,1,5,0,11,0,0,2
16608,DXO,1,15,1,32,0,0,3
16609,SKIV2L,1,17,0,47,0,0,2
16610,C9orf129,1,4,0,4,0,0,2
16611,NELFE,1,18,15,49,0,9,4
16612,NXPE2,1,2,0,5,0,0,2
16613,SPANXN5,1,0,0,12,0,0,1
16614,ZBTB12,1,9,0,11,1,0,3
16615,EHMT2,1,26,8,93,0,13,4
16616,LAYN,1,6,0,20,0,0,2
16617,SLC44A4,1,17,2,16,0,0,3
16618,NEU1,1,14,4,34,0,4,4
16619,SNHG32,1,0,0,0,0,0,0
16620,HSPA1B,1,58,8,89,0,15,4
16621,HSPA1A,1,75,10,67,0,28,4
16622,HSPA1L,1,17,5,64,0,0,3
16623,LSM2,1,27,2,70,0,0,3
16624,VARS,1,10,0,0,0,0,1
16625,VWA7,1,5,0,32,0,0,2
16626,CARD16,1,18,0,34,0,0,2
16627,MBD5,1,13,1,32,0,0,3
16628,MSH5,1,10,1,43,0,0,3
16629,CSHL1,1,12,0,23,0,4,3
16630,MPIG6B,1,12,1,22,0,0,3
16631,LY6G6C,1,6,1,32,0,0,3
16632,LY6G6F,1,3,1,32,0,0,3
16633,ABHD16A,1,7,0,44,0,0,2
16634,LY6G5C,1,4,0,22,0,0,2
16635,CSNK2B,1,37,16,49,0,1,4
16636,GPANK1,1,2,0,22,0,0,2
16637,C6orf47,1,1,0,12,0,0,2
16638,FAM155A,1,6,0,14,0,0,2
16639,APOM,1,19,1,43,0,11,4
16640,TRIM49C,1,6,0,7,0,0,2
16641,TRIM64,1,6,0,3,0,0,2
16642,BAG6,1,48,1,43,0,4,4
16643,PRRC2A,1,16,0,42,0,0,2
16644,AIF1,1,40,0,51,0,0,2
16645,NCR3,1,11,1,56,0,0,3
16646,PRAMEF20,1,8,0,38,0,0,2
16647,PRAMEF17,1,8,0,4,0,0,2
16648,PRAMEF19,1,8,0,7,0,0,2
16649,PRAMEF14,1,8,0,36,0,0,2
16650,LST1,1,11,0,33,0,0,2
16651,NFKBIL1,1,11,0,36,0,3,3
16652,PRAMEF15,1,8,0,50,0,0,2
16653,PRAMEF9,1,8,0,46,0,0,2
16654,PRAMEF7,1,8,0,40,0,0,2
16655,MCCD1,1,2,0,10,0,0,2
16656,ZNF814,1,5,0,4,0,0,2
16657,MICB,1,14,1,42,0,7,4
16658,AADACL4,1,3,0,25,0,0,2
16659,ZNF551,1,6,1,5,0,0,3
16660,MICA,1,22,1,26,0,12,4
16661,ZNF805,1,5,0,15,0,0,2
16662,POU5F1,1,37,7,137,80,53,4
16663,ZSCAN5C,1,4,0,1,0,0,2
16664,CCHCR1,1,8,0,36,0,0,2
16665,PSORS1C2,1,2,0,26,0,0,2
16666,CDSN,1,14,1,81,0,0,3
16667,PSORS1C1,1,1,0,17,0,0,2
16668,C6orf15,1,1,0,42,0,0,2
16669,MUC21,1,3,6,47,0,0,3
16670,DEFB121,1,6,2,30,0,0,3
16671,DHX16,1,22,2,54,0,0,3
16672,C6orf136,1,0,0,14,0,0,1
16673,PPP1R10,1,23,1,36,0,1,4
16674,KRTAP5-11,1,3,1,41,0,0,3
16675,KRTAP5-10,1,1,1,22,0,0,3
16676,ABCF1,1,16,1,47,0,0,3
16677,PRR3,1,8,0,26,0,0,2
16678,DDR1,1,23,1,34,0,4,4
16679,LRCOL1,1,4,0,15,0,0,2
16680,GNL1,1,8,0,46,0,0,2
16681,DPRX,1,8,0,16,0,0,2
16682,TRIM39,1,18,1,33,0,0,3
16683,ZNF468,1,5,1,9,0,0,3
16684,TRIM15,1,19,0,23,1,0,3
16685,ZNF616,1,7,1,15,0,0,3
16686,FOXB2,1,10,0,2,0,0,2
16687,TRIM10,1,12,1,37,0,1,4
16688,TRIM40,1,12,0,32,0,0,2
16689,TRIM31,1,17,1,39,1,0,4
16690,RNF39,1,8,0,22,0,0,2
16691,PPP1R11,1,13,0,35,0,0,2
16692,DISP3,1,12,0,17,0,0,2
16693,RACK1,1,68,4,139,0,4,4
16694,TBC1D8,1,6,0,15,0,0,2
16695,NMS,1,1,3,42,0,0,3
16696,ZFP57,1,8,0,39,2,0,3
16697,ASPDH,1,4,0,16,0,0,2
16698,MOG,1,7,0,46,0,2,3
16699,OR2H2,1,8,1,23,0,0,3
16700,CBY3,1,3,0,11,0,0,2
16701,C5orf60,1,2,0,0,0,0,1
16702,C9orf57,1,2,0,4,0,0,2
16703,IL31,1,5,1,36,0,12,4
16704,AKT1S1,1,14,5,43,0,1,4
16705,GABBR1,1,46,5,83,0,0,3
16706,MIR1915HG,1,0,0,0,0,0,0
16707,MAS1L,1,4,0,8,0,0,2
16708,OR2H1,1,6,1,15,0,0,3
16709,OR11A1,1,6,2,81,0,0,3
16710,OR14J1,1,7,2,23,0,0,3
16711,OR2J2,1,6,2,20,0,0,3
16712,OR2J3,1,6,2,20,0,0,3
16713,OR2J1,1,6,2,19,0,0,3
16714,OR2B3,1,6,1,42,0,0,3
16715,OR2W1,1,6,2,26,0,0,3
16716,SPDYC,1,4,0,14,0,0,2
16717,C9orf135,1,7,0,42,0,0,2
16718,TRIM27,1,37,3,47,1,0,4
16719,MALRD1,1,4,0,13,0,0,2
16720,RANBP17,1,11,0,26,0,1,3
16721,INSYN2B,1,0,0,14,0,0,1
16722,FOXD4L5,1,10,0,1,0,0,2
16723,TTC25,1,14,0,54,0,0,2
16724,MROH6,1,1,0,24,0,0,2
16725,ATXN2,1,17,0,79,0,3,3
16726,DCTN1,1,54,7,112,0,1,4
16727,SPATA31A1,1,1,0,7,0,0,2
16728,PNMA8B,1,0,0,42,0,0,1
16729,TCTN1,1,7,1,39,0,0,3
16730,FAM216A,1,0,0,14,0,0,1
16731,ZBTB48,1,17,0,36,1,0,3
16732,IGFL2,1,3,0,3,0,0,2
16733,IGFL4,1,2,0,4,0,0,2
16734,KRTAP9-3,1,4,1,41,0,0,3
16735,KRTAP4-8,1,3,1,38,0,0,3
16736,GPR20,1,6,1,18,0,0,3
16737,KRTAP1-4,1,2,1,31,0,0,3
16738,KRT40,1,9,2,32,0,0,3
16739,KRT25,1,15,2,35,0,0,3
16740,MZT1,1,11,2,34,0,0,3
16741,SPINK9,1,4,1,26,0,0,3
16742,LRRC3C,1,3,0,27,0,0,2
16743,ZNF155,1,8,1,9,0,0,3
16744,UQCC3,1,7,1,15,0,0,3
16745,FBXO48,1,5,0,32,0,0,2
16746,GRXCR2,1,5,2,49,0,0,3
16747,FAM221B,1,1,0,13,0,0,2
16748,CD177,1,24,3,40,0,0,3
16749,PSG5,1,6,1,32,0,5,4
16750,ZNF783,1,6,0,12,0,0,2
16751,ZNF425,1,9,2,12,0,0,3
16752,LRRC10B,1,0,0,30,0,0,1
16753,FBXO47,1,9,0,32,0,0,2
16754,C12orf73,1,5,0,12,0,0,2
16755,PCDHGA1,1,6,0,8,0,0,2
16756,PCDHA9,1,7,0,14,0,0,2
16757,PCDHA8,1,7,0,8,0,0,2
16758,PCDHA7,1,9,0,11,0,0,2
16759,PCDHA5,1,7,0,2,0,0,2
16760,PCDHA4,1,9,0,15,0,0,2
16761,PCDHA2,1,10,0,5,0,0,2
16762,PCDHA1,1,9,0,5,0,0,2
16763,TRIM13,1,21,1,35,0,0,3
16764,ERICH4,1,1,0,5,0,0,2
16765,MS4A13,1,4,0,1,0,0,2
16766,PRSS1,1,6,3,48,0,0,3
16767,SPIRE2,1,20,0,30,0,0,2
16768,AARD,1,1,0,4,0,0,2
16769,PABPN1L,1,5,1,35,0,0,3
16770,OR5D16,1,7,1,17,0,0,3
16771,OR5L2,1,7,1,19,0,0,3
16772,SLFN12L,1,4,0,3,0,0,2
16773,CLLU1OS,1,0,0,11,0,0,1
16774,SLC35B4,1,10,1,22,0,0,3
16775,LGALS7,1,7,0,32,0,7,3
16776,SYCE1L,1,3,0,9,0,0,2
16777,TMEM231,1,9,0,41,0,0,2
16778,FAM71F2,1,3,0,5,0,0,2
16779,C2orf91,1,0,0,2,0,0,1
16780,CCNI2,1,5,0,33,0,0,2
16781,TMEM240,1,7,0,11,0,0,2
16782,FRG2,1,1,0,19,0,0,2
16783,FAM205A,1,2,0,24,0,0,2
16784,CDKL4,1,8,0,6,0,0,2
16785,TMEM88B,1,3,0,20,0,0,2
16786,ACCSL,1,3,0,28,0,0,2
16787,C4orf47,1,3,0,30,0,0,2
16788,TRIQK,1,1,0,8,0,0,2
16789,SDHAF1,1,4,1,33,0,0,3
16790,ARID3C,1,9,0,11,0,1,3
16791,PSENEN,1,24,13,38,0,2,4
16792,C11orf91,1,0,0,9,0,0,1
16793,FABP9,1,9,1,11,0,0,3
16794,ZBTB10,1,8,0,13,0,1,3
16795,C4orf46,1,3,0,7,0,0,2
16796,SCGB2B2,1,2,0,7,0,0,2
16797,CCDC144NL,1,0,0,12,0,0,1
16798,LGR4,1,21,1,35,0,1,4
16799,PSMB10,1,27,4,50,0,3,4
16800,VIT,1,7,0,6,0,1,3
16801,E2F4,1,25,10,49,161,4,4
16802,PDE7A,1,10,1,35,0,2,4
16803,TMEM170B,1,3,0,2,0,0,2
16804,MUC12,1,4,6,58,0,0,3
16805,CTXN3,1,2,0,12,0,0,2
16806,MGAT4D,1,9,0,28,0,0,2
16807,SNX2,1,25,1,63,0,0,3
16808,SAP25,1,3,0,17,0,0,2
16809,NT5M,1,15,1,49,0,0,3
16810,SARNP,1,9,2,37,0,0,3
16811,OR6C68,1,6,1,14,0,0,3
16812,OR6C65,1,6,1,18,0,0,3
16813,OR6C3,1,7,1,14,0,0,3
16814,OR6C1,1,7,1,16,0,0,3
16815,ADGRG1,1,38,0,37,0,4,3
16816,TECPR1,1,11,0,32,0,0,2
16817,MT1H,1,11,1,20,0,0,3
16818,SLCO6A1,1,7,0,72,0,0,2
16819,MT1A,1,12,1,27,0,20,4
16820,INSYN1,1,7,0,16,0,0,2
16821,MT1M,1,11,1,8,0,0,3
16822,CFI,1,11,1,46,0,8,4
16823,SAMD9,1,4,0,36,0,0,2
16824,KRT6A,1,21,2,58,0,0,3
16825,CNEP1R1,1,9,1,11,0,0,3
16826,KRT81,1,7,2,34,0,0,3
16827,EXOC3L4,1,3,0,28,0,0,2
16828,KRTAP12-3,1,3,1,25,0,0,3
16829,IZUMO3,1,5,1,20,0,0,3
16830,KRTAP10-2,1,2,1,13,0,0,3
16831,TP53TG3D,1,2,0,1,0,0,2
16832,ATP6AP1L,1,4,0,42,0,0,2
16833,CCDC85C,1,6,0,19,0,0,2
16834,OR52J3,1,7,1,15,0,0,3
16835,OR51A2,1,9,1,17,0,0,3
16836,OR51A4,1,9,1,20,0,0,3
16837,C2CD4B,1,4,0,31,0,0,2
16838,RGL3,1,8,1,20,0,0,3
16839,NAP1L4,1,13,0,38,0,1,3
16840,TMSB4X,1,23,1,35,0,1,4
16841,TMEM256,1,3,0,36,0,0,2
16842,C9orf92,1,0,0,0,0,0,0
16843,CPT1B,1,12,1,34,0,10,4
16844,HMGN1,1,10,0,47,0,4,3
16845,MUC19,1,3,6,46,0,0,3
16846,DENND6B,1,4,1,17,0,0,3
16847,EIF3CL,1,11,0,35,0,0,2
16848,LCMT1,1,15,1,38,0,0,3
16849,MFSD2B,1,11,1,33,0,0,3
16850,VCX3B,1,3,0,16,0,0,2
16851,CDPF1,1,1,0,5,0,0,2
16852,HTN3,1,11,1,33,0,0,3
16853,LIN52,1,8,7,41,0,0,3
16854,ARSH,1,3,2,29,0,0,3
16855,ACOT6,1,11,0,13,0,0,2
16856,TECRL,1,7,1,23,0,0,3
16857,DPF3,1,18,5,38,0,3,4
16858,MANSC4,1,6,0,13,0,0,2
16859,C17orf107,1,0,0,6,0,0,1
16860,ITSN1,1,42,8,141,0,5,4
16861,ITPRIPL2,1,1,0,7,0,0,2
16862,DENND1C,1,7,1,22,0,0,3
16863,CRLF2,1,12,1,44,0,0,3
16864,CRYZL1,1,6,0,32,0,0,2
16865,C5orf51,1,4,0,11,0,0,2
16866,GAGE1,1,3,0,52,0,0,2
16867,ARRDC5,1,6,0,26,0,0,2
16868,CYS1,1,5,1,24,0,0,3
16869,PLPP6,1,23,1,18,0,0,3
16870,KLRC2,1,19,2,41,0,0,3
16871,KLRC3,1,10,0,32,0,3,3
16872,C16orf96,1,0,0,17,0,0,1
16873,GMNC,1,8,1,22,0,0,3
16874,TTC23L,1,5,0,11,0,0,2
16875,CLEC6A,1,18,1,33,0,0,3
16876,C22orf42,1,0,0,19,0,0,1
16877,NANOGNB,1,4,0,10,0,0,2
16878,LRRC72,1,0,0,19,0,0,1
16879,C1QTNF9B,1,5,0,6,0,0,2
16880,KRTAP5-6,1,2,1,22,0,0,3
16881,KRTAP5-2,1,2,1,12,0,0,3
16882,KRTAP5-1,1,2,1,15,0,0,3
16883,DEFB134,1,3,2,33,0,0,3
16884,DEFB135,1,5,2,30,0,0,3
16885,DEFB136,1,7,2,27,0,0,3
16886,BHLHA9,1,10,0,29,0,0,2
16887,ZNF316,1,5,0,16,4,0,3
16888,ONECUT3,1,14,2,8,0,1,4
16889,CEMP1,1,8,0,11,0,0,2
16890,OLIG2,1,19,0,72,17,7,3
16891,RNPS1,1,19,6,55,0,0,3
16892,DAZ2,1,11,0,18,0,0,2
16893,NYNRIN,1,15,0,29,0,0,2
16894,DNAJC19,1,13,1,52,0,0,3
16895,IFITM5,1,5,0,35,0,4,3
16896,SMIM21,1,2,0,26,0,0,2
16897,C18orf63,1,1,0,3,0,0,2
16898,DOK6,1,3,1,18,0,0,3
16899,JPT2,1,6,0,12,0,0,2
16900,TMEM211,1,1,0,21,0,0,2
16901,SERPINB11,1,3,0,9,0,0,2
16902,SERPINB4,1,9,0,34,0,2,3
16903,SERPINB5,1,7,0,39,0,23,3
16904,ZDHHC11B,1,7,0,7,0,0,2
16905,KRTAP19-8,1,1,1,27,0,0,3
16906,KRTAP20-3,1,0,0,5,0,0,1
16907,KRTAP20-4,1,0,0,2,0,0,1
16908,KRTAP22-2,1,0,0,0,0,0,0
16909,KRTAP27-1,1,3,1,19,0,0,3
16910,CFAP99,1,1,0,24,0,0,2
16911,GOLGA8O,1,6,0,10,0,0,2
16912,TMEM191C,1,1,0,2,0,0,2
16913,RNASE13,1,3,0,22,0,0,2
16914,HBA1,1,24,0,44,0,23,3
16915,HBM,1,8,0,32,0,0,2
16916,ELOA2,1,8,12,38,0,0,3
16917,ATP10A,1,21,1,32,0,0,3
16918,ANKUB1,1,0,0,20,0,0,1
16919,TSSK2,1,13,0,31,0,0,2
16920,PRR23A,1,0,0,5,0,0,1
16921,FOXL2NB,1,1,0,9,0,0,2
16922,COL6A6,1,5,8,36,0,0,3
16923,RAB12,1,20,2,27,0,0,3
16924,LRRC30,1,1,0,44,0,0,2
16925,TMEM200C,1,1,0,10,0,0,2
16926,OR10C1,1,6,1,15,0,0,3
16927,HACD2,1,12,1,27,0,1,4
16928,CFAP44,1,7,0,43,0,0,2
16929,CD200R1L,1,9,0,4,0,0,2
16930,LNP1,1,0,0,13,0,1,2
16931,OR5K3,1,7,1,17,0,0,3
16932,VGLL3,1,4,0,24,0,1,3
16933,TRIM71,1,23,1,33,0,0,3
16934,ZCWPW2,1,5,0,34,0,0,2
16935,ANKRD28,1,7,2,35,0,0,3
16936,COLQ,1,15,0,33,0,0,2
16937,METTL6,1,9,0,45,0,0,2
16938,XKR4,1,7,0,14,0,0,2
16939,GPX3,1,12,1,84,0,3,4
16940,DIO2,1,12,1,46,0,29,4
16941,SELENOH,1,2,0,32,0,1,3
16942,DIO1,1,10,1,31,0,10,4
16943,STK38L,1,15,0,37,0,0,2
16944,SACM1L,1,15,2,0,0,0,2
16945,TSN,1,18,1,35,0,0,3
16946,SLC48A1,1,9,0,14,0,0,2
16947,IGKC,1,14,20,0,0,2,3
16948,IGLC1,1,14,20,0,0,0,2
16949,IGLC2,1,7,20,0,0,0,2
16950,IGLC3,1,13,20,0,0,0,2
16951,IGLC7,1,11,20,0,0,0,2
16952,TRGJP2,1,0,0,0,0,0,0
16953,TRGC1,1,6,0,0,0,0,1
16954,TRGJP1,1,0,0,0,0,0,0
16955,TRBC1,1,7,7,0,0,0,2
16956,TRBC2,1,5,0,0,0,0,1
16957,TRDC,1,5,0,0,0,0,1
16958,IGHA2,1,18,2,0,0,0,2
16959,IGHE,1,28,6,0,0,11,3
16960,IGHG2,1,13,9,0,0,0,2
16961,IGHA1,1,19,2,0,0,0,2
16962,IGHG1,1,16,10,0,0,4,3
16963,IGHG3,1,12,9,0,0,0,2
16964,IGHD,1,14,4,32,0,0,3
16965,IGHM,1,24,5,0,0,7,3
16966,TSSK1B,1,13,0,31,0,0,2
16967,PRR22,1,0,0,9,0,0,1
16968,TAS2R50,1,7,3,38,0,0,3
16969,TAS2R14,1,8,3,42,0,0,3
16970,KRTAP16-1,1,3,1,21,0,0,3
16971,KRTAP29-1,1,3,1,8,0,0,3
16972,KRTAP9-6,1,2,1,6,0,0,3
16973,CTAGE1,1,7,0,6,0,0,2
16974,LINC02693,1,0,0,0,0,0,0
16975,KRTAP4-11,1,4,1,31,0,0,3
16976,KRTAP4-9,1,3,1,21,0,0,3
16977,KRTAP2-3,1,3,1,18,0,0,3
16978,RTL8B,1,1,0,9,0,0,2
16979,OR2A42,1,0,2,21,0,0,2
16980,RNF208,1,6,0,16,0,1,3
16981,KRTAP3-3,1,4,1,33,0,0,3
16982,KRTAP3-2,1,4,1,49,0,0,3
16983,KRTAP3-1,1,4,1,60,0,0,3
16984,MT-ND4L,1,10,1,51,0,0,3
16985,MAP10,1,13,0,8,0,0,2
16986,KRTAP12-4,1,2,1,9,0,0,3
16987,KRTAP10-3,1,2,1,26,0,0,3
16988,KRTAP6-3,1,3,1,26,0,0,3
16989,POU5F1B,1,12,0,13,0,0,2
16990,ZNF580,1,15,0,1,0,0,2
16991,ZNF611,1,8,1,16,0,1,4
16992,KLK9,1,6,0,11,0,0,2
16993,SYT3,1,15,0,27,0,0,2
16994,NUP62,1,44,31,65,0,0,3
16995,DENND1B,1,11,1,35,0,0,3
16996,SFT2D2,1,6,0,22,0,0,2
16997,FGFR1OP,1,17,0,37,0,0,2
16998,SCAF8,1,15,0,55,0,0,2
16999,CFAP45,1,17,0,61,0,0,2
17000,ACKR1,1,15,1,41,0,2,4
17001,ZNF254,1,6,1,10,0,0,3
17002,TCTEX1D2,1,18,0,42,0,0,2
17003,CRYGS,1,4,0,35,0,0,2
17004,CRIP1,1,11,0,19,0,0,2
17005,KLHL23,1,5,0,11,0,0,2
17006,LINGO4,1,3,0,16,0,0,2
17007,FAM24B,1,2,0,5,0,0,2
17008,TRIM59,1,10,0,35,0,0,2
17009,MLLT11,1,14,0,15,0,0,2
17010,ASIC3,1,16,1,35,0,4,4
17011,GIMAP1,1,6,0,13,0,0,2
17012,CCDC183,1,0,0,28,0,0,1
17013,ARHGEF35,1,6,2,26,0,0,3
17014,OR2F1,1,7,2,24,0,0,3
17015,CSH2,1,13,0,50,0,2,3
17016,DNLZ,1,9,0,25,0,0,2
17017,TCL1B,1,4,0,34,0,0,2
17018,SUPT4H1,1,16,16,79,0,0,3
17019,TSGA13,1,1,0,24,0,0,2
17020,NRAS,1,19,68,136,0,4,4
17021,LTC4S,1,19,5,36,0,5,4
17022,ANKRD39,1,3,0,50,0,0,2
17023,QTRT1,1,12,1,36,0,0,3
17024,CHUK,1,40,31,103,0,15,4
17025,MXD3,1,12,0,24,0,2,3
17026,GSTM2,1,26,1,42,0,4,4
17027,COG8,1,8,3,56,0,0,3
17028,ARHGAP19,1,11,1,2,0,0,3
17029,HAUS7,1,12,7,42,0,0,3
17030,LCAT,1,27,1,60,0,4,4
17031,MAGEA12,1,4,0,31,0,1,3
17032,PVRIG,1,5,0,36,0,0,2
17033,KRTAP4-12,1,4,0,37,0,0,2
17034,KRTAP2-4,1,3,1,18,0,0,3
17035,GPC2,1,15,16,46,0,0,3
17036,KRT222,1,2,0,4,0,0,2
17037,SIPA1,1,16,1,32,0,0,3
17038,ERV3-1,1,2,0,52,0,0,2
17039,SYNJ2BP,1,9,0,32,0,0,2
17040,ARL2,1,26,3,32,0,0,3
17041,TTLL13P,1,9,0,3,0,0,2
17042,GBP7,1,18,1,20,0,0,3
17043,RBMXL1,1,7,0,17,0,0,2
17044,SRA1,1,9,0,33,0,6,3
17045,STIMATE,1,8,0,15,0,0,2
17046,DNAJC9,1,13,0,47,0,0,2
17047,C8orf82,1,1,0,14,0,0,2
17048,CPLX3,1,16,0,34,0,0,2
17049,VDAC1,1,36,5,119,0,1,4
17050,ZBTB9,1,6,0,8,0,0,2
17051,TMX2,1,8,0,14,0,0,2
17052,HEXA,1,21,5,32,0,0,3
17053,NDUFS3,1,17,4,126,0,0,3
17054,LEPROT,1,13,0,9,0,0,2
17055,LBH,1,16,0,5,0,0,2
17056,ADAT3,1,9,1,41,0,0,3
17057,PPP1CB,1,24,13,120,0,2,4
17058,GPSM3,1,6,1,44,0,0,3
17059,LAT,1,25,2,43,0,9,4
17060,NCKIPSD,1,14,3,43,0,0,3
17061,ATF6B,1,26,1,47,4,0,4
17062,S1PR3,1,17,3,32,0,0,3
17063,SLC35F6,1,10,0,24,0,1,3
17064,FAM209B,1,3,0,6,0,0,2
17065,CLIC1,1,24,0,29,0,0,2
17066,DDAH2,1,6,0,30,0,1,3
17067,UGT2B11,1,7,2,40,0,0,3
17068,ATP6V1G2,1,12,5,41,0,1,4
17069,ZNF134,1,8,0,17,1,0,3
17070,GTF2H4,1,14,29,46,0,2,4
17071,ZNF888,1,5,0,11,0,0,2
17072,ZNF845,1,5,0,12,0,0,2
17073,KLRK1,1,19,3,71,0,2,4
17074,EMP2,1,45,0,11,0,0,2
17075,KCTD11,1,5,0,27,0,1,3
17076,UBD,1,19,1,39,0,1,4
17077,PPM1N,1,8,0,16,0,0,2
17078,CEACAM16,1,4,0,31,0,0,2
17079,SLC23A3,1,4,0,11,0,0,2
17080,LTB4R,1,14,2,33,0,2,4
17081,LTB4R2,1,12,2,34,0,0,3
17082,DNASE1,1,14,0,32,0,11,3
17083,MDP1,1,3,0,6,0,0,2
17084,LEUTX,1,9,1,29,0,0,3
17085,CSNK1E,1,29,12,71,0,0,3
17086,CCL27,1,14,2,46,0,2,4
17087,IRF9,1,18,2,67,25,7,4
17088,GALT,1,9,2,32,0,6,4
17089,HBE1,1,12,1,38,0,20,4
17090,HBG1,1,10,1,34,0,40,4
17091,CLDN9,1,13,1,35,0,0,3
17092,ITGA1,1,29,6,82,0,1,4
17093,NUDT19,1,15,2,34,0,0,3
17094,ZNF726,1,6,1,7,0,0,3
17095,ZNF99,1,6,1,8,0,0,3
17096,TAX1BP3,1,13,1,34,0,0,3
17097,AP1G2,1,15,1,47,0,0,3
17098,ZNF90,1,7,0,2,0,0,2
17099,NAXD,1,8,1,24,0,0,3
17100,TM6SF2,1,6,0,32,0,0,2
17101,MEF2B,1,18,2,37,7,0,4
17102,GANC,1,6,0,10,0,0,2
17103,TTLL3,1,13,1,15,0,0,3
17104,REPIN1,1,12,0,37,0,0,2
17105,ZNF891,1,5,0,9,0,0,2
17106,IFNA7,1,15,6,36,0,2,4
17107,SMIM7,1,1,0,23,0,1,3
17108,FBXO16,1,3,0,18,0,0,2
17109,TSPAN4,1,8,0,19,0,0,2
17110,CPNE1,1,30,2,24,0,5,4
17111,ARL16,1,7,0,17,0,0,2
17112,SMCO1,1,2,0,24,0,0,2
17113,WEE2,1,15,0,38,0,0,2
17114,MAGEB1,1,3,0,18,0,0,2
17115,LYRM4,1,14,3,76,0,1,4
17116,MYCBP,1,8,0,32,0,2,3
17117,TMEM213,1,1,0,27,0,0,2
17118,PRCD,1,9,0,39,0,0,2
17119,ALG3,1,10,2,46,0,4,4
17120,SH3D21,1,3,0,18,0,0,2
17121,SMIM30,1,4,0,5,0,0,2
17122,C19orf38,1,2,0,1,0,0,2
17123,IQCJ,1,0,0,12,0,0,1
17124,C17orf67,1,2,0,13,0,0,2
17125,MINDY4B,1,3,0,4,0,0,2
17126,FIS1,1,30,1,63,0,0,3
17127,ANG,1,55,2,35,0,11,4
17128,SCART1,1,8,0,3,0,0,2
17129,NPS,1,10,3,45,0,0,3
17130,COLCA2,1,9,0,9,0,0,2
17131,C3orf56,1,1,0,2,0,0,2
17132,FOXI3,1,16,0,7,2,0,3
17133,SOGA3,1,5,0,8,0,0,2
17134,NEURL1B,1,7,6,30,0,0,3
17135,EFCAB9,1,9,0,39,0,0,2
17136,HAUS3,1,14,7,42,0,0,3
17137,VSTM5,1,9,0,10,0,0,2
17138,LCNL1,1,1,0,6,0,0,2
17139,BBIP1,1,9,1,33,0,0,3
17140,TRIM77,1,6,0,6,0,0,2
17141,GNAT3,1,20,10,77,0,0,3
17142,AS3MT,1,5,1,33,0,0,3
17143,PLIN5,1,21,0,34,0,4,3
17144,SEC14L6,1,1,0,10,0,0,2
17145,SPINK13,1,3,0,12,0,0,2
17146,HIGD1C,1,4,3,25,0,0,3
17147,NOTO,1,11,1,18,10,8,4
17148,PPME1,1,11,1,36,0,0,3
17149,KRTAP2-2,1,2,1,19,0,0,3
17150,STARD10,1,11,1,23,0,0,3
17151,ZNF705E,1,5,0,4,0,0,2
17152,NUTM2D,1,0,0,4,0,0,1
17153,CPEB1,1,27,0,51,0,0,2
17154,EML6,1,3,0,8,0,0,2
17155,DEFB113,1,2,2,33,0,0,3
17156,DEFB133,1,7,2,32,0,0,3
17157,ZNF727,1,7,1,8,0,0,3
17158,B3GNT10,1,6,0,4,0,0,2
17159,ZSWIM8,1,10,1,53,0,0,3
17160,IQCF5,1,1,0,9,0,0,2
17161,IQCF6,1,0,0,11,0,0,1
17162,C10orf105,1,1,0,5,0,0,2
17163,ARHGEF33,1,1,2,34,0,0,3
17164,C12orf71,1,0,0,11,0,0,1
17165,IFRD2,1,5,0,38,0,1,3
17166,CAPN14,1,4,1,32,0,0,3
17167,ZBED1,1,24,1,33,20,0,4
17168,AL096814.1,1,0,0,0,0,0,0
17169,TOMM6,1,6,2,33,0,0,3
17170,HNRNPUL2,1,6,0,32,0,0,2
17171,CSKMT,1,9,1,24,0,0,3
17172,MS4A18,1,3,0,8,0,0,2
17173,MS4A4E,1,1,0,33,0,0,2
17174,FER1L6,1,10,0,6,0,0,2
17175,CDRT15L2,1,1,0,26,0,0,2
17176,MTCP1,1,3,0,16,0,0,2
17177,RAD51AP2,1,2,0,17,0,0,2
17178,EVPLL,1,1,0,3,0,0,2
17179,DCDC2C,1,7,0,11,0,0,2
17180,SMTNL1,1,14,0,32,0,0,2
17181,TRIM64C,1,5,0,0,0,0,1
17182,PNMA6E,1,0,0,5,0,0,1
17183,SPATA31D1,1,1,0,9,0,0,2
17184,ZSWIM7,1,9,0,37,0,0,2
17185,GPR33,1,9,0,6,0,0,2
17186,ARHGEF28,1,9,4,36,0,0,3
17187,TBC1D26,1,1,0,24,0,0,2
17188,LRRC69,1,1,0,14,0,0,2
17189,CRPPA,1,8,1,33,0,0,3
17190,GSG1L2,1,2,0,15,0,0,2
17191,ACSM4,1,8,2,36,0,0,3
17192,RTL10,1,4,0,33,0,0,2
17193,COL28A1,1,9,2,35,0,0,3
17194,PHB2,1,35,2,60,0,3,4
17195,TCP11X2,1,4,0,3,0,0,2
17196,NEURL4,1,8,0,32,0,0,2
17197,GRID2IP,1,9,0,15,0,0,2
17198,UBXN2B,1,14,0,39,0,0,2
17199,C16orf90,1,0,0,11,0,0,1
17200,PRSS41,1,7,1,12,0,0,3
17201,NLRP2B,1,7,0,6,0,0,2
17202,MUC5AC,1,7,6,87,0,26,4
17203,MSMP,1,5,0,5,0,0,2
17204,GOLGA6B,1,5,0,9,0,0,2
17205,FAM166B,1,5,0,38,0,0,2
17206,PEX26,1,12,2,38,0,0,3
17207,GRXCR1,1,8,2,51,0,0,3
17208,C5orf49,1,6,0,46,0,0,2
17209,UBE2QL1,1,6,0,14,0,0,2
17210,FASTKD5,1,11,1,24,0,0,3
17211,GOLGA8B,1,5,0,12,0,0,2
17212,KCNU1,1,10,1,33,0,0,3
17213,HOMEZ,1,8,0,10,0,0,2
17214,GAGE10,1,1,0,37,0,0,2
17215,RNF212B,1,8,0,16,0,0,2
17216,DDX3X,1,89,2,66,0,2,4
17217,VPS16,1,31,1,53,0,0,3
17218,ZNF705D,1,6,1,3,0,0,3
17219,ZNF705B,1,5,0,4,0,0,2
17220,ZNF705G,1,5,1,5,0,0,3
17221,MYL5,1,6,1,36,0,0,3
17222,SCRT2,1,10,0,0,0,0,1
17223,ZNF407,1,6,0,20,0,0,2
17224,NPEPL1,1,7,0,23,0,0,2
17225,KRTAP10-1,1,2,1,27,0,0,3
17226,SKOR2,1,14,0,14,0,0,2
17227,SIAH3,1,9,0,5,0,0,2
17228,EFCAB8,1,1,0,11,0,0,2
17229,DEFB116,1,3,2,27,0,0,3
17230,DEFB115,1,6,2,34,0,0,3
17231,GAB4,1,4,0,6,0,0,2
17232,C20orf202,1,1,0,0,0,0,1
17233,HMX1,1,11,0,3,3,1,3
17234,GCGR,1,19,4,36,0,6,4
17235,CELA2B,1,6,0,32,0,0,2
17236,TMEM242,1,4,0,25,0,0,2
17237,TMEM167B,1,4,0,12,0,0,2
17238,FAM72D,1,2,0,27,0,0,2
17239,TNFRSF25,1,11,1,41,0,1,4
17240,SLC35E2A,1,5,0,15,0,0,2
17241,ZC3H11B,1,5,0,12,0,0,2
17242,TSTD1,1,5,1,41,0,0,3
17243,RPTN,1,4,1,43,0,0,3
17244,CYB5RL,1,5,1,34,0,0,3
17245,LACTBL1,1,0,0,11,0,0,1
17246,C1orf167,1,0,0,27,0,0,1
17247,ATAD3C,1,4,0,6,0,0,2
17248,IFI30,1,8,3,40,0,1,4
17249,IGSF23,1,4,0,15,0,0,2
17250,FAM240C,1,0,0,14,0,0,1
17251,CCDC7,1,1,0,11,0,0,2
17252,FNIP1,1,20,1,37,0,0,3
17253,SP9,1,8,0,15,0,0,2
17254,SYCE3,1,11,1,37,0,0,3
17255,CKLF,1,10,0,15,0,0,2
17256,PAM16,1,12,1,34,0,0,3
17257,CDC14C,1,11,0,22,0,0,2
17258,TENM3,1,15,0,14,0,0,2
17259,CEBPZOS,1,2,0,10,0,0,2
17260,TDRD15,1,0,0,20,0,0,1
17261,PAPOLB,1,8,0,50,0,0,2
17262,ZNF579,1,6,0,15,0,0,2
17263,CELA3B,1,4,1,37,0,0,3
17264,RNASEK,1,19,1,38,0,0,3
17265,CATSPERZ,1,8,0,36,0,0,2
17266,TAFA5,1,6,0,15,0,0,2
17267,NBPF1,1,2,0,17,0,2,3
17268,UMAD1,1,1,0,4,0,0,2
17269,PPP1R3G,1,7,0,34,0,0,2
17270,FAM228B,1,0,0,20,0,0,1
17271,LINGO3,1,3,0,26,0,0,2
17272,ZGLP1,1,10,0,13,25,0,3
17273,VAMP2,1,55,22,141,0,4,4
17274,TRIM51GP,1,5,0,4,0,0,2
17275,OR6B1,1,7,1,35,0,0,3
17276,EBF2,1,13,1,34,2,1,4
17277,C6orf226,1,4,0,12,0,0,2
17278,PPP3R1,1,28,6,51,0,0,3
17279,PSG3,1,3,1,27,0,1,4
17280,FANCG,1,14,2,42,0,0,3
17281,OR2A5,1,6,1,13,0,0,3
17282,KRTAP10-9,1,3,1,28,0,0,3
17283,AP4M1,1,25,1,51,0,0,3
17284,OR4A5,1,6,1,14,0,0,3
17285,C2orf16,1,2,0,32,0,0,2
17286,KRTAP1-5,1,3,1,37,0,0,3
17287,OR2A12,1,6,1,13,0,0,3
17288,KRTAP10-10,1,3,1,12,0,0,3
17289,KRTAP12-2,1,2,1,23,0,0,3
17290,PLXNA4,1,22,5,45,0,0,3
17291,MAGEA3,1,9,0,46,0,1,3
17292,CEBPD,1,20,3,44,91,20,4
17293,PSG7,1,3,1,26,0,1,4
17294,KRTAP1-3,1,4,1,41,0,0,3
17295,OR3A2,1,9,1,38,0,0,3
17296,ARIH2OS,1,1,0,0,0,0,1
17297,ZBED8,1,2,0,18,0,0,2
17298,HMSD,1,5,0,21,0,0,2
17299,OR1C1,1,8,2,29,0,0,3
17300,NPTXR,1,2,0,32,0,0,2
17301,POM121L12,1,0,0,4,0,0,1
17302,FAM200A,1,2,0,15,0,0,2
17303,OR2F2,1,6,1,14,0,0,3
17304,PPP2R2A,1,15,5,91,0,0,3
17305,C19orf73,1,1,0,6,0,0,2
17306,ZNF880,1,5,0,7,0,0,2
17307,TRIM16,1,15,0,34,0,2,3
17308,OR6X1,1,6,1,22,0,0,3
17309,HEPN1,1,1,0,2,0,0,2
17310,OR2A25,1,7,2,18,0,0,3
17311,TAS2R40,1,7,3,32,0,0,3
17312,OR2A14,1,6,1,16,0,0,3
17313,TIGD1,1,4,0,7,0,0,2
17314,FXYD7,1,14,3,15,0,0,3
17315,XKR9,1,4,0,12,0,0,2
17316,OR4C12,1,7,2,20,0,0,3
17317,SLC12A8,1,9,0,11,0,0,2
17318,APOL6,1,9,0,27,0,0,2
17319,FADS3,1,8,0,22,0,0,2
17320,OR2A1,1,6,0,1,0,0,2
17321,OR4E2,1,7,1,39,0,0,3
17322,CCNL2,1,13,0,65,0,0,2
17323,UBA52,1,28,217,296,0,2,4
17324,MYBPHL,1,5,0,16,0,0,2
17325,PPT2,1,10,1,58,0,1,4
17326,OR2A2,1,6,1,18,0,0,3
17327,ZNF630,1,6,0,8,0,0,2
17328,TIAF1,1,0,0,11,0,0,1
17329,OR52B4,1,8,0,12,0,0,2
17330,BTBD19,1,0,0,33,0,0,1
17331,FAM185A,1,2,0,25,0,0,2
17332,RAB6C,1,19,0,17,0,1,3
17333,PSMB11,1,17,1,37,0,0,3
17334,POTEM,1,0,0,29,0,0,1
17335,POTEJ,1,14,0,5,0,0,2
17336,DCDC2B,1,4,0,11,0,0,2
17337,C10orf55,1,0,0,5,0,0,1
17338,TRIM49D1,1,5,0,0,0,0,1
17339,USP17L2,1,24,2,41,0,0,3
17340,EXOSC6,1,19,8,44,0,1,4
17341,VPS52,1,18,1,51,0,2,4
17342,CDRT15,1,0,0,16,0,0,1
17343,ZNF844,1,6,0,6,0,0,2
17344,USP17L15,1,7,1,22,0,0,3
17345,CKMT1A,1,9,0,32,0,0,2
17346,TINCR,1,5,0,10,0,0,2
17347,HBD,1,12,1,36,0,6,4
17348,ZNF735,1,5,1,3,0,0,3
17349,RFPL4A,1,6,0,9,0,0,2
17350,C1GALT1C1L,1,2,0,30,0,0,2
17351,CERS1,1,17,1,34,0,0,3
17352,CPTP,1,18,1,12,0,0,3
17353,CENPVL3,1,1,0,1,0,0,2
17354,PRR29,1,0,0,5,0,0,1
17355,C4B,1,29,4,53,0,0,3
17356,ADM5,1,7,0,7,0,0,2
17357,ATXN1L,1,14,0,34,0,1,3
17358,SMIM13,1,1,0,19,0,0,2
17359,GPX5,1,11,1,71,0,1,4
17360,NDUFAF8,1,4,1,26,0,0,3
17361,PRRT4,1,1,0,6,0,0,2
17362,PPP4R3C,1,7,0,35,0,0,2
17363,PNMA6F,1,0,0,5,0,0,1
17364,PVALEF,1,3,0,10,0,0,2
17365,PLEKHM1,1,12,0,45,0,0,2
17366,USP17L3,1,7,1,15,0,0,3
17367,CT62,1,0,0,8,0,0,1
17368,MKRN2OS,1,0,0,3,0,0,1
17369,Z82206.1,1,0,0,0,0,0,0
17370,C2CD4D,1,0,0,7,0,0,1
17371,ZNF469,1,4,0,35,0,0,2
17372,MCRIP1,1,6,1,12,0,0,3
17373,SLC26A6,1,45,1,35,0,1,4
17374,OR6V1,1,6,1,11,0,0,3
17375,DEFB131B,1,2,0,0,0,0,1
17376,FAM229A,1,0,0,9,0,0,1
17377,ERCC6,1,46,7,72,0,1,4
17378,FRG2B,1,1,0,10,0,0,2
17379,NOL7,1,7,0,42,0,3,3
17380,C5orf67,1,0,0,7,0,0,1
17381,NTF4,1,17,8,41,0,1,4
17382,ELFN1,1,8,0,21,0,0,2
17383,PIGBOS1,1,4,0,13,0,0,2
17384,CT47A6,1,0,0,6,0,0,1
17385,FTCDNL1,1,2,0,7,0,0,2
17386,TEX22,1,2,0,14,0,0,2
17387,OR52I2,1,7,1,34,0,1,4
17388,CROCC2,1,2,0,14,0,0,2
17389,DCAF8L1,1,2,1,34,0,0,3
17390,USP17L7,1,7,0,6,0,0,2
17391,TMEM185B,1,1,0,8,0,0,2
17392,AC138647.1,1,0,0,0,0,0,0
17393,KIF4B,1,12,5,34,0,0,3
17394,AC013470.2,1,0,0,0,0,0,0
17395,HSBP1L1,1,6,0,14,0,0,2
17396,SRRM5,1,0,0,8,0,0,1
17397,FAM30A,1,0,0,0,0,0,0
17398,PGAM4,1,9,0,38,0,0,2
17399,C13orf42,1,0,0,1,0,0,1
17400,ERVMER34-1,1,2,0,12,0,0,2
17401,RBMY1J,1,8,0,27,0,0,2
17402,LTA,1,28,3,44,0,17,4
17403,C14orf132,1,1,0,6,0,0,2
17404,WDR46,1,7,2,90,0,0,3
17405,ANHX,1,7,0,16,0,0,2
17406,ZNF717,1,6,1,20,0,0,3
17407,TRGC2,1,6,0,0,0,0,1
17408,SPANXB1,1,4,0,9,0,0,2
17409,KLLN,1,3,0,5,0,0,2
17410,PARG,1,14,1,45,0,3,4
17411,AKR1B15,1,18,1,20,0,11,4
17412,SCAMP4,1,6,0,9,0,0,2
17413,LTB,1,20,2,40,0,14,4
17414,RD3L,1,0,0,33,0,0,1
17415,TEX46,1,2,0,0,0,0,1
17416,MRLN,1,4,0,14,0,0,2
17417,POLR2J2,1,7,0,34,0,0,2
17418,BOD1L2,1,2,0,19,0,0,2
17419,IFNA14,1,14,6,35,0,4,4
17420,OR2M3,1,6,1,12,0,0,3
17421,ORM2,1,14,2,41,0,0,3
17422,FAM174C,1,3,0,21,0,0,2
17423,OST4,1,7,5,35,0,0,3
17424,C2orf92,1,1,0,3,0,0,2
17425,VN1R4,1,6,0,22,0,0,2
17426,NUTM2E,1,0,0,3,0,0,1
17427,FNDC10,1,1,0,31,0,0,2
17428,CLDN25,1,6,0,36,0,0,2
17429,PROB1,1,1,0,10,0,0,2
17430,ARL17B,1,2,0,14,0,0,2
17431,DHFR,1,24,3,58,0,12,4
17432,SAPCD1,1,1,0,17,0,0,2
17433,PGA4,1,6,1,21,0,0,3
17434,RFPL4AL1,1,5,0,2,0,0,2
17435,ORM1,1,17,2,49,0,21,4
17436,SFTA3,1,6,3,32,0,0,3
17437,SPINK8,1,1,0,7,0,0,2
17438,PATL2,1,10,0,36,0,0,2
17439,NKX1-2,1,9,0,0,0,0,1
17440,PRAC2,1,1,0,5,0,0,2
17441,AL121578.2,1,0,0,0,0,0,0
17442,ZNF492,1,7,1,12,1,0,4
17443,ZNF688,1,7,1,9,0,0,3
17444,PET100,1,7,1,37,0,0,3
17445,PGA3,1,5,1,22,0,0,3
17446,GK3P,1,12,0,32,0,0,2
17447,FAM90A26,1,0,0,1,0,0,1
17448,PRPS1L1,1,13,1,35,0,0,3
17449,IQCF3,1,1,0,8,0,0,2
17450,TEX53,1,0,0,6,0,0,1
17451,ANKRD66,1,0,0,13,0,0,1
17452,ACBD6,1,9,1,35,0,0,3
17453,SSU72P8,1,0,0,32,0,0,1
17454,OR5H6,1,7,1,17,0,0,3
17455,SPDYE21P,1,0,0,0,0,0,0
17456,ANKRD18B,1,0,0,8,0,0,1
17457,PPP5D1,1,0,0,34,0,0,1
17458,MBD3L2,1,9,1,44,0,1,4
17459,USP17L1,1,7,1,16,0,0,3
17460,CCDC192,1,0,0,7,0,0,1
17461,TEX48,1,1,0,36,0,0,2
17462,AC011005.1,1,0,0,0,0,0,0
17463,PRB4,1,1,0,30,0,2,3
17464,SETSIP,1,10,0,7,0,0,2
17465,ANKRD63,1,0,0,3,0,0,1
17466,YY2,1,14,0,32,3,0,3
17467,STMND1,1,6,0,12,0,0,2
17468,HSBP1,1,12,3,30,0,0,3
17469,OR5H1,1,8,1,18,0,0,3
17470,PLSCR5,1,3,0,5,0,0,2
17471,CFAP97D1,1,2,0,19,0,0,2
17472,SBK3,1,5,0,5,0,0,2
17473,USP17L10,1,7,1,13,0,0,3
17474,TSPAN19,1,2,0,13,0,0,2
17475,AKAIN1,1,4,0,13,0,0,2
17476,CYP21A2,1,18,4,42,0,4,4
17477,OR5K2,1,8,1,13,0,0,3
17478,PSG1,1,3,1,33,0,1,4
17479,TAPBP,1,28,2,39,0,8,4
17480,PPP1R2B,1,4,0,6,0,0,2
17481,MAGEB6B,1,2,0,4,0,0,2
17482,ZBED9,1,6,0,18,0,0,2
17483,TMEM253,1,1,0,19,0,0,2
17484,TMA7,1,0,0,36,0,0,1
17485,TEX50,1,1,0,9,0,0,2
17486,MCTS1,1,12,0,41,0,1,3
17487,DYTN,1,3,0,9,0,0,2
17488,ASCL5,1,13,0,7,0,0,2
17489,TMEM114,1,6,0,32,0,0,2
17490,KRTAP25-1,1,3,1,25,0,0,3
17491,OR52I1,1,6,1,11,0,0,3
17492,OR5K1,1,7,2,18,0,0,3
17493,SMIM26,1,8,0,5,0,0,2
17494,USP17L13,1,7,1,17,0,0,3
17495,PRAMEF6,1,9,0,43,0,0,2
17496,AJM1,1,6,0,17,0,0,2
17497,KANTR,1,1,0,0,0,0,1
17498,GOLGA8N,1,5,0,10,0,0,2
17499,TNF,1,186,11,293,0,149,4
17500,PET117,1,2,1,32,0,0,3
17501,LYRM9,1,1,0,21,0,0,2
17502,PHGR1,1,0,0,8,0,0,1
17503,RAB6D,1,12,0,5,0,0,2
17504,RNF224,1,0,0,1,0,0,1
17505,OR5H15,1,7,1,12,0,0,3
17506,BTBD18,1,7,0,7,0,0,2
17507,TMEM238,1,1,0,9,0,0,2
17508,TWIST2,1,13,2,33,34,5,4
17509,PIRT,1,6,0,12,0,0,2
17510,PRR23C,1,0,0,3,0,0,1
17511,MYCNOS,1,9,0,0,0,0,1
17512,AC092835.1,1,0,0,0,0,0,0
17513,IFNA13,1,3,0,35,0,0,2
17514,HIST1H2BN,1,14,0,0,0,0,1
17515,CTXN2,1,1,0,10,0,0,2
17516,UQCRHL,1,4,1,50,0,0,3
17517,PAGE2,1,1,0,2,0,0,2
17518,TRIM26,1,13,1,39,0,0,3
17519,TMEM229A,1,1,0,5,0,0,2
17520,ZNF879,1,5,0,3,0,0,2
17521,CCDC188,1,1,0,6,0,0,2
17522,KBTBD13,1,9,2,35,0,0,3
17523,ZNF736,1,5,1,7,0,0,3
17524,PINLYP,1,2,0,29,0,0,2
17525,CLDN34,1,3,0,27,0,0,2
17526,C5orf58,1,0,0,10,0,0,1
17527,FAM133B,1,3,0,16,0,0,2
17528,OR10G8,1,6,1,18,0,0,3
17529,MCIDAS,1,16,1,38,0,0,3
17530,JRK,1,8,0,18,0,0,2
17531,NPIPB2,1,1,0,0,0,0,1
17532,C11orf94,1,7,0,13,0,0,2
17533,IQCM,1,0,0,2,0,0,1
17534,IFNA17,1,14,6,41,0,3,4
17535,APOC2,1,37,6,53,0,8,4
17536,SHISA8,1,6,0,34,0,0,2
17537,C19orf81,1,0,0,10,0,0,1
17538,ANKRD65,1,0,0,7,0,0,1
17539,BRD3OS,1,0,0,4,0,0,1
17540,ZSCAN31,1,7,0,3,0,0,2
17541,FAM237A,1,2,0,3,0,0,2
17542,C12orf75,1,0,0,6,0,0,1
17543,SMIM1,1,5,0,5,0,0,2
17544,HGH1,1,2,0,38,0,0,2
17545,PPP1R3E,1,8,0,32,0,0,2
17546,KDM4E,1,8,1,21,0,0,3
17547,RAMACL,1,6,0,18,0,0,2
17548,RPEL1,1,7,1,34,0,0,3
17549,SPAAR,1,6,0,10,0,0,2
17550,SMIM27,1,3,0,1,0,0,2
17551,NFAM1,1,16,1,14,0,0,3
17552,NKX1-1,1,8,0,4,0,0,2
17553,RNF148,1,7,0,11,0,0,2
17554,AL109810.2,1,0,0,0,0,0,0
17555,ANKRD34C,1,1,0,17,0,0,2
17556,MFRP,1,15,0,16,0,2,3
17557,KIAA0040,1,1,0,10,0,0,2
17558,B3GALT4,1,11,2,28,0,0,3
17559,LCE6A,1,0,1,39,0,0,2
17560,PNMA6A,1,1,0,9,0,0,2
17561,PATE3,1,1,0,34,0,0,2
17562,OR5H14,1,7,1,21,0,0,3
17563,ZBTB22,1,8,0,11,1,0,3
17564,USP17L4,1,7,1,17,0,0,3
17565,CLEC2L,1,1,0,11,0,0,2
17566,ZBED5,1,1,0,11,0,0,2
17567,SLFN14,1,10,0,1,0,0,2
17568,PPIAL4G,1,4,0,32,0,0,2
17569,CCDC200,1,0,0,4,0,0,1
17570,SLC35G4,1,3,0,9,0,0,2
17571,TAS2R39,1,7,3,33,0,0,3
17572,UBE2L5,1,7,0,31,0,0,2
17573,CT47B1,1,0,0,7,0,0,1
17574,AL354761.1,1,0,0,0,0,0,0
17575,ZNF853,1,4,0,10,0,0,2
17576,IFNA4,1,15,6,37,0,12,4
17577,ARHGEF38,1,3,2,30,0,0,3
17578,CTAGE9,1,6,0,1,0,0,2
17579,AL391650.1,1,0,0,0,0,0,0
17580,C3orf84,1,4,0,5,0,0,2
17581,OR10G9,1,6,1,15,0,0,3
17582,USP17L8,1,7,1,14,0,0,3
17583,TAAR9,1,8,2,12,0,0,3
17584,C4orf51,1,0,0,8,0,0,1
17585,B3GNT9,1,7,1,29,0,11,4
17586,CDKN2AIPNL,1,1,0,9,0,0,2
17587,MBD3L5,1,5,0,11,0,0,2
17588,CKMT1B,1,0,1,33,0,0,2
17589,RNF223,1,3,0,17,0,0,2
17590,PATE4,1,4,0,28,0,0,2
17591,AL445989.1,1,0,0,0,0,0,0
17592,OR4A47,1,6,1,14,0,0,3
17593,PRSS56,1,5,0,25,0,0,2
17594,ZNF737,1,5,1,2,0,0,3
17595,RGL2,1,6,1,34,0,0,3
17596,BHMG1,1,8,0,11,0,0,2
17597,C10orf143,1,0,0,13,0,0,1
17598,SHISA9,1,10,0,41,0,0,2
17599,OR7E24,1,7,1,16,0,0,3
17600,TEX51,1,1,0,6,0,0,2
17601,KIFC1,1,20,2,62,0,0,3
17602,C2orf74,1,2,0,6,0,0,2
17603,IRGM,1,59,0,39,0,0,2
17604,PRAMEF33,1,8,0,1,0,0,2
17605,FAM200B,1,0,0,10,0,0,1
17606,OR2I1P,1,6,0,14,0,0,2
17607,LRRC37A2,1,1,0,18,0,0,2
17608,MPC1L,1,5,1,2,0,0,3
17609,ETDA,1,0,0,10,0,0,1
17610,TMEM250,1,7,0,19,0,0,2
17611,PAGE2B,1,0,0,9,0,0,1
17612,TXNDC5,1,12,3,45,0,0,3
17613,CASTOR1,1,11,1,38,0,0,3
17614,RNF103,1,10,1,28,0,0,3
17615,RBM14,1,23,1,44,0,0,3
17616,ALKBH6,1,4,0,17,0,0,2
17617,ASB14,1,3,2,33,0,0,3
17618,PCDHA13,1,7,0,4,0,0,2
17619,KLHL41,1,19,2,64,0,0,3
17620,CASTOR3,1,3,0,14,0,0,2
17621,PRR20G,1,0,0,0,0,0,0
17622,MEIKIN,1,8,0,19,0,0,2
17623,NME1,1,50,3,54,0,7,4
17624,TNFSF12,1,18,2,40,0,6,4
17625,CDRT4,1,1,0,13,0,0,2
17626,APOBEC3G,1,25,0,38,0,4,3
17627,TLR9,1,69,7,59,0,20,4
17628,WBP1,1,2,0,21,0,1,3
17629,PRAMEF11,1,8,0,44,0,0,2
17630,DEFA3,1,16,2,36,0,1,4
17631,KRTAP9-2,1,4,1,37,0,0,3
17632,C1orf226,1,1,0,16,0,0,2
17633,ADSL,1,19,1,91,0,1,4
17634,AC104389.5,1,0,0,0,0,0,0
17635,LILRA4,1,14,1,33,0,0,3
17636,LILRA2,1,23,1,33,0,0,3
17637,TEX35,1,3,0,22,0,0,2
17638,AMY2B,1,8,1,50,0,0,3
17639,STRIT1,1,6,0,12,0,0,2
17640,LY6G5B,1,4,0,40,0,0,2
17641,PSMB9,1,25,4,72,0,7,4
17642,PCDHGC3,1,7,0,9,0,0,2
17643,SMKR1,1,0,0,38,0,0,1
17644,UGT1A5,1,11,2,43,0,0,3
17645,COX19,1,9,2,40,0,0,3
17646,ACAD11,1,17,1,39,0,0,3
17647,PPIL3,1,6,2,35,0,0,3
17648,LCE1F,1,3,1,36,0,0,3
17649,KIR3DL2,1,7,1,36,0,1,4
17650,KRTAP13-3,1,2,1,38,0,0,3
17651,TNFRSF13B,1,9,1,40,0,1,4
17652,L1TD1,1,5,0,41,0,3,3
17653,AQP1,1,75,5,51,0,21,4
17654,C1QTNF9,1,6,0,23,0,0,2
17655,ISY1,1,14,6,57,0,0,3
17656,PNMA2,1,3,0,35,0,0,2
17657,LRRD1,1,2,0,16,0,0,2
17658,KRBOX1,1,5,0,3,0,0,2
17659,PCDHGC5,1,7,0,3,0,0,2
17660,ARHGEF25,1,9,6,66,0,0,3
17661,TMEM189,1,6,0,38,0,0,2
17662,RDH14,1,13,1,26,0,0,3
17663,KRTAP4-7,1,4,1,37,0,0,3
17664,PLCXD2,1,3,0,4,0,0,2
17665,MIF,1,46,3,35,0,14,4
17666,NSUN6,1,12,1,52,0,0,3
17667,UGT1A9,1,22,4,52,0,7,4
17668,KRTAP10-5,1,4,1,29,0,0,3
17669,YAE1,1,4,0,23,0,0,2
17670,OR14A2,1,7,2,19,0,0,3
17671,AC115220.1,1,0,0,0,0,0,0
17672,TDGF1,1,35,0,52,0,0,2
17673,C3orf85,1,0,0,0,0,0,0
17674,KRTAP5-8,1,3,1,10,0,0,3
17675,KRTAP4-16,1,3,0,6,0,0,2
17676,CRCP,1,17,7,58,0,1,4
17677,CDRT1,1,0,0,26,0,0,1
17678,PDXP,1,32,0,32,0,0,2
17679,RPP21,1,14,2,40,0,0,3
17680,CD302,1,7,0,13,0,0,2
17681,EGFL8,1,6,0,13,0,0,2
17682,ATP5MF,1,7,2,41,0,0,3
17683,ARHGAP8,1,9,1,8,0,0,3
17684,ARPC4,1,15,5,37,0,0,3
17685,CORT,1,11,2,36,0,1,4
17686,KRTAP9-4,1,3,1,37,0,0,3
17687,KRTAP5-4,1,2,1,36,0,0,3
17688,UGT1A1,1,36,5,72,0,27,4
17689,INMT,1,12,1,14,0,0,3
17690,ARPC1A,1,15,5,38,0,0,3
17691,TMEFF1,1,3,0,15,0,0,2
17692,SPRR2A,1,11,2,41,0,9,4
17693,ATP5PO,1,18,3,55,0,0,3
17694,PLEKHO2,1,4,1,10,0,0,3
17695,C8orf58,1,0,0,8,0,0,1
17696,PISD,1,14,1,48,0,0,3
17697,HOGA1,1,12,1,33,0,0,3
17698,PI4KA,1,18,2,65,0,0,3
17699,KIR3DL3,1,6,0,27,0,0,2
17700,HYPK,1,9,0,34,0,1,3
17701,AMACR,1,12,4,49,0,3,4
17702,MTFP1,1,5,0,18,0,0,2
17703,MDFIC2,1,5,0,3,0,0,2
17704,ARHGDIG,1,10,4,32,0,2,4
17705,TCP10L,1,6,0,23,0,1,3
17706,PSG2,1,6,1,25,0,0,3
17707,ARFGAP3,1,12,4,34,0,0,3
17708,BGLAP,1,53,4,57,0,87,4
17709,C22orf39,1,6,0,24,0,0,2
17710,PEG10,1,13,0,44,0,3,3
17711,UGT1A8,1,26,2,71,0,2,4
17712,EIF6,1,28,0,79,0,1,3
17713,RBMY1E,1,7,0,18,0,0,2
17714,GTF2A1L,1,13,0,35,0,0,2
17715,ARPIN,1,6,0,21,0,0,2
17716,UGT1A10,1,21,2,69,0,3,4
17717,SERPINB10,1,9,1,8,0,0,3
17718,DECR2,1,10,2,41,0,0,3
17719,GNG10,1,8,29,66,0,0,3
17720,CCDC169,1,0,0,19,0,0,1
17721,RTL5,1,0,0,9,0,0,1
17722,AP5Z1,1,13,0,49,0,0,2
17723,ZNF709,1,5,1,3,0,0,3
17724,STRC,1,6,2,48,0,0,3
17725,EIF4EBP3,1,8,0,32,0,0,2
17726,PRAMEF4,1,8,0,33,0,0,2
17727,PSG11,1,6,1,19,0,0,3
17728,UGT1A3,1,20,5,47,0,5,4
17729,PSG4,1,2,1,25,0,0,3
17730,MICAL3,1,18,0,31,0,1,3
17731,STON1,1,13,2,35,0,0,3
17732,PRAF2,1,8,0,8,0,0,2
17733,VSIG8,1,3,0,15,0,0,2
17734,STMP1,1,11,0,10,0,0,2
17735,KCTD7,1,9,2,34,0,0,3
17736,EFNA4,1,11,3,35,0,0,3
17737,TICAM2,1,33,10,39,0,2,4
17738,C4orf48,1,5,0,4,0,0,2
17739,NAA80,1,12,0,20,0,0,2
17740,AMY2A,1,10,2,50,0,15,4
17741,KRTAP10-11,1,3,1,36,0,0,3
17742,TNFRSF6B,1,7,1,33,0,1,4
17743,WFDC6,1,4,0,13,0,0,2
17744,UPK3B,1,3,0,37,0,0,2
17745,IL10RB,1,23,3,48,0,0,3
17746,CFB,1,19,3,44,0,9,4
17747,ZNF487,1,6,0,13,0,0,2
17748,WDR92,1,6,0,41,0,0,2
17749,NME2,1,37,4,49,1,0,4
17750,PLA2G4B,1,21,7,43,0,0,3
17751,LEFTY1,1,10,2,38,0,7,4
17752,CFAP57,1,3,0,32,0,0,2
17753,TTC4,1,10,0,41,0,0,2
17754,OR5V1,1,9,1,14,0,0,3
17755,TMEM35B,1,1,0,8,0,0,2
17756,APOBEC3D,1,12,0,32,0,0,2
17757,TUBA4B,1,8,28,37,0,0,3
17758,ZNF512,1,10,0,36,0,0,2
17759,GSTA1,1,18,4,54,0,4,4
17760,RTL9,1,0,0,23,0,0,1
17761,ACY1,1,9,3,37,0,0,3
17762,NFS1,1,17,0,62,0,0,2
17763,MT1HL1,1,8,0,8,0,0,2
17764,KRTAP19-3,1,2,1,34,0,0,3
17765,DDOST,1,16,7,57,0,0,3
17766,TMEM199,1,14,0,37,0,0,2
17767,LCE3C,1,5,1,42,0,0,3
17768,GSTA2,1,10,3,42,0,8,4
17769,SPRR2F,1,5,1,33,0,0,3
17770,P2RY11,1,15,3,40,0,0,3
17771,TMEM141,1,3,0,12,0,0,2
17772,TMEM225B,1,2,0,9,0,0,2
17773,GMCL2,1,6,0,8,0,0,2
17774,IFITM10,1,2,0,7,0,0,2
17775,DBNDD2,1,7,0,8,0,0,2
17776,LY6G6D,1,10,1,48,0,1,4
17777,KRTAP19-7,1,2,1,16,0,0,3
17778,RBMY1D,1,6,0,29,0,0,2
17779,ETV5,1,18,0,37,23,5,3
17780,KRTAP5-7,1,2,1,32,0,0,3
17781,RBM12,1,8,0,32,0,0,2
17782,UGT1A4,1,20,4,72,0,4,4
17783,ERVFRD-1,1,5,0,56,0,1,3
17784,LILRA6,1,6,1,29,0,0,3
17785,SCARF2,1,6,0,16,0,0,2
17786,APOBEC3C,1,17,2,34,0,1,4
17787,KRTAP4-2,1,5,1,43,0,0,3
17788,RAD21L1,1,8,0,46,0,0,2
17789,CCDC13,1,9,0,33,0,0,2
17790,ASPRV1,1,5,0,10,0,0,2
17791,OR2AE1,1,6,1,14,0,0,3
17792,KRTAP20-1,1,1,1,22,0,0,3
17793,UBE2V1,1,20,17,51,0,0,3
17794,PTCHD4,1,1,0,3,0,0,2
17795,HBB,1,28,10,50,0,59,4
17796,CRYBB2,1,7,0,33,0,1,3
17797,N4BP2L2,1,9,0,34,0,0,2
17798,ZNF585B,1,6,1,4,0,0,3
17799,CEBPA,1,55,4,76,218,53,4
17800,H2AFJ,1,8,0,0,0,0,1
17801,UBAP1L,1,3,0,27,0,0,2
17802,PGAM5,1,10,0,39,0,1,3
17803,ZCCHC3,1,12,0,35,0,0,2
17804,SPTY2D1OS,1,1,0,2,0,0,2
17805,TWF2,1,30,2,40,0,0,3
17806,MARS2,1,8,1,32,0,0,3
17807,USP51,1,15,0,37,0,0,2
17808,BCKDHA,1,9,7,53,0,0,3
17809,INSL3,1,13,2,36,0,3,4
17810,MARCOL,1,1,0,0,0,0,1
17811,ADH1C,1,10,2,39,0,10,4
17812,APELA,1,21,0,10,0,0,2
17813,CDK11B,1,30,1,39,0,4,4
17814,PCDHAC1,1,7,0,6,0,0,2
17815,TARM1,1,8,1,2,0,0,3
17816,POU5F2,1,10,0,8,0,0,2
17817,PCP4L1,1,0,0,10,0,0,1
17818,ABHD14A,1,4,0,30,0,1,3
17819,CCDC153,1,2,0,8,0,0,2
17820,C4orf54,1,0,0,0,0,0,0
17821,ACTN3,1,41,2,45,0,0,3
17822,AC187653.1,1,0,0,0,0,0,0
17823,SMIM31,1,1,0,12,0,0,2
17824,FMN1,1,14,0,32,0,0,2
17825,HAUS5,1,9,7,42,0,0,3
17826,TAF11L12,1,6,0,34,0,0,2
17827,PCDHA11,1,7,0,12,0,0,2
17828,ATP5MGL,1,9,0,38,0,0,2
17829,TMEM150C,1,6,0,12,0,0,2
17830,NAIP,1,22,0,45,0,5,3
17831,ZNF324B,1,5,1,15,0,0,3
17832,SPATS1,1,1,0,22,0,0,2
17833,CLRN2,1,6,0,15,0,0,2
17834,LINC02218,1,6,0,35,0,0,2
17835,THEGL,1,0,0,4,0,0,1
17836,ZNF564,1,6,1,8,0,0,3
17837,FER1L5,1,10,0,15,0,0,2
17838,ECSCR,1,7,0,21,0,0,2
17839,HS3ST5,1,9,1,35,0,0,3
17840,LGALS16,1,4,0,8,0,0,2
17841,PDCD6,1,42,0,47,0,1,3
17842,GOLGA8K,1,5,0,7,0,0,2
17843,TERB1,1,8,0,42,0,0,2
17844,TMEM158,1,2,0,10,0,1,3
17845,YJEFN3,1,9,0,29,0,0,2
17846,PCDHA10,1,9,0,12,0,0,2
17847,PTTG2,1,6,0,38,0,0,2
17848,GIMD1,1,2,0,0,0,0,1
17849,TRMT9B,1,9,1,25,0,0,3
17850,ZNF718,1,5,1,3,0,0,3
17851,SMIM20,1,6,1,32,0,0,3
17852,GYPB,1,4,1,48,0,3,4
17853,TUNAR,1,8,0,2,0,0,2
17854,TRIM75P,1,9,0,5,0,0,2
17855,KIAA1210,1,2,0,16,0,0,2
17856,CHCHD10,1,9,1,36,0,0,3
17857,FAM218A,1,1,0,7,0,0,2
17858,CDK3,1,16,0,41,0,2,3
17859,GPR162,1,5,0,34,0,2,3
17860,ATP6V1E2,1,8,5,48,0,0,3
17861,GLI4,1,6,0,16,0,0,2
17862,REELD1,1,2,0,35,0,0,2
17863,P3R3URF,1,1,0,28,0,0,2
17864,SELENOP,1,6,1,63,0,8,4
17865,TAF11L14,1,6,0,35,0,0,2
17866,PRODH2,1,10,2,48,0,1,4
17867,AC010255.3,1,0,0,0,0,0,0
17868,EXOC1L,1,0,0,17,0,0,1
17869,USP17L18,1,7,1,16,0,0,3
17870,USP17L23,1,4,0,1,0,0,2
17871,ZNF674,1,6,0,15,0,0,2
17872,ZNF345,1,12,0,5,0,0,2
17873,RFPL4B,1,4,0,23,0,0,2
17874,SHANK3,1,46,2,62,0,0,3
17875,ZNF550,1,7,1,11,0,0,3
17876,DCANP1,1,22,0,2,0,0,2
17877,FOXD1,1,26,0,33,5,3,3
17878,PRB1,1,3,0,32,0,6,3
17879,PCDHA12,1,7,0,6,0,0,2
17880,PTX4,1,1,0,3,0,0,2
17881,OC90,1,12,0,19,0,0,2
17882,RGS21,1,10,2,39,0,0,3
17883,PCDHGA12,1,7,0,9,0,0,2
17884,C8orf88,1,3,0,1,0,0,2
17885,SHLD3,1,10,0,12,0,0,2
17886,CCDC71L,1,0,0,3,0,0,1
17887,HOXA10,1,20,0,38,43,12,3
17888,TMEM200B,1,1,0,6,0,0,2
17889,PCDHGB6,1,6,0,9,0,0,2
17890,SERPINE3,1,2,0,12,0,0,2
17891,C1orf210,1,4,0,11,0,0,2
17892,TRNP1,1,7,0,8,0,0,2
17893,SMIM18,1,1,0,2,0,0,2
17894,PCDHGA5,1,6,0,7,0,0,2
17895,NACA2,1,4,0,36,0,0,2
17896,PCDHGA7,1,6,0,6,0,0,2
17897,PYDC2,1,12,0,12,0,0,2
17898,SLC10A5,1,4,0,8,0,0,2
17899,PRSS51,1,6,0,1,0,0,2
17900,ALG11,1,12,2,51,0,0,3
17901,ATXN7L3B,1,3,0,18,0,0,2
17902,PRKDC,1,60,4,96,0,5,4
17903,PCDHGA6,1,6,0,8,0,0,2
17904,PCDHGA8,1,6,0,5,0,0,2
17905,ETV3L,1,8,0,9,0,0,2
17906,PCDHGA10,1,6,0,7,0,0,2
17907,PCDHGA11,1,6,0,6,0,0,2
17908,PCDHGB2,1,7,0,9,0,0,2
17909,CLDN23,1,7,1,40,0,0,3
17910,ZNF260,1,6,0,8,3,0,3
17911,LYN,1,123,37,102,0,5,4
17912,PINX1,1,23,0,38,0,1,3
17913,PCDHGB7,1,6,0,4,0,0,2
17914,CD8B2,1,4,0,16,0,0,2
17915,NPIPB11,1,1,0,7,0,0,2
17916,PCDHGA3,1,7,0,9,0,0,2
17917,LRRC24,1,4,0,22,0,0,2
17918,SIGLEC14,1,6,2,22,0,0,3
17919,PBOV1,1,4,0,0,0,0,1
17920,OR4D10,1,6,1,18,0,0,3
17921,AP002495.1,1,0,0,0,0,0,0
17922,CHMP4A,1,50,9,44,0,4,4
17923,SIGLEC12,1,5,1,12,0,0,3
17924,PABPC4L,1,11,0,33,0,0,2
17925,OMP,1,10,0,32,0,3,3
17926,MAGEL2,1,14,0,39,0,0,2
17927,CSNK2A3,1,15,1,33,0,0,3
17928,ARMS2,1,5,0,35,0,0,2
17929,INS,1,71,14,264,0,125,4
17930,RTL1,1,3,0,23,0,0,2
17931,FPGT,1,7,1,12,0,0,3
17932,MEX3A,1,6,0,21,0,0,2
17933,OR10G4,1,7,2,23,0,0,3
17934,EEF1G,1,12,2,60,0,0,3
17935,SLC22A18AS,1,4,0,16,0,0,2
17936,OR5M10,1,7,1,20,0,0,3
17937,MPV17L2,1,7,0,33,0,0,2
17938,BORCS8,1,9,0,27,0,0,2
17939,DPP3,1,8,2,34,0,4,4
17940,KRTAP5-9,1,4,1,26,0,0,3
17941,BRK1,1,17,7,54,0,2,4
17942,UBTFL1,1,8,0,12,0,0,2
17943,OR5M1,1,7,1,11,0,0,3
17944,CHMP1B,1,46,0,47,0,0,2
17945,EID3,1,13,1,46,0,0,3
17946,GLYATL1B,1,5,0,24,0,0,2
17947,CCDC166,1,0,0,5,0,0,1
17948,NANOGP8,1,11,0,13,4,0,3
17949,CARD17,1,12,0,14,0,0,2
17950,OR5M11,1,7,1,22,0,0,3
17951,SMIM35,1,1,0,0,0,0,1
17952,OR8G5,1,7,1,13,0,0,3
17953,EID1,1,9,0,19,1,0,3
17954,OR52B2,1,7,1,21,0,0,3
17955,NOX5,1,24,1,35,0,7,4
17956,CCDC179,1,1,0,3,0,0,2
17957,TAS2R43,1,10,3,37,0,0,3
17958,OOSP4B,1,1,0,6,0,0,2
17959,HCAR3,1,8,2,27,0,1,4
17960,PCDHA3,1,7,0,9,0,0,2
17961,EBLN2,1,0,0,14,0,0,1
17962,CARD18,1,11,0,21,0,0,2
17963,POLR2M,1,11,0,35,0,0,2
17964,LY6G6E,1,9,0,18,0,0,2
17965,FDXACB1,1,4,0,34,0,0,2
17966,OR10G2,1,6,1,16,0,0,3
17967,RAB44,1,17,2,12,0,0,3
17968,TRIL,1,8,0,11,0,0,2
17969,OR4D2,1,6,2,21,0,0,3
17970,OR6J1,1,6,1,15,0,0,3
17971,TIFAB,1,33,0,15,0,0,2
17972,KDM4F,1,6,0,2,0,0,2
17973,CYP2A6,1,18,2,94,0,12,4
17974,AL590560.2,1,0,0,0,0,0,0
17975,CTSO,1,8,2,18,0,0,3
17976,COA8,1,8,0,6,0,0,2
17977,TRAPPC2B,1,17,0,25,0,0,2
17978,DNAAF4,1,17,0,58,0,5,3
17979,ZNF432,1,8,1,15,0,0,3
17980,SMLR1,1,2,0,12,0,0,2
17981,TAS2R30,1,7,3,34,0,0,3
17982,ZNF10,1,7,1,12,0,0,3
17983,ZNF486,1,6,1,6,0,0,3
17984,SMIM3,1,3,0,34,0,0,2
17985,HMBS,1,9,1,45,0,7,4
17986,ZNF225,1,9,1,13,0,0,3
17987,ASIC5,1,12,1,6,0,0,3
17988,TAS2R31,1,7,3,35,0,0,3
17989,DND1,1,14,0,33,0,0,2
17990,SALL3,1,7,0,18,9,3,3
17991,POLG2,1,15,2,38,0,1,4
17992,SMIM10L1,1,1,0,4,0,0,2
17993,OR13A1,1,7,1,15,0,0,3
17994,CLEC12B,1,12,0,11,0,0,2
17995,ZNF350,1,16,2,32,6,2,4
17996,PGA5,1,5,1,20,0,1,4
17997,STH,1,7,0,22,0,0,2
17998,ZNF253,1,7,1,19,0,0,3
17999,KLRF2,1,5,0,6,0,0,2
18000,C17orf100,1,0,0,1,0,0,1
18001,CAPNS2,1,7,4,36,0,0,3
18002,SLC5A8,1,28,3,38,0,5,4
18003,KHDC1L,1,2,0,22,0,0,2
18004,GPR142,1,6,0,27,0,0,2
18005,HP,1,15,2,67,0,48,4
18006,C11orf97,1,2,0,2,0,0,2
18007,DENND11,1,1,0,19,0,0,2
18008,LSM14A,1,18,0,46,0,0,2
18009,NHLRC4,1,1,0,5,0,0,2
18010,OR11H12,1,6,0,13,0,0,2
18011,TAS2R38,1,7,3,36,0,0,3
18012,GATC,1,6,0,47,0,0,2
18013,ZBED6,1,15,0,6,3,0,3
18014,MGAM,1,18,2,44,0,4,4
18015,FNTB,1,15,4,32,0,2,4
18016,ZNF878,1,5,0,2,0,0,2
18017,ZNF625,1,5,1,2,0,0,3
18018,GALNT4,1,9,1,34,0,0,3
18019,INAFM1,1,1,0,9,0,0,2
18020,CNPY2,1,4,0,26,0,0,2
18021,MGAM2,1,9,0,32,0,0,2
18022,CUX1,1,16,3,42,100,4,4
18023,TEN1,1,10,2,30,0,0,3
18024,TEX49,1,3,0,0,0,0,1
18025,OR9A4,1,6,1,11,0,0,3
18026,PRSS58,1,6,0,35,0,0,2
18027,CLEC5A,1,12,3,35,0,1,4
18028,CHURC1,1,4,0,12,0,0,2
18029,C17orf49,1,5,0,38,0,0,2
18030,RTEL1,1,35,3,55,0,0,3
18031,ZNF578,1,6,0,7,0,0,2
18032,PDF,1,5,0,36,0,1,3
18033,RNASE12,1,3,0,31,0,0,2
18034,OR11H2,1,6,1,13,0,0,3
18035,AC005726.1,1,0,0,0,0,0,0
18036,SPESP1,1,5,0,24,0,0,2
18037,TRIM34,1,9,1,6,0,0,3
18038,C20orf141,1,2,0,3,0,0,2
18039,OR4C13,1,6,1,13,0,0,3
18040,RNASE4,1,6,0,3,0,0,2
18041,MC1R,1,28,3,48,0,3,4
18042,DUXA,1,8,1,19,0,0,3
18043,CEP95,1,3,0,5,0,0,2
18044,TUBB3,1,32,32,52,0,25,4
18045,TMEM179,1,1,0,25,0,0,2
18046,TSPY1,1,8,0,33,0,0,2
18047,SMIM6,1,1,0,12,0,0,2
18048,ITGB3,1,115,23,129,0,14,4
18049,SLC35G6,1,1,0,29,0,0,2
18050,INAFM2,1,1,0,0,0,0,1
18051,GH1,1,30,3,36,0,62,4
18052,CTXND1,1,1,0,3,0,0,2
18053,UBE2Q2L,1,0,0,1,0,0,1
18054,BLID,1,4,0,4,0,0,2
18055,SLC22A31,1,4,0,14,0,0,2
18056,LYPD8,1,3,1,17,0,0,3
18057,AL845331.2,1,0,0,0,0,0,0
18058,RBM15B,1,13,0,36,0,0,2
18059,TGFBR3L,1,9,0,1,0,0,2
18060,HOXB7,1,17,0,40,23,8,3
18061,SPDYE6,1,2,0,9,0,0,2
18062,CCDC187,1,3,1,31,0,0,3
18063,FRRS1L,1,8,0,46,0,0,2
18064,ARMH2,1,0,0,10,0,0,1
18065,MRC1,1,8,3,56,0,5,4
18066,HSPB9,1,5,0,29,0,0,2
18067,SCX,1,45,0,26,13,5,3
18068,C16orf95,1,0,0,8,0,0,1
18069,KCNJ18,1,7,0,17,0,0,2
18070,ANKRD20A1,1,1,0,22,0,0,2
18071,TLE7,1,6,0,12,0,0,2
18072,SERTM2,1,4,0,0,0,0,1
18073,XKR7,1,6,0,6,0,0,2
18074,CCPG1,1,5,0,33,0,1,3
18075,TMEM178B,1,2,0,5,0,0,2
18076,EPPK1,1,29,0,18,0,0,2
18077,CLEC19A,1,2,0,16,0,0,2
18078,BOP1,1,22,1,99,0,0,3
18079,MUC22,1,1,0,30,0,0,2
18080,FIGNL2,1,12,0,6,0,0,2
18081,AC010325.1,1,0,0,0,0,0,0
18082,PECAM1,1,48,7,84,0,17,4
18083,TUBB8,1,22,27,42,0,0,3
18084,TMEM249,1,5,0,32,0,0,2
18085,TPBGL,1,3,0,6,0,0,2
18086,GAN,1,10,2,48,0,0,3
18087,GOLGA6L7,1,2,0,13,0,0,2
18088,C15orf65,1,9,0,35,0,0,2
18089,LY6L,1,1,0,26,0,0,2
18090,SCRT1,1,11,0,31,1,2,3
18091,HPR,1,7,1,38,0,2,4
18092,TCF24,1,7,0,5,0,0,2
18093,GOLGA8H,1,5,0,7,0,0,2
18094,MIA,1,2,0,18,0,11,3
18095,SMIM36,1,1,0,25,0,0,2
18096,PCDHGA9,1,8,0,7,0,0,2
18097,GFY,1,3,0,7,0,0,2
18098,AC233723.1,1,0,0,0,0,0,0
18099,MYMX,1,7,0,10,0,0,2
18100,CORO7,1,16,0,8,0,0,2
18101,MMP12,1,32,2,36,0,12,4
18102,CCER2,1,1,0,9,0,0,2
18103,SMIM28,1,1,0,17,0,0,2
18104,OR1D5,1,8,2,25,0,0,3
18105,SPON1,1,8,2,32,0,3,4
18106,OVCA2,1,8,0,13,0,0,2
18107,C19orf84,1,4,1,0,0,0,2
18108,CCNQ,1,6,0,34,0,0,2
18109,GTF2I,1,12,0,42,18,2,3
18110,ZNF234,1,6,1,12,0,1,4
18111,MYZAP,1,10,0,11,0,0,2
18112,DPEP2NB,1,1,0,0,0,0,1
18113,AC119396.1,1,0,0,0,0,0,0
18114,PPIAL4A,1,5,0,32,0,0,2
18115,TMEM238L,1,3,0,3,0,0,2
18116,SRSF8,1,8,3,41,0,0,3
18117,FAM72C,1,1,0,24,0,0,2
18118,IKBKE,1,35,14,48,0,12,4
18119,MSMB,1,3,0,46,0,3,3
18120,GDF2,1,35,1,38,0,0,3
18121,LINC00672,1,1,0,0,0,0,1
18122,NBPF11,1,1,0,20,0,0,2
18123,RHEX,1,6,0,16,0,0,2
18124,AKR1C8P,1,8,0,7,0,0,2
18125,ANXA8L1,1,8,0,2,0,1,3
18126,DYNLL2,1,33,16,55,0,0,3
18127,MYH4,1,19,0,40,0,4,3
18128,OTUD7B,1,22,4,39,0,0,3
18129,GJA5,1,53,1,50,0,11,4
18130,ANXA8,1,18,0,43,0,2,3
18131,RBP3,1,12,2,36,0,6,4
18132,RBM8A,1,27,5,80,0,7,4
18133,TIMM23,1,11,1,42,0,0,3
18134,RNF115,1,18,1,33,0,1,4
18135,ZNF488,1,6,0,9,0,0,2
18136,SEC22B,1,25,4,88,0,0,3
18137,FSBP,1,4,0,32,0,0,2
18138,TXNIP,1,22,4,39,0,20,4
18139,SRGAP2,1,31,8,47,0,1,4
18140,BAHCC1,1,1,0,10,0,0,2
18141,RASSF5,1,6,0,49,0,0,2
18142,STRADA,1,14,1,37,0,1,4
18143,KLF14,1,9,0,34,4,0,3
18144,NBPF15,1,1,0,9,0,3,3
18145,NCOA4,1,16,0,46,3,2,3
18146,GDF10,1,11,0,17,0,1,3
18147,MYO15B,1,8,0,18,0,0,2
18148,AC011195.2,1,0,0,0,0,0,0
18149,FXYD1,1,24,3,40,0,1,4
18150,AARSD1,1,16,0,23,0,0,2
18151,ZNF850,1,5,0,15,0,0,2
18152,PTGES3L,1,6,0,16,0,0,2
18153,AC090360.1,1,0,0,0,0,0,0
18154,LCN6,1,2,0,16,0,0,2
18155,C17orf113,1,0,0,0,0,0,0
18156,UPK3BL1,1,1,0,34,0,0,2
18157,APOC4,1,8,3,35,0,1,4
18158,ZNF285,1,4,1,15,0,0,3
18159,S1PR2,1,20,2,36,0,0,3
18160,CGB1,1,6,0,9,0,0,2
18161,FDX2,1,13,5,87,0,0,3
18162,ZNF224,1,12,2,13,3,0,4
18163,EDDM13,1,1,0,11,0,0,2
18164,SMIM22,1,8,0,4,0,0,2
18165,LIN37,1,12,7,34,0,0,3
18166,NDUFA7,1,10,2,50,0,0,3
18167,CCDC177,1,0,0,12,0,0,1
18168,MAGEA9B,1,4,0,6,0,0,2
18169,ERFL,1,7,0,3,0,0,2
18170,NBPF12,1,1,0,5,0,0,2
18171,GABRQ,1,20,2,34,0,0,3
18172,SLC6A14,1,26,3,36,0,0,3
18173,SMIM17,1,1,0,32,0,0,2
18174,OPN1MW,1,16,4,33,0,4,4
18175,ARL14EPL,1,0,0,6,0,0,1
18176,TCP11X1,1,4,0,0,0,0,1
18177,SCGB1C2,1,2,0,5,0,0,2
18178,TEX13A,1,2,0,32,0,0,2
18179,CTAG1A,1,3,0,5,0,0,2
18180,AC008687.4,1,0,0,0,0,0,0
18181,ZNF723,1,5,0,3,0,0,2
18182,AC106774.4,1,0,0,0,0,0,0
18183,ERVV-2,1,1,0,8,0,0,2
18184,SPANXN2,1,1,0,6,0,0,2
18185,CALR3,1,7,0,41,0,0,2
18186,ZNF728,1,6,0,3,0,0,2
18187,TRABD2B,1,11,0,6,0,0,2
18188,FBXO17,1,8,2,32,0,0,3
18189,MAGIX,1,0,0,13,0,0,1
18190,IKBKG,1,39,32,124,0,2,4
18191,ZNF587B,1,5,0,4,0,0,2
18192,SPIB,1,15,0,38,17,7,3
18193,NXF2,1,12,0,40,0,0,2
18194,OPN1MW3,1,12,0,10,0,0,2
18195,NXF2B,1,0,1,46,0,0,2
18196,H3.Y,1,0,0,0,0,0,0
18197,ERVV-1,1,1,0,10,0,0,2
18198,TMEM185A,1,3,0,22,0,0,2
18199,ZIM2,1,6,1,23,0,0,3
18200,CCDC194,1,0,0,0,0,0,0
18201,SLC25A53,1,4,0,21,0,0,2
18202,RNF225,1,3,0,11,0,0,2
18203,EGLN2,1,20,1,40,0,2,4
18204,MEI4,1,9,0,24,0,0,2
18205,TERC,1,0,0,0,0,0,0
18206,NCBP2AS2,1,2,0,4,0,0,2
18207,PPIAL4H,1,4,0,31,0,0,2
18208,HEATR9,1,1,0,22,0,0,2
18209,PRAMEF5,1,8,0,36,0,0,2
18210,TAF15,1,11,10,38,0,0,3
18211,GAS2L2,1,20,0,25,0,0,2
18212,C17orf50,1,4,0,13,0,0,2
18213,RASL10B,1,7,0,19,0,0,2
18214,CTAGE15,1,6,0,1,0,0,2
18215,UGT2A2,1,6,2,41,0,0,3
18216,SRXN1,1,9,1,35,0,5,4
18217,CTAGE6,1,6,0,5,0,0,2
18218,NBPF19,1,1,0,6,0,0,2
18219,MMP28,1,10,0,15,0,4,3
18220,CCL5,1,76,3,91,0,39,4
18221,LIX1L,1,2,0,30,0,0,2
18222,MILR1,1,8,0,11,0,0,2
18223,SMIM32,1,1,0,0,0,0,1
18224,ANKRD34A,1,2,0,18,0,0,2
18225,GTF2H5,1,12,29,50,0,0,3
18226,NUDT3,1,24,1,45,0,0,3
18227,KMT2B,1,13,5,39,14,1,4
18228,POM121C,1,8,30,37,0,0,3
18229,CD24,1,44,3,40,0,15,4
18230,CFAP206,1,15,0,35,0,0,2
18231,MUSTN1,1,10,0,8,0,2,3
18232,ZNF595,1,7,1,11,0,0,3
18233,DOC2B,1,15,0,20,0,0,2
18234,PCDHB16,1,11,0,19,0,0,2
18235,KRTAP10-7,1,4,1,32,0,0,3
18236,DCP1A,1,18,4,64,0,0,3
18237,ATP6V1FNB,1,0,0,8,0,0,1
18238,C2orf15,1,2,0,4,0,0,2
18239,GRIN2B,1,52,11,122,0,11,4
18240,LYPD4,1,4,1,32,0,0,3
18241,NBPF26,1,6,0,7,0,0,2
18242,TMEM271,1,1,0,0,0,0,1
18243,ZBTB8B,1,7,0,12,1,0,3
18244,FOXD4L6,1,11,0,23,0,0,2
18245,AGBL1,1,7,1,8,0,0,3
18246,CWC25,1,8,2,60,0,0,3
18247,EPOP,1,13,1,32,0,0,3
18248,HIST1H2BM,1,14,0,0,0,0,1
18249,LHX1,1,86,3,55,6,2,4
18250,CYFIP1,1,39,9,71,0,1,4
18251,CEACAM20,1,9,0,5,0,0,2
18252,HIST1H2BG,1,0,0,0,0,0,0
18253,USP27X,1,15,0,37,0,0,2
18254,TAF9,1,37,12,95,0,1,4
18255,NOL12,1,8,1,42,0,0,3
18256,GOLGA6L1,1,0,0,15,0,0,1
18257,HIST1H3G,1,0,0,0,0,0,0
18258,CASTOR2,1,6,1,35,0,0,3
18259,OR4M2,1,6,1,18,0,0,3
18260,NATD1,1,1,0,7,0,0,2
18261,H2AFB1,1,10,0,0,0,0,1
18262,ANTXRL,1,5,0,15,0,0,2
18263,SOCS7,1,15,0,35,0,1,3
18264,GGTLC3,1,4,0,14,0,0,2
18265,ADRA2B,1,26,4,35,0,3,4
18266,ZNF658,1,8,1,11,0,0,3
18267,TMEM269,1,1,0,5,0,0,2
18268,TPTE,1,12,1,22,0,1,4
18269,C8orf89,1,0,0,1,0,0,1
18270,RCC1L,1,12,2,35,0,0,3
18271,SEBOX,1,4,0,8,0,0,2
18272,DGKK,1,12,1,37,0,0,3
18273,RIMBP3B,1,6,0,22,0,0,2
18274,CCL23,1,18,0,36,0,3,3
18275,ELOA3D,1,0,0,33,0,0,1
18276,KRTAP7-1,1,1,0,45,0,0,2
18277,HIST1H3E,1,0,0,0,0,0,0
18278,PRAMEF27,1,8,0,32,0,0,2
18279,TBC1D3B,1,4,0,12,0,0,2
18280,PANO1,1,4,0,0,0,0,1
18281,HIST1H2AH,1,9,0,0,0,0,1
18282,ZNF280B,1,5,0,12,0,0,2
18283,MLLT6,1,11,0,33,0,0,2
18284,PPP4R3B,1,11,0,38,0,0,2
18285,SYNRG,1,8,0,53,0,0,2
18286,NUDT18,1,15,0,26,0,0,2
18287,ZNF2,1,4,1,11,1,0,4
18288,CCL16,1,15,2,35,0,1,4
18289,LENG9,1,1,0,12,0,0,2
18290,HIST1H2AK,1,0,0,0,0,0,0
18291,CCL4,1,24,3,62,0,20,4
18292,PRAG1,1,13,1,13,0,0,3
18293,C7orf77,1,0,0,10,0,0,1
18294,HIST1H3I,1,0,0,0,0,0,0
18295,CCL18,1,15,0,41,0,0,2
18296,FCGBP,1,6,0,26,0,0,2
18297,HNF1B,1,29,6,36,61,6,4
18298,FP565260.1,1,0,0,0,0,0,0
18299,C17orf98,1,0,0,6,0,0,1
18300,GRIFIN,1,1,0,32,0,0,2
18301,XKR5,1,2,0,8,0,0,2
18302,HIST1H4G,1,7,0,0,0,0,1
18303,AATF,1,14,1,61,0,5,4
18304,HIST1H2BH,1,19,0,0,0,0,1
18305,CCL15,1,17,0,33,0,11,3
18306,LYZL6,1,11,0,14,0,0,2
18307,HNRNPCL2,1,5,0,15,0,0,2
18308,RIMBP3,1,7,0,33,0,0,2
18309,ARHGAP23,1,5,2,14,0,0,3
18310,TUBGCP5,1,16,2,38,0,0,3
18311,PRSS2,1,14,5,37,0,0,3
18312,SPATA31A3,1,1,0,1,0,0,2
18313,SIK1B,1,0,0,14,0,0,1
18314,DUSP14,1,5,0,25,0,1,3
18315,SPATA31A7,1,2,0,6,0,0,2
18316,UHRF1,1,43,2,49,0,7,4
18317,ORAI1,1,20,3,41,0,5,4
18318,CCL4L2,1,10,1,36,0,0,3
18319,CRYAA2,1,0,0,7,0,0,1
18320,CCL3L1,1,11,2,33,0,0,3
18321,OR13C2,1,6,1,12,0,0,3
18322,HIST1H4I,1,0,0,0,0,0,0
18323,PIK3R6,1,16,8,38,0,0,3
18324,TADA2A,1,20,2,53,8,0,4
18325,OR4E1,1,7,1,14,0,0,3
18326,KCNE1B,1,0,0,6,0,0,1
18327,PIP4K2B,1,22,4,49,0,0,3
18328,CCL14,1,11,0,33,0,1,3
18329,HIST1H2BB,1,15,0,0,0,0,1
18330,SPATA31A5,1,1,0,0,0,0,1
18331,RAB7B,1,19,3,40,0,0,3
18332,DACH1,1,17,0,33,7,18,3
18333,PADI6,1,18,1,24,0,1,4
18334,GSTT4,1,3,0,28,0,0,2
18335,HIST1H4E,1,0,0,0,0,0,0
18336,HNRNPCL3,1,3,0,11,0,0,2
18337,HIST1H2AE,1,0,0,0,0,0,0
18338,TYW1B,1,8,0,12,0,0,2
18339,PIGW,1,9,1,43,0,0,3
18340,F8A1,1,8,0,6,0,0,2
18341,PCGF2,1,12,7,61,3,2,4
18342,C10orf142,1,0,0,2,0,0,1
18343,GOLGA6L6,1,0,0,6,0,0,1
18344,SRCIN1,1,18,0,26,0,0,2
18345,GPR179,1,11,0,20,0,0,2
18346,MARCKS,1,25,1,33,0,1,4
18347,ZNF670,1,7,1,2,0,0,3
18348,PKD1L3,1,20,0,31,0,0,2
18349,GPIHBP1,1,25,4,35,0,1,4
18350,PNMA8C,1,0,0,3,0,0,1
18351,AL772284.2,1,0,0,0,0,0,0
18352,OR13C5,1,6,1,21,0,0,3
18353,NEFL,1,42,6,59,0,5,4
18354,CCL3,1,66,3,53,0,27,4
18355,AC007906.2,1,0,0,0,0,0,0
18356,TRAC,1,9,7,0,0,0,2
18357,PSMB3,1,38,69,58,0,0,3
18358,GOLGA6L22,1,0,0,2,0,0,1
18359,SRD5A2,1,32,1,43,0,1,4
18360,OR52E5,1,7,1,35,0,0,3
18361,CISD3,1,5,0,34,0,0,2
18362,RDM1,1,9,0,25,0,0,2
18363,DDX52,1,9,2,51,0,0,3
18364,TEX28,1,3,0,11,0,0,2
18365,ZNF8,1,8,0,12,2,0,3
18366,SSTR3,1,19,3,43,0,0,3
18367,MYO19,1,22,2,35,0,0,3
18368,GGNBP2,1,6,0,36,0,0,2
18369,ZNF229,1,5,0,2,0,0,2
18370,C17orf78,1,1,0,18,0,0,2
18371,POTEB3,1,1,0,25,0,0,2
18372,DHRS11,1,8,0,39,0,0,2
18373,ACACA,1,15,6,68,0,16,4
18374,TMEM191B,1,1,0,12,0,0,2
18375,NR2E3,1,20,0,57,13,2,3
18376,TBC1D3E,1,5,0,0,0,0,1
18377,C11orf98,1,4,0,5,0,0,2
18378,MRM1,1,15,1,46,0,0,3
18379,ELOA3B,1,0,0,36,0,0,1
18380,IQCA1L,1,6,0,24,0,0,2
18381,HIST1H4B,1,0,0,0,0,0,0
18382,AC236972.4,1,0,0,0,0,0,0
18383,HIST1H3H,1,0,0,0,0,0,0
18384,OR51G1,1,9,1,16,0,0,3
18385,OR2S2,1,7,2,21,0,0,3
18386,OR10A6,1,6,2,21,0,0,3
18387,OR6Q1,1,6,1,11,0,0,3
18388,OR10X1,1,6,2,21,0,0,3
18389,OR8D2,1,7,1,27,0,0,3
18390,PRAMEF13,1,8,0,42,0,0,2
18391,OR2L8,1,6,1,21,0,0,3
18392,OR52R1,1,7,1,36,0,0,3
18393,OR2T11,1,6,1,14,0,0,3
18394,OR5L1,1,7,1,18,0,0,3
18395,AC135068.3,1,0,0,0,0,0,0
18396,OR2AG1,1,7,1,24,0,0,3
18397,OR4C16,1,6,1,14,0,0,3
18398,OR5D13,1,7,1,15,0,0,3
18399,PRAMEF18,1,8,0,12,0,0,2
18400,OR5R1,1,7,0,14,0,0,2
18401,OR51F1,1,9,1,17,0,0,3
18402,GATD3B,1,0,0,1,0,0,1
18403,OR8B4,1,7,1,30,0,0,3
18404,OR1B1,1,7,1,14,0,0,3
18405,PCDH20,1,7,0,2,0,0,2
18406,OR1S1,1,7,1,12,0,0,3
18407,OR12D2,1,7,1,16,0,0,3
18408,OR8K3,1,7,2,22,0,0,3
18409,FP565260.6,1,0,0,0,0,0,0
18410,CCDC163,1,1,0,8,0,0,2
18411,PAGR1,1,9,5,37,0,0,3
18412,TMEM272,1,1,0,5,0,0,2
18413,BLACAT1,1,0,0,33,0,0,1
18414,TMEM265,1,1,0,3,0,0,2
18415,TEX13D,1,1,0,8,0,0,2
18416,ADORA3,1,21,2,33,0,2,4
18417,DUXB,1,7,1,23,0,0,3
18418,TEX13C,1,1,0,8,0,0,2
18419,C1orf232,1,0,0,13,0,0,1
18420,TMEM275,1,1,0,0,0,0,1
18421,KLF18,1,6,0,2,0,0,2
18422,LBHD2,1,0,0,0,0,0,0
18423,C13orf46,1,0,0,1,0,0,1
18424,AL353572.3,1,0,0,0,0,0,0
18425,SPRR5,1,1,0,1,0,0,2
18426,CCDC201,1,0,0,20,0,0,1
18427,FAM237B,1,2,0,2,0,0,2
18428,TEX54,1,0,0,0,0,0,0
18429,SMIM33,1,1,0,9,0,0,2
18430,TEX52,1,0,0,7,0,0,1
18431,CTXND2,1,1,0,0,0,0,1
18432,FAM240B,1,0,0,9,0,0,1
18433,CFAP97D2,1,0,0,1,0,0,1
18434,CNTNAP3C,1,1,0,1,0,0,2
18435,CCDC195,1,0,0,0,0,0,0
18436,CSNKA2IP,1,1,0,5,0,0,2
18437,SPEM3,1,4,0,12,0,0,2
18438,HSFX4,1,7,0,9,0,0,2
18439,FAM240A,1,0,0,3,0,0,1
18440,LITAFD,1,6,0,11,0,0,2
18441,PRRT1B,1,1,0,6,0,0,2
18442,AC021072.1,1,0,0,0,0,0,0
18443,C19orf85,1,0,0,5,0,0,1
18444,FAM169B,1,0,0,11,0,0,1
18445,BX276092.9,1,0,0,0,0,0,0
18446,EXOC3L2,1,3,0,33,0,0,2
18447,ETDC,1,0,0,9,0,0,1
18448,LMLN2,1,7,0,0,0,0,1
18449,MYOCOS,1,0,0,1,0,0,1
18450,HSFX3,1,9,0,0,0,0,1
18451,VSIG10L2,1,5,0,0,0,0,1
18452,TAF11L11,1,6,0,35,0,0,2
18453,CPHXL,1,5,0,7,0,0,2
18454,PMIS2,1,1,0,10,0,0,2
18455,TAF11L13,1,6,0,32,0,0,2
18456,PRR33,1,0,0,4,0,0,1
18457,TAF11L8,1,6,0,32,0,0,2
18458,GNG14,1,5,0,32,0,0,2
18459,TAF11L9,1,6,0,32,0,0,2
18460,SLURP2,1,8,0,19,0,0,2
18461,TAF11L6,1,6,0,33,0,0,2
18462,AL451007.3,1,0,0,0,0,0,0
18463,SCO2,1,11,2,43,0,1,4
18464,TAF11L4,1,6,0,33,0,0,2
18465,SSU72P2,1,9,0,32,0,0,2
18466,C2orf81,1,0,0,26,0,0,1
18467,TAF11L2,1,6,0,37,0,0,2
18468,AL032819.3,1,0,0,0,0,0,0
18469,SSU72P7,1,0,0,32,0,0,1
18470,TAF11L3,1,6,0,33,0,0,2
18471,AC025287.4,1,0,0,0,0,0,0
18472,THSD8,1,0,0,0,0,0,0
18473,SSU72P3,1,0,0,32,0,0,1
18474,OR8B3,1,7,2,26,0,0,3
18475,SCYGR4,1,0,0,0,0,0,0
18476,SCYGR8,1,0,0,0,0,0,0
18477,AC005551.1,1,0,0,0,0,0,0
18478,OR8B2,1,7,1,17,0,0,3
18479,AC092442.1,1,0,0,0,0,0,0
18480,AC073111.4,1,0,0,0,0,0,0
18481,TMEM247,1,2,0,16,0,0,2
18482,SCYGR3,1,0,0,0,0,0,0
18483,SMIM38,1,1,0,14,0,0,2
18484,OR8S1,1,7,1,11,0,0,3
18485,C12orf81,1,2,0,0,0,0,1
18486,EEF1AKMT4,1,3,0,6,0,0,2
18487,TBCE,1,10,1,32,0,0,3
18488,AC132217.2,1,0,0,0,0,0,0
18489,SMIM41,1,1,0,11,0,0,2
18490,AC008397.1,1,0,0,0,0,0,0
18491,GCSAML-AS1,1,0,0,12,0,0,1
18492,AP000812.4,1,0,0,0,0,0,0
18493,CCDC39,1,20,0,55,0,0,2
18494,OOSP1,1,1,0,18,0,0,2
18495,ARHGAP11B,1,9,2,40,0,0,3
18496,AC048338.2,1,0,0,0,0,0,0
18497,BX255925.3,1,0,0,0,0,0,0
18498,OOSP4A,1,1,0,0,0,0,1
18499,AC091057.6,1,0,0,0,0,0,0
18500,AC004593.3,1,0,0,0,0,0,0
18501,OOSP3,1,1,0,2,0,0,2
18502,AL160269.1,1,0,0,0,0,0,0
18503,AC025283.2,1,0,0,0,0,0,0
18504,POLR2J3,1,8,0,35,0,0,2
18505,ZNF883,1,6,0,2,0,0,2
18506,AC021097.2,1,0,0,0,0,0,0
18507,AC067752.1,1,0,0,0,0,0,0
18508,AL445238.1,1,0,0,0,0,0,0
18509,AC134684.8,1,0,0,0,0,0,0
18510,AC134684.9,1,0,0,0,0,0,0
18511,AC084121.9,1,0,0,0,0,0,0
18512,AC113348.1,1,0,0,0,0,0,0
18513,AC084121.12,1,0,0,0,0,0,0
18514,AC072022.2,1,0,0,0,0,0,0
18515,AL162596.1,1,0,0,0,0,0,0
18516,AC084121.13,1,0,0,0,0,0,0
18517,AC134684.11,1,0,0,0,0,0,0
18518,AL135905.2,1,0,0,0,0,0,0
18519,NOTCH2NLB,1,6,2,15,0,0,3
18520,GGT1,1,22,7,48,0,2,4
18521,SPEGNB,1,1,0,1,0,0,2
18522,AP000552.4,1,0,0,0,0,0,0
18523,AC253572.1,1,0,0,0,0,0,0
18524,AL603764.2,1,0,0,0,0,0,0
18525,DERPC,1,3,0,1,0,0,2
18526,AC023490.5,1,0,0,0,0,0,0
18527,NOTCH2NLC,1,5,2,10,0,0,3
18528,AC007244.1,1,0,0,0,0,0,0
18529,GABARAPL2,1,26,2,112,0,1,4
18530,SLC39A4,1,20,2,29,0,1,4
18531,TKT,1,19,3,69,0,33,4
18532,PRH1,1,2,0,32,0,0,2
18533,TBCE-1,0,0,0,0,0,0,0
18534,HSPA14-1,0,0,0,0,0,0,0
18535,TMSB15B-1,0,0,0,0,0,0,0
18536,LINC01409,0,0,0,0,0,0,0
18537,LINC01128,0,0,0,0,0,0,0
18538,MRPL20-AS1,0,0,0,0,0,0,0
18539,MRPL20,0,12,4,112,0,0,3
18540,RPL22,0,20,16,55,0,2,4
18541,PIK3CD-AS2,0,0,0,0,0,0,0
18542,AL450998.2,0,0,0,0,0,0,0
18543,LINC00339,0,0,0,0,0,0,0
18544,CDC42,0,85,30,343,0,8,4
18545,RPL11,0,30,16,186,0,3,4
18546,ELOA-AS1,0,0,0,0,0,0,0
18547,HMGN2,0,13,0,38,0,4,3
18548,RPS6KA1,0,31,8,44,0,2,4
18549,SNHG3,0,0,0,0,0,0,0
18550,SNHG12,0,0,0,0,0,0,0
18551,PTP4A2,0,8,1,26,0,1,4
18552,AK2,0,16,1,47,0,0,3
18553,MRPS15,0,11,4,99,0,0,3
18554,AL050341.2,0,0,0,0,0,0,0
18555,C1orf50,0,4,0,13,0,0,2
18556,KDM4A-AS1,0,0,0,0,0,0,0
18557,RPS8,0,20,21,102,0,1,4
18558,MRPL37,0,9,4,41,0,0,3
18559,AL359504.2,0,0,0,0,0,0,0
18560,LINC02609,0,0,0,0,0,0,0
18561,RPL5,0,33,16,213,0,1,4
18562,CCDC18-AS1,0,0,0,0,0,0,0
18563,AC093157.1,0,0,0,0,0,0,0
18564,SLC16A1-AS1,0,0,0,0,0,0,0
18565,LINC00623,0,0,0,0,0,0,0
18566,LINC02802,0,0,0,0,0,0,0
18567,LINC02805,0,0,0,0,0,0,0
18568,AC245297.3,0,0,0,0,0,0,0
18569,HIST2H2AC,0,9,0,0,0,0,1
18570,MRPS21,0,9,4,50,0,0,3
18571,MRPL9,0,10,4,92,0,0,3
18572,RPS27,0,19,27,50,0,0,3
18573,TPM3,0,11,4,79,0,0,3
18574,ASH1L-AS1,0,0,0,0,0,0,0
18575,MRPL24,0,8,4,93,0,0,3
18576,LINC02772,0,0,0,0,0,0,0
18577,GAS5,0,0,0,0,0,0,0
18578,CACYBP,0,21,0,36,0,1,3
18579,MRPS14,0,10,4,98,0,0,3
18580,MR1,0,20,0,16,0,6,3
18581,ERVMER61-1,0,0,0,0,0,0,0
18582,LINC00467,0,0,0,0,0,0,0
18583,FLVCR1-DT,0,0,0,0,0,0,0
18584,RPS6KC1,0,10,0,20,0,0,2
18585,MRPL55,0,6,4,42,0,0,3
18586,AL162595.1,0,0,0,0,0,0,0
18587,AL445524.1,0,0,0,0,0,0,0
18588,TBCE_ENSG00000285053,0,0,0,0,0,0,0
18589,TBCE_ENSG00000284770,0,0,0,0,0,0,0
18590,AL390728.6,0,0,0,0,0,0,0
18591,RNASEH1-AS1,0,0,0,0,0,0,0
18592,RPS7,0,28,22,106,0,1,4
18593,RNF144A-AS1,0,0,0,0,0,0,0
18594,MRPL33,0,8,4,94,0,0,3
18595,MAP4K3-DT,0,0,0,0,0,0,0
18596,RPS27A,0,30,223,329,0,2,4
18597,PCBP1-AS1,0,0,0,0,0,0,0
18598,CCT7,0,17,7,88,0,0,3
18599,DGUOK-AS1,0,0,0,0,0,0,0
18600,MRPL19,0,9,4,135,0,0,3
18601,MRPL35,0,9,4,43,0,0,3
18602,CYTOR,0,0,0,0,0,0,0
18603,MRPS5,0,8,4,111,0,0,3
18604,LINC00342,0,0,0,0,0,0,0
18605,MRPL30,0,7,4,52,0,0,3
18606,RPL31,0,18,16,147,0,0,3
18607,MRPS9,0,9,4,140,0,0,3
18608,AC012360.3,0,0,0,0,0,0,0
18609,RANBP2,0,28,37,130,0,1,4
18610,MIR4435-2HG,0,0,0,0,0,0,0
18611,AC068491.3,0,0,0,0,0,0,0
18612,PAX8-AS1,0,0,0,0,0,0,0
18613,DPP10-AS1,0,0,0,0,0,0,0
18614,NIFK-AS1,0,0,0,0,0,0,0
18615,C2orf27A,0,0,0,0,0,0,0
18616,AC097448.1,0,0,0,0,0,0,0
18617,SSB,0,24,2,35,0,0,3
18618,AC007405.1,0,0,0,0,0,0,0
18619,AC007405.3,0,0,0,0,0,0,0
18620,CHROMR,0,0,0,0,0,0,0
18621,TTN-AS1,0,0,0,0,0,0,0
18622,SUMO1,0,38,26,95,0,13,4
18623,RPL37A,0,16,16,101,0,0,3
18624,MRPL44,0,11,4,64,0,0,3
18625,PTMA,0,12,0,37,0,6,3
18626,CAPN10,0,16,1,35,0,1,4
18627,AC069277.1,0,0,0,0,0,0,0
18628,THUMPD3-AS1,0,0,0,0,0,0,0
18629,RPL32,0,14,16,72,0,4,4
18630,FGD5-AS1,0,0,0,0,0,0,0
18631,MRPS25,0,5,4,55,0,0,3
18632,RPL15,0,18,16,123,0,0,3
18633,GOLGA4,0,14,2,41,0,0,3
18634,RPSA,0,23,22,91,0,5,4
18635,RPL14,0,21,16,81,0,0,3
18636,SETD2,0,32,1,82,0,1,4
18637,RPL29,0,18,16,93,0,1,4
18638,PHF7,0,9,0,24,0,0,2
18639,MTRNR2L12,0,2,0,7,0,0,2
18640,PCNP,0,6,0,26,0,0,2
18641,RPL24,0,18,16,110,0,0,3
18642,LINC01215,0,0,0,0,0,0,0
18643,GATA2-AS1,0,0,0,0,0,0,0
18644,TMCC1-AS1,0,0,0,0,0,0,0
18645,MRPL3,0,8,4,125,0,0,3
18646,MRPS22,0,7,4,63,0,0,3
18647,RPL22L1,0,7,16,43,0,0,3
18648,MRPL47,0,7,4,105,0,0,3
18649,RPL39L,0,8,16,46,0,1,4
18650,TMEM44-AS1,0,0,0,0,0,0,0
18651,RPL35A,0,18,16,68,0,0,3
18652,AC139887.2,0,0,0,0,0,0,0
18653,CTBP1,0,31,5,104,10,6,4
18654,CTBP1-DT,0,5,0,0,0,0,1
18655,STX18-AS1,0,0,0,0,0,0,0
18656,LINC02506,0,0,0,0,0,0,0
18657,LINC02616,0,0,0,0,0,0,0
18658,RPL9,0,19,16,98,0,1,4
18659,DANCR,0,0,0,0,0,0,0
18660,UBA6-AS1,0,0,0,0,0,0,0
18661,MRPL1,0,11,4,46,0,0,3
18662,AC112253.1,0,0,0,0,0,0,0
18663,THAP9-AS1,0,0,0,0,0,0,0
18664,MRPS18C,0,8,4,54,0,0,3
18665,METAP1,0,12,1,45,0,0,3
18666,RPL34,0,17,16,97,0,0,3
18667,SNHG8,0,0,0,0,0,0,0
18668,NUDT6,0,10,0,28,0,5,3
18669,AC097376.3,0,0,0,0,0,0,0
18670,RPS3A,0,23,21,146,0,2,4
18671,EXOC3-AS1,0,2,0,0,0,0,1
18672,MRPL36,0,8,4,123,0,0,3
18673,ICE1,0,15,1,41,0,0,3
18674,MIR4458HG,0,0,0,0,0,0,0
18675,AC025181.2,0,0,0,0,0,0,0
18676,NIPBL-DT,0,0,0,0,0,0,0
18677,RPL37,0,17,16,41,0,0,3
18678,AC008875.3,0,0,0,0,0,0,0
18679,AC025171.1,0,0,0,0,0,0,0
18680,AC025171.2,0,0,0,0,0,0,0
18681,NNT-AS1,0,0,0,0,0,0,0
18682,MRPS30,0,9,4,60,0,0,3
18683,SREK1,0,6,0,42,0,0,2
18684,MRPS36,0,6,0,38,0,0,2
18685,MRPS27,0,9,4,48,0,1,4
18686,TBCA,0,11,1,36,0,0,3
18687,SCAMP1-AS1,0,0,0,0,0,0,0
18688,RPS23,0,20,22,114,0,1,4
18689,TMEM161B-AS1,0,0,0,0,0,0,0
18690,EPB41L4A-AS1,0,0,0,0,0,0,0
18691,LINC01184,0,0,0,0,0,0,0
18692,AC106791.1,0,0,0,0,0,0,0
18693,SNHG4,0,0,0,0,0,0,0
18694,MATR3,0,15,0,56,0,0,2
18695,RPS14,0,25,22,87,0,7,4
18696,G3BP1,0,24,1,75,0,0,3
18697,MRPL22,0,10,4,72,0,0,3
18698,NPM1,0,66,10,100,12,11,4
18699,RPL26L1,0,9,16,52,0,0,3
18700,AC139493.2,0,0,0,0,0,0,0
18701,HNRNPH1,0,14,5,90,0,5,4
18702,HEIH,0,0,0,0,0,0,0
18703,AC008443.1,0,0,0,0,0,0,0
18704,TRIM52-AS1,0,0,0,0,0,0,0
18705,TFAP2A-AS2,0,0,0,0,0,0,0
18706,HIVEP1,0,16,0,28,10,0,3
18707,HIST1H3B,0,0,0,0,0,0,0
18708,HIST1H2BC,0,17,0,0,0,0,1
18709,HIST1H2BD,0,14,0,0,0,0,1
18710,HIST1H4H,0,0,0,0,0,0,0
18711,HCG11,0,0,0,0,0,0,0
18712,AL590062.1,0,0,0,0,0,0,0
18713,HIST1H2BJ,0,22,0,0,0,0,1
18714,HIST1H2BK,0,16,0,0,0,0,1
18715,ZSCAN16-AS1,0,0,0,0,0,0,0
18716,HCG18,0,0,0,0,0,0,0
18717,HLA-E,0,51,9,62,0,53,4
18718,MRPS18B,0,8,4,50,0,1,4
18719,HLA-C,0,33,9,78,0,4,4
18720,RPS18,0,19,21,209,0,1,4
18721,RPS10,0,15,21,61,0,2,4
18722,RPL10A,0,21,16,50,0,0,3
18723,MRPS10,0,6,5,92,0,0,3
18724,RPL7L1,0,7,0,38,0,0,2
18725,MRPL2,0,8,4,78,0,0,3
18726,ABCC10,0,15,1,17,0,0,3
18727,MRPS18A,0,9,4,74,0,0,3
18728,MRPL14,0,8,4,40,0,0,3
18729,AL021368.2,0,0,0,0,0,0,0
18730,AL713998.1,0,0,0,0,0,0,0
18731,EEF1A1,0,33,7,75,0,5,4
18732,SNHG5,0,0,0,0,0,0,0
18733,TSTD3,0,0,0,37,0,0,1
18734,RPS12,0,17,21,70,0,3,4
18735,AL035446.1,0,0,0,0,0,0,0
18736,LINC02840,0,0,0,0,0,0,0
18737,MRPL18,0,12,4,39,0,0,3
18738,Z94721.3,0,0,0,0,0,0,0
18739,SNHG26,0,0,0,0,0,0,0
18740,AC003093.1,0,0,0,0,0,0,0
18741,HOTAIRM1,0,0,0,0,0,0,0
18742,GARS-DT,0,0,0,0,0,0,0
18743,AC018647.2,0,0,0,0,0,0,0
18744,MRPL32,0,11,5,112,0,0,3
18745,MRPS24,0,6,4,43,0,1,4
18746,AC004951.1,0,0,0,0,0,0,0
18747,H2AFV,0,10,0,0,0,0,1
18748,SNHG15,0,0,0,0,0,0,0
18749,LINC01446,0,0,0,0,0,0,0
18750,MRPS17,0,8,4,43,0,1,4
18751,LINC00174,0,0,0,0,0,0,0
18752,AC008267.5,0,0,0,0,0,0,0
18753,AC027644.3,0,0,0,0,0,0,0
18754,APTR,0,0,0,0,0,0,0
18755,PDAP1,0,7,1,13,0,0,3
18756,AC006329.1,0,0,0,0,0,0,0
18757,PRKRIP1,0,16,1,39,0,0,3
18758,POLR2J,0,12,44,72,0,0,3
18759,AC002467.1,0,0,0,0,0,0,0
18760,LINC02476,0,0,0,0,0,0,0
18761,AC006333.2,0,0,0,0,0,0,0
18762,SND1-IT1,0,0,0,0,0,0,0
18763,MRPS33,0,6,4,55,0,0,3
18764,LINC01003,0,0,0,0,0,0,0
18765,PAXIP1-AS1,0,0,0,0,0,0,0
18766,AC009403.1,0,0,0,0,0,0,0
18767,LINC01006,0,2,0,0,0,0,1
18768,LINC00689,0,0,0,0,0,0,0
18769,AC100810.1,0,0,0,0,0,0,0
18770,AC246817.2,0,0,0,0,0,0,0
18771,AC246817.1,0,0,0,0,0,0,0
18772,AC016065.1,0,0,0,0,0,0,0
18773,AF279873.3,0,0,0,0,0,0,0
18774,TCEA1,0,9,16,67,0,3,4
18775,MRPL15,0,9,4,58,0,0,3
18776,RPS20,0,18,21,144,0,1,4
18777,SNHG6,0,0,0,0,0,0,0
18778,RPL7,0,24,16,72,0,3,4
18779,MRPS28,0,6,4,42,0,0,3
18780,AF117829.1,0,0,0,0,0,0,0
18781,OTUD6B-AS1,0,0,0,0,0,0,0
18782,RPL30,0,21,16,137,0,2,4
18783,PABPC1,0,32,10,127,0,1,4
18784,MRPL13,0,12,4,144,0,0,3
18785,AC016074.2,0,0,0,0,0,0,0
18786,PVT1,0,0,0,0,0,0,0
18787,LINC02055,0,0,0,0,0,0,0
18788,MINCR,0,0,0,0,0,0,0
18789,EEF1D,0,20,1,42,0,0,3
18790,RPL8,0,22,17,133,0,0,3
18791,RPS6,0,28,25,204,0,3,4
18792,IFT74,0,19,1,40,0,0,3
18793,EBLN3P,0,0,0,0,0,0,0
18794,FAM27C,0,0,0,0,0,0,0
18795,CBWD5,0,6,0,8,0,0,2
18796,AL158152.1,0,0,0,0,0,0,0
18797,MRPL50,0,4,4,51,0,0,3
18798,TXN,0,19,9,97,0,18,4
18799,AL138756.1,0,0,0,0,0,0,0
18800,RPL35,0,16,16,167,0,1,4
18801,RPL12,0,21,16,52,0,1,4
18802,LINC00963,0,0,0,0,0,0,0
18803,AL157938.3,0,0,0,0,0,0,0
18804,RPL7A,0,22,16,87,0,0,3
18805,MRPS2,0,10,5,61,0,0,3
18806,SNHG7,0,0,0,0,0,0,0
18807,MRPL41,0,9,4,64,0,9,4
18808,ARRDC1-AS1,0,0,0,0,0,0,0
18809,PRKCQ-AS1,0,0,0,0,0,0,0
18810,HSPA14_ENSG00000284024,0,0,0,0,0,0,0
18811,HSPA14_ENSG00000187522,0,0,0,0,0,0,0
18812,WAC-AS1,0,0,0,0,0,0,0
18813,WASHC2C,0,23,0,33,0,0,2
18814,TIMM23B,0,6,0,32,0,0,2
18815,MRPS16,0,8,4,155,0,0,3
18816,RPS24,0,20,21,147,0,0,3
18817,NUTM2B-AS1,0,0,0,0,0,0,0
18818,NUTM2A-AS1,0,0,0,0,0,0,0
18819,ENTPD1-AS1,0,0,0,0,0,0,0
18820,MRPL43,0,9,4,101,0,0,3
18821,RPARP-AS1,0,0,0,0,0,0,0
18822,BNIP3,0,60,0,61,0,16,3
18823,RPLP2,0,16,16,37,0,0,3
18824,MRPL23,0,9,4,74,0,0,3
18825,H19,0,0,0,0,0,0,0
18826,KCNQ1OT1,0,0,0,0,0,0,0
18827,MRPL17,0,9,4,167,0,1,4
18828,RPL27A,0,17,17,88,0,1,4
18829,IPO7,0,19,1,43,0,2,4
18830,MTRNR2L8,0,4,0,8,0,0,2
18831,LINC00958,0,0,0,0,0,0,0
18832,RPS13,0,23,21,106,0,2,4
18833,LDHA,0,21,2,78,0,9,4
18834,BBOX1-AS1,0,0,0,0,0,0,0
18835,AC021723.2,0,0,0,0,0,0,0
18836,CLP1,0,17,6,58,0,1,4
18837,MRPL16,0,8,4,81,0,0,3
18838,EML3,0,14,0,30,0,0,2
18839,SNHG1,0,0,0,0,0,0,0
18840,FAU,0,24,21,295,0,0,3
18841,MRPL49,0,9,4,73,0,1,4
18842,NEAT1,0,0,0,0,0,0,0
18843,MALAT1,0,0,0,0,0,0,0
18844,AP5B1,0,9,0,40,0,0,2
18845,MRPL11,0,11,4,101,0,0,3
18846,RPS6KB2,0,15,2,41,0,0,3
18847,MRPL21,0,9,4,139,0,1,4
18848,IGHMBP2,0,30,0,36,0,5,3
18849,PPFIA1,0,23,6,50,0,0,3
18850,AP002387.2,0,0,0,0,0,0,0
18851,NADSYN1,0,9,1,44,0,0,3
18852,MRPL48,0,8,4,42,0,0,3
18853,RPS3,0,72,21,233,0,2,4
18854,AP002360.1,0,0,0,0,0,0,0
18855,RAB30-DT,0,0,0,0,0,0,0
18856,AP000873.2,0,0,0,0,0,0,0
18857,SDHD,0,14,3,62,0,1,4
18858,RPS25,0,20,21,118,0,1,4
18859,MRPL51,0,8,4,44,0,0,3
18860,GAPDH,0,39,2,175,0,16,4
18861,TPI1,0,17,2,86,0,4,4
18862,AC022075.1,0,0,0,0,0,0,0
18863,GPRC5D-AS1,0,0,0,0,0,0,0
18864,ETFRF1,0,5,0,24,0,0,2
18865,MRPS35,0,7,4,66,0,0,3
18866,AC023157.3,0,0,0,0,0,0,0
18867,AC008124.1,0,0,0,0,0,0,0
18868,PRR13,0,3,0,15,0,0,2
18869,HNRNPA1,0,35,7,129,0,2,4
18870,RPS26,0,21,21,108,0,0,3
18871,RPL41,0,15,16,35,0,2,4
18872,NACA,0,19,1,35,0,1,4
18873,GIHCG,0,0,0,0,0,0,0
18874,RAP1B,0,26,14,71,0,1,4
18875,AC025159.1,0,0,0,0,0,0,0
18876,AC090015.1,0,0,0,0,0,0,0
18877,NAP1L1,0,16,0,36,0,1,3
18878,MRPL42,0,8,4,51,0,1,4
18879,TMPO-AS1,0,0,0,0,0,0,0
18880,HELLPAR,0,0,0,0,0,0,0
18881,MAPKAPK5-AS1,0,0,0,0,0,0,0
18882,RPL6,0,23,16,107,0,1,4
18883,RPLP0,0,22,17,109,0,1,4
18884,PXN-AS1,0,0,0,0,0,0,0
18885,LINC01089,0,0,0,0,0,0,0
18886,SBNO1-AS1,0,0,0,0,0,0,0
18887,AC025160.1,0,0,0,0,0,0,0
18888,RAN,0,44,8,62,0,1,4
18889,AL137001.2,0,0,0,0,0,0,0
18890,MRPL57,0,7,4,35,0,0,3
18891,RPL21,0,16,16,166,0,1,4
18892,HMGB1,0,126,12,51,4,20,4
18893,AL161891.1,0,0,0,0,0,0,0
18894,MRPS31,0,8,4,53,0,0,3
18895,TPT1,0,19,0,43,0,3,3
18896,TPT1-AS1,0,0,0,0,0,0,0
18897,DLEU2,0,0,0,0,0,0,0
18898,DLEU1,0,1,0,0,0,2,2
18899,LINC00355,0,0,0,0,0,0,0
18900,MIR17HG,0,1,0,0,0,5,2
18901,DNAJC3-DT,0,0,0,0,0,0,0
18902,PCCA-DT,0,0,0,0,0,0,0
18903,ANKRD10-IT1,0,0,0,0,0,0,0
18904,MRPL52,0,7,4,39,0,0,3
18905,PABPN1,0,21,8,62,0,0,3
18906,DHRS4-AS1,0,0,0,0,0,0,0
18907,LINC02327,0,0,0,0,0,0,0
18908,PSMA6,0,52,69,67,0,6,4
18909,LINC02315,0,0,0,0,0,0,0
18910,RPS29,0,16,21,109,0,0,3
18911,RPL36AL,0,8,16,44,0,1,4
18912,AL627171.2,0,0,0,0,0,0,0
18913,PSMA3-AS1,0,0,0,0,0,0,0
18914,YLPM1,0,5,0,37,0,0,2
18915,RPS6KA5,0,25,5,32,0,1,4
18916,SNHG10,0,0,0,0,0,0,0
18917,LINC00221,0,0,0,0,0,0,0
18918,SRP14,0,17,2,44,0,0,3
18919,RAD51-AS1,0,0,0,0,0,0,0
18920,DNAJC17,0,7,0,33,0,1,3
18921,OIP5-AS1,0,0,0,0,0,0,0
18922,UBR1,0,15,1,49,0,1,4
18923,EIF3J-DT,0,0,0,0,0,0,0
18924,GABPB1-IT1,0,0,0,0,0,0,0
18925,GABPB1-AS1,0,0,0,0,0,0,0
18926,RPS27L,0,16,21,39,0,0,3
18927,RPL4,0,20,16,171,0,1,4
18928,IQCH-AS1,0,0,0,0,0,0,0
18929,RPLP1,0,17,16,84,0,1,4
18930,UBL7-AS1,0,0,0,0,0,0,0
18931,COX5A,0,12,5,112,0,0,3
18932,MAN2C1,0,7,1,48,0,0,3
18933,AC104041.1,0,0,0,0,0,0,0
18934,RPS17,0,19,21,127,0,0,3
18935,SNHG21,0,0,0,0,0,0,0
18936,MRPL46,0,5,4,99,0,1,4
18937,MRPS11,0,9,4,93,0,0,3
18938,LINC01578,0,0,0,0,0,0,0
18939,AC015574.1,0,0,0,0,0,0,0
18940,LINC00923,0,0,0,0,0,0,0
18941,MRPL28,0,9,4,41,0,0,3
18942,UNKL,0,6,1,12,0,0,3
18943,MRPS34,0,5,4,52,0,0,3
18944,RPS2,0,21,24,203,0,0,3
18945,SNHG9,0,0,0,0,0,0,0
18946,SNHG19,0,0,0,0,0,0,0
18947,ERVK13-1,0,2,0,0,0,0,1
18948,ZNF213-AS1,0,0,0,0,0,0,0
18949,AC093515.1,0,0,0,0,0,0,0
18950,RPS15A,0,20,21,66,0,2,4
18951,AC092338.3,0,0,0,0,0,0,0
18952,NPIPB5,0,1,0,3,0,0,2
18953,ZKSCAN2-DT,0,0,0,0,0,0,0
18954,EIF3C,0,14,7,50,0,1,4
18955,ATP2A1-AS1,0,0,0,0,0,0,0
18956,BOLA2,0,12,1,35,0,0,3
18957,ALDOA,0,35,4,60,0,11,4
18958,HNRNPA1P48,0,7,0,13,0,0,2
18959,CRNDE,0,0,0,0,0,0,0
18960,ZFPM1,0,35,2,46,15,1,4
18961,RPL13,0,19,16,141,0,1,4
18962,CDK10,0,18,0,33,0,0,2
18963,PITPNA-AS1,0,0,0,0,0,0,0
18964,MNT,0,18,0,32,9,1,3
18965,ITGAE,0,11,1,44,0,2,4
18966,AC012146.1,0,0,0,0,0,0,0
18967,AC004148.1,0,0,0,0,0,0,0
18968,ALOX12-AS1,0,0,0,0,0,0,0
18969,EIF5A,0,19,1,46,0,6,4
18970,AC016876.1,0,0,0,0,0,0,0
18971,RPL26,0,26,16,105,0,3,4
18972,SNHG29,0,0,0,0,0,0,0
18973,RPL23A,0,20,16,277,0,0,3
18974,SNHG30,0,0,0,0,0,0,0
18975,ZNHIT3,0,8,0,35,0,2,3
18976,MRPL45,0,7,4,48,0,0,3
18977,AC006449.6,0,0,0,0,0,0,0
18978,RPL23,0,34,16,265,0,1,4
18979,RPL19,0,17,16,174,0,1,4
18980,AC067852.3,0,0,0,0,0,0,0
18981,RPL27,0,25,16,121,0,1,4
18982,NBR2,0,0,0,0,0,0,0
18983,AC060780.1,0,0,0,0,0,0,0
18984,AC005670.3,0,0,0,0,0,0,0
18985,AC002558.3,0,0,0,0,0,0,0
18986,MRPL10,0,9,4,54,0,0,3
18987,AC018521.5,0,0,0,0,0,0,0
18988,HOXB-AS1,0,0,0,0,0,0,0
18989,MRPL27,0,9,4,121,0,1,4
18990,AC006141.1,0,0,0,0,0,0,0
18991,MRPS23,0,9,4,46,0,0,3
18992,AC015813.1,0,0,0,0,0,0,0
18993,AC004687.1,0,0,0,0,0,0,0
18994,RPS6KB1,0,36,0,70,0,6,3
18995,TBX2-AS1,0,0,0,0,0,0,0
18996,SNHG25,0,0,0,0,0,0,0
18997,RPL38,0,18,16,149,0,0,3
18998,MRPL58,0,11,4,91,0,0,3
18999,MRPS7,0,10,4,111,0,0,3
19000,MRPL38,0,5,4,50,0,0,3
19001,SNHG16,0,0,0,0,0,0,0
19002,SNHG20,0,0,0,0,0,0,0
19003,AFMID,0,8,1,37,0,2,4
19004,AC139530.1,0,0,0,0,0,0,0
19005,MRPL12,0,13,5,100,0,0,3
19006,TYMSOS,0,1,0,0,0,0,1
19007,LINC00470,0,3,0,0,0,0,1
19008,LINC00667,0,0,0,0,0,0,0
19009,AP001531.1,0,0,0,0,0,0,0
19010,MIR924HG,0,0,0,0,0,0,0
19011,RPL17,0,16,16,94,0,0,3
19012,AC079062.1,0,0,0,0,0,0,0
19013,RPS15,0,23,21,240,0,3,4
19014,AC012615.1,0,0,0,0,0,0,0
19015,MRPL54,0,7,4,42,0,0,3
19016,RPL36,0,17,16,143,0,0,3
19017,RPS28,0,23,21,196,0,1,4
19018,MRPL4,0,11,4,108,0,0,3
19019,ILF3-DT,0,0,0,0,0,0,0
19020,EPOR,0,12,5,51,0,13,4
19021,ZNF433-AS1,0,0,0,0,0,0,0
19022,UCA1,0,0,0,0,0,0,0
19023,MRPL34,0,8,4,49,0,0,3
19024,RPL18A,0,15,16,139,0,0,3
19025,AC092279.1,0,0,0,0,0,0,0
19026,LINC00662,0,0,0,0,0,0,0
19027,AC006504.5,0,0,0,0,0,0,0
19028,AC079466.1,0,0,0,0,0,0,0
19029,AC008555.4,0,0,0,0,0,0,0
19030,TMEM147-AS1,0,0,0,0,0,0,0
19031,MRPS12,0,11,4,108,0,0,3
19032,RPS16,0,22,21,152,0,1,4
19033,RPS19,0,32,21,214,0,1,4
19034,IGFL2-AS1,0,0,0,0,0,0,0
19035,CARD8-AS1,0,0,0,0,0,0,0
19036,RPL18,0,18,17,165,0,0,3
19037,RPL13A,0,24,16,138,0,1,4
19038,RPS11,0,18,21,246,0,0,3
19039,PNKP,0,30,1,42,0,0,3
19040,ZNF761,0,6,1,5,0,0,3
19041,RPS9,0,22,22,182,0,1,4
19042,RPL28,0,20,16,85,0,0,3
19043,AC005261.1,0,0,0,0,0,0,0
19044,ZNF749,0,5,1,3,0,0,3
19045,AC010642.2,0,0,0,0,0,0,0
19046,A1BG,0,9,2,38,0,0,3
19047,RPS5,0,25,21,143,0,0,3
19048,AC016629.2,0,0,0,0,0,0,0
19049,MRPS26,0,5,4,39,0,0,3
19050,C20orf203,0,1,0,2,0,0,2
19051,NORAD,0,0,0,0,0,0,0
19052,SNHG17,0,0,0,0,0,0,0
19053,SNHG11,0,0,0,0,0,0,0
19054,ZFAS1,0,0,0,0,0,0,0
19055,GNAS,0,61,13,220,0,3,4
19056,RPS21,0,16,21,140,0,0,3
19057,MHENCR,0,0,0,0,0,0,0
19058,AC079801.1,0,0,0,0,0,0,0
19059,CU638689.4,0,0,0,0,0,0,0
19060,CR381653.1,0,0,0,0,0,0,0
19061,AP003900.1,0,0,0,0,0,0,0
19062,LINC02573,0,0,0,0,0,0,0
19063,MRPL39,0,7,4,56,0,0,3
19064,URB1-AS1,0,1,0,0,0,0,1
19065,MRPS6,0,11,4,140,0,0,3
19066,DSCR4-IT1,0,0,0,0,0,0,0
19067,DSCR8,0,1,0,0,0,0,1
19068,PFKL,0,21,2,46,0,1,4
19069,LINC01694,0,0,0,0,0,0,0
19070,MCM3AP-AS1,0,0,0,0,0,0,0
19071,DUXAP8,0,0,0,0,0,0,0
19072,AP000547.3,0,0,0,0,0,0,0
19073,LINC01311,0,0,0,0,0,0,0
19074,MRPL40,0,10,4,70,0,0,3
19075,RANBP1,0,12,1,52,0,2,4
19076,AC245452.1,0,0,0,0,0,0,0
19077,AC245060.5,0,0,0,0,0,0,0
19078,PCAT14,0,0,0,0,0,0,0
19079,TTC28-AS1,0,0,0,0,0,0,0
19080,TUG1,0,5,0,0,0,2,2
19081,AL022311.1,0,0,0,0,0,0,0
19082,RPL3,0,16,16,136,0,3,4
19083,RPS19BP1,0,7,1,33,0,0,3
19084,Z95331.1,0,0,0,0,0,0,0
19085,AL118516.1,0,0,0,0,0,0,0
19086,AL117329.1,0,0,0,0,0,0,0
19087,C22orf34,0,0,0,0,0,0,0
19088,Z97192.3,0,0,0,0,0,0,0
19089,BX890604.2,0,0,0,0,0,0,0
19090,RPS6KA3,0,29,7,44,0,2,4
19091,AL034397.3,0,0,0,0,0,0,0
19092,RPS4X,0,23,21,101,0,0,3
19093,XIST,0,0,0,0,0,0,0
19094,FTX,0,0,0,0,0,0,0
19095,JPX,0,0,0,0,0,0,0
19096,RPL36A,0,13,16,41,0,1,4
19097,XACT,0,0,0,0,0,0,0
19098,RPL39,0,16,16,75,0,0,3
19099,RPL10,0,22,16,79,0,1,4
19100,MT-ATP8,0,10,3,42,0,0,3
19101,BX004987.1,0,0,0,0,0,0,0
19102,AL354822.1,0,0,0,0,0,0,0
19103,AC240274.1,0,0,0,0,0,0,0
19104,AC004556.3,0,0,0,0,0,0,0
19105,AHSA2,0,5,0,0,0,0,1
19106,AOPEP,0,5,0,26,0,0,2
19107,APBA3,0,10,1,28,0,0,3
19108,ARPC4-TTLL3,0,0,0,16,0,0,1
19109,ASNS,0,9,4,49,0,12,4
19110,BTNL9,0,7,1,22,0,0,3
19111,C8orf44,0,0,0,0,0,0,0
19112,C22orf46,0,0,0,0,0,0,0
19113,CCDC169-SOHLH2,0,0,0,33,0,0,1
19114,CHD1L,0,17,2,44,0,0,3
19115,CNBD2,0,4,0,29,0,0,2
19116,CT45A5,0,1,0,19,0,0,2
19117,DDX47,0,14,2,40,0,0,3
19118,DIABLO,0,16,5,51,0,3,4
19119,DSCR4,0,3,0,0,0,0,1
19120,EIF5AL1,0,7,0,40,0,0,2
19121,ERVW-1,0,5,0,66,0,19,3
19122,ESR2,0,28,6,61,197,17,4
19123,FAM156A,0,3,0,4,0,0,2
19124,FAM156B,0,0,0,2,0,0,1
19125,FBXL14,0,8,2,40,0,0,3
19126,FCGR2C,0,15,0,0,0,0,1
19127,FLYWCH1,0,11,0,15,1,0,3
19128,GET4,0,12,1,40,0,0,3
19129,HIST1H2AB,0,14,0,0,0,0,1
19130,HIST1H2AD,0,9,0,0,0,0,1
19131,HIST1H2AL,0,0,0,0,0,0,0
19132,HIST1H2AM,0,0,0,0,0,0,0
19133,HIST1H2BE,0,0,0,0,0,0,0
19134,HIST1H2BF,0,0,0,0,0,0,0
19135,HIST1H2BL,0,15,0,0,0,0,1
19136,HIST1H2BO,0,13,0,0,0,0,1
19137,HIST1H3A,0,0,0,0,0,0,0
19138,HIST1H3F,0,0,0,0,0,0,0
19139,HIST1H4A,0,0,0,0,0,0,0
19140,HIST1H4D,0,0,0,0,0,0,0
19141,HIST2H2AA3,0,10,0,0,0,0,1
19142,HIST2H2AB,0,10,0,0,0,0,1
19143,HIST2H2BF,0,13,0,0,0,0,1
19144,HIST2H3A,0,12,0,0,0,0,1
19145,HIST2H3D,0,0,0,0,0,0,0
19146,HIST2H4A,0,0,0,0,0,0,0
19147,HLA-B,0,38,9,85,0,7,4
19148,HNRNPA1L2,0,8,0,32,0,0,2
19149,HSFX1,0,11,0,6,0,0,2
19150,HSFY1,0,13,0,24,0,0,2
19151,LCE1E,0,3,1,33,0,0,3
19152,LPA,0,11,1,54,0,3,4
19153,MAGEA2,0,13,0,24,0,0,2
19154,MORN1,0,0,0,14,0,0,1
19155,MRPL53,0,5,4,46,0,0,3
19156,MTRNR2L1,0,4,0,3,0,0,2
19157,MYT1L,0,23,0,35,2,1,3
19158,NEDD8-MDP1,0,0,0,5,0,0,1
19159,NFE4,0,11,0,10,0,0,2
19160,NME1-NME2,0,0,0,41,0,0,1
19161,NOMO3,0,8,0,21,0,0,2
19162,OR2T29,0,6,1,14,0,0,3
19163,OR51B4,0,10,1,16,0,0,3
19164,PRDM12,0,16,0,14,0,0,2
19165,PRR4,0,3,0,28,0,0,2
19166,PRSS50,0,7,0,22,0,5,3
19167,PTP4A1,0,10,0,34,0,2,3
19168,PWP2,0,10,2,62,0,1,4
19169,RBAK-RBAKDN,0,0,0,3,0,0,1
19170,RBM14-RBM4,0,0,0,32,0,0,1
19171,RGPD6,0,7,0,36,0,0,2
19172,RHOXF2,0,12,0,21,0,0,2
19173,RPL17-C18orf32,0,0,0,45,0,0,1
19174,RPS6KA4,0,22,1,32,0,5,4
19175,RPS6KL1,0,2,0,18,0,0,2
19176,RPS10-NUDT3,0,0,0,35,0,0,1
19177,RSC1A1,0,12,0,20,0,0,2
19178,RSKR,0,6,0,6,0,0,2
19179,SERF1B,0,7,0,5,0,0,2
19180,SLX1A,0,18,2,41,0,0,3
19181,SMN2,0,23,2,39,0,11,4
19182,SOX11,0,52,0,35,12,0,3
19183,SPDYE2,0,2,0,14,0,0,2
19184,SSX4,0,3,0,21,0,0,2
19185,ST20-MTHFS,0,0,0,11,0,0,1
19186,SULT1A3,0,20,3,26,0,2,4
19187,TBC1D3,0,5,1,12,0,0,3
19188,TBX20,0,50,1,37,6,5,4
19189,TEKT4,0,14,0,48,0,0,2
19190,THTPA,0,12,1,21,0,0,3
19191,U2AF1,0,16,5,71,0,11,4
19192,XAGE1B,0,1,0,9,0,0,2
19193,ZNF286B,0,4,0,0,0,0,1
19194,ZNF506,0,6,1,8,0,0,3
19195,ZNF846,0,6,0,3,0,0,2
19196,ZNF865,0,4,0,9,0,0,2
