term_index,term_id
0,GO:0000009
1,GO:0000012
2,GO:0000014
3,GO:0000015
4,GO:0000016
5,GO:0000017
6,GO:0000018
7,GO:0000019
8,GO:0000022
9,GO:0000023
10,GO:0000025
11,GO:0000026
12,GO:0000027
13,GO:0000028
14,GO:0000030
15,GO:0000033
16,GO:0000035
17,GO:0000036
18,GO:0000038
19,GO:0000045
20,GO:0000048
21,GO:0000049
22,GO:0000050
23,GO:0000054
24,GO:0000055
25,GO:0000056
26,GO:0000062
27,GO:0000064
28,GO:0000070
29,GO:0000076
30,GO:0000077
31,GO:0000079
32,GO:0000082
33,GO:0000086
34,GO:0000095
35,GO:0000096
36,GO:0000098
37,GO:0000101
38,GO:0000103
39,GO:0000109
40,GO:0000110
41,GO:0000112
42,GO:0000118
43,GO:0000120
44,GO:0000121
45,GO:0000122
46,GO:0000123
47,GO:0000124
48,GO:0000126
49,GO:0000127
50,GO:0000132
51,GO:0000137
52,GO:0000138
53,GO:0000139
54,GO:0000140
55,GO:0000145
56,GO:0000146
57,GO:0000149
58,GO:0000150
59,GO:0000151
60,GO:0000152
61,GO:0000153
62,GO:0000154
63,GO:0000159
64,GO:0000164
65,GO:0000165
66,GO:0000166
67,GO:0000171
68,GO:0000172
69,GO:0000175
70,GO:0000176
71,GO:0000177
72,GO:0000178
73,GO:0000179
74,GO:0000182
75,GO:0000183
76,GO:0000184
77,GO:0000209
78,GO:0000210
79,GO:0000212
80,GO:0000213
81,GO:0000214
82,GO:0000215
83,GO:0000217
84,GO:0000220
85,GO:0000221
86,GO:0000224
87,GO:0000225
88,GO:0000226
89,GO:0000228
90,GO:0000235
91,GO:0000242
92,GO:0000243
93,GO:0000244
94,GO:0000245
95,GO:0000246
96,GO:0000247
97,GO:0000248
98,GO:0000250
99,GO:0000252
100,GO:0000253
101,GO:0000254
102,GO:0000255
103,GO:0000256
104,GO:0000262
105,GO:0000266
106,GO:0000268
107,GO:0000271
108,GO:0000278
109,GO:0000280
110,GO:0000281
111,GO:0000285
112,GO:0000287
113,GO:0000288
114,GO:0000289
115,GO:0000290
116,GO:0000292
117,GO:0000295
118,GO:0000296
119,GO:0000297
120,GO:0000298
121,GO:0000301
122,GO:0000302
123,GO:0000303
124,GO:0000304
125,GO:0000305
126,GO:0000307
127,GO:0000308
128,GO:0000309
129,GO:0000322
130,GO:0000323
131,GO:0000333
132,GO:0000334
133,GO:0000338
134,GO:0000339
135,GO:0000340
136,GO:0000346
137,GO:0000347
138,GO:0000349
139,GO:0000350
140,GO:0000354
141,GO:0000375
142,GO:0000379
143,GO:0000380
144,GO:0000381
145,GO:0000386
146,GO:0000387
147,GO:0000388
148,GO:0000389
149,GO:0000390
150,GO:0000394
151,GO:0000395
152,GO:0000398
153,GO:0000400
154,GO:0000403
155,GO:0000404
156,GO:0000405
157,GO:0000407
158,GO:0000408
159,GO:0000413
160,GO:0000417
161,GO:0000421
162,GO:0000422
163,GO:0000423
164,GO:0000425
165,GO:0000428
166,GO:0000435
167,GO:0000438
168,GO:0000439
169,GO:0000444
170,GO:0000445
171,GO:0000447
172,GO:0000448
173,GO:0000451
174,GO:0000454
175,GO:0000455
176,GO:0000460
177,GO:0000461
178,GO:0000462
179,GO:0000463
180,GO:0000466
181,GO:0000467
182,GO:0000470
183,GO:0000472
184,GO:0000479
185,GO:0000480
186,GO:0000481
187,GO:0000492
188,GO:0000493
189,GO:0000494
190,GO:0000495
191,GO:0000502
192,GO:0000506
193,GO:0000510
194,GO:0000511
195,GO:0000512
196,GO:0000513
197,GO:0000514
198,GO:0000515
199,GO:0000578
200,GO:0000700
201,GO:0000701
202,GO:0000703
203,GO:0000706
204,GO:0000707
205,GO:0000709
206,GO:0000710
207,GO:0000711
208,GO:0000712
209,GO:0000715
210,GO:0000720
211,GO:0000721
212,GO:0000722
213,GO:0000723
214,GO:0000724
215,GO:0000725
216,GO:0000727
217,GO:0000729
218,GO:0000730
219,GO:0000731
220,GO:0000732
221,GO:0000768
222,GO:0000773
223,GO:0000774
224,GO:0000775
225,GO:0000776
226,GO:0000779
227,GO:0000781
228,GO:0000782
229,GO:0000783
230,GO:0000785
231,GO:0000786
232,GO:0000791
233,GO:0000792
234,GO:0000793
235,GO:0000794
236,GO:0000795
237,GO:0000796
238,GO:0000800
239,GO:0000801
240,GO:0000802
241,GO:0000803
242,GO:0000805
243,GO:0000806
244,GO:0000808
245,GO:0000810
246,GO:0000811
247,GO:0000812
248,GO:0000813
249,GO:0000814
250,GO:0000815
251,GO:0000819
252,GO:0000822
253,GO:0000823
254,GO:0000824
255,GO:0000825
256,GO:0000827
257,GO:0000828
258,GO:0000829
259,GO:0000831
260,GO:0000832
261,GO:0000835
262,GO:0000836
263,GO:0000839
264,GO:0000900
265,GO:0000902
266,GO:0000915
267,GO:0000916
268,GO:0000921
269,GO:0000922
270,GO:0000930
271,GO:0000931
272,GO:0000932
273,GO:0000938
274,GO:0000939
275,GO:0000940
276,GO:0000956
277,GO:0000957
278,GO:0000958
279,GO:0000959
280,GO:0000961
281,GO:0000962
282,GO:0000963
283,GO:0000964
284,GO:0000965
285,GO:0000968
286,GO:0000972
287,GO:0000973
288,GO:0000974
289,GO:0000976
290,GO:0000977
291,GO:0000978
292,GO:0000979
293,GO:0000981
294,GO:0000987
295,GO:0000993
296,GO:0000994
297,GO:0000995
298,GO:0001002
299,GO:0001003
300,GO:0001006
301,GO:0001016
302,GO:0001018
303,GO:0001025
304,GO:0001042
305,GO:0001046
306,GO:0001067
307,GO:0001069
308,GO:0001091
309,GO:0001093
310,GO:0001094
311,GO:0001096
312,GO:0001097
313,GO:0001100
314,GO:0001111
315,GO:0001112
316,GO:0001117
317,GO:0001147
318,GO:0001156
319,GO:0001161
320,GO:0001162
321,GO:0001163
322,GO:0001164
323,GO:0001165
324,GO:0001172
325,GO:0001174
326,GO:0001178
327,GO:0001179
328,GO:0001181
329,GO:0001188
330,GO:0001193
331,GO:0001216
332,GO:0001217
333,GO:0001221
334,GO:0001222
335,GO:0001223
336,GO:0001227
337,GO:0001228
338,GO:0001401
339,GO:0001405
340,GO:0001409
341,GO:0001501
342,GO:0001502
343,GO:0001503
344,GO:0001504
345,GO:0001507
346,GO:0001508
347,GO:0001510
348,GO:0001512
349,GO:0001514
350,GO:0001515
351,GO:0001516
352,GO:0001517
353,GO:0001518
354,GO:0001519
355,GO:0001520
356,GO:0001522
357,GO:0001523
358,GO:0001525
359,GO:0001527
360,GO:0001530
361,GO:0001532
362,GO:0001533
363,GO:0001534
364,GO:0001535
365,GO:0001536
366,GO:0001537
367,GO:0001540
368,GO:0001541
369,GO:0001542
370,GO:0001543
371,GO:0001545
372,GO:0001546
373,GO:0001549
374,GO:0001550
375,GO:0001552
376,GO:0001553
377,GO:0001554
378,GO:0001555
379,GO:0001556
380,GO:0001558
381,GO:0001560
382,GO:0001561
383,GO:0001567
384,GO:0001568
385,GO:0001569
386,GO:0001570
387,GO:0001572
388,GO:0001573
389,GO:0001574
390,GO:0001576
391,GO:0001578
392,GO:0001579
393,GO:0001580
394,GO:0001581
395,GO:0001582
396,GO:0001586
397,GO:0001587
398,GO:0001588
399,GO:0001591
400,GO:0001594
401,GO:0001595
402,GO:0001596
403,GO:0001601
404,GO:0001602
405,GO:0001604
406,GO:0001605
407,GO:0001607
408,GO:0001609
409,GO:0001614
410,GO:0001616
411,GO:0001618
412,GO:0001621
413,GO:0001626
414,GO:0001631
415,GO:0001632
416,GO:0001634
417,GO:0001635
418,GO:0001640
419,GO:0001641
420,GO:0001642
421,GO:0001648
422,GO:0001649
423,GO:0001650
424,GO:0001651
425,GO:0001652
426,GO:0001653
427,GO:0001654
428,GO:0001655
429,GO:0001656
430,GO:0001657
431,GO:0001658
432,GO:0001659
433,GO:0001661
434,GO:0001662
435,GO:0001664
436,GO:0001665
437,GO:0001666
438,GO:0001667
439,GO:0001669
440,GO:0001671
441,GO:0001673
442,GO:0001675
443,GO:0001676
444,GO:0001678
445,GO:0001680
446,GO:0001681
447,GO:0001682
448,GO:0001691
449,GO:0001692
450,GO:0001694
451,GO:0001695
452,GO:0001696
453,GO:0001698
454,GO:0001701
455,GO:0001702
456,GO:0001704
457,GO:0001705
458,GO:0001706
459,GO:0001707
460,GO:0001708
461,GO:0001709
462,GO:0001711
463,GO:0001714
464,GO:0001716
465,GO:0001717
466,GO:0001725
467,GO:0001726
468,GO:0001727
469,GO:0001729
470,GO:0001730
471,GO:0001731
472,GO:0001732
473,GO:0001733
474,GO:0001734
475,GO:0001735
476,GO:0001736
477,GO:0001738
478,GO:0001739
479,GO:0001740
480,GO:0001741
481,GO:0001750
482,GO:0001754
483,GO:0001755
484,GO:0001756
485,GO:0001757
486,GO:0001758
487,GO:0001759
488,GO:0001760
489,GO:0001761
490,GO:0001762
491,GO:0001763
492,GO:0001764
493,GO:0001765
494,GO:0001766
495,GO:0001768
496,GO:0001770
497,GO:0001771
498,GO:0001772
499,GO:0001773
500,GO:0001774
501,GO:0001775
502,GO:0001776
503,GO:0001778
504,GO:0001779
505,GO:0001780
506,GO:0001781
507,GO:0001782
508,GO:0001783
509,GO:0001784
510,GO:0001785
511,GO:0001786
512,GO:0001787
513,GO:0001788
514,GO:0001790
515,GO:0001791
516,GO:0001792
517,GO:0001805
518,GO:0001806
519,GO:0001807
520,GO:0001809
521,GO:0001811
522,GO:0001812
523,GO:0001814
524,GO:0001815
525,GO:0001817
526,GO:0001818
527,GO:0001819
528,GO:0001821
529,GO:0001822
530,GO:0001823
531,GO:0001824
532,GO:0001825
533,GO:0001826
534,GO:0001829
535,GO:0001832
536,GO:0001833
537,GO:0001834
538,GO:0001836
539,GO:0001837
540,GO:0001840
541,GO:0001841
542,GO:0001843
543,GO:0001845
544,GO:0001846
545,GO:0001847
546,GO:0001848
547,GO:0001849
548,GO:0001850
549,GO:0001851
550,GO:0001855
551,GO:0001861
552,GO:0001865
553,GO:0001866
554,GO:0001867
555,GO:0001869
556,GO:0001872
557,GO:0001875
558,GO:0001878
559,GO:0001879
560,GO:0001880
561,GO:0001881
562,GO:0001882
563,GO:0001883
564,GO:0001885
565,GO:0001886
566,GO:0001887
567,GO:0001888
568,GO:0001889
569,GO:0001890
570,GO:0001891
571,GO:0001892
572,GO:0001893
573,GO:0001894
574,GO:0001895
575,GO:0001905
576,GO:0001906
577,GO:0001909
578,GO:0001910
579,GO:0001912
580,GO:0001913
581,GO:0001914
582,GO:0001915
583,GO:0001916
584,GO:0001917
585,GO:0001918
586,GO:0001919
587,GO:0001920
588,GO:0001921
589,GO:0001922
590,GO:0001928
591,GO:0001931
592,GO:0001932
593,GO:0001933
594,GO:0001934
595,GO:0001935
596,GO:0001936
597,GO:0001937
598,GO:0001938
599,GO:0001939
600,GO:0001940
601,GO:0001941
602,GO:0001942
603,GO:0001944
604,GO:0001945
605,GO:0001946
606,GO:0001947
607,GO:0001949
608,GO:0001951
609,GO:0001952
610,GO:0001953
611,GO:0001954
612,GO:0001955
613,GO:0001956
614,GO:0001957
615,GO:0001958
616,GO:0001959
617,GO:0001960
618,GO:0001961
619,GO:0001963
620,GO:0001964
621,GO:0001965
622,GO:0001966
623,GO:0001967
624,GO:0001968
625,GO:0001970
626,GO:0001971
627,GO:0001972
628,GO:0001973
629,GO:0001974
630,GO:0001975
631,GO:0001976
632,GO:0001980
633,GO:0001991
634,GO:0001994
635,GO:0001996
636,GO:0002000
637,GO:0002001
638,GO:0002003
639,GO:0002009
640,GO:0002011
641,GO:0002016
642,GO:0002017
643,GO:0002018
644,GO:0002019
645,GO:0002020
646,GO:0002021
647,GO:0002023
648,GO:0002024
649,GO:0002025
650,GO:0002026
651,GO:0002027
652,GO:0002028
653,GO:0002029
654,GO:0002031
655,GO:0002033
656,GO:0002034
657,GO:0002037
658,GO:0002038
659,GO:0002039
660,GO:0002040
661,GO:0002042
662,GO:0002043
663,GO:0002046
664,GO:0002051
665,GO:0002052
666,GO:0002053
667,GO:0002055
668,GO:0002058
669,GO:0002060
670,GO:0002062
671,GO:0002063
672,GO:0002064
673,GO:0002066
674,GO:0002070
675,GO:0002072
676,GO:0002074
677,GO:0002076
678,GO:0002078
679,GO:0002079
680,GO:0002080
681,GO:0002081
682,GO:0002082
683,GO:0002084
684,GO:0002086
685,GO:0002087
686,GO:0002088
687,GO:0002089
688,GO:0002090
689,GO:0002091
690,GO:0002092
691,GO:0002095
692,GO:0002096
693,GO:0002098
694,GO:0002099
695,GO:0002100
696,GO:0002101
697,GO:0002102
698,GO:0002112
699,GO:0002113
700,GO:0002114
701,GO:0002115
702,GO:0002116
703,GO:0002118
704,GO:0002125
705,GO:0002127
706,GO:0002128
707,GO:0002130
708,GO:0002133
709,GO:0002134
710,GO:0002135
711,GO:0002138
712,GO:0002141
713,GO:0002142
714,GO:0002143
715,GO:0002144
716,GO:0002151
717,GO:0002152
718,GO:0002153
719,GO:0002154
720,GO:0002157
721,GO:0002158
722,GO:0002159
723,GO:0002160
724,GO:0002161
725,GO:0002162
726,GO:0002172
727,GO:0002175
728,GO:0002176
729,GO:0002177
730,GO:0002178
731,GO:0002181
732,GO:0002182
733,GO:0002183
734,GO:0002184
735,GO:0002188
736,GO:0002189
737,GO:0002190
738,GO:0002191
739,GO:0002192
740,GO:0002193
741,GO:0002196
742,GO:0002199
743,GO:0002204
744,GO:0002208
745,GO:0002209
746,GO:0002215
747,GO:0002218
748,GO:0002220
749,GO:0002221
750,GO:0002222
751,GO:0002223
752,GO:0002224
753,GO:0002225
754,GO:0002227
755,GO:0002228
756,GO:0002230
757,GO:0002232
758,GO:0002237
759,GO:0002244
760,GO:0002246
761,GO:0002248
762,GO:0002250
763,GO:0002251
764,GO:0002252
765,GO:0002253
766,GO:0002260
767,GO:0002262
768,GO:0002263
769,GO:0002264
770,GO:0002265
771,GO:0002266
772,GO:0002270
773,GO:0002273
774,GO:0002274
775,GO:0002276
776,GO:0002277
777,GO:0002280
778,GO:0002281
779,GO:0002282
780,GO:0002283
781,GO:0002285
782,GO:0002286
783,GO:0002291
784,GO:0002292
785,GO:0002295
786,GO:0002296
787,GO:0002302
788,GO:0002305
789,GO:0002309
790,GO:0002312
791,GO:0002313
792,GO:0002314
793,GO:0002315
794,GO:0002316
795,GO:0002317
796,GO:0002318
797,GO:0002319
798,GO:0002320
799,GO:0002322
800,GO:0002323
801,GO:0002326
802,GO:0002327
803,GO:0002328
804,GO:0002329
805,GO:0002331
806,GO:0002334
807,GO:0002336
808,GO:0002344
809,GO:0002353
810,GO:0002355
811,GO:0002357
812,GO:0002360
813,GO:0002362
814,GO:0002363
815,GO:0002364
816,GO:0002365
817,GO:0002366
818,GO:0002376
819,GO:0002384
820,GO:0002385
821,GO:0002387
822,GO:0002394
823,GO:0002395
824,GO:0002398
825,GO:0002407
826,GO:0002408
827,GO:0002412
828,GO:0002414
829,GO:0002415
830,GO:0002416
831,GO:0002418
832,GO:0002420
833,GO:0002429
834,GO:0002430
835,GO:0002431
836,GO:0002432
837,GO:0002434
838,GO:0002435
839,GO:0002436
840,GO:0002437
841,GO:0002438
842,GO:0002439
843,GO:0002443
844,GO:0002446
845,GO:0002447
846,GO:0002448
847,GO:0002449
848,GO:0002450
849,GO:0002455
850,GO:0002456
851,GO:0002457
852,GO:0002458
853,GO:0002460
854,GO:0002461
855,GO:0002467
856,GO:0002468
857,GO:0002470
858,GO:0002474
859,GO:0002476
860,GO:0002477
861,GO:0002478
862,GO:0002479
863,GO:0002480
864,GO:0002486
865,GO:0002489
866,GO:0002495
867,GO:0002502
868,GO:0002503
869,GO:0002505
870,GO:0002507
871,GO:0002508
872,GO:0002509
873,GO:0002513
874,GO:0002517
875,GO:0002518
876,GO:0002519
877,GO:0002520
878,GO:0002521
879,GO:0002522
880,GO:0002523
881,GO:0002526
882,GO:0002528
883,GO:0002532
884,GO:0002538
885,GO:0002539
886,GO:0002541
887,GO:0002542
888,GO:0002543
889,GO:0002544
890,GO:0002548
891,GO:0002551
892,GO:0002552
893,GO:0002553
894,GO:0002554
895,GO:0002572
896,GO:0002573
897,GO:0002574
898,GO:0002575
899,GO:0002576
900,GO:0002577
901,GO:0002578
902,GO:0002581
903,GO:0002588
904,GO:0002590
905,GO:0002605
906,GO:0002606
907,GO:0002622
908,GO:0002625
909,GO:0002634
910,GO:0002635
911,GO:0002638
912,GO:0002639
913,GO:0002643
914,GO:0002645
915,GO:0002651
916,GO:0002652
917,GO:0002663
918,GO:0002664
919,GO:0002666
920,GO:0002667
921,GO:0002669
922,GO:0002673
923,GO:0002674
924,GO:0002675
925,GO:0002676
926,GO:0002677
927,GO:0002679
928,GO:0002682
929,GO:0002683
930,GO:0002684
931,GO:0002685
932,GO:0002686
933,GO:0002687
934,GO:0002689
935,GO:0002690
936,GO:0002691
937,GO:0002692
938,GO:0002693
939,GO:0002695
940,GO:0002699
941,GO:0002700
942,GO:0002706
943,GO:0002708
944,GO:0002709
945,GO:0002710
946,GO:0002711
947,GO:0002715
948,GO:0002717
949,GO:0002718
950,GO:0002719
951,GO:0002720
952,GO:0002721
953,GO:0002724
954,GO:0002725
955,GO:0002726
956,GO:0002727
957,GO:0002729
958,GO:0002731
959,GO:0002732
960,GO:0002735
961,GO:0002737
962,GO:0002747
963,GO:0002752
964,GO:0002753
965,GO:0002755
966,GO:0002756
967,GO:0002757
968,GO:0002758
969,GO:0002759
970,GO:0002760
971,GO:0002764
972,GO:0002765
973,GO:0002767
974,GO:0002768
975,GO:0002769
976,GO:0002774
977,GO:0002780
978,GO:0002787
979,GO:0002791
980,GO:0002792
981,GO:0002793
982,GO:0002803
983,GO:0002809
984,GO:0002812
985,GO:0002819
986,GO:0002820
987,GO:0002821
988,GO:0002822
989,GO:0002824
990,GO:0002826
991,GO:0002827
992,GO:0002829
993,GO:0002830
994,GO:0002834
995,GO:0002838
996,GO:0002839
997,GO:0002840
998,GO:0002841
999,GO:0002842
1000,GO:0002846
1001,GO:0002854
1002,GO:0002857
1003,GO:0002859
1004,GO:0002860
1005,GO:0002862
1006,GO:0002863
1007,GO:0002864
1008,GO:0002865
1009,GO:0002866
1010,GO:0002879
1011,GO:0002885
1012,GO:0002891
1013,GO:0002897
1014,GO:0002902
1015,GO:0002903
1016,GO:0002904
1017,GO:0002906
1018,GO:0002920
1019,GO:0002922
1020,GO:0002924
1021,GO:0002926
1022,GO:0002930
1023,GO:0002931
1024,GO:0002933
1025,GO:0002934
1026,GO:0002939
1027,GO:0002940
1028,GO:0002943
1029,GO:0002944
1030,GO:0002945
1031,GO:0002946
1032,GO:0002947
1033,GO:0002949
1034,GO:0002950
1035,GO:0002951
1036,GO:0002953
1037,GO:0003002
1038,GO:0003006
1039,GO:0003007
1040,GO:0003008
1041,GO:0003009
1042,GO:0003012
1043,GO:0003013
1044,GO:0003014
1045,GO:0003015
1046,GO:0003016
1047,GO:0003029
1048,GO:0003032
1049,GO:0003044
1050,GO:0003050
1051,GO:0003051
1052,GO:0003056
1053,GO:0003058
1054,GO:0003062
1055,GO:0003064
1056,GO:0003065
1057,GO:0003069
1058,GO:0003070
1059,GO:0003073
1060,GO:0003081
1061,GO:0003084
1062,GO:0003085
1063,GO:0003091
1064,GO:0003092
1065,GO:0003093
1066,GO:0003094
1067,GO:0003095
1068,GO:0003096
1069,GO:0003097
1070,GO:0003099
1071,GO:0003100
1072,GO:0003104
1073,GO:0003105
1074,GO:0003106
1075,GO:0003108
1076,GO:0003127
1077,GO:0003129
1078,GO:0003131
1079,GO:0003133
1080,GO:0003138
1081,GO:0003139
1082,GO:0003140
1083,GO:0003142
1084,GO:0003143
1085,GO:0003147
1086,GO:0003148
1087,GO:0003149
1088,GO:0003150
1089,GO:0003151
1090,GO:0003156
1091,GO:0003157
1092,GO:0003158
1093,GO:0003160
1094,GO:0003161
1095,GO:0003162
1096,GO:0003163
1097,GO:0003165
1098,GO:0003166
1099,GO:0003167
1100,GO:0003169
1101,GO:0003170
1102,GO:0003171
1103,GO:0003172
1104,GO:0003174
1105,GO:0003175
1106,GO:0003176
1107,GO:0003177
1108,GO:0003179
1109,GO:0003180
1110,GO:0003181
1111,GO:0003182
1112,GO:0003183
1113,GO:0003184
1114,GO:0003185
1115,GO:0003186
1116,GO:0003188
1117,GO:0003189
1118,GO:0003190
1119,GO:0003192
1120,GO:0003193
1121,GO:0003195
1122,GO:0003197
1123,GO:0003198
1124,GO:0003199
1125,GO:0003203
1126,GO:0003207
1127,GO:0003208
1128,GO:0003209
1129,GO:0003210
1130,GO:0003211
1131,GO:0003213
1132,GO:0003214
1133,GO:0003215
1134,GO:0003218
1135,GO:0003219
1136,GO:0003220
1137,GO:0003221
1138,GO:0003222
1139,GO:0003223
1140,GO:0003228
1141,GO:0003229
1142,GO:0003231
1143,GO:0003236
1144,GO:0003241
1145,GO:0003242
1146,GO:0003245
1147,GO:0003253
1148,GO:0003254
1149,GO:0003259
1150,GO:0003264
1151,GO:0003266
1152,GO:0003272
1153,GO:0003273
1154,GO:0003274
1155,GO:0003279
1156,GO:0003281
1157,GO:0003283
1158,GO:0003285
1159,GO:0003289
1160,GO:0003290
1161,GO:0003300
1162,GO:0003308
1163,GO:0003309
1164,GO:0003310
1165,GO:0003311
1166,GO:0003322
1167,GO:0003323
1168,GO:0003330
1169,GO:0003331
1170,GO:0003332
1171,GO:0003333
1172,GO:0003334
1173,GO:0003336
1174,GO:0003337
1175,GO:0003338
1176,GO:0003340
1177,GO:0003341
1178,GO:0003344
1179,GO:0003345
1180,GO:0003350
1181,GO:0003351
1182,GO:0003352
1183,GO:0003356
1184,GO:0003357
1185,GO:0003358
1186,GO:0003359
1187,GO:0003360
1188,GO:0003363
1189,GO:0003365
1190,GO:0003366
1191,GO:0003376
1192,GO:0003382
1193,GO:0003383
1194,GO:0003401
1195,GO:0003404
1196,GO:0003406
1197,GO:0003407
1198,GO:0003408
1199,GO:0003409
1200,GO:0003413
1201,GO:0003415
1202,GO:0003416
1203,GO:0003417
1204,GO:0003418
1205,GO:0003419
1206,GO:0003421
1207,GO:0003430
1208,GO:0003431
1209,GO:0003674
1210,GO:0003676
1211,GO:0003677
1212,GO:0003678
1213,GO:0003680
1214,GO:0003681
1215,GO:0003682
1216,GO:0003684
1217,GO:0003688
1218,GO:0003689
1219,GO:0003690
1220,GO:0003691
1221,GO:0003692
1222,GO:0003696
1223,GO:0003697
1224,GO:0003700
1225,GO:0003707
1226,GO:0003711
1227,GO:0003712
1228,GO:0003713
1229,GO:0003714
1230,GO:0003720
1231,GO:0003723
1232,GO:0003724
1233,GO:0003725
1234,GO:0003726
1235,GO:0003727
1236,GO:0003729
1237,GO:0003730
1238,GO:0003735
1239,GO:0003743
1240,GO:0003746
1241,GO:0003747
1242,GO:0003755
1243,GO:0003756
1244,GO:0003774
1245,GO:0003777
1246,GO:0003779
1247,GO:0003785
1248,GO:0003788
1249,GO:0003789
1250,GO:0003796
1251,GO:0003810
1252,GO:0003823
1253,GO:0003824
1254,GO:0003827
1255,GO:0003828
1256,GO:0003829
1257,GO:0003830
1258,GO:0003831
1259,GO:0003834
1260,GO:0003835
1261,GO:0003836
1262,GO:0003837
1263,GO:0003839
1264,GO:0003841
1265,GO:0003842
1266,GO:0003844
1267,GO:0003846
1268,GO:0003847
1269,GO:0003851
1270,GO:0003853
1271,GO:0003854
1272,GO:0003857
1273,GO:0003858
1274,GO:0003860
1275,GO:0003863
1276,GO:0003865
1277,GO:0003868
1278,GO:0003870
1279,GO:0003872
1280,GO:0003873
1281,GO:0003874
1282,GO:0003875
1283,GO:0003876
1284,GO:0003877
1285,GO:0003878
1286,GO:0003880
1287,GO:0003881
1288,GO:0003882
1289,GO:0003883
1290,GO:0003884
1291,GO:0003886
1292,GO:0003887
1293,GO:0003899
1294,GO:0003905
1295,GO:0003906
1296,GO:0003908
1297,GO:0003909
1298,GO:0003910
1299,GO:0003912
1300,GO:0003916
1301,GO:0003917
1302,GO:0003918
1303,GO:0003919
1304,GO:0003920
1305,GO:0003921
1306,GO:0003922
1307,GO:0003923
1308,GO:0003924
1309,GO:0003925
1310,GO:0003934
1311,GO:0003937
1312,GO:0003938
1313,GO:0003939
1314,GO:0003940
1315,GO:0003941
1316,GO:0003943
1317,GO:0003944
1318,GO:0003945
1319,GO:0003947
1320,GO:0003948
1321,GO:0003950
1322,GO:0003951
1323,GO:0003952
1324,GO:0003953
1325,GO:0003954
1326,GO:0003955
1327,GO:0003957
1328,GO:0003958
1329,GO:0003959
1330,GO:0003960
1331,GO:0003963
1332,GO:0003964
1333,GO:0003968
1334,GO:0003972
1335,GO:0003973
1336,GO:0003974
1337,GO:0003975
1338,GO:0003976
1339,GO:0003977
1340,GO:0003978
1341,GO:0003979
1342,GO:0003980
1343,GO:0003983
1344,GO:0003984
1345,GO:0003985
1346,GO:0003986
1347,GO:0003987
1348,GO:0003988
1349,GO:0003989
1350,GO:0003990
1351,GO:0003993
1352,GO:0003994
1353,GO:0003995
1354,GO:0003997
1355,GO:0003998
1356,GO:0003999
1357,GO:0004000
1358,GO:0004001
1359,GO:0004013
1360,GO:0004014
1361,GO:0004016
1362,GO:0004017
1363,GO:0004018
1364,GO:0004019
1365,GO:0004020
1366,GO:0004021
1367,GO:0004022
1368,GO:0004027
1369,GO:0004028
1370,GO:0004029
1371,GO:0004030
1372,GO:0004031
1373,GO:0004032
1374,GO:0004034
1375,GO:0004035
1376,GO:0004037
1377,GO:0004040
1378,GO:0004042
1379,GO:0004043
1380,GO:0004044
1381,GO:0004045
1382,GO:0004046
1383,GO:0004047
1384,GO:0004050
1385,GO:0004051
1386,GO:0004052
1387,GO:0004053
1388,GO:0004055
1389,GO:0004056
1390,GO:0004057
1391,GO:0004058
1392,GO:0004059
1393,GO:0004060
1394,GO:0004061
1395,GO:0004062
1396,GO:0004063
1397,GO:0004064
1398,GO:0004065
1399,GO:0004066
1400,GO:0004067
1401,GO:0004068
1402,GO:0004069
1403,GO:0004070
1404,GO:0004071
1405,GO:0004074
1406,GO:0004075
1407,GO:0004077
1408,GO:0004081
1409,GO:0004082
1410,GO:0004084
1411,GO:0004087
1412,GO:0004088
1413,GO:0004089
1414,GO:0004090
1415,GO:0004092
1416,GO:0004095
1417,GO:0004096
1418,GO:0004097
1419,GO:0004098
1420,GO:0004102
1421,GO:0004103
1422,GO:0004104
1423,GO:0004105
1424,GO:0004109
1425,GO:0004111
1426,GO:0004112
1427,GO:0004113
1428,GO:0004114
1429,GO:0004115
1430,GO:0004117
1431,GO:0004118
1432,GO:0004119
1433,GO:0004122
1434,GO:0004123
1435,GO:0004126
1436,GO:0004128
1437,GO:0004129
1438,GO:0004132
1439,GO:0004134
1440,GO:0004135
1441,GO:0004136
1442,GO:0004137
1443,GO:0004138
1444,GO:0004139
1445,GO:0004140
1446,GO:0004142
1447,GO:0004143
1448,GO:0004144
1449,GO:0004145
1450,GO:0004146
1451,GO:0004148
1452,GO:0004149
1453,GO:0004151
1454,GO:0004152
1455,GO:0004155
1456,GO:0004157
1457,GO:0004161
1458,GO:0004163
1459,GO:0004165
1460,GO:0004167
1461,GO:0004168
1462,GO:0004169
1463,GO:0004170
1464,GO:0004174
1465,GO:0004175
1466,GO:0004176
1467,GO:0004177
1468,GO:0004180
1469,GO:0004181
1470,GO:0004185
1471,GO:0004190
1472,GO:0004197
1473,GO:0004198
1474,GO:0004222
1475,GO:0004230
1476,GO:0004239
1477,GO:0004252
1478,GO:0004298
1479,GO:0004300
1480,GO:0004301
1481,GO:0004303
1482,GO:0004304
1483,GO:0004305
1484,GO:0004306
1485,GO:0004307
1486,GO:0004308
1487,GO:0004309
1488,GO:0004311
1489,GO:0004312
1490,GO:0004313
1491,GO:0004314
1492,GO:0004315
1493,GO:0004316
1494,GO:0004321
1495,GO:0004322
1496,GO:0004324
1497,GO:0004325
1498,GO:0004326
1499,GO:0004329
1500,GO:0004331
1501,GO:0004332
1502,GO:0004333
1503,GO:0004334
1504,GO:0004335
1505,GO:0004336
1506,GO:0004337
1507,GO:0004339
1508,GO:0004340
1509,GO:0004341
1510,GO:0004342
1511,GO:0004343
1512,GO:0004345
1513,GO:0004346
1514,GO:0004347
1515,GO:0004348
1516,GO:0004349
1517,GO:0004350
1518,GO:0004351
1519,GO:0004352
1520,GO:0004353
1521,GO:0004354
1522,GO:0004356
1523,GO:0004357
1524,GO:0004359
1525,GO:0004360
1526,GO:0004361
1527,GO:0004362
1528,GO:0004363
1529,GO:0004364
1530,GO:0004365
1531,GO:0004366
1532,GO:0004368
1533,GO:0004370
1534,GO:0004371
1535,GO:0004372
1536,GO:0004373
1537,GO:0004375
1538,GO:0004376
1539,GO:0004377
1540,GO:0004378
1541,GO:0004379
1542,GO:0004380
1543,GO:0004381
1544,GO:0004382
1545,GO:0004383
1546,GO:0004385
1547,GO:0004386
1548,GO:0004392
1549,GO:0004394
1550,GO:0004396
1551,GO:0004397
1552,GO:0004398
1553,GO:0004402
1554,GO:0004407
1555,GO:0004408
1556,GO:0004411
1557,GO:0004415
1558,GO:0004416
1559,GO:0004418
1560,GO:0004419
1561,GO:0004420
1562,GO:0004421
1563,GO:0004422
1564,GO:0004423
1565,GO:0004427
1566,GO:0004430
1567,GO:0004435
1568,GO:0004438
1569,GO:0004439
1570,GO:0004441
1571,GO:0004445
1572,GO:0004446
1573,GO:0004447
1574,GO:0004449
1575,GO:0004450
1576,GO:0004452
1577,GO:0004454
1578,GO:0004457
1579,GO:0004458
1580,GO:0004459
1581,GO:0004461
1582,GO:0004462
1583,GO:0004463
1584,GO:0004464
1585,GO:0004465
1586,GO:0004466
1587,GO:0004467
1588,GO:0004468
1589,GO:0004470
1590,GO:0004471
1591,GO:0004473
1592,GO:0004474
1593,GO:0004475
1594,GO:0004476
1595,GO:0004477
1596,GO:0004478
1597,GO:0004479
1598,GO:0004482
1599,GO:0004483
1600,GO:0004484
1601,GO:0004485
1602,GO:0004487
1603,GO:0004488
1604,GO:0004489
1605,GO:0004490
1606,GO:0004491
1607,GO:0004492
1608,GO:0004493
1609,GO:0004494
1610,GO:0004496
1611,GO:0004497
1612,GO:0004498
1613,GO:0004499
1614,GO:0004500
1615,GO:0004502
1616,GO:0004503
1617,GO:0004504
1618,GO:0004505
1619,GO:0004506
1620,GO:0004507
1621,GO:0004508
1622,GO:0004509
1623,GO:0004510
1624,GO:0004511
1625,GO:0004512
1626,GO:0004514
1627,GO:0004515
1628,GO:0004516
1629,GO:0004517
1630,GO:0004518
1631,GO:0004519
1632,GO:0004520
1633,GO:0004521
1634,GO:0004522
1635,GO:0004523
1636,GO:0004525
1637,GO:0004526
1638,GO:0004527
1639,GO:0004528
1640,GO:0004529
1641,GO:0004530
1642,GO:0004531
1643,GO:0004532
1644,GO:0004534
1645,GO:0004535
1646,GO:0004536
1647,GO:0004540
1648,GO:0004549
1649,GO:0004550
1650,GO:0004551
1651,GO:0004552
1652,GO:0004553
1653,GO:0004555
1654,GO:0004556
1655,GO:0004557
1656,GO:0004558
1657,GO:0004559
1658,GO:0004560
1659,GO:0004561
1660,GO:0004563
1661,GO:0004565
1662,GO:0004566
1663,GO:0004567
1664,GO:0004568
1665,GO:0004569
1666,GO:0004571
1667,GO:0004572
1668,GO:0004573
1669,GO:0004574
1670,GO:0004575
1671,GO:0004576
1672,GO:0004577
1673,GO:0004578
1674,GO:0004579
1675,GO:0004581
1676,GO:0004582
1677,GO:0004583
1678,GO:0004585
1679,GO:0004586
1680,GO:0004587
1681,GO:0004588
1682,GO:0004590
1683,GO:0004591
1684,GO:0004594
1685,GO:0004595
1686,GO:0004596
1687,GO:0004598
1688,GO:0004601
1689,GO:0004602
1690,GO:0004603
1691,GO:0004605
1692,GO:0004607
1693,GO:0004608
1694,GO:0004609
1695,GO:0004610
1696,GO:0004611
1697,GO:0004613
1698,GO:0004614
1699,GO:0004615
1700,GO:0004616
1701,GO:0004617
1702,GO:0004618
1703,GO:0004619
1704,GO:0004620
1705,GO:0004621
1706,GO:0004622
1707,GO:0004623
1708,GO:0004629
1709,GO:0004630
1710,GO:0004631
1711,GO:0004632
1712,GO:0004633
1713,GO:0004634
1714,GO:0004637
1715,GO:0004638
1716,GO:0004639
1717,GO:0004641
1718,GO:0004642
1719,GO:0004643
1720,GO:0004644
1721,GO:0004645
1722,GO:0004648
1723,GO:0004649
1724,GO:0004651
1725,GO:0004653
1726,GO:0004654
1727,GO:0004655
1728,GO:0004656
1729,GO:0004657
1730,GO:0004658
1731,GO:0004659
1732,GO:0004660
1733,GO:0004661
1734,GO:0004662
1735,GO:0004663
1736,GO:0004666
1737,GO:0004667
1738,GO:0004668
1739,GO:0004671
1740,GO:0004672
1741,GO:0004673
1742,GO:0004674
1743,GO:0004675
1744,GO:0004676
1745,GO:0004677
1746,GO:0004679
1747,GO:0004683
1748,GO:0004686
1749,GO:0004687
1750,GO:0004689
1751,GO:0004691
1752,GO:0004692
1753,GO:0004693
1754,GO:0004694
1755,GO:0004697
1756,GO:0004698
1757,GO:0004699
1758,GO:0004703
1759,GO:0004705
1760,GO:0004706
1761,GO:0004707
1762,GO:0004708
1763,GO:0004709
1764,GO:0004711
1765,GO:0004712
1766,GO:0004713
1767,GO:0004714
1768,GO:0004715
1769,GO:0004719
1770,GO:0004720
1771,GO:0004721
1772,GO:0004722
1773,GO:0004723
1774,GO:0004725
1775,GO:0004726
1776,GO:0004729
1777,GO:0004731
1778,GO:0004732
1779,GO:0004733
1780,GO:0004735
1781,GO:0004736
1782,GO:0004739
1783,GO:0004740
1784,GO:0004741
1785,GO:0004742
1786,GO:0004743
1787,GO:0004745
1788,GO:0004747
1789,GO:0004748
1790,GO:0004749
1791,GO:0004750
1792,GO:0004751
1793,GO:0004753
1794,GO:0004754
1795,GO:0004756
1796,GO:0004757
1797,GO:0004758
1798,GO:0004760
1799,GO:0004766
1800,GO:0004767
1801,GO:0004768
1802,GO:0004769
1803,GO:0004771
1804,GO:0004772
1805,GO:0004773
1806,GO:0004774
1807,GO:0004775
1808,GO:0004776
1809,GO:0004777
1810,GO:0004778
1811,GO:0004781
1812,GO:0004782
1813,GO:0004784
1814,GO:0004788
1815,GO:0004790
1816,GO:0004791
1817,GO:0004792
1818,GO:0004793
1819,GO:0004794
1820,GO:0004796
1821,GO:0004797
1822,GO:0004798
1823,GO:0004799
1824,GO:0004800
1825,GO:0004801
1826,GO:0004802
1827,GO:0004803
1828,GO:0004806
1829,GO:0004807
1830,GO:0004810
1831,GO:0004812
1832,GO:0004813
1833,GO:0004814
1834,GO:0004815
1835,GO:0004816
1836,GO:0004817
1837,GO:0004818
1838,GO:0004819
1839,GO:0004820
1840,GO:0004821
1841,GO:0004822
1842,GO:0004823
1843,GO:0004824
1844,GO:0004825
1845,GO:0004826
1846,GO:0004827
1847,GO:0004828
1848,GO:0004829
1849,GO:0004830
1850,GO:0004831
1851,GO:0004832
1852,GO:0004833
1853,GO:0004835
1854,GO:0004838
1855,GO:0004839
1856,GO:0004842
1857,GO:0004843
1858,GO:0004844
1859,GO:0004849
1860,GO:0004850
1861,GO:0004852
1862,GO:0004853
1863,GO:0004854
1864,GO:0004855
1865,GO:0004856
1866,GO:0004857
1867,GO:0004859
1868,GO:0004860
1869,GO:0004861
1870,GO:0004862
1871,GO:0004864
1872,GO:0004865
1873,GO:0004866
1874,GO:0004867
1875,GO:0004869
1876,GO:0004873
1877,GO:0004875
1878,GO:0004876
1879,GO:0004877
1880,GO:0004878
1881,GO:0004879
1882,GO:0004883
1883,GO:0004888
1884,GO:0004890
1885,GO:0004895
1886,GO:0004896
1887,GO:0004897
1888,GO:0004900
1889,GO:0004903
1890,GO:0004904
1891,GO:0004905
1892,GO:0004906
1893,GO:0004908
1894,GO:0004909
1895,GO:0004910
1896,GO:0004911
1897,GO:0004912
1898,GO:0004913
1899,GO:0004914
1900,GO:0004915
1901,GO:0004917
1902,GO:0004918
1903,GO:0004919
1904,GO:0004920
1905,GO:0004921
1906,GO:0004923
1907,GO:0004924
1908,GO:0004925
1909,GO:0004930
1910,GO:0004931
1911,GO:0004935
1912,GO:0004937
1913,GO:0004938
1914,GO:0004939
1915,GO:0004940
1916,GO:0004941
1917,GO:0004945
1918,GO:0004946
1919,GO:0004947
1920,GO:0004948
1921,GO:0004949
1922,GO:0004950
1923,GO:0004951
1924,GO:0004952
1925,GO:0004955
1926,GO:0004956
1927,GO:0004957
1928,GO:0004958
1929,GO:0004960
1930,GO:0004961
1931,GO:0004962
1932,GO:0004963
1933,GO:0004964
1934,GO:0004965
1935,GO:0004966
1936,GO:0004967
1937,GO:0004968
1938,GO:0004969
1939,GO:0004970
1940,GO:0004971
1941,GO:0004972
1942,GO:0004974
1943,GO:0004977
1944,GO:0004978
1945,GO:0004979
1946,GO:0004980
1947,GO:0004982
1948,GO:0004983
1949,GO:0004984
1950,GO:0004985
1951,GO:0004990
1952,GO:0004991
1953,GO:0004992
1954,GO:0004993
1955,GO:0004994
1956,GO:0004995
1957,GO:0004996
1958,GO:0004997
1959,GO:0004998
1960,GO:0004999
1961,GO:0005000
1962,GO:0005001
1963,GO:0005003
1964,GO:0005004
1965,GO:0005005
1966,GO:0005006
1967,GO:0005007
1968,GO:0005008
1969,GO:0005009
1970,GO:0005010
1971,GO:0005011
1972,GO:0005017
1973,GO:0005018
1974,GO:0005019
1975,GO:0005020
1976,GO:0005021
1977,GO:0005024
1978,GO:0005025
1979,GO:0005026
1980,GO:0005030
1981,GO:0005031
1982,GO:0005034
1983,GO:0005035
1984,GO:0005041
1985,GO:0005042
1986,GO:0005043
1987,GO:0005044
1988,GO:0005047
1989,GO:0005048
1990,GO:0005049
1991,GO:0005055
1992,GO:0005068
1993,GO:0005078
1994,GO:0005080
1995,GO:0005085
1996,GO:0005091
1997,GO:0005092
1998,GO:0005093
1999,GO:0005094
2000,GO:0005095
2001,GO:0005096
2002,GO:0005102
2003,GO:0005104
2004,GO:0005105
2005,GO:0005109
2006,GO:0005111
2007,GO:0005112
2008,GO:0005113
2009,GO:0005114
2010,GO:0005115
2011,GO:0005119
2012,GO:0005121
2013,GO:0005123
2014,GO:0005124
2015,GO:0005125
2016,GO:0005126
2017,GO:0005127
2018,GO:0005128
2019,GO:0005129
2020,GO:0005130
2021,GO:0005131
2022,GO:0005132
2023,GO:0005133
2024,GO:0005134
2025,GO:0005135
2026,GO:0005136
2027,GO:0005137
2028,GO:0005138
2029,GO:0005139
2030,GO:0005140
2031,GO:0005141
2032,GO:0005142
2033,GO:0005143
2034,GO:0005144
2035,GO:0005146
2036,GO:0005147
2037,GO:0005148
2038,GO:0005149
2039,GO:0005150
2040,GO:0005151
2041,GO:0005152
2042,GO:0005153
2043,GO:0005154
2044,GO:0005157
2045,GO:0005158
2046,GO:0005159
2047,GO:0005160
2048,GO:0005161
2049,GO:0005163
2050,GO:0005164
2051,GO:0005165
2052,GO:0005166
2053,GO:0005168
2054,GO:0005169
2055,GO:0005170
2056,GO:0005171
2057,GO:0005172
2058,GO:0005173
2059,GO:0005174
2060,GO:0005175
2061,GO:0005176
2062,GO:0005178
2063,GO:0005179
2064,GO:0005183
2065,GO:0005184
2066,GO:0005185
2067,GO:0005198
2068,GO:0005200
2069,GO:0005201
2070,GO:0005212
2071,GO:0005216
2072,GO:0005217
2073,GO:0005219
2074,GO:0005220
2075,GO:0005221
2076,GO:0005222
2077,GO:0005223
2078,GO:0005225
2079,GO:0005227
2080,GO:0005228
2081,GO:0005229
2082,GO:0005230
2083,GO:0005231
2084,GO:0005234
2085,GO:0005242
2086,GO:0005243
2087,GO:0005244
2088,GO:0005245
2089,GO:0005246
2090,GO:0005247
2091,GO:0005248
2092,GO:0005249
2093,GO:0005250
2094,GO:0005251
2095,GO:0005252
2096,GO:0005253
2097,GO:0005254
2098,GO:0005260
2099,GO:0005261
2100,GO:0005262
2101,GO:0005267
2102,GO:0005272
2103,GO:0005275
2104,GO:0005277
2105,GO:0005278
2106,GO:0005280
2107,GO:0005283
2108,GO:0005289
2109,GO:0005290
2110,GO:0005292
2111,GO:0005295
2112,GO:0005297
2113,GO:0005298
2114,GO:0005302
2115,GO:0005304
2116,GO:0005307
2117,GO:0005308
2118,GO:0005309
2119,GO:0005310
2120,GO:0005313
2121,GO:0005314
2122,GO:0005315
2123,GO:0005316
2124,GO:0005319
2125,GO:0005324
2126,GO:0005326
2127,GO:0005328
2128,GO:0005330
2129,GO:0005332
2130,GO:0005334
2131,GO:0005335
2132,GO:0005337
2133,GO:0005338
2134,GO:0005343
2135,GO:0005344
2136,GO:0005345
2137,GO:0005347
2138,GO:0005350
2139,GO:0005351
2140,GO:0005353
2141,GO:0005354
2142,GO:0005356
2143,GO:0005362
2144,GO:0005365
2145,GO:0005366
2146,GO:0005367
2147,GO:0005368
2148,GO:0005369
2149,GO:0005372
2150,GO:0005375
2151,GO:0005381
2152,GO:0005384
2153,GO:0005385
2154,GO:0005388
2155,GO:0005391
2156,GO:0005402
2157,GO:0005412
2158,GO:0005415
2159,GO:0005427
2160,GO:0005432
2161,GO:0005436
2162,GO:0005452
2163,GO:0005456
2164,GO:0005457
2165,GO:0005458
2166,GO:0005459
2167,GO:0005460
2168,GO:0005461
2169,GO:0005462
2170,GO:0005463
2171,GO:0005464
2172,GO:0005471
2173,GO:0005476
2174,GO:0005477
2175,GO:0005483
2176,GO:0005484
2177,GO:0005496
2178,GO:0005497
2179,GO:0005499
2180,GO:0005501
2181,GO:0005502
2182,GO:0005503
2183,GO:0005504
2184,GO:0005506
2185,GO:0005507
2186,GO:0005509
2187,GO:0005513
2188,GO:0005515
2189,GO:0005516
2190,GO:0005518
2191,GO:0005519
2192,GO:0005520
2193,GO:0005521
2194,GO:0005522
2195,GO:0005523
2196,GO:0005524
2197,GO:0005525
2198,GO:0005527
2199,GO:0005528
2200,GO:0005534
2201,GO:0005536
2202,GO:0005537
2203,GO:0005539
2204,GO:0005540
2205,GO:0005542
2206,GO:0005543
2207,GO:0005544
2208,GO:0005545
2209,GO:0005546
2210,GO:0005547
2211,GO:0005549
2212,GO:0005550
2213,GO:0005575
2214,GO:0005576
2215,GO:0005577
2216,GO:0005579
2217,GO:0005581
2218,GO:0005582
2219,GO:0005583
2220,GO:0005584
2221,GO:0005585
2222,GO:0005586
2223,GO:0005587
2224,GO:0005588
2225,GO:0005589
2226,GO:0005590
2227,GO:0005591
2228,GO:0005592
2229,GO:0005593
2230,GO:0005594
2231,GO:0005595
2232,GO:0005596
2233,GO:0005597
2234,GO:0005599
2235,GO:0005600
2236,GO:0005601
2237,GO:0005602
2238,GO:0005604
2239,GO:0005606
2240,GO:0005607
2241,GO:0005608
2242,GO:0005609
2243,GO:0005610
2244,GO:0005611
2245,GO:0005612
2246,GO:0005614
2247,GO:0005634
2248,GO:0005635
2249,GO:0005637
2250,GO:0005638
2251,GO:0005640
2252,GO:0005641
2253,GO:0005642
2254,GO:0005643
2255,GO:0005652
2256,GO:0005654
2257,GO:0005655
2258,GO:0005656
2259,GO:0005657
2260,GO:0005658
2261,GO:0005662
2262,GO:0005663
2263,GO:0005664
2264,GO:0005665
2265,GO:0005666
2266,GO:0005667
2267,GO:0005668
2268,GO:0005669
2269,GO:0005672
2270,GO:0005673
2271,GO:0005674
2272,GO:0005675
2273,GO:0005677
2274,GO:0005680
2275,GO:0005681
2276,GO:0005682
2277,GO:0005683
2278,GO:0005684
2279,GO:0005685
2280,GO:0005686
2281,GO:0005687
2282,GO:0005688
2283,GO:0005689
2284,GO:0005690
2285,GO:0005691
2286,GO:0005694
2287,GO:0005697
2288,GO:0005700
2289,GO:0005712
2290,GO:0005713
2291,GO:0005715
2292,GO:0005721
2293,GO:0005726
2294,GO:0005730
2295,GO:0005731
2296,GO:0005732
2297,GO:0005736
2298,GO:0005737
2299,GO:0005739
2300,GO:0005740
2301,GO:0005741
2302,GO:0005742
2303,GO:0005743
2304,GO:0005744
2305,GO:0005745
2306,GO:0005757
2307,GO:0005758
2308,GO:0005759
2309,GO:0005760
2310,GO:0005761
2311,GO:0005762
2312,GO:0005763
2313,GO:0005764
2314,GO:0005765
2315,GO:0005767
2316,GO:0005768
2317,GO:0005769
2318,GO:0005770
2319,GO:0005771
2320,GO:0005773
2321,GO:0005774
2322,GO:0005775
2323,GO:0005776
2324,GO:0005777
2325,GO:0005778
2326,GO:0005782
2327,GO:0005783
2328,GO:0005784
2329,GO:0005785
2330,GO:0005786
2331,GO:0005787
2332,GO:0005788
2333,GO:0005789
2334,GO:0005790
2335,GO:0005791
2336,GO:0005793
2337,GO:0005794
2338,GO:0005795
2339,GO:0005796
2340,GO:0005797
2341,GO:0005798
2342,GO:0005801
2343,GO:0005802
2344,GO:0005811
2345,GO:0005813
2346,GO:0005814
2347,GO:0005815
2348,GO:0005818
2349,GO:0005819
2350,GO:0005826
2351,GO:0005827
2352,GO:0005828
2353,GO:0005829
2354,GO:0005832
2355,GO:0005833
2356,GO:0005834
2357,GO:0005835
2358,GO:0005838
2359,GO:0005839
2360,GO:0005840
2361,GO:0005846
2362,GO:0005847
2363,GO:0005848
2364,GO:0005849
2365,GO:0005850
2366,GO:0005851
2367,GO:0005852
2368,GO:0005853
2369,GO:0005854
2370,GO:0005856
2371,GO:0005858
2372,GO:0005859
2373,GO:0005861
2374,GO:0005862
2375,GO:0005863
2376,GO:0005865
2377,GO:0005868
2378,GO:0005869
2379,GO:0005871
2380,GO:0005873
2381,GO:0005874
2382,GO:0005875
2383,GO:0005876
2384,GO:0005879
2385,GO:0005880
2386,GO:0005881
2387,GO:0005882
2388,GO:0005883
2389,GO:0005884
2390,GO:0005885
2391,GO:0005886
2392,GO:0005889
2393,GO:0005890
2394,GO:0005891
2395,GO:0005892
2396,GO:0005893
2397,GO:0005894
2398,GO:0005895
2399,GO:0005896
2400,GO:0005898
2401,GO:0005899
2402,GO:0005900
2403,GO:0005901
2404,GO:0005902
2405,GO:0005903
2406,GO:0005905
2407,GO:0005911
2408,GO:0005912
2409,GO:0005914
2410,GO:0005915
2411,GO:0005916
2412,GO:0005921
2413,GO:0005922
2414,GO:0005923
2415,GO:0005925
2416,GO:0005927
2417,GO:0005929
2418,GO:0005930
2419,GO:0005931
2420,GO:0005938
2421,GO:0005940
2422,GO:0005942
2423,GO:0005943
2424,GO:0005944
2425,GO:0005945
2426,GO:0005948
2427,GO:0005952
2428,GO:0005953
2429,GO:0005954
2430,GO:0005955
2431,GO:0005956
2432,GO:0005958
2433,GO:0005960
2434,GO:0005964
2435,GO:0005965
2436,GO:0005968
2437,GO:0005971
2438,GO:0005975
2439,GO:0005976
2440,GO:0005977
2441,GO:0005978
2442,GO:0005979
2443,GO:0005980
2444,GO:0005981
2445,GO:0005983
2446,GO:0005984
2447,GO:0005985
2448,GO:0005987
2449,GO:0005989
2450,GO:0005990
2451,GO:0005991
2452,GO:0005993
2453,GO:0005996
2454,GO:0005997
2455,GO:0005998
2456,GO:0006000
2457,GO:0006001
2458,GO:0006002
2459,GO:0006003
2460,GO:0006004
2461,GO:0006006
2462,GO:0006007
2463,GO:0006011
2464,GO:0006012
2465,GO:0006013
2466,GO:0006014
2467,GO:0006015
2468,GO:0006020
2469,GO:0006021
2470,GO:0006024
2471,GO:0006027
2472,GO:0006029
2473,GO:0006030
2474,GO:0006032
2475,GO:0006040
2476,GO:0006041
2477,GO:0006043
2478,GO:0006044
2479,GO:0006045
2480,GO:0006046
2481,GO:0006047
2482,GO:0006048
2483,GO:0006051
2484,GO:0006054
2485,GO:0006055
2486,GO:0006060
2487,GO:0006062
2488,GO:0006065
2489,GO:0006066
2490,GO:0006068
2491,GO:0006071
2492,GO:0006072
2493,GO:0006081
2494,GO:0006083
2495,GO:0006084
2496,GO:0006085
2497,GO:0006086
2498,GO:0006089
2499,GO:0006091
2500,GO:0006094
2501,GO:0006096
2502,GO:0006098
2503,GO:0006099
2504,GO:0006101
2505,GO:0006102
2506,GO:0006103
2507,GO:0006104
2508,GO:0006105
2509,GO:0006106
2510,GO:0006107
2511,GO:0006108
2512,GO:0006110
2513,GO:0006111
2514,GO:0006112
2515,GO:0006114
2516,GO:0006119
2517,GO:0006120
2518,GO:0006121
2519,GO:0006122
2520,GO:0006123
2521,GO:0006124
2522,GO:0006127
2523,GO:0006139
2524,GO:0006144
2525,GO:0006145
2526,GO:0006147
2527,GO:0006148
2528,GO:0006149
2529,GO:0006152
2530,GO:0006154
2531,GO:0006157
2532,GO:0006161
2533,GO:0006163
2534,GO:0006164
2535,GO:0006166
2536,GO:0006167
2537,GO:0006168
2538,GO:0006170
2539,GO:0006171
2540,GO:0006172
2541,GO:0006173
2542,GO:0006177
2543,GO:0006178
2544,GO:0006182
2545,GO:0006183
2546,GO:0006185
2547,GO:0006188
2548,GO:0006189
2549,GO:0006195
2550,GO:0006196
2551,GO:0006198
2552,GO:0006203
2553,GO:0006204
2554,GO:0006206
2555,GO:0006207
2556,GO:0006208
2557,GO:0006210
2558,GO:0006212
2559,GO:0006213
2560,GO:0006217
2561,GO:0006218
2562,GO:0006220
2563,GO:0006221
2564,GO:0006222
2565,GO:0006225
2566,GO:0006226
2567,GO:0006227
2568,GO:0006228
2569,GO:0006229
2570,GO:0006231
2571,GO:0006233
2572,GO:0006235
2573,GO:0006241
2574,GO:0006248
2575,GO:0006249
2576,GO:0006253
2577,GO:0006254
2578,GO:0006256
2579,GO:0006259
2580,GO:0006260
2581,GO:0006261
2582,GO:0006264
2583,GO:0006265
2584,GO:0006269
2585,GO:0006270
2586,GO:0006271
2587,GO:0006272
2588,GO:0006273
2589,GO:0006275
2590,GO:0006278
2591,GO:0006281
2592,GO:0006282
2593,GO:0006283
2594,GO:0006284
2595,GO:0006285
2596,GO:0006287
2597,GO:0006289
2598,GO:0006290
2599,GO:0006294
2600,GO:0006297
2601,GO:0006298
2602,GO:0006301
2603,GO:0006302
2604,GO:0006303
2605,GO:0006307
2606,GO:0006308
2607,GO:0006309
2608,GO:0006310
2609,GO:0006311
2610,GO:0006312
2611,GO:0006313
2612,GO:0006325
2613,GO:0006334
2614,GO:0006335
2615,GO:0006337
2616,GO:0006338
2617,GO:0006346
2618,GO:0006351
2619,GO:0006352
2620,GO:0006353
2621,GO:0006354
2622,GO:0006355
2623,GO:0006356
2624,GO:0006357
2625,GO:0006359
2626,GO:0006360
2627,GO:0006361
2628,GO:0006362
2629,GO:0006363
2630,GO:0006364
2631,GO:0006366
2632,GO:0006367
2633,GO:0006368
2634,GO:0006369
2635,GO:0006370
2636,GO:0006376
2637,GO:0006382
2638,GO:0006383
2639,GO:0006384
2640,GO:0006386
2641,GO:0006388
2642,GO:0006390
2643,GO:0006391
2644,GO:0006392
2645,GO:0006393
2646,GO:0006396
2647,GO:0006397
2648,GO:0006398
2649,GO:0006399
2650,GO:0006400
2651,GO:0006401
2652,GO:0006402
2653,GO:0006403
2654,GO:0006404
2655,GO:0006405
2656,GO:0006406
2657,GO:0006408
2658,GO:0006409
2659,GO:0006412
2660,GO:0006413
2661,GO:0006414
2662,GO:0006415
2663,GO:0006417
2664,GO:0006418
2665,GO:0006419
2666,GO:0006420
2667,GO:0006421
2668,GO:0006422
2669,GO:0006423
2670,GO:0006424
2671,GO:0006425
2672,GO:0006426
2673,GO:0006427
2674,GO:0006428
2675,GO:0006429
2676,GO:0006430
2677,GO:0006431
2678,GO:0006432
2679,GO:0006433
2680,GO:0006434
2681,GO:0006435
2682,GO:0006436
2683,GO:0006437
2684,GO:0006438
2685,GO:0006446
2686,GO:0006448
2687,GO:0006449
2688,GO:0006450
2689,GO:0006457
2690,GO:0006458
2691,GO:0006468
2692,GO:0006469
2693,GO:0006470
2694,GO:0006473
2695,GO:0006474
2696,GO:0006475
2697,GO:0006476
2698,GO:0006477
2699,GO:0006478
2700,GO:0006479
2701,GO:0006481
2702,GO:0006482
2703,GO:0006487
2704,GO:0006488
2705,GO:0006489
2706,GO:0006491
2707,GO:0006493
2708,GO:0006497
2709,GO:0006499
2710,GO:0006501
2711,GO:0006505
2712,GO:0006506
2713,GO:0006508
2714,GO:0006509
2715,GO:0006511
2716,GO:0006513
2717,GO:0006515
2718,GO:0006516
2719,GO:0006517
2720,GO:0006518
2721,GO:0006520
2722,GO:0006525
2723,GO:0006526
2724,GO:0006527
2725,GO:0006530
2726,GO:0006531
2727,GO:0006532
2728,GO:0006533
2729,GO:0006536
2730,GO:0006538
2731,GO:0006540
2732,GO:0006541
2733,GO:0006543
2734,GO:0006544
2735,GO:0006545
2736,GO:0006546
2737,GO:0006548
2738,GO:0006550
2739,GO:0006552
2740,GO:0006555
2741,GO:0006556
2742,GO:0006559
2743,GO:0006562
2744,GO:0006563
2745,GO:0006564
2746,GO:0006565
2747,GO:0006567
2748,GO:0006569
2749,GO:0006571
2750,GO:0006572
2751,GO:0006574
2752,GO:0006575
2753,GO:0006576
2754,GO:0006577
2755,GO:0006579
2756,GO:0006580
2757,GO:0006581
2758,GO:0006583
2759,GO:0006584
2760,GO:0006585
2761,GO:0006590
2762,GO:0006591
2763,GO:0006592
2764,GO:0006593
2765,GO:0006595
2766,GO:0006596
2767,GO:0006597
2768,GO:0006598
2769,GO:0006600
2770,GO:0006601
2771,GO:0006605
2772,GO:0006606
2773,GO:0006607
2774,GO:0006610
2775,GO:0006611
2776,GO:0006612
2777,GO:0006613
2778,GO:0006614
2779,GO:0006616
2780,GO:0006617
2781,GO:0006620
2782,GO:0006621
2783,GO:0006622
2784,GO:0006623
2785,GO:0006624
2786,GO:0006625
2787,GO:0006629
2788,GO:0006631
2789,GO:0006633
2790,GO:0006635
2791,GO:0006636
2792,GO:0006637
2793,GO:0006640
2794,GO:0006641
2795,GO:0006642
2796,GO:0006644
2797,GO:0006646
2798,GO:0006649
2799,GO:0006650
2800,GO:0006651
2801,GO:0006654
2802,GO:0006655
2803,GO:0006656
2804,GO:0006657
2805,GO:0006658
2806,GO:0006659
2807,GO:0006660
2808,GO:0006661
2809,GO:0006663
2810,GO:0006664
2811,GO:0006665
2812,GO:0006667
2813,GO:0006669
2814,GO:0006670
2815,GO:0006672
2816,GO:0006677
2817,GO:0006678
2818,GO:0006679
2819,GO:0006680
2820,GO:0006681
2821,GO:0006682
2822,GO:0006683
2823,GO:0006684
2824,GO:0006685
2825,GO:0006686
2826,GO:0006687
2827,GO:0006688
2828,GO:0006689
2829,GO:0006690
2830,GO:0006691
2831,GO:0006692
2832,GO:0006693
2833,GO:0006694
2834,GO:0006695
2835,GO:0006699
2836,GO:0006700
2837,GO:0006701
2838,GO:0006702
2839,GO:0006703
2840,GO:0006704
2841,GO:0006705
2842,GO:0006706
2843,GO:0006707
2844,GO:0006710
2845,GO:0006711
2846,GO:0006713
2847,GO:0006714
2848,GO:0006720
2849,GO:0006721
2850,GO:0006726
2851,GO:0006729
2852,GO:0006730
2853,GO:0006738
2854,GO:0006739
2855,GO:0006740
2856,GO:0006741
2857,GO:0006742
2858,GO:0006743
2859,GO:0006744
2860,GO:0006747
2861,GO:0006749
2862,GO:0006750
2863,GO:0006751
2864,GO:0006753
2865,GO:0006754
2866,GO:0006760
2867,GO:0006766
2868,GO:0006768
2869,GO:0006769
2870,GO:0006771
2871,GO:0006772
2872,GO:0006776
2873,GO:0006777
2874,GO:0006778
2875,GO:0006779
2876,GO:0006780
2877,GO:0006781
2878,GO:0006783
2879,GO:0006784
2880,GO:0006785
2881,GO:0006787
2882,GO:0006788
2883,GO:0006789
2884,GO:0006790
2885,GO:0006796
2886,GO:0006801
2887,GO:0006805
2888,GO:0006809
2889,GO:0006811
2890,GO:0006812
2891,GO:0006813
2892,GO:0006814
2893,GO:0006816
2894,GO:0006817
2895,GO:0006820
2896,GO:0006821
2897,GO:0006824
2898,GO:0006825
2899,GO:0006826
2900,GO:0006828
2901,GO:0006829
2902,GO:0006833
2903,GO:0006835
2904,GO:0006836
2905,GO:0006839
2906,GO:0006843
2907,GO:0006846
2908,GO:0006848
2909,GO:0006850
2910,GO:0006851
2911,GO:0006853
2912,GO:0006855
2913,GO:0006857
2914,GO:0006858
2915,GO:0006862
2916,GO:0006863
2917,GO:0006864
2918,GO:0006865
2919,GO:0006867
2920,GO:0006868
2921,GO:0006869
2922,GO:0006873
2923,GO:0006874
2924,GO:0006878
2925,GO:0006879
2926,GO:0006882
2927,GO:0006883
2928,GO:0006884
2929,GO:0006885
2930,GO:0006886
2931,GO:0006887
2932,GO:0006888
2933,GO:0006890
2934,GO:0006891
2935,GO:0006892
2936,GO:0006893
2937,GO:0006895
2938,GO:0006896
2939,GO:0006897
2940,GO:0006898
2941,GO:0006900
2942,GO:0006901
2943,GO:0006906
2944,GO:0006907
2945,GO:0006909
2946,GO:0006910
2947,GO:0006911
2948,GO:0006913
2949,GO:0006914
2950,GO:0006915
2951,GO:0006921
2952,GO:0006924
2953,GO:0006925
2954,GO:0006929
2955,GO:0006930
2956,GO:0006933
2957,GO:0006935
2958,GO:0006936
2959,GO:0006937
2960,GO:0006939
2961,GO:0006940
2962,GO:0006941
2963,GO:0006942
2964,GO:0006950
2965,GO:0006952
2966,GO:0006953
2967,GO:0006954
2968,GO:0006955
2969,GO:0006956
2970,GO:0006957
2971,GO:0006958
2972,GO:0006959
2973,GO:0006968
2974,GO:0006970
2975,GO:0006971
2976,GO:0006972
2977,GO:0006974
2978,GO:0006979
2979,GO:0006982
2980,GO:0006983
2981,GO:0006986
2982,GO:0006991
2983,GO:0006995
2984,GO:0006996
2985,GO:0006997
2986,GO:0006998
2987,GO:0006999
2988,GO:0007000
2989,GO:0007004
2990,GO:0007005
2991,GO:0007006
2992,GO:0007007
2993,GO:0007009
2994,GO:0007010
2995,GO:0007015
2996,GO:0007017
2997,GO:0007018
2998,GO:0007019
2999,GO:0007020
3000,GO:0007021
3001,GO:0007023
3002,GO:0007026
3003,GO:0007029
3004,GO:0007030
3005,GO:0007031
3006,GO:0007032
3007,GO:0007033
3008,GO:0007034
3009,GO:0007035
3010,GO:0007039
3011,GO:0007040
3012,GO:0007041
3013,GO:0007042
3014,GO:0007043
3015,GO:0007044
3016,GO:0007051
3017,GO:0007052
3018,GO:0007056
3019,GO:0007057
3020,GO:0007059
3021,GO:0007060
3022,GO:0007062
3023,GO:0007063
3024,GO:0007064
3025,GO:0007076
3026,GO:0007077
3027,GO:0007079
3028,GO:0007080
3029,GO:0007084
3030,GO:0007088
3031,GO:0007089
3032,GO:0007091
3033,GO:0007094
3034,GO:0007095
3035,GO:0007096
3036,GO:0007097
3037,GO:0007098
3038,GO:0007099
3039,GO:0007100
3040,GO:0007112
3041,GO:0007113
3042,GO:0007127
3043,GO:0007129
3044,GO:0007130
3045,GO:0007131
3046,GO:0007140
3047,GO:0007141
3048,GO:0007143
3049,GO:0007144
3050,GO:0007154
3051,GO:0007155
3052,GO:0007156
3053,GO:0007157
3054,GO:0007158
3055,GO:0007159
3056,GO:0007160
3057,GO:0007161
3058,GO:0007162
3059,GO:0007163
3060,GO:0007165
3061,GO:0007166
3062,GO:0007167
3063,GO:0007168
3064,GO:0007169
3065,GO:0007171
3066,GO:0007172
3067,GO:0007173
3068,GO:0007174
3069,GO:0007175
3070,GO:0007178
3071,GO:0007179
3072,GO:0007181
3073,GO:0007185
3074,GO:0007186
3075,GO:0007187
3076,GO:0007188
3077,GO:0007189
3078,GO:0007190
3079,GO:0007191
3080,GO:0007192
3081,GO:0007193
3082,GO:0007194
3083,GO:0007195
3084,GO:0007196
3085,GO:0007197
3086,GO:0007198
3087,GO:0007199
3088,GO:0007200
3089,GO:0007204
3090,GO:0007206
3091,GO:0007207
3092,GO:0007208
3093,GO:0007209
3094,GO:0007210
3095,GO:0007212
3096,GO:0007213
3097,GO:0007214
3098,GO:0007215
3099,GO:0007216
3100,GO:0007217
3101,GO:0007218
3102,GO:0007219
3103,GO:0007220
3104,GO:0007221
3105,GO:0007223
3106,GO:0007224
3107,GO:0007229
3108,GO:0007231
3109,GO:0007249
3110,GO:0007250
3111,GO:0007252
3112,GO:0007254
3113,GO:0007258
3114,GO:0007259
3115,GO:0007260
3116,GO:0007264
3117,GO:0007265
3118,GO:0007266
3119,GO:0007267
3120,GO:0007268
3121,GO:0007269
3122,GO:0007270
3123,GO:0007271
3124,GO:0007274
3125,GO:0007275
3126,GO:0007276
3127,GO:0007281
3128,GO:0007283
3129,GO:0007284
3130,GO:0007286
3131,GO:0007288
3132,GO:0007289
3133,GO:0007290
3134,GO:0007291
3135,GO:0007292
3136,GO:0007320
3137,GO:0007321
3138,GO:0007323
3139,GO:0007338
3140,GO:0007339
3141,GO:0007340
3142,GO:0007341
3143,GO:0007342
3144,GO:0007343
3145,GO:0007344
3146,GO:0007346
3147,GO:0007352
3148,GO:0007356
3149,GO:0007368
3150,GO:0007369
3151,GO:0007371
3152,GO:0007379
3153,GO:0007387
3154,GO:0007388
3155,GO:0007389
3156,GO:0007398
3157,GO:0007399
3158,GO:0007402
3159,GO:0007405
3160,GO:0007406
3161,GO:0007409
3162,GO:0007411
3163,GO:0007412
3164,GO:0007413
3165,GO:0007416
3166,GO:0007417
3167,GO:0007418
3168,GO:0007420
3169,GO:0007422
3170,GO:0007423
3171,GO:0007431
3172,GO:0007435
3173,GO:0007442
3174,GO:0007492
3175,GO:0007494
3176,GO:0007495
3177,GO:0007497
3178,GO:0007498
3179,GO:0007500
3180,GO:0007501
3181,GO:0007507
3182,GO:0007509
3183,GO:0007512
3184,GO:0007517
3185,GO:0007518
3186,GO:0007519
3187,GO:0007520
3188,GO:0007521
3189,GO:0007525
3190,GO:0007528
3191,GO:0007529
3192,GO:0007530
3193,GO:0007538
3194,GO:0007548
3195,GO:0007565
3196,GO:0007566
3197,GO:0007567
3198,GO:0007584
3199,GO:0007585
3200,GO:0007586
3201,GO:0007589
3202,GO:0007595
3203,GO:0007596
3204,GO:0007597
3205,GO:0007598
3206,GO:0007599
3207,GO:0007600
3208,GO:0007601
3209,GO:0007602
3210,GO:0007603
3211,GO:0007604
3212,GO:0007605
3213,GO:0007606
3214,GO:0007608
3215,GO:0007611
3216,GO:0007612
3217,GO:0007613
3218,GO:0007614
3219,GO:0007616
3220,GO:0007617
3221,GO:0007618
3222,GO:0007620
3223,GO:0007621
3224,GO:0007622
3225,GO:0007623
3226,GO:0007624
3227,GO:0007625
3228,GO:0007626
3229,GO:0007628
3230,GO:0007630
3231,GO:0007631
3232,GO:0007632
3233,GO:0007634
3234,GO:0007635
3235,GO:0008009
3236,GO:0008013
3237,GO:0008015
3238,GO:0008016
3239,GO:0008017
3240,GO:0008020
3241,GO:0008021
3242,GO:0008023
3243,GO:0008024
3244,GO:0008028
3245,GO:0008033
3246,GO:0008035
3247,GO:0008037
3248,GO:0008038
3249,GO:0008039
3250,GO:0008045
3251,GO:0008046
3252,GO:0008047
3253,GO:0008048
3254,GO:0008052
3255,GO:0008053
3256,GO:0008057
3257,GO:0008061
3258,GO:0008063
3259,GO:0008064
3260,GO:0008065
3261,GO:0008066
3262,GO:0008068
3263,GO:0008073
3264,GO:0008074
3265,GO:0008076
3266,GO:0008079
3267,GO:0008080
3268,GO:0008081
3269,GO:0008083
3270,GO:0008088
3271,GO:0008089
3272,GO:0008090
3273,GO:0008091
3274,GO:0008092
3275,GO:0008093
3276,GO:0008094
3277,GO:0008097
3278,GO:0008104
3279,GO:0008106
3280,GO:0008107
3281,GO:0008108
3282,GO:0008109
3283,GO:0008111
3284,GO:0008112
3285,GO:0008113
3286,GO:0008115
3287,GO:0008116
3288,GO:0008117
3289,GO:0008118
3290,GO:0008119
3291,GO:0008120
3292,GO:0008121
3293,GO:0008123
3294,GO:0008124
3295,GO:0008126
3296,GO:0008127
3297,GO:0008131
3298,GO:0008134
3299,GO:0008135
3300,GO:0008137
3301,GO:0008138
3302,GO:0008140
3303,GO:0008142
3304,GO:0008143
3305,GO:0008146
3306,GO:0008147
3307,GO:0008150
3308,GO:0008154
3309,GO:0008156
3310,GO:0008157
3311,GO:0008158
3312,GO:0008160
3313,GO:0008168
3314,GO:0008169
3315,GO:0008170
3316,GO:0008171
3317,GO:0008172
3318,GO:0008173
3319,GO:0008174
3320,GO:0008175
3321,GO:0008176
3322,GO:0008177
3323,GO:0008179
3324,GO:0008180
3325,GO:0008184
3326,GO:0008186
3327,GO:0008187
3328,GO:0008188
3329,GO:0008190
3330,GO:0008191
3331,GO:0008192
3332,GO:0008193
3333,GO:0008194
3334,GO:0008195
3335,GO:0008198
3336,GO:0008199
3337,GO:0008200
3338,GO:0008201
3339,GO:0008202
3340,GO:0008203
3341,GO:0008206
3342,GO:0008207
3343,GO:0008209
3344,GO:0008210
3345,GO:0008211
3346,GO:0008215
3347,GO:0008216
3348,GO:0008217
3349,GO:0008219
3350,GO:0008227
3351,GO:0008228
3352,GO:0008233
3353,GO:0008234
3354,GO:0008235
3355,GO:0008236
3356,GO:0008237
3357,GO:0008238
3358,GO:0008239
3359,GO:0008240
3360,GO:0008241
3361,GO:0008242
3362,GO:0008247
3363,GO:0008250
3364,GO:0008251
3365,GO:0008252
3366,GO:0008253
3367,GO:0008254
3368,GO:0008260
3369,GO:0008263
3370,GO:0008265
3371,GO:0008266
3372,GO:0008269
3373,GO:0008270
3374,GO:0008271
3375,GO:0008273
3376,GO:0008275
3377,GO:0008276
3378,GO:0008277
3379,GO:0008278
3380,GO:0008281
3381,GO:0008282
3382,GO:0008283
3383,GO:0008284
3384,GO:0008285
3385,GO:0008286
3386,GO:0008287
3387,GO:0008289
3388,GO:0008290
3389,GO:0008292
3390,GO:0008294
3391,GO:0008295
3392,GO:0008296
3393,GO:0008297
3394,GO:0008298
3395,GO:0008299
3396,GO:0008301
3397,GO:0008303
3398,GO:0008305
3399,GO:0008306
3400,GO:0008307
3401,GO:0008308
3402,GO:0008309
3403,GO:0008310
3404,GO:0008311
3405,GO:0008312
3406,GO:0008315
3407,GO:0008318
3408,GO:0008320
3409,GO:0008324
3410,GO:0008327
3411,GO:0008328
3412,GO:0008330
3413,GO:0008331
3414,GO:0008332
3415,GO:0008333
3416,GO:0008334
3417,GO:0008336
3418,GO:0008340
3419,GO:0008343
3420,GO:0008344
3421,GO:0008347
3422,GO:0008349
3423,GO:0008352
3424,GO:0008353
3425,GO:0008354
3426,GO:0008355
3427,GO:0008356
3428,GO:0008360
3429,GO:0008361
3430,GO:0008366
3431,GO:0008373
3432,GO:0008375
3433,GO:0008376
3434,GO:0008378
3435,GO:0008379
3436,GO:0008380
3437,GO:0008381
3438,GO:0008384
3439,GO:0008385
3440,GO:0008386
3441,GO:0008387
3442,GO:0008389
3443,GO:0008390
3444,GO:0008391
3445,GO:0008392
3446,GO:0008395
3447,GO:0008396
3448,GO:0008397
3449,GO:0008398
3450,GO:0008401
3451,GO:0008403
3452,GO:0008404
3453,GO:0008405
3454,GO:0008406
3455,GO:0008408
3456,GO:0008409
3457,GO:0008410
3458,GO:0008412
3459,GO:0008413
3460,GO:0008417
3461,GO:0008418
3462,GO:0008419
3463,GO:0008420
3464,GO:0008422
3465,GO:0008424
3466,GO:0008425
3467,GO:0008426
3468,GO:0008427
3469,GO:0008428
3470,GO:0008429
3471,GO:0008430
3472,GO:0008431
3473,GO:0008432
3474,GO:0008437
3475,GO:0008440
3476,GO:0008441
3477,GO:0008442
3478,GO:0008443
3479,GO:0008444
3480,GO:0008445
3481,GO:0008446
3482,GO:0008448
3483,GO:0008449
3484,GO:0008453
3485,GO:0008454
3486,GO:0008455
3487,GO:0008456
3488,GO:0008458
3489,GO:0008459
3490,GO:0008463
3491,GO:0008465
3492,GO:0008466
3493,GO:0008467
3494,GO:0008470
3495,GO:0008474
3496,GO:0008475
3497,GO:0008476
3498,GO:0008478
3499,GO:0008479
3500,GO:0008480
3501,GO:0008481
3502,GO:0008482
3503,GO:0008483
3504,GO:0008484
3505,GO:0008486
3506,GO:0008488
3507,GO:0008489
3508,GO:0008493
3509,GO:0008494
3510,GO:0008495
3511,GO:0008496
3512,GO:0008499
3513,GO:0008502
3514,GO:0008503
3515,GO:0008504
3516,GO:0008506
3517,GO:0008507
3518,GO:0008508
3519,GO:0008509
3520,GO:0008510
3521,GO:0008511
3522,GO:0008512
3523,GO:0008517
3524,GO:0008518
3525,GO:0008519
3526,GO:0008520
3527,GO:0008521
3528,GO:0008523
3529,GO:0008525
3530,GO:0008526
3531,GO:0008527
3532,GO:0008528
3533,GO:0008531
3534,GO:0008532
3535,GO:0008534
3536,GO:0008535
3537,GO:0008537
3538,GO:0008540
3539,GO:0008541
3540,GO:0008542
3541,GO:0008543
3542,GO:0008544
3543,GO:0008545
3544,GO:0008556
3545,GO:0008559
3546,GO:0008568
3547,GO:0008569
3548,GO:0008574
3549,GO:0008579
3550,GO:0008582
3551,GO:0008584
3552,GO:0008585
3553,GO:0008589
3554,GO:0008592
3555,GO:0008593
3556,GO:0008594
3557,GO:0008595
3558,GO:0008597
3559,GO:0008603
3560,GO:0008607
3561,GO:0008608
3562,GO:0008609
3563,GO:0008610
3564,GO:0008611
3565,GO:0008612
3566,GO:0008613
3567,GO:0008615
3568,GO:0008617
3569,GO:0008622
3570,GO:0008623
3571,GO:0008625
3572,GO:0008626
3573,GO:0008627
3574,GO:0008628
3575,GO:0008630
3576,GO:0008631
3577,GO:0008637
3578,GO:0008641
3579,GO:0008643
3580,GO:0008645
3581,GO:0008649
3582,GO:0008650
3583,GO:0008652
3584,GO:0008654
3585,GO:0008655
3586,GO:0008656
3587,GO:0008663
3588,GO:0008670
3589,GO:0008700
3590,GO:0008705
3591,GO:0008707
3592,GO:0008709
3593,GO:0008718
3594,GO:0008720
3595,GO:0008721
3596,GO:0008732
3597,GO:0008745
3598,GO:0008747
3599,GO:0008750
3600,GO:0008753
3601,GO:0008757
3602,GO:0008761
3603,GO:0008768
3604,GO:0008775
3605,GO:0008781
3606,GO:0008783
3607,GO:0008792
3608,GO:0008794
3609,GO:0008796
3610,GO:0008798
3611,GO:0008800
3612,GO:0008802
3613,GO:0008803
3614,GO:0008811
3615,GO:0008812
3616,GO:0008817
3617,GO:0008821
3618,GO:0008823
3619,GO:0008828
3620,GO:0008829
3621,GO:0008832
3622,GO:0008843
3623,GO:0008859
3624,GO:0008865
3625,GO:0008877
3626,GO:0008881
3627,GO:0008887
3628,GO:0008889
3629,GO:0008890
3630,GO:0008892
3631,GO:0008893
3632,GO:0008894
3633,GO:0008897
3634,GO:0008900
3635,GO:0008903
3636,GO:0008929
3637,GO:0008934
3638,GO:0008940
3639,GO:0008941
3640,GO:0008948
3641,GO:0008955
3642,GO:0008957
3643,GO:0008962
3644,GO:0008967
3645,GO:0008970
3646,GO:0008973
3647,GO:0008988
3648,GO:0008995
3649,GO:0008999
3650,GO:0009000
3651,GO:0009003
3652,GO:0009007
3653,GO:0009008
3654,GO:0009013
3655,GO:0009032
3656,GO:0009048
3657,GO:0009051
3658,GO:0009052
3659,GO:0009055
3660,GO:0009059
3661,GO:0009060
3662,GO:0009062
3663,GO:0009063
3664,GO:0009072
3665,GO:0009074
3666,GO:0009081
3667,GO:0009082
3668,GO:0009083
3669,GO:0009087
3670,GO:0009100
3671,GO:0009101
3672,GO:0009104
3673,GO:0009107
3674,GO:0009113
3675,GO:0009114
3676,GO:0009115
3677,GO:0009116
3678,GO:0009117
3679,GO:0009132
3680,GO:0009134
3681,GO:0009142
3682,GO:0009143
3683,GO:0009146
3684,GO:0009152
3685,GO:0009154
3686,GO:0009156
3687,GO:0009157
3688,GO:0009159
3689,GO:0009165
3690,GO:0009166
3691,GO:0009168
3692,GO:0009173
3693,GO:0009177
3694,GO:0009185
3695,GO:0009188
3696,GO:0009190
3697,GO:0009191
3698,GO:0009203
3699,GO:0009204
3700,GO:0009214
3701,GO:0009217
3702,GO:0009218
3703,GO:0009220
3704,GO:0009221
3705,GO:0009222
3706,GO:0009223
3707,GO:0009224
3708,GO:0009225
3709,GO:0009226
3710,GO:0009229
3711,GO:0009231
3712,GO:0009234
3713,GO:0009235
3714,GO:0009240
3715,GO:0009247
3716,GO:0009249
3717,GO:0009253
3718,GO:0009257
3719,GO:0009258
3720,GO:0009263
3721,GO:0009264
3722,GO:0009265
3723,GO:0009266
3724,GO:0009267
3725,GO:0009268
3726,GO:0009298
3727,GO:0009299
3728,GO:0009301
3729,GO:0009303
3730,GO:0009304
3731,GO:0009306
3732,GO:0009308
3733,GO:0009309
3734,GO:0009311
3735,GO:0009312
3736,GO:0009313
3737,GO:0009314
3738,GO:0009328
3739,GO:0009330
3740,GO:0009360
3741,GO:0009361
3742,GO:0009368
3743,GO:0009374
3744,GO:0009378
3745,GO:0009383
3746,GO:0009384
3747,GO:0009386
3748,GO:0009395
3749,GO:0009396
3750,GO:0009398
3751,GO:0009403
3752,GO:0009404
3753,GO:0009407
3754,GO:0009408
3755,GO:0009409
3756,GO:0009410
3757,GO:0009411
3758,GO:0009414
3759,GO:0009415
3760,GO:0009416
3761,GO:0009435
3762,GO:0009436
3763,GO:0009437
3764,GO:0009438
3765,GO:0009440
3766,GO:0009441
3767,GO:0009443
3768,GO:0009445
3769,GO:0009446
3770,GO:0009447
3771,GO:0009449
3772,GO:0009450
3773,GO:0009451
3774,GO:0009566
3775,GO:0009582
3776,GO:0009583
3777,GO:0009584
3778,GO:0009595
3779,GO:0009597
3780,GO:0009608
3781,GO:0009609
3782,GO:0009611
3783,GO:0009612
3784,GO:0009615
3785,GO:0009617
3786,GO:0009620
3787,GO:0009624
3788,GO:0009629
3789,GO:0009631
3790,GO:0009635
3791,GO:0009636
3792,GO:0009637
3793,GO:0009642
3794,GO:0009644
3795,GO:0009645
3796,GO:0009648
3797,GO:0009649
3798,GO:0009650
3799,GO:0009651
3800,GO:0009653
3801,GO:0009673
3802,GO:0009692
3803,GO:0009725
3804,GO:0009743
3805,GO:0009744
3806,GO:0009749
3807,GO:0009750
3808,GO:0009751
3809,GO:0009755
3810,GO:0009756
3811,GO:0009785
3812,GO:0009786
3813,GO:0009787
3814,GO:0009789
3815,GO:0009791
3816,GO:0009792
3817,GO:0009804
3818,GO:0009812
3819,GO:0009820
3820,GO:0009822
3821,GO:0009826
3822,GO:0009841
3823,GO:0009880
3824,GO:0009881
3825,GO:0009882
3826,GO:0009887
3827,GO:0009888
3828,GO:0009893
3829,GO:0009895
3830,GO:0009896
3831,GO:0009897
3832,GO:0009898
3833,GO:0009912
3834,GO:0009913
3835,GO:0009914
3836,GO:0009922
3837,GO:0009923
3838,GO:0009925
3839,GO:0009931
3840,GO:0009932
3841,GO:0009946
3842,GO:0009948
3843,GO:0009949
3844,GO:0009950
3845,GO:0009952
3846,GO:0009953
3847,GO:0009954
3848,GO:0009957
3849,GO:0009966
3850,GO:0009967
3851,GO:0009968
3852,GO:0009982
3853,GO:0009986
3854,GO:0009988
3855,GO:0009992
3856,GO:0009994
3857,GO:0010001
3858,GO:0010002
3859,GO:0010008
3860,GO:0010009
3861,GO:0010025
3862,GO:0010032
3863,GO:0010034
3864,GO:0010037
3865,GO:0010038
3866,GO:0010039
3867,GO:0010040
3868,GO:0010041
3869,GO:0010042
3870,GO:0010043
3871,GO:0010044
3872,GO:0010045
3873,GO:0010046
3874,GO:0010070
3875,GO:0010124
3876,GO:0010138
3877,GO:0010155
3878,GO:0010157
3879,GO:0010165
3880,GO:0010172
3881,GO:0010181
3882,GO:0010186
3883,GO:0010193
3884,GO:0010212
3885,GO:0010224
3886,GO:0010225
3887,GO:0010226
3888,GO:0010248
3889,GO:0010255
3890,GO:0010256
3891,GO:0010265
3892,GO:0010266
3893,GO:0010269
3894,GO:0010273
3895,GO:0010288
3896,GO:0010308
3897,GO:0010309
3898,GO:0010310
3899,GO:0010312
3900,GO:0010314
3901,GO:0010324
3902,GO:0010332
3903,GO:0010348
3904,GO:0010351
3905,GO:0010360
3906,GO:0010369
3907,GO:0010370
3908,GO:0010385
3909,GO:0010387
3910,GO:0010389
3911,GO:0010420
3912,GO:0010428
3913,GO:0010430
3914,GO:0010436
3915,GO:0010437
3916,GO:0010446
3917,GO:0010447
3918,GO:0010453
3919,GO:0010457
3920,GO:0010458
3921,GO:0010459
3922,GO:0010460
3923,GO:0010463
3924,GO:0010465
3925,GO:0010466
3926,GO:0010467
3927,GO:0010468
3928,GO:0010469
3929,GO:0010470
3930,GO:0010482
3931,GO:0010484
3932,GO:0010485
3933,GO:0010493
3934,GO:0010494
3935,GO:0010496
3936,GO:0010498
3937,GO:0010499
3938,GO:0010506
3939,GO:0010507
3940,GO:0010508
3941,GO:0010509
3942,GO:0010510
3943,GO:0010512
3944,GO:0010513
3945,GO:0010518
3946,GO:0010521
3947,GO:0010522
3948,GO:0010523
3949,GO:0010524
3950,GO:0010526
3951,GO:0010543
3952,GO:0010544
3953,GO:0010557
3954,GO:0010559
3955,GO:0010560
3956,GO:0010561
3957,GO:0010564
3958,GO:0010565
3959,GO:0010566
3960,GO:0010569
3961,GO:0010571
3962,GO:0010572
3963,GO:0010573
3964,GO:0010574
3965,GO:0010575
3966,GO:0010585
3967,GO:0010586
3968,GO:0010587
3969,GO:0010591
3970,GO:0010592
3971,GO:0010593
3972,GO:0010594
3973,GO:0010595
3974,GO:0010596
3975,GO:0010606
3976,GO:0010607
3977,GO:0010608
3978,GO:0010609
3979,GO:0010610
3980,GO:0010611
3981,GO:0010613
3982,GO:0010614
3983,GO:0010623
3984,GO:0010626
3985,GO:0010628
3986,GO:0010629
3987,GO:0010631
3988,GO:0010632
3989,GO:0010633
3990,GO:0010634
3991,GO:0010635
3992,GO:0010636
3993,GO:0010637
3994,GO:0010641
3995,GO:0010642
3996,GO:0010643
3997,GO:0010644
3998,GO:0010646
3999,GO:0010647
4000,GO:0010648
4001,GO:0010649
4002,GO:0010650
4003,GO:0010652
4004,GO:0010656
4005,GO:0010657
4006,GO:0010659
4007,GO:0010664
4008,GO:0010666
4009,GO:0010667
4010,GO:0010668
4011,GO:0010669
4012,GO:0010698
4013,GO:0010700
4014,GO:0010701
4015,GO:0010705
4016,GO:0010710
4017,GO:0010711
4018,GO:0010712
4019,GO:0010715
4020,GO:0010716
4021,GO:0010717
4022,GO:0010718
4023,GO:0010719
4024,GO:0010720
4025,GO:0010724
4026,GO:0010725
4027,GO:0010727
4028,GO:0010729
4029,GO:0010730
4030,GO:0010734
4031,GO:0010736
4032,GO:0010742
4033,GO:0010743
4034,GO:0010744
4035,GO:0010745
4036,GO:0010747
4037,GO:0010748
4038,GO:0010754
4039,GO:0010755
4040,GO:0010756
4041,GO:0010757
4042,GO:0010758
4043,GO:0010759
4044,GO:0010760
4045,GO:0010761
4046,GO:0010762
4047,GO:0010763
4048,GO:0010764
4049,GO:0010765
4050,GO:0010766
4051,GO:0010774
4052,GO:0010780
4053,GO:0010789
4054,GO:0010792
4055,GO:0010793
4056,GO:0010795
4057,GO:0010800
4058,GO:0010801
4059,GO:0010803
4060,GO:0010804
4061,GO:0010807
4062,GO:0010808
4063,GO:0010810
4064,GO:0010811
4065,GO:0010812
4066,GO:0010813
4067,GO:0010814
4068,GO:0010815
4069,GO:0010816
4070,GO:0010817
4071,GO:0010818
4072,GO:0010819
4073,GO:0010820
4074,GO:0010821
4075,GO:0010824
4076,GO:0010825
4077,GO:0010826
4078,GO:0010827
4079,GO:0010828
4080,GO:0010829
4081,GO:0010830
4082,GO:0010831
4083,GO:0010832
4084,GO:0010833
4085,GO:0010835
4086,GO:0010836
4087,GO:0010837
4088,GO:0010838
4089,GO:0010839
4090,GO:0010840
4091,GO:0010841
4092,GO:0010842
4093,GO:0010844
4094,GO:0010845
4095,GO:0010855
4096,GO:0010856
4097,GO:0010858
4098,GO:0010859
4099,GO:0010866
4100,GO:0010867
4101,GO:0010868
4102,GO:0010874
4103,GO:0010875
4104,GO:0010876
4105,GO:0010877
4106,GO:0010878
4107,GO:0010879
4108,GO:0010880
4109,GO:0010881
4110,GO:0010882
4111,GO:0010883
4112,GO:0010884
4113,GO:0010886
4114,GO:0010887
4115,GO:0010888
4116,GO:0010890
4117,GO:0010891
4118,GO:0010893
4119,GO:0010894
4120,GO:0010897
4121,GO:0010898
4122,GO:0010899
4123,GO:0010900
4124,GO:0010902
4125,GO:0010903
4126,GO:0010906
4127,GO:0010907
4128,GO:0010908
4129,GO:0010909
4130,GO:0010916
4131,GO:0010917
4132,GO:0010918
4133,GO:0010920
4134,GO:0010921
4135,GO:0010922
4136,GO:0010923
4137,GO:0010933
4138,GO:0010936
4139,GO:0010943
4140,GO:0010945
4141,GO:0010948
4142,GO:0010949
4143,GO:0010950
4144,GO:0010951
4145,GO:0010952
4146,GO:0010954
4147,GO:0010955
4148,GO:0010957
4149,GO:0010959
4150,GO:0010960
4151,GO:0010961
4152,GO:0010965
4153,GO:0010966
4154,GO:0010968
4155,GO:0010970
4156,GO:0010971
4157,GO:0010972
4158,GO:0010975
4159,GO:0010976
4160,GO:0010977
4161,GO:0010983
4162,GO:0010987
4163,GO:0010988
4164,GO:0010989
4165,GO:0010992
4166,GO:0010994
4167,GO:0010996
4168,GO:0010997
4169,GO:0010998
4170,GO:0012501
4171,GO:0012502
4172,GO:0012505
4173,GO:0012506
4174,GO:0012507
4175,GO:0012510
4176,GO:0014002
4177,GO:0014003
4178,GO:0014004
4179,GO:0014005
4180,GO:0014008
4181,GO:0014009
4182,GO:0014010
4183,GO:0014012
4184,GO:0014013
4185,GO:0014014
4186,GO:0014015
4187,GO:0014016
4188,GO:0014028
4189,GO:0014029
4190,GO:0014030
4191,GO:0014031
4192,GO:0014032
4193,GO:0014033
4194,GO:0014034
4195,GO:0014036
4196,GO:0014037
4197,GO:0014038
4198,GO:0014040
4199,GO:0014041
4200,GO:0014042
4201,GO:0014043
4202,GO:0014044
4203,GO:0014045
4204,GO:0014047
4205,GO:0014048
4206,GO:0014049
4207,GO:0014050
4208,GO:0014053
4209,GO:0014054
4210,GO:0014056
4211,GO:0014057
4212,GO:0014059
4213,GO:0014061
4214,GO:0014062
4215,GO:0014063
4216,GO:0014064
4217,GO:0014069
4218,GO:0014074
4219,GO:0014075
4220,GO:0014701
4221,GO:0014704
4222,GO:0014705
4223,GO:0014706
4224,GO:0014707
4225,GO:0014718
4226,GO:0014719
4227,GO:0014722
4228,GO:0014723
4229,GO:0014728
4230,GO:0014731
4231,GO:0014732
4232,GO:0014733
4233,GO:0014734
4234,GO:0014736
4235,GO:0014737
4236,GO:0014740
4237,GO:0014741
4238,GO:0014801
4239,GO:0014802
4240,GO:0014804
4241,GO:0014805
4242,GO:0014806
4243,GO:0014807
4244,GO:0014808
4245,GO:0014809
4246,GO:0014810
4247,GO:0014812
4248,GO:0014816
4249,GO:0014819
4250,GO:0014820
4251,GO:0014823
4252,GO:0014824
4253,GO:0014826
4254,GO:0014827
4255,GO:0014829
4256,GO:0014832
4257,GO:0014834
4258,GO:0014835
4259,GO:0014839
4260,GO:0014841
4261,GO:0014842
4262,GO:0014843
4263,GO:0014846
4264,GO:0014850
4265,GO:0014854
4266,GO:0014856
4267,GO:0014861
4268,GO:0014866
4269,GO:0014870
4270,GO:0014873
4271,GO:0014878
4272,GO:0014883
4273,GO:0014889
4274,GO:0014891
4275,GO:0014894
4276,GO:0014895
4277,GO:0014896
4278,GO:0014898
4279,GO:0014901
4280,GO:0014902
4281,GO:0014904
4282,GO:0014905
4283,GO:0014906
4284,GO:0014908
4285,GO:0014909
4286,GO:0014910
4287,GO:0014911
4288,GO:0014912
4289,GO:0014916
4290,GO:0015012
4291,GO:0015016
4292,GO:0015018
4293,GO:0015019
4294,GO:0015020
4295,GO:0015024
4296,GO:0015026
4297,GO:0015030
4298,GO:0015031
4299,GO:0015035
4300,GO:0015036
4301,GO:0015038
4302,GO:0015052
4303,GO:0015054
4304,GO:0015055
4305,GO:0015056
4306,GO:0015057
4307,GO:0015067
4308,GO:0015068
4309,GO:0015074
4310,GO:0015075
4311,GO:0015078
4312,GO:0015079
4313,GO:0015080
4314,GO:0015081
4315,GO:0015085
4316,GO:0015086
4317,GO:0015087
4318,GO:0015093
4319,GO:0015094
4320,GO:0015095
4321,GO:0015098
4322,GO:0015099
4323,GO:0015100
4324,GO:0015106
4325,GO:0015108
4326,GO:0015111
4327,GO:0015112
4328,GO:0015116
4329,GO:0015117
4330,GO:0015125
4331,GO:0015126
4332,GO:0015127
4333,GO:0015129
4334,GO:0015130
4335,GO:0015131
4336,GO:0015132
4337,GO:0015135
4338,GO:0015136
4339,GO:0015137
4340,GO:0015138
4341,GO:0015139
4342,GO:0015140
4343,GO:0015141
4344,GO:0015142
4345,GO:0015143
4346,GO:0015144
4347,GO:0015146
4348,GO:0015149
4349,GO:0015150
4350,GO:0015151
4351,GO:0015152
4352,GO:0015164
4353,GO:0015165
4354,GO:0015166
4355,GO:0015168
4356,GO:0015171
4357,GO:0015172
4358,GO:0015173
4359,GO:0015174
4360,GO:0015175
4361,GO:0015179
4362,GO:0015180
4363,GO:0015182
4364,GO:0015183
4365,GO:0015184
4366,GO:0015185
4367,GO:0015186
4368,GO:0015187
4369,GO:0015188
4370,GO:0015189
4371,GO:0015190
4372,GO:0015191
4373,GO:0015192
4374,GO:0015193
4375,GO:0015194
4376,GO:0015195
4377,GO:0015196
4378,GO:0015199
4379,GO:0015200
4380,GO:0015203
4381,GO:0015204
4382,GO:0015205
4383,GO:0015207
4384,GO:0015208
4385,GO:0015210
4386,GO:0015211
4387,GO:0015212
4388,GO:0015213
4389,GO:0015214
4390,GO:0015215
4391,GO:0015216
4392,GO:0015217
4393,GO:0015218
4394,GO:0015220
4395,GO:0015225
4396,GO:0015226
4397,GO:0015227
4398,GO:0015228
4399,GO:0015229
4400,GO:0015230
4401,GO:0015232
4402,GO:0015233
4403,GO:0015234
4404,GO:0015245
4405,GO:0015247
4406,GO:0015250
4407,GO:0015252
4408,GO:0015254
4409,GO:0015264
4410,GO:0015265
4411,GO:0015267
4412,GO:0015269
4413,GO:0015271
4414,GO:0015272
4415,GO:0015275
4416,GO:0015276
4417,GO:0015277
4418,GO:0015278
4419,GO:0015279
4420,GO:0015280
4421,GO:0015288
4422,GO:0015291
4423,GO:0015292
4424,GO:0015293
4425,GO:0015295
4426,GO:0015296
4427,GO:0015297
4428,GO:0015304
4429,GO:0015311
4430,GO:0015312
4431,GO:0015317
4432,GO:0015327
4433,GO:0015333
4434,GO:0015349
4435,GO:0015350
4436,GO:0015355
4437,GO:0015361
4438,GO:0015362
4439,GO:0015367
4440,GO:0015368
4441,GO:0015369
4442,GO:0015370
4443,GO:0015371
4444,GO:0015373
4445,GO:0015374
4446,GO:0015375
4447,GO:0015377
4448,GO:0015378
4449,GO:0015379
4450,GO:0015382
4451,GO:0015383
4452,GO:0015385
4453,GO:0015386
4454,GO:0015389
4455,GO:0015390
4456,GO:0015410
4457,GO:0015411
4458,GO:0015417
4459,GO:0015420
4460,GO:0015421
4461,GO:0015431
4462,GO:0015432
4463,GO:0015433
4464,GO:0015439
4465,GO:0015440
4466,GO:0015444
4467,GO:0015459
4468,GO:0015464
4469,GO:0015467
4470,GO:0015485
4471,GO:0015489
4472,GO:0015495
4473,GO:0015498
4474,GO:0015499
4475,GO:0015501
4476,GO:0015515
4477,GO:0015517
4478,GO:0015538
4479,GO:0015552
4480,GO:0015562
4481,GO:0015572
4482,GO:0015594
4483,GO:0015605
4484,GO:0015606
4485,GO:0015607
4486,GO:0015616
4487,GO:0015629
4488,GO:0015630
4489,GO:0015631
4490,GO:0015636
4491,GO:0015643
4492,GO:0015645
4493,GO:0015647
4494,GO:0015650
4495,GO:0015651
4496,GO:0015655
4497,GO:0015657
4498,GO:0015658
4499,GO:0015662
4500,GO:0015670
4501,GO:0015671
4502,GO:0015675
4503,GO:0015676
4504,GO:0015677
4505,GO:0015679
4506,GO:0015689
4507,GO:0015692
4508,GO:0015693
4509,GO:0015694
4510,GO:0015697
4511,GO:0015698
4512,GO:0015701
4513,GO:0015705
4514,GO:0015706
4515,GO:0015707
4516,GO:0015709
4517,GO:0015718
4518,GO:0015721
4519,GO:0015722
4520,GO:0015723
4521,GO:0015724
4522,GO:0015727
4523,GO:0015728
4524,GO:0015729
4525,GO:0015730
4526,GO:0015732
4527,GO:0015734
4528,GO:0015738
4529,GO:0015739
4530,GO:0015740
4531,GO:0015741
4532,GO:0015742
4533,GO:0015744
4534,GO:0015746
4535,GO:0015747
4536,GO:0015748
4537,GO:0015750
4538,GO:0015755
4539,GO:0015756
4540,GO:0015757
4541,GO:0015760
4542,GO:0015761
4543,GO:0015770
4544,GO:0015779
4545,GO:0015780
4546,GO:0015782
4547,GO:0015786
4548,GO:0015787
4549,GO:0015789
4550,GO:0015790
4551,GO:0015791
4552,GO:0015793
4553,GO:0015797
4554,GO:0015798
4555,GO:0015800
4556,GO:0015801
4557,GO:0015802
4558,GO:0015803
4559,GO:0015804
4560,GO:0015805
4561,GO:0015807
4562,GO:0015808
4563,GO:0015810
4564,GO:0015811
4565,GO:0015812
4566,GO:0015813
4567,GO:0015816
4568,GO:0015817
4569,GO:0015818
4570,GO:0015819
4571,GO:0015820
4572,GO:0015821
4573,GO:0015822
4574,GO:0015823
4575,GO:0015824
4576,GO:0015825
4577,GO:0015826
4578,GO:0015827
4579,GO:0015828
4580,GO:0015829
4581,GO:0015833
4582,GO:0015835
4583,GO:0015837
4584,GO:0015838
4585,GO:0015840
4586,GO:0015842
4587,GO:0015843
4588,GO:0015847
4589,GO:0015848
4590,GO:0015849
4591,GO:0015850
4592,GO:0015851
4593,GO:0015853
4594,GO:0015854
4595,GO:0015855
4596,GO:0015858
4597,GO:0015860
4598,GO:0015861
4599,GO:0015862
4600,GO:0015864
4601,GO:0015865
4602,GO:0015866
4603,GO:0015867
4604,GO:0015870
4605,GO:0015871
4606,GO:0015876
4607,GO:0015878
4608,GO:0015879
4609,GO:0015880
4610,GO:0015881
4611,GO:0015882
4612,GO:0015884
4613,GO:0015886
4614,GO:0015887
4615,GO:0015888
4616,GO:0015889
4617,GO:0015891
4618,GO:0015904
4619,GO:0015908
4620,GO:0015909
4621,GO:0015910
4622,GO:0015911
4623,GO:0015912
4624,GO:0015913
4625,GO:0015914
4626,GO:0015916
4627,GO:0015917
4628,GO:0015918
4629,GO:0015919
4630,GO:0015920
4631,GO:0015923
4632,GO:0015926
4633,GO:0015929
4634,GO:0015931
4635,GO:0015932
4636,GO:0015934
4637,GO:0015935
4638,GO:0015936
4639,GO:0015937
4640,GO:0015938
4641,GO:0015939
4642,GO:0015942
4643,GO:0015943
4644,GO:0015949
4645,GO:0015961
4646,GO:0015964
4647,GO:0015966
4648,GO:0015980
4649,GO:0015986
4650,GO:0015990
4651,GO:0016004
4652,GO:0016005
4653,GO:0016010
4654,GO:0016011
4655,GO:0016012
4656,GO:0016013
4657,GO:0016015
4658,GO:0016018
4659,GO:0016019
4660,GO:0016020
4661,GO:0016024
4662,GO:0016031
4663,GO:0016032
4664,GO:0016034
4665,GO:0016035
4666,GO:0016036
4667,GO:0016038
4668,GO:0016042
4669,GO:0016045
4670,GO:0016046
4671,GO:0016048
4672,GO:0016050
4673,GO:0016051
4674,GO:0016052
4675,GO:0016055
4676,GO:0016056
4677,GO:0016059
4678,GO:0016064
4679,GO:0016068
4680,GO:0016070
4681,GO:0016071
4682,GO:0016072
4683,GO:0016073
4684,GO:0016075
4685,GO:0016076
4686,GO:0016077
4687,GO:0016078
4688,GO:0016079
4689,GO:0016082
4690,GO:0016094
4691,GO:0016098
4692,GO:0016101
4693,GO:0016104
4694,GO:0016116
4695,GO:0016119
4696,GO:0016121
4697,GO:0016124
4698,GO:0016125
4699,GO:0016126
4700,GO:0016139
4701,GO:0016149
4702,GO:0016150
4703,GO:0016151
4704,GO:0016153
4705,GO:0016154
4706,GO:0016155
4707,GO:0016158
4708,GO:0016160
4709,GO:0016165
4710,GO:0016167
4711,GO:0016170
4712,GO:0016174
4713,GO:0016175
4714,GO:0016176
4715,GO:0016180
4716,GO:0016182
4717,GO:0016183
4718,GO:0016185
4719,GO:0016188
4720,GO:0016189
4721,GO:0016191
4722,GO:0016192
4723,GO:0016197
4724,GO:0016198
4725,GO:0016199
4726,GO:0016202
4727,GO:0016206
4728,GO:0016208
4729,GO:0016209
4730,GO:0016212
4731,GO:0016213
4732,GO:0016215
4733,GO:0016222
4734,GO:0016223
4735,GO:0016226
4736,GO:0016229
4737,GO:0016230
4738,GO:0016231
4739,GO:0016232
4740,GO:0016233
4741,GO:0016234
4742,GO:0016235
4743,GO:0016236
4744,GO:0016237
4745,GO:0016239
4746,GO:0016240
4747,GO:0016241
4748,GO:0016242
4749,GO:0016243
4750,GO:0016247
4751,GO:0016248
4752,GO:0016250
4753,GO:0016251
4754,GO:0016255
4755,GO:0016256
4756,GO:0016260
4757,GO:0016263
4758,GO:0016264
4759,GO:0016266
4760,GO:0016272
4761,GO:0016273
4762,GO:0016274
4763,GO:0016278
4764,GO:0016279
4765,GO:0016281
4766,GO:0016282
4767,GO:0016285
4768,GO:0016286
4769,GO:0016287
4770,GO:0016289
4771,GO:0016297
4772,GO:0016298
4773,GO:0016300
4774,GO:0016301
4775,GO:0016303
4776,GO:0016308
4777,GO:0016309
4778,GO:0016310
4779,GO:0016311
4780,GO:0016312
4781,GO:0016314
4782,GO:0016316
4783,GO:0016320
4784,GO:0016321
4785,GO:0016322
4786,GO:0016323
4787,GO:0016324
4788,GO:0016327
4789,GO:0016328
4790,GO:0016331
4791,GO:0016332
4792,GO:0016338
4793,GO:0016339
4794,GO:0016340
4795,GO:0016342
4796,GO:0016358
4797,GO:0016361
4798,GO:0016362
4799,GO:0016363
4800,GO:0016402
4801,GO:0016403
4802,GO:0016404
4803,GO:0016405
4804,GO:0016406
4805,GO:0016407
4806,GO:0016409
4807,GO:0016411
4808,GO:0016412
4809,GO:0016416
4810,GO:0016422
4811,GO:0016423
4812,GO:0016426
4813,GO:0016427
4814,GO:0016428
4815,GO:0016432
4816,GO:0016433
4817,GO:0016435
4818,GO:0016438
4819,GO:0016441
4820,GO:0016442
4821,GO:0016445
4822,GO:0016446
4823,GO:0016447
4824,GO:0016453
4825,GO:0016459
4826,GO:0016460
4827,GO:0016461
4828,GO:0016462
4829,GO:0016469
4830,GO:0016471
4831,GO:0016476
4832,GO:0016477
4833,GO:0016479
4834,GO:0016480
4835,GO:0016482
4836,GO:0016485
4837,GO:0016486
4838,GO:0016488
4839,GO:0016491
4840,GO:0016492
4841,GO:0016493
4842,GO:0016494
4843,GO:0016495
4844,GO:0016496
4845,GO:0016497
4846,GO:0016498
4847,GO:0016499
4848,GO:0016500
4849,GO:0016501
4850,GO:0016503
4851,GO:0016504
4852,GO:0016505
4853,GO:0016507
4854,GO:0016509
4855,GO:0016513
4856,GO:0016514
4857,GO:0016515
4858,GO:0016516
4859,GO:0016517
4860,GO:0016519
4861,GO:0016520
4862,GO:0016521
4863,GO:0016524
4864,GO:0016525
4865,GO:0016528
4866,GO:0016529
4867,GO:0016530
4868,GO:0016531
4869,GO:0016532
4870,GO:0016533
4871,GO:0016538
4872,GO:0016539
4873,GO:0016540
4874,GO:0016553
4875,GO:0016554
4876,GO:0016556
4877,GO:0016557
4878,GO:0016558
4879,GO:0016559
4880,GO:0016560
4881,GO:0016561
4882,GO:0016562
4883,GO:0016567
4884,GO:0016579
4885,GO:0016581
4886,GO:0016586
4887,GO:0016589
4888,GO:0016590
4889,GO:0016591
4890,GO:0016592
4891,GO:0016593
4892,GO:0016594
4893,GO:0016595
4894,GO:0016597
4895,GO:0016598
4896,GO:0016600
4897,GO:0016601
4898,GO:0016602
4899,GO:0016603
4900,GO:0016604
4901,GO:0016605
4902,GO:0016607
4903,GO:0016608
4904,GO:0016614
4905,GO:0016615
4906,GO:0016616
4907,GO:0016617
4908,GO:0016618
4909,GO:0016620
4910,GO:0016623
4911,GO:0016624
4912,GO:0016627
4913,GO:0016628
4914,GO:0016638
4915,GO:0016639
4916,GO:0016641
4917,GO:0016645
4918,GO:0016646
4919,GO:0016647
4920,GO:0016649
4921,GO:0016651
4922,GO:0016653
4923,GO:0016655
4924,GO:0016661
4925,GO:0016667
4926,GO:0016668
4927,GO:0016670
4928,GO:0016671
4929,GO:0016679
4930,GO:0016684
4931,GO:0016701
4932,GO:0016702
4933,GO:0016705
4934,GO:0016706
4935,GO:0016709
4936,GO:0016711
4937,GO:0016712
4938,GO:0016713
4939,GO:0016714
4940,GO:0016715
4941,GO:0016716
4942,GO:0016717
4943,GO:0016722
4944,GO:0016723
4945,GO:0016724
4946,GO:0016727
4947,GO:0016740
4948,GO:0016741
4949,GO:0016743
4950,GO:0016744
4951,GO:0016746
4952,GO:0016747
4953,GO:0016757
4954,GO:0016758
4955,GO:0016763
4956,GO:0016765
4957,GO:0016768
4958,GO:0016772
4959,GO:0016773
4960,GO:0016775
4961,GO:0016776
4962,GO:0016779
4963,GO:0016780
4964,GO:0016783
4965,GO:0016784
4966,GO:0016787
4967,GO:0016788
4968,GO:0016790
4969,GO:0016791
4970,GO:0016793
4971,GO:0016798
4972,GO:0016799
4973,GO:0016803
4974,GO:0016805
4975,GO:0016807
4976,GO:0016810
4977,GO:0016811
4978,GO:0016812
4979,GO:0016813
4980,GO:0016814
4981,GO:0016818
4982,GO:0016829
4983,GO:0016830
4984,GO:0016831
4985,GO:0016832
4986,GO:0016833
4987,GO:0016836
4988,GO:0016841
4989,GO:0016846
4990,GO:0016849
4991,GO:0016853
4992,GO:0016854
4993,GO:0016857
4994,GO:0016859
4995,GO:0016863
4996,GO:0016866
4997,GO:0016868
4998,GO:0016874
4999,GO:0016878
5000,GO:0016881
5001,GO:0016884
5002,GO:0016885
5003,GO:0016886
5004,GO:0016887
5005,GO:0016888
5006,GO:0016891
5007,GO:0016892
5008,GO:0016896
5009,GO:0016906
5010,GO:0016907
5011,GO:0016913
5012,GO:0016914
5013,GO:0016917
5014,GO:0016918
5015,GO:0016920
5016,GO:0016922
5017,GO:0016925
5018,GO:0016926
5019,GO:0016929
5020,GO:0016933
5021,GO:0016934
5022,GO:0016935
5023,GO:0016936
5024,GO:0016937
5025,GO:0016938
5026,GO:0016939
5027,GO:0016941
5028,GO:0016942
5029,GO:0016964
5030,GO:0016971
5031,GO:0016972
5032,GO:0016973
5033,GO:0016992
5034,GO:0016997
5035,GO:0016999
5036,GO:0017002
5037,GO:0017004
5038,GO:0017005
5039,GO:0017015
5040,GO:0017017
5041,GO:0017018
5042,GO:0017020
5043,GO:0017022
5044,GO:0017024
5045,GO:0017025
5046,GO:0017038
5047,GO:0017040
5048,GO:0017042
5049,GO:0017045
5050,GO:0017046
5051,GO:0017053
5052,GO:0017054
5053,GO:0017055
5054,GO:0017056
5055,GO:0017057
5056,GO:0017059
5057,GO:0017060
5058,GO:0017061
5059,GO:0017064
5060,GO:0017065
5061,GO:0017069
5062,GO:0017070
5063,GO:0017071
5064,GO:0017075
5065,GO:0017076
5066,GO:0017077
5067,GO:0017080
5068,GO:0017081
5069,GO:0017083
5070,GO:0017084
5071,GO:0017085
5072,GO:0017087
5073,GO:0017089
5074,GO:0017090
5075,GO:0017095
5076,GO:0017096
5077,GO:0017098
5078,GO:0017099
5079,GO:0017101
5080,GO:0017108
5081,GO:0017109
5082,GO:0017110
5083,GO:0017111
5084,GO:0017113
5085,GO:0017116
5086,GO:0017118
5087,GO:0017119
5088,GO:0017121
5089,GO:0017122
5090,GO:0017124
5091,GO:0017125
5092,GO:0017128
5093,GO:0017129
5094,GO:0017130
5095,GO:0017134
5096,GO:0017136
5097,GO:0017143
5098,GO:0017145
5099,GO:0017146
5100,GO:0017147
5101,GO:0017148
5102,GO:0017150
5103,GO:0017151
5104,GO:0017153
5105,GO:0017154
5106,GO:0017156
5107,GO:0017157
5108,GO:0017158
5109,GO:0017159
5110,GO:0017161
5111,GO:0017162
5112,GO:0017166
5113,GO:0017168
5114,GO:0017171
5115,GO:0017172
5116,GO:0017174
5117,GO:0017176
5118,GO:0017177
5119,GO:0017178
5120,GO:0017183
5121,GO:0017185
5122,GO:0017187
5123,GO:0017188
5124,GO:0017190
5125,GO:0017192
5126,GO:0017196
5127,GO:0018002
5128,GO:0018003
5129,GO:0018008
5130,GO:0018013
5131,GO:0018016
5132,GO:0018023
5133,GO:0018025
5134,GO:0018026
5135,GO:0018027
5136,GO:0018030
5137,GO:0018057
5138,GO:0018063
5139,GO:0018064
5140,GO:0018094
5141,GO:0018095
5142,GO:0018105
5143,GO:0018107
5144,GO:0018108
5145,GO:0018114
5146,GO:0018117
5147,GO:0018119
5148,GO:0018125
5149,GO:0018126
5150,GO:0018146
5151,GO:0018149
5152,GO:0018153
5153,GO:0018158
5154,GO:0018191
5155,GO:0018200
5156,GO:0018206
5157,GO:0018230
5158,GO:0018272
5159,GO:0018277
5160,GO:0018293
5161,GO:0018342
5162,GO:0018343
5163,GO:0018344
5164,GO:0018345
5165,GO:0018377
5166,GO:0018393
5167,GO:0018394
5168,GO:0018395
5169,GO:0018401
5170,GO:0018423
5171,GO:0018444
5172,GO:0018454
5173,GO:0018455
5174,GO:0018467
5175,GO:0018477
5176,GO:0018479
5177,GO:0018488
5178,GO:0018549
5179,GO:0018601
5180,GO:0018675
5181,GO:0018676
5182,GO:0018685
5183,GO:0018708
5184,GO:0018729
5185,GO:0018738
5186,GO:0018773
5187,GO:0018812
5188,GO:0018820
5189,GO:0018858
5190,GO:0018872
5191,GO:0018874
5192,GO:0018879
5193,GO:0018885
5194,GO:0018894
5195,GO:0018910
5196,GO:0018916
5197,GO:0018937
5198,GO:0018958
5199,GO:0018960
5200,GO:0018963
5201,GO:0018964
5202,GO:0018969
5203,GO:0019001
5204,GO:0019002
5205,GO:0019003
5206,GO:0019005
5207,GO:0019043
5208,GO:0019046
5209,GO:0019058
5210,GO:0019060
5211,GO:0019062
5212,GO:0019064
5213,GO:0019065
5214,GO:0019068
5215,GO:0019074
5216,GO:0019075
5217,GO:0019076
5218,GO:0019079
5219,GO:0019081
5220,GO:0019082
5221,GO:0019083
5222,GO:0019085
5223,GO:0019086
5224,GO:0019100
5225,GO:0019103
5226,GO:0019104
5227,GO:0019107
5228,GO:0019119
5229,GO:0019135
5230,GO:0019136
5231,GO:0019144
5232,GO:0019145
5233,GO:0019150
5234,GO:0019153
5235,GO:0019158
5236,GO:0019166
5237,GO:0019171
5238,GO:0019172
5239,GO:0019178
5240,GO:0019184
5241,GO:0019185
5242,GO:0019199
5243,GO:0019202
5244,GO:0019203
5245,GO:0019205
5246,GO:0019206
5247,GO:0019207
5248,GO:0019208
5249,GO:0019209
5250,GO:0019210
5251,GO:0019211
5252,GO:0019212
5253,GO:0019213
5254,GO:0019215
5255,GO:0019216
5256,GO:0019217
5257,GO:0019218
5258,GO:0019221
5259,GO:0019226
5260,GO:0019227
5261,GO:0019228
5262,GO:0019229
5263,GO:0019230
5264,GO:0019233
5265,GO:0019236
5266,GO:0019237
5267,GO:0019239
5268,GO:0019240
5269,GO:0019241
5270,GO:0019242
5271,GO:0019244
5272,GO:0019249
5273,GO:0019254
5274,GO:0019262
5275,GO:0019276
5276,GO:0019287
5277,GO:0019290
5278,GO:0019303
5279,GO:0019310
5280,GO:0019318
5281,GO:0019319
5282,GO:0019321
5283,GO:0019322
5284,GO:0019341
5285,GO:0019344
5286,GO:0019346
5287,GO:0019367
5288,GO:0019369
5289,GO:0019370
5290,GO:0019371
5291,GO:0019372
5292,GO:0019373
5293,GO:0019377
5294,GO:0019388
5295,GO:0019395
5296,GO:0019413
5297,GO:0019417
5298,GO:0019418
5299,GO:0019430
5300,GO:0019432
5301,GO:0019433
5302,GO:0019448
5303,GO:0019464
5304,GO:0019470
5305,GO:0019477
5306,GO:0019478
5307,GO:0019483
5308,GO:0019511
5309,GO:0019521
5310,GO:0019530
5311,GO:0019531
5312,GO:0019532
5313,GO:0019534
5314,GO:0019538
5315,GO:0019542
5316,GO:0019563
5317,GO:0019585
5318,GO:0019605
5319,GO:0019606
5320,GO:0019607
5321,GO:0019626
5322,GO:0019627
5323,GO:0019628
5324,GO:0019637
5325,GO:0019646
5326,GO:0019673
5327,GO:0019674
5328,GO:0019677
5329,GO:0019682
5330,GO:0019693
5331,GO:0019695
5332,GO:0019705
5333,GO:0019706
5334,GO:0019707
5335,GO:0019722
5336,GO:0019724
5337,GO:0019725
5338,GO:0019730
5339,GO:0019731
5340,GO:0019732
5341,GO:0019747
5342,GO:0019748
5343,GO:0019755
5344,GO:0019763
5345,GO:0019766
5346,GO:0019767
5347,GO:0019768
5348,GO:0019769
5349,GO:0019770
5350,GO:0019771
5351,GO:0019772
5352,GO:0019773
5353,GO:0019774
5354,GO:0019776
5355,GO:0019777
5356,GO:0019778
5357,GO:0019779
5358,GO:0019780
5359,GO:0019781
5360,GO:0019782
5361,GO:0019783
5362,GO:0019784
5363,GO:0019785
5364,GO:0019786
5365,GO:0019787
5366,GO:0019788
5367,GO:0019789
5368,GO:0019797
5369,GO:0019799
5370,GO:0019805
5371,GO:0019807
5372,GO:0019809
5373,GO:0019811
5374,GO:0019814
5375,GO:0019815
5376,GO:0019825
5377,GO:0019826
5378,GO:0019827
5379,GO:0019828
5380,GO:0019829
5381,GO:0019834
5382,GO:0019835
5383,GO:0019838
5384,GO:0019840
5385,GO:0019841
5386,GO:0019842
5387,GO:0019843
5388,GO:0019852
5389,GO:0019855
5390,GO:0019856
5391,GO:0019858
5392,GO:0019862
5393,GO:0019863
5394,GO:0019864
5395,GO:0019865
5396,GO:0019866
5397,GO:0019867
5398,GO:0019869
5399,GO:0019870
5400,GO:0019871
5401,GO:0019882
5402,GO:0019883
5403,GO:0019884
5404,GO:0019885
5405,GO:0019886
5406,GO:0019887
5407,GO:0019888
5408,GO:0019894
5409,GO:0019896
5410,GO:0019897
5411,GO:0019898
5412,GO:0019899
5413,GO:0019900
5414,GO:0019901
5415,GO:0019902
5416,GO:0019903
5417,GO:0019904
5418,GO:0019905
5419,GO:0019908
5420,GO:0019911
5421,GO:0019914
5422,GO:0019915
5423,GO:0019918
5424,GO:0019941
5425,GO:0019948
5426,GO:0019953
5427,GO:0019955
5428,GO:0019956
5429,GO:0019957
5430,GO:0019958
5431,GO:0019959
5432,GO:0019960
5433,GO:0019962
5434,GO:0019964
5435,GO:0019966
5436,GO:0019969
5437,GO:0019970
5438,GO:0019976
5439,GO:0019981
5440,GO:0019983
5441,GO:0019985
5442,GO:0019992
5443,GO:0020002
5444,GO:0020003
5445,GO:0020018
5446,GO:0020027
5447,GO:0020037
5448,GO:0021501
5449,GO:0021502
5450,GO:0021508
5451,GO:0021510
5452,GO:0021511
5453,GO:0021513
5454,GO:0021514
5455,GO:0021515
5456,GO:0021516
5457,GO:0021517
5458,GO:0021520
5459,GO:0021522
5460,GO:0021524
5461,GO:0021527
5462,GO:0021528
5463,GO:0021529
5464,GO:0021532
5465,GO:0021533
5466,GO:0021535
5467,GO:0021536
5468,GO:0021537
5469,GO:0021539
5470,GO:0021540
5471,GO:0021541
5472,GO:0021542
5473,GO:0021545
5474,GO:0021547
5475,GO:0021548
5476,GO:0021549
5477,GO:0021551
5478,GO:0021553
5479,GO:0021554
5480,GO:0021555
5481,GO:0021556
5482,GO:0021557
5483,GO:0021559
5484,GO:0021562
5485,GO:0021575
5486,GO:0021588
5487,GO:0021589
5488,GO:0021591
5489,GO:0021592
5490,GO:0021599
5491,GO:0021612
5492,GO:0021623
5493,GO:0021626
5494,GO:0021628
5495,GO:0021630
5496,GO:0021631
5497,GO:0021633
5498,GO:0021637
5499,GO:0021642
5500,GO:0021644
5501,GO:0021647
5502,GO:0021649
5503,GO:0021650
5504,GO:0021659
5505,GO:0021665
5506,GO:0021670
5507,GO:0021675
5508,GO:0021678
5509,GO:0021680
5510,GO:0021681
5511,GO:0021682
5512,GO:0021685
5513,GO:0021686
5514,GO:0021687
5515,GO:0021688
5516,GO:0021692
5517,GO:0021693
5518,GO:0021694
5519,GO:0021695
5520,GO:0021696
5521,GO:0021700
5522,GO:0021702
5523,GO:0021707
5524,GO:0021723
5525,GO:0021731
5526,GO:0021739
5527,GO:0021740
5528,GO:0021742
5529,GO:0021743
5530,GO:0021754
5531,GO:0021756
5532,GO:0021757
5533,GO:0021758
5534,GO:0021759
5535,GO:0021761
5536,GO:0021762
5537,GO:0021764
5538,GO:0021766
5539,GO:0021767
5540,GO:0021769
5541,GO:0021771
5542,GO:0021772
5543,GO:0021773
5544,GO:0021778
5545,GO:0021781
5546,GO:0021782
5547,GO:0021784
5548,GO:0021785
5549,GO:0021794
5550,GO:0021795
5551,GO:0021798
5552,GO:0021799
5553,GO:0021800
5554,GO:0021801
5555,GO:0021812
5556,GO:0021814
5557,GO:0021816
5558,GO:0021817
5559,GO:0021819
5560,GO:0021828
5561,GO:0021830
5562,GO:0021836
5563,GO:0021846
5564,GO:0021847
5565,GO:0021849
5566,GO:0021852
5567,GO:0021853
5568,GO:0021854
5569,GO:0021855
5570,GO:0021859
5571,GO:0021860
5572,GO:0021861
5573,GO:0021869
5574,GO:0021871
5575,GO:0021879
5576,GO:0021884
5577,GO:0021885
5578,GO:0021889
5579,GO:0021891
5580,GO:0021892
5581,GO:0021895
5582,GO:0021897
5583,GO:0021902
5584,GO:0021903
5585,GO:0021915
5586,GO:0021930
5587,GO:0021933
5588,GO:0021934
5589,GO:0021935
5590,GO:0021937
5591,GO:0021941
5592,GO:0021942
5593,GO:0021943
5594,GO:0021944
5595,GO:0021952
5596,GO:0021953
5597,GO:0021954
5598,GO:0021955
5599,GO:0021957
5600,GO:0021960
5601,GO:0021965
5602,GO:0021966
5603,GO:0021972
5604,GO:0021978
5605,GO:0021979
5606,GO:0021983
5607,GO:0021984
5608,GO:0021987
5609,GO:0021989
5610,GO:0021993
5611,GO:0021997
5612,GO:0021999
5613,GO:0022008
5614,GO:0022009
5615,GO:0022010
5616,GO:0022011
5617,GO:0022027
5618,GO:0022028
5619,GO:0022029
5620,GO:0022038
5621,GO:0022400
5622,GO:0022401
5623,GO:0022405
5624,GO:0022406
5625,GO:0022407
5626,GO:0022408
5627,GO:0022409
5628,GO:0022410
5629,GO:0022414
5630,GO:0022602
5631,GO:0022603
5632,GO:0022604
5633,GO:0022612
5634,GO:0022613
5635,GO:0022614
5636,GO:0022615
5637,GO:0022616
5638,GO:0022617
5639,GO:0022618
5640,GO:0022624
5641,GO:0022625
5642,GO:0022626
5643,GO:0022627
5644,GO:0022824
5645,GO:0022829
5646,GO:0022832
5647,GO:0022834
5648,GO:0022836
5649,GO:0022839
5650,GO:0022840
5651,GO:0022841
5652,GO:0022843
5653,GO:0022848
5654,GO:0022849
5655,GO:0022850
5656,GO:0022851
5657,GO:0022852
5658,GO:0022857
5659,GO:0022858
5660,GO:0022883
5661,GO:0022894
5662,GO:0022900
5663,GO:0022904
5664,GO:0023019
5665,GO:0023021
5666,GO:0023024
5667,GO:0023025
5668,GO:0023026
5669,GO:0023029
5670,GO:0023030
5671,GO:0023035
5672,GO:0023041
5673,GO:0023051
5674,GO:0023052
5675,GO:0023056
5676,GO:0023057
5677,GO:0023061
5678,GO:0030001
5679,GO:0030003
5680,GO:0030007
5681,GO:0030008
5682,GO:0030010
5683,GO:0030011
5684,GO:0030014
5685,GO:0030015
5686,GO:0030016
5687,GO:0030017
5688,GO:0030018
5689,GO:0030020
5690,GO:0030021
5691,GO:0030023
5692,GO:0030026
5693,GO:0030027
5694,GO:0030029
5695,GO:0030030
5696,GO:0030031
5697,GO:0030032
5698,GO:0030033
5699,GO:0030034
5700,GO:0030035
5701,GO:0030036
5702,GO:0030041
5703,GO:0030042
5704,GO:0030046
5705,GO:0030047
5706,GO:0030048
5707,GO:0030049
5708,GO:0030050
5709,GO:0030054
5710,GO:0030055
5711,GO:0030056
5712,GO:0030057
5713,GO:0030060
5714,GO:0030061
5715,GO:0030070
5716,GO:0030071
5717,GO:0030072
5718,GO:0030073
5719,GO:0030091
5720,GO:0030097
5721,GO:0030098
5722,GO:0030099
5723,GO:0030100
5724,GO:0030101
5725,GO:0030103
5726,GO:0030107
5727,GO:0030108
5728,GO:0030109
5729,GO:0030111
5730,GO:0030116
5731,GO:0030117
5732,GO:0030118
5733,GO:0030119
5734,GO:0030120
5735,GO:0030121
5736,GO:0030122
5737,GO:0030123
5738,GO:0030124
5739,GO:0030125
5740,GO:0030126
5741,GO:0030127
5742,GO:0030130
5743,GO:0030131
5744,GO:0030132
5745,GO:0030133
5746,GO:0030134
5747,GO:0030135
5748,GO:0030136
5749,GO:0030137
5750,GO:0030139
5751,GO:0030140
5752,GO:0030141
5753,GO:0030144
5754,GO:0030145
5755,GO:0030148
5756,GO:0030149
5757,GO:0030150
5758,GO:0030151
5759,GO:0030154
5760,GO:0030155
5761,GO:0030156
5762,GO:0030157
5763,GO:0030158
5764,GO:0030159
5765,GO:0030160
5766,GO:0030162
5767,GO:0030163
5768,GO:0030165
5769,GO:0030166
5770,GO:0030167
5771,GO:0030168
5772,GO:0030169
5773,GO:0030170
5774,GO:0030171
5775,GO:0030172
5776,GO:0030174
5777,GO:0030175
5778,GO:0030177
5779,GO:0030178
5780,GO:0030182
5781,GO:0030183
5782,GO:0030184
5783,GO:0030185
5784,GO:0030187
5785,GO:0030193
5786,GO:0030194
5787,GO:0030195
5788,GO:0030197
5789,GO:0030198
5790,GO:0030199
5791,GO:0030200
5792,GO:0030201
5793,GO:0030202
5794,GO:0030203
5795,GO:0030207
5796,GO:0030209
5797,GO:0030210
5798,GO:0030211
5799,GO:0030212
5800,GO:0030213
5801,GO:0030214
5802,GO:0030215
5803,GO:0030216
5804,GO:0030217
5805,GO:0030218
5806,GO:0030219
5807,GO:0030220
5808,GO:0030221
5809,GO:0030222
5810,GO:0030223
5811,GO:0030224
5812,GO:0030225
5813,GO:0030226
5814,GO:0030228
5815,GO:0030229
5816,GO:0030233
5817,GO:0030234
5818,GO:0030235
5819,GO:0030237
5820,GO:0030238
5821,GO:0030239
5822,GO:0030240
5823,GO:0030241
5824,GO:0030246
5825,GO:0030247
5826,GO:0030249
5827,GO:0030250
5828,GO:0030251
5829,GO:0030252
5830,GO:0030258
5831,GO:0030261
5832,GO:0030262
5833,GO:0030263
5834,GO:0030264
5835,GO:0030267
5836,GO:0030272
5837,GO:0030273
5838,GO:0030274
5839,GO:0030275
5840,GO:0030276
5841,GO:0030277
5842,GO:0030278
5843,GO:0030279
5844,GO:0030280
5845,GO:0030282
5846,GO:0030284
5847,GO:0030286
5848,GO:0030289
5849,GO:0030290
5850,GO:0030291
5851,GO:0030292
5852,GO:0030293
5853,GO:0030294
5854,GO:0030295
5855,GO:0030296
5856,GO:0030297
5857,GO:0030298
5858,GO:0030299
5859,GO:0030301
5860,GO:0030302
5861,GO:0030305
5862,GO:0030307
5863,GO:0030308
5864,GO:0030309
5865,GO:0030311
5866,GO:0030314
5867,GO:0030315
5868,GO:0030316
5869,GO:0030317
5870,GO:0030318
5871,GO:0030321
5872,GO:0030322
5873,GO:0030323
5874,GO:0030324
5875,GO:0030325
5876,GO:0030326
5877,GO:0030327
5878,GO:0030328
5879,GO:0030330
5880,GO:0030331
5881,GO:0030332
5882,GO:0030334
5883,GO:0030335
5884,GO:0030336
5885,GO:0030337
5886,GO:0030342
5887,GO:0030343
5888,GO:0030345
5889,GO:0030346
5890,GO:0030348
5891,GO:0030350
5892,GO:0030351
5893,GO:0030352
5894,GO:0030354
5895,GO:0030366
5896,GO:0030368
5897,GO:0030371
5898,GO:0030377
5899,GO:0030378
5900,GO:0030380
5901,GO:0030382
5902,GO:0030388
5903,GO:0030392
5904,GO:0030393
5905,GO:0030395
5906,GO:0030397
5907,GO:0030409
5908,GO:0030412
5909,GO:0030414
5910,GO:0030421
5911,GO:0030422
5912,GO:0030424
5913,GO:0030425
5914,GO:0030426
5915,GO:0030427
5916,GO:0030429
5917,GO:0030431
5918,GO:0030432
5919,GO:0030449
5920,GO:0030451
5921,GO:0030473
5922,GO:0030478
5923,GO:0030485
5924,GO:0030488
5925,GO:0030490
5926,GO:0030492
5927,GO:0030496
5928,GO:0030497
5929,GO:0030500
5930,GO:0030501
5931,GO:0030502
5932,GO:0030505
5933,GO:0030506
5934,GO:0030507
5935,GO:0030509
5936,GO:0030510
5937,GO:0030511
5938,GO:0030512
5939,GO:0030513
5940,GO:0030514
5941,GO:0030515
5942,GO:0030516
5943,GO:0030517
5944,GO:0030518
5945,GO:0030520
5946,GO:0030521
5947,GO:0030522
5948,GO:0030526
5949,GO:0030527
5950,GO:0030532
5951,GO:0030534
5952,GO:0030539
5953,GO:0030540
5954,GO:0030544
5955,GO:0030545
5956,GO:0030546
5957,GO:0030547
5958,GO:0030548
5959,GO:0030549
5960,GO:0030550
5961,GO:0030552
5962,GO:0030553
5963,GO:0030574
5964,GO:0030575
5965,GO:0030576
5966,GO:0030578
5967,GO:0030586
5968,GO:0030592
5969,GO:0030593
5970,GO:0030594
5971,GO:0030595
5972,GO:0030619
5973,GO:0030620
5974,GO:0030621
5975,GO:0030622
5976,GO:0030623
5977,GO:0030624
5978,GO:0030626
5979,GO:0030627
5980,GO:0030628
5981,GO:0030629
5982,GO:0030643
5983,GO:0030644
5984,GO:0030658
5985,GO:0030659
5986,GO:0030660
5987,GO:0030662
5988,GO:0030663
5989,GO:0030665
5990,GO:0030666
5991,GO:0030667
5992,GO:0030669
5993,GO:0030670
5994,GO:0030672
5995,GO:0030673
5996,GO:0030674
5997,GO:0030677
5998,GO:0030678
5999,GO:0030681
6000,GO:0030684
6001,GO:0030686
6002,GO:0030687
6003,GO:0030688
6004,GO:0030690
6005,GO:0030691
6006,GO:0030692
6007,GO:0030695
6008,GO:0030697
6009,GO:0030701
6010,GO:0030705
6011,GO:0030718
6012,GO:0030719
6013,GO:0030728
6014,GO:0030729
6015,GO:0030731
6016,GO:0030735
6017,GO:0030742
6018,GO:0030748
6019,GO:0030760
6020,GO:0030791
6021,GO:0030832
6022,GO:0030833
6023,GO:0030834
6024,GO:0030835
6025,GO:0030836
6026,GO:0030837
6027,GO:0030838
6028,GO:0030844
6029,GO:0030845
6030,GO:0030846
6031,GO:0030849
6032,GO:0030850
6033,GO:0030851
6034,GO:0030853
6035,GO:0030854
6036,GO:0030855
6037,GO:0030856
6038,GO:0030857
6039,GO:0030858
6040,GO:0030859
6041,GO:0030860
6042,GO:0030863
6043,GO:0030864
6044,GO:0030865
6045,GO:0030866
6046,GO:0030867
6047,GO:0030868
6048,GO:0030870
6049,GO:0030876
6050,GO:0030877
6051,GO:0030878
6052,GO:0030879
6053,GO:0030880
6054,GO:0030881
6055,GO:0030882
6056,GO:0030883
6057,GO:0030884
6058,GO:0030886
6059,GO:0030887
6060,GO:0030888
6061,GO:0030889
6062,GO:0030890
6063,GO:0030891
6064,GO:0030892
6065,GO:0030893
6066,GO:0030894
6067,GO:0030895
6068,GO:0030896
6069,GO:0030897
6070,GO:0030899
6071,GO:0030900
6072,GO:0030901
6073,GO:0030902
6074,GO:0030903
6075,GO:0030904
6076,GO:0030905
6077,GO:0030906
6078,GO:0030910
6079,GO:0030911
6080,GO:0030913
6081,GO:0030915
6082,GO:0030916
6083,GO:0030937
6084,GO:0030938
6085,GO:0030942
6086,GO:0030947
6087,GO:0030948
6088,GO:0030949
6089,GO:0030950
6090,GO:0030951
6091,GO:0030953
6092,GO:0030954
6093,GO:0030955
6094,GO:0030956
6095,GO:0030957
6096,GO:0030961
6097,GO:0030968
6098,GO:0030970
6099,GO:0030971
6100,GO:0030974
6101,GO:0030975
6102,GO:0030976
6103,GO:0030977
6104,GO:0030981
6105,GO:0030983
6106,GO:0030984
6107,GO:0030990
6108,GO:0030991
6109,GO:0030992
6110,GO:0030997
6111,GO:0031000
6112,GO:0031004
6113,GO:0031005
6114,GO:0031010
6115,GO:0031011
6116,GO:0031012
6117,GO:0031013
6118,GO:0031014
6119,GO:0031016
6120,GO:0031017
6121,GO:0031018
6122,GO:0031021
6123,GO:0031022
6124,GO:0031023
6125,GO:0031032
6126,GO:0031034
6127,GO:0031045
6128,GO:0031047
6129,GO:0031048
6130,GO:0031053
6131,GO:0031054
6132,GO:0031069
6133,GO:0031071
6134,GO:0031072
6135,GO:0031073
6136,GO:0031076
6137,GO:0031077
6138,GO:0031078
6139,GO:0031080
6140,GO:0031083
6141,GO:0031084
6142,GO:0031085
6143,GO:0031086
6144,GO:0031087
6145,GO:0031088
6146,GO:0031089
6147,GO:0031090
6148,GO:0031091
6149,GO:0031092
6150,GO:0031093
6151,GO:0031094
6152,GO:0031095
6153,GO:0031098
6154,GO:0031100
6155,GO:0031102
6156,GO:0031103
6157,GO:0031104
6158,GO:0031105
6159,GO:0031106
6160,GO:0031109
6161,GO:0031110
6162,GO:0031111
6163,GO:0031113
6164,GO:0031114
6165,GO:0031115
6166,GO:0031116
6167,GO:0031117
6168,GO:0031118
6169,GO:0031119
6170,GO:0031120
6171,GO:0031122
6172,GO:0031123
6173,GO:0031124
6174,GO:0031125
6175,GO:0031127
6176,GO:0031129
6177,GO:0031134
6178,GO:0031143
6179,GO:0031144
6180,GO:0031145
6181,GO:0031146
6182,GO:0031151
6183,GO:0031161
6184,GO:0031167
6185,GO:0031173
6186,GO:0031175
6187,GO:0031177
6188,GO:0031179
6189,GO:0031201
6190,GO:0031204
6191,GO:0031205
6192,GO:0031207
6193,GO:0031208
6194,GO:0031209
6195,GO:0031210
6196,GO:0031213
6197,GO:0031214
6198,GO:0031223
6199,GO:0031232
6200,GO:0031234
6201,GO:0031247
6202,GO:0031251
6203,GO:0031252
6204,GO:0031253
6205,GO:0031254
6206,GO:0031256
6207,GO:0031258
6208,GO:0031259
6209,GO:0031260
6210,GO:0031261
6211,GO:0031262
6212,GO:0031264
6213,GO:0031265
6214,GO:0031267
6215,GO:0031268
6216,GO:0031274
6217,GO:0031281
6218,GO:0031283
6219,GO:0031284
6220,GO:0031290
6221,GO:0031293
6222,GO:0031295
6223,GO:0031296
6224,GO:0031297
6225,GO:0031298
6226,GO:0031313
6227,GO:0031314
6228,GO:0031332
6229,GO:0031333
6230,GO:0031334
6231,GO:0031338
6232,GO:0031339
6233,GO:0031340
6234,GO:0031343
6235,GO:0031344
6236,GO:0031345
6237,GO:0031346
6238,GO:0031347
6239,GO:0031348
6240,GO:0031349
6241,GO:0031369
6242,GO:0031370
6243,GO:0031371
6244,GO:0031372
6245,GO:0031379
6246,GO:0031380
6247,GO:0031386
6248,GO:0031389
6249,GO:0031390
6250,GO:0031391
6251,GO:0031392
6252,GO:0031393
6253,GO:0031394
6254,GO:0031396
6255,GO:0031397
6256,GO:0031398
6257,GO:0031399
6258,GO:0031401
6259,GO:0031402
6260,GO:0031403
6261,GO:0031404
6262,GO:0031406
6263,GO:0031408
6264,GO:0031410
6265,GO:0031415
6266,GO:0031416
6267,GO:0031417
6268,GO:0031418
6269,GO:0031419
6270,GO:0031422
6271,GO:0031424
6272,GO:0031428
6273,GO:0031429
6274,GO:0031430
6275,GO:0031431
6276,GO:0031432
6277,GO:0031433
6278,GO:0031434
6279,GO:0031435
6280,GO:0031436
6281,GO:0031440
6282,GO:0031441
6283,GO:0031442
6284,GO:0031443
6285,GO:0031444
6286,GO:0031445
6287,GO:0031448
6288,GO:0031449
6289,GO:0031452
6290,GO:0031453
6291,GO:0031460
6292,GO:0031461
6293,GO:0031462
6294,GO:0031463
6295,GO:0031464
6296,GO:0031465
6297,GO:0031466
6298,GO:0031467
6299,GO:0031468
6300,GO:0031475
6301,GO:0031489
6302,GO:0031490
6303,GO:0031491
6304,GO:0031492
6305,GO:0031499
6306,GO:0031501
6307,GO:0031502
6308,GO:0031503
6309,GO:0031507
6310,GO:0031508
6311,GO:0031509
6312,GO:0031510
6313,GO:0031511
6314,GO:0031514
6315,GO:0031515
6316,GO:0031519
6317,GO:0031523
6318,GO:0031526
6319,GO:0031527
6320,GO:0031528
6321,GO:0031529
6322,GO:0031530
6323,GO:0031531
6324,GO:0031533
6325,GO:0031536
6326,GO:0031543
6327,GO:0031544
6328,GO:0031545
6329,GO:0031547
6330,GO:0031550
6331,GO:0031571
6332,GO:0031573
6333,GO:0031579
6334,GO:0031580
6335,GO:0031581
6336,GO:0031583
6337,GO:0031588
6338,GO:0031589
6339,GO:0031591
6340,GO:0031592
6341,GO:0031593
6342,GO:0031594
6343,GO:0031595
6344,GO:0031597
6345,GO:0031616
6346,GO:0031619
6347,GO:0031620
6348,GO:0031622
6349,GO:0031623
6350,GO:0031624
6351,GO:0031625
6352,GO:0031626
6353,GO:0031627
6354,GO:0031628
6355,GO:0031629
6356,GO:0031630
6357,GO:0031635
6358,GO:0031638
6359,GO:0031639
6360,GO:0031640
6361,GO:0031641
6362,GO:0031642
6363,GO:0031643
6364,GO:0031644
6365,GO:0031647
6366,GO:0031648
6367,GO:0031652
6368,GO:0031663
6369,GO:0031664
6370,GO:0031665
6371,GO:0031666
6372,GO:0031667
6373,GO:0031669
6374,GO:0031670
6375,GO:0031672
6376,GO:0031673
6377,GO:0031674
6378,GO:0031680
6379,GO:0031681
6380,GO:0031682
6381,GO:0031683
6382,GO:0031685
6383,GO:0031686
6384,GO:0031687
6385,GO:0031690
6386,GO:0031692
6387,GO:0031694
6388,GO:0031695
6389,GO:0031696
6390,GO:0031697
6391,GO:0031698
6392,GO:0031699
6393,GO:0031700
6394,GO:0031701
6395,GO:0031702
6396,GO:0031703
6397,GO:0031704
6398,GO:0031707
6399,GO:0031708
6400,GO:0031710
6401,GO:0031711
6402,GO:0031715
6403,GO:0031716
6404,GO:0031718
6405,GO:0031720
6406,GO:0031721
6407,GO:0031723
6408,GO:0031724
6409,GO:0031726
6410,GO:0031727
6411,GO:0031728
6412,GO:0031729
6413,GO:0031730
6414,GO:0031731
6415,GO:0031732
6416,GO:0031735
6417,GO:0031737
6418,GO:0031741
6419,GO:0031748
6420,GO:0031749
6421,GO:0031750
6422,GO:0031751
6423,GO:0031752
6424,GO:0031755
6425,GO:0031764
6426,GO:0031765
6427,GO:0031766
6428,GO:0031767
6429,GO:0031768
6430,GO:0031769
6431,GO:0031770
6432,GO:0031771
6433,GO:0031772
6434,GO:0031773
6435,GO:0031777
6436,GO:0031779
6437,GO:0031780
6438,GO:0031781
6439,GO:0031782
6440,GO:0031783
6441,GO:0031788
6442,GO:0031799
6443,GO:0031800
6444,GO:0031802
6445,GO:0031812
6446,GO:0031821
6447,GO:0031835
6448,GO:0031836
6449,GO:0031837
6450,GO:0031838
6451,GO:0031839
6452,GO:0031840
6453,GO:0031841
6454,GO:0031848
6455,GO:0031849
6456,GO:0031851
6457,GO:0031852
6458,GO:0031854
6459,GO:0031855
6460,GO:0031856
6461,GO:0031857
6462,GO:0031860
6463,GO:0031861
6464,GO:0031867
6465,GO:0031870
6466,GO:0031871
6467,GO:0031877
6468,GO:0031883
6469,GO:0031891
6470,GO:0031892
6471,GO:0031894
6472,GO:0031895
6473,GO:0031901
6474,GO:0031902
6475,GO:0031904
6476,GO:0031905
6477,GO:0031906
6478,GO:0031914
6479,GO:0031915
6480,GO:0031923
6481,GO:0031929
6482,GO:0031930
6483,GO:0031931
6484,GO:0031932
6485,GO:0031941
6486,GO:0031943
6487,GO:0031948
6488,GO:0031952
6489,GO:0031953
6490,GO:0031954
6491,GO:0031955
6492,GO:0031956
6493,GO:0031957
6494,GO:0031958
6495,GO:0031959
6496,GO:0031960
6497,GO:0031962
6498,GO:0031965
6499,GO:0031966
6500,GO:0031967
6501,GO:0031981
6502,GO:0031982
6503,GO:0031985
6504,GO:0031987
6505,GO:0031989
6506,GO:0031990
6507,GO:0031994
6508,GO:0031995
6509,GO:0031996
6510,GO:0031998
6511,GO:0031999
6512,GO:0032000
6513,GO:0032002
6514,GO:0032003
6515,GO:0032006
6516,GO:0032007
6517,GO:0032008
6518,GO:0032009
6519,GO:0032010
6520,GO:0032012
6521,GO:0032013
6522,GO:0032014
6523,GO:0032019
6524,GO:0032020
6525,GO:0032021
6526,GO:0032023
6527,GO:0032024
6528,GO:0032025
6529,GO:0032026
6530,GO:0032027
6531,GO:0032028
6532,GO:0032029
6533,GO:0032034
6534,GO:0032036
6535,GO:0032038
6536,GO:0032039
6537,GO:0032040
6538,GO:0032041
6539,GO:0032042
6540,GO:0032043
6541,GO:0032044
6542,GO:0032045
6543,GO:0032048
6544,GO:0032049
6545,GO:0032050
6546,GO:0032051
6547,GO:0032052
6548,GO:0032053
6549,GO:0032055
6550,GO:0032056
6551,GO:0032057
6552,GO:0032058
6553,GO:0032059
6554,GO:0032060
6555,GO:0032071
6556,GO:0032079
6557,GO:0032089
6558,GO:0032090
6559,GO:0032091
6560,GO:0032092
6561,GO:0032093
6562,GO:0032094
6563,GO:0032095
6564,GO:0032097
6565,GO:0032098
6566,GO:0032099
6567,GO:0032100
6568,GO:0032107
6569,GO:0032116
6570,GO:0032127
6571,GO:0032129
6572,GO:0032133
6573,GO:0032135
6574,GO:0032137
6575,GO:0032138
6576,GO:0032139
6577,GO:0032142
6578,GO:0032143
6579,GO:0032144
6580,GO:0032145
6581,GO:0032147
6582,GO:0032148
6583,GO:0032153
6584,GO:0032154
6585,GO:0032156
6586,GO:0032173
6587,GO:0032181
6588,GO:0032183
6589,GO:0032184
6590,GO:0032185
6591,GO:0032190
6592,GO:0032197
6593,GO:0032200
6594,GO:0032201
6595,GO:0032202
6596,GO:0032203
6597,GO:0032204
6598,GO:0032205
6599,GO:0032206
6600,GO:0032208
6601,GO:0032210
6602,GO:0032211
6603,GO:0032212
6604,GO:0032214
6605,GO:0032216
6606,GO:0032217
6607,GO:0032218
6608,GO:0032223
6609,GO:0032224
6610,GO:0032225
6611,GO:0032226
6612,GO:0032227
6613,GO:0032228
6614,GO:0032229
6615,GO:0032230
6616,GO:0032232
6617,GO:0032233
6618,GO:0032237
6619,GO:0032238
6620,GO:0032243
6621,GO:0032244
6622,GO:0032259
6623,GO:0032261
6624,GO:0032263
6625,GO:0032264
6626,GO:0032266
6627,GO:0032273
6628,GO:0032274
6629,GO:0032275
6630,GO:0032277
6631,GO:0032278
6632,GO:0032279
6633,GO:0032280
6634,GO:0032281
6635,GO:0032286
6636,GO:0032287
6637,GO:0032288
6638,GO:0032289
6639,GO:0032290
6640,GO:0032299
6641,GO:0032300
6642,GO:0032301
6643,GO:0032302
6644,GO:0032304
6645,GO:0032305
6646,GO:0032307
6647,GO:0032308
6648,GO:0032310
6649,GO:0032311
6650,GO:0032324
6651,GO:0032328
6652,GO:0032329
6653,GO:0032330
6654,GO:0032331
6655,GO:0032332
6656,GO:0032341
6657,GO:0032342
6658,GO:0032347
6659,GO:0032348
6660,GO:0032349
6661,GO:0032350
6662,GO:0032354
6663,GO:0032355
6664,GO:0032356
6665,GO:0032357
6666,GO:0032358
6667,GO:0032361
6668,GO:0032364
6669,GO:0032365
6670,GO:0032366
6671,GO:0032367
6672,GO:0032368
6673,GO:0032369
6674,GO:0032370
6675,GO:0032374
6676,GO:0032375
6677,GO:0032376
6678,GO:0032377
6679,GO:0032379
6680,GO:0032383
6681,GO:0032384
6682,GO:0032385
6683,GO:0032387
6684,GO:0032388
6685,GO:0032389
6686,GO:0032390
6687,GO:0032391
6688,GO:0032392
6689,GO:0032393
6690,GO:0032394
6691,GO:0032395
6692,GO:0032396
6693,GO:0032397
6694,GO:0032398
6695,GO:0032400
6696,GO:0032401
6697,GO:0032402
6698,GO:0032405
6699,GO:0032406
6700,GO:0032407
6701,GO:0032408
6702,GO:0032410
6703,GO:0032411
6704,GO:0032414
6705,GO:0032417
6706,GO:0032418
6707,GO:0032420
6708,GO:0032421
6709,GO:0032422
6710,GO:0032423
6711,GO:0032425
6712,GO:0032426
6713,GO:0032427
6714,GO:0032428
6715,GO:0032432
6716,GO:0032433
6717,GO:0032434
6718,GO:0032435
6719,GO:0032436
6720,GO:0032437
6721,GO:0032438
6722,GO:0032440
6723,GO:0032444
6724,GO:0032446
6725,GO:0032447
6726,GO:0032448
6727,GO:0032449
6728,GO:0032451
6729,GO:0032452
6730,GO:0032453
6731,GO:0032454
6732,GO:0032456
6733,GO:0032458
6734,GO:0032460
6735,GO:0032461
6736,GO:0032463
6737,GO:0032464
6738,GO:0032465
6739,GO:0032466
6740,GO:0032467
6741,GO:0032468
6742,GO:0032469
6743,GO:0032470
6744,GO:0032471
6745,GO:0032472
6746,GO:0032473
6747,GO:0032474
6748,GO:0032475
6749,GO:0032476
6750,GO:0032478
6751,GO:0032479
6752,GO:0032480
6753,GO:0032481
6754,GO:0032482
6755,GO:0032483
6756,GO:0032484
6757,GO:0032485
6758,GO:0032486
6759,GO:0032487
6760,GO:0032488
6761,GO:0032489
6762,GO:0032490
6763,GO:0032491
6764,GO:0032493
6765,GO:0032494
6766,GO:0032495
6767,GO:0032496
6768,GO:0032497
6769,GO:0032498
6770,GO:0032499
6771,GO:0032500
6772,GO:0032502
6773,GO:0032506
6774,GO:0032507
6775,GO:0032509
6776,GO:0032510
6777,GO:0032511
6778,GO:0032525
6779,GO:0032526
6780,GO:0032528
6781,GO:0032532
6782,GO:0032534
6783,GO:0032535
6784,GO:0032536
6785,GO:0032541
6786,GO:0032542
6787,GO:0032543
6788,GO:0032545
6789,GO:0032549
6790,GO:0032553
6791,GO:0032555
6792,GO:0032556
6793,GO:0032559
6794,GO:0032561
6795,GO:0032564
6796,GO:0032567
6797,GO:0032570
6798,GO:0032571
6799,GO:0032574
6800,GO:0032580
6801,GO:0032581
6802,GO:0032584
6803,GO:0032585
6804,GO:0032587
6805,GO:0032588
6806,GO:0032589
6807,GO:0032590
6808,GO:0032591
6809,GO:0032593
6810,GO:0032596
6811,GO:0032597
6812,GO:0032600
6813,GO:0032642
6814,GO:0032645
6815,GO:0032648
6816,GO:0032649
6817,GO:0032651
6818,GO:0032652
6819,GO:0032653
6820,GO:0032655
6821,GO:0032661
6822,GO:0032663
6823,GO:0032667
6824,GO:0032675
6825,GO:0032677
6826,GO:0032680
6827,GO:0032682
6828,GO:0032683
6829,GO:0032685
6830,GO:0032686
6831,GO:0032687
6832,GO:0032688
6833,GO:0032689
6834,GO:0032690
6835,GO:0032691
6836,GO:0032692
6837,GO:0032693
6838,GO:0032695
6839,GO:0032696
6840,GO:0032700
6841,GO:0032701
6842,GO:0032703
6843,GO:0032707
6844,GO:0032712
6845,GO:0032713
6846,GO:0032714
6847,GO:0032715
6848,GO:0032717
6849,GO:0032720
6850,GO:0032722
6851,GO:0032723
6852,GO:0032724
6853,GO:0032725
6854,GO:0032727
6855,GO:0032728
6856,GO:0032729
6857,GO:0032730
6858,GO:0032731
6859,GO:0032732
6860,GO:0032733
6861,GO:0032735
6862,GO:0032736
6863,GO:0032738
6864,GO:0032739
6865,GO:0032740
6866,GO:0032741
6867,GO:0032743
6868,GO:0032745
6869,GO:0032746
6870,GO:0032747
6871,GO:0032753
6872,GO:0032754
6873,GO:0032755
6874,GO:0032757
6875,GO:0032759
6876,GO:0032760
6877,GO:0032761
6878,GO:0032765
6879,GO:0032767
6880,GO:0032777
6881,GO:0032780
6882,GO:0032781
6883,GO:0032782
6884,GO:0032783
6885,GO:0032784
6886,GO:0032785
6887,GO:0032786
6888,GO:0032787
6889,GO:0032788
6890,GO:0032789
6891,GO:0032790
6892,GO:0032791
6893,GO:0032794
6894,GO:0032795
6895,GO:0032797
6896,GO:0032798
6897,GO:0032801
6898,GO:0032802
6899,GO:0032803
6900,GO:0032804
6901,GO:0032805
6902,GO:0032807
6903,GO:0032808
6904,GO:0032809
6905,GO:0032810
6906,GO:0032811
6907,GO:0032812
6908,GO:0032813
6909,GO:0032814
6910,GO:0032815
6911,GO:0032816
6912,GO:0032817
6913,GO:0032819
6914,GO:0032823
6915,GO:0032825
6916,GO:0032829
6917,GO:0032831
6918,GO:0032835
6919,GO:0032836
6920,GO:0032839
6921,GO:0032841
6922,GO:0032866
6923,GO:0032867
6924,GO:0032868
6925,GO:0032869
6926,GO:0032870
6927,GO:0032872
6928,GO:0032873
6929,GO:0032874
6930,GO:0032876
6931,GO:0032877
6932,GO:0032878
6933,GO:0032880
6934,GO:0032886
6935,GO:0032896
6936,GO:0032897
6937,GO:0032900
6938,GO:0032901
6939,GO:0032902
6940,GO:0032903
6941,GO:0032905
6942,GO:0032908
6943,GO:0032909
6944,GO:0032911
6945,GO:0032912
6946,GO:0032913
6947,GO:0032914
6948,GO:0032915
6949,GO:0032916
6950,GO:0032922
6951,GO:0032924
6952,GO:0032926
6953,GO:0032927
6954,GO:0032928
6955,GO:0032929
6956,GO:0032930
6957,GO:0032933
6958,GO:0032934
6959,GO:0032935
6960,GO:0032936
6961,GO:0032937
6962,GO:0032938
6963,GO:0032940
6964,GO:0032943
6965,GO:0032945
6966,GO:0032946
6967,GO:0032956
6968,GO:0032957
6969,GO:0032958
6970,GO:0032959
6971,GO:0032960
6972,GO:0032962
6973,GO:0032963
6974,GO:0032964
6975,GO:0032966
6976,GO:0032967
6977,GO:0032968
6978,GO:0032970
6979,GO:0032971
6980,GO:0032972
6981,GO:0032973
6982,GO:0032976
6983,GO:0032977
6984,GO:0032979
6985,GO:0032980
6986,GO:0032981
6987,GO:0032982
6988,GO:0032983
6989,GO:0032984
6990,GO:0032986
6991,GO:0032991
6992,GO:0032993
6993,GO:0032994
6994,GO:0032996
6995,GO:0032998
6996,GO:0033001
6997,GO:0033002
6998,GO:0033003
6999,GO:0033004
7000,GO:0033005
7001,GO:0033007
7002,GO:0033008
7003,GO:0033010
7004,GO:0033011
7005,GO:0033013
7006,GO:0033014
7007,GO:0033017
7008,GO:0033018
7009,GO:0033023
7010,GO:0033025
7011,GO:0033028
7012,GO:0033031
7013,GO:0033033
7014,GO:0033034
7015,GO:0033038
7016,GO:0033040
7017,GO:0033041
7018,GO:0033043
7019,GO:0033044
7020,GO:0033045
7021,GO:0033058
7022,GO:0033059
7023,GO:0033063
7024,GO:0033065
7025,GO:0033076
7026,GO:0033077
7027,GO:0033079
7028,GO:0033081
7029,GO:0033082
7030,GO:0033085
7031,GO:0033087
7032,GO:0033088
7033,GO:0033089
7034,GO:0033092
7035,GO:0033093
7036,GO:0033106
7037,GO:0033108
7038,GO:0033116
7039,GO:0033119
7040,GO:0033120
7041,GO:0033130
7042,GO:0033132
7043,GO:0033135
7044,GO:0033137
7045,GO:0033138
7046,GO:0033140
7047,GO:0033141
7048,GO:0033142
7049,GO:0033144
7050,GO:0033146
7051,GO:0033147
7052,GO:0033148
7053,GO:0033149
7054,GO:0033150
7055,GO:0033151
7056,GO:0033152
7057,GO:0033153
7058,GO:0033157
7059,GO:0033162
7060,GO:0033165
7061,GO:0033173
7062,GO:0033176
7063,GO:0033177
7064,GO:0033178
7065,GO:0033179
7066,GO:0033180
7067,GO:0033181
7068,GO:0033185
7069,GO:0033186
7070,GO:0033188
7071,GO:0033189
7072,GO:0033192
7073,GO:0033194
7074,GO:0033197
7075,GO:0033198
7076,GO:0033204
7077,GO:0033209
7078,GO:0033210
7079,GO:0033211
7080,GO:0033212
7081,GO:0033215
7082,GO:0033227
7083,GO:0033229
7084,GO:0033233
7085,GO:0033234
7086,GO:0033235
7087,GO:0033256
7088,GO:0033257
7089,GO:0033260
7090,GO:0033262
7091,GO:0033263
7092,GO:0033265
7093,GO:0033268
7094,GO:0033269
7095,GO:0033270
7096,GO:0033273
7097,GO:0033274
7098,GO:0033275
7099,GO:0033276
7100,GO:0033278
7101,GO:0033280
7102,GO:0033290
7103,GO:0033291
7104,GO:0033292
7105,GO:0033299
7106,GO:0033300
7107,GO:0033301
7108,GO:0033306
7109,GO:0033314
7110,GO:0033316
7111,GO:0033320
7112,GO:0033326
7113,GO:0033327
7114,GO:0033344
7115,GO:0033353
7116,GO:0033364
7117,GO:0033365
7118,GO:0033366
7119,GO:0033371
7120,GO:0033373
7121,GO:0033382
7122,GO:0033383
7123,GO:0033384
7124,GO:0033386
7125,GO:0033391
7126,GO:0033468
7127,GO:0033477
7128,GO:0033484
7129,GO:0033499
7130,GO:0033500
7131,GO:0033503
7132,GO:0033504
7133,GO:0033539
7134,GO:0033540
7135,GO:0033549
7136,GO:0033550
7137,GO:0033552
7138,GO:0033553
7139,GO:0033554
7140,GO:0033555
7141,GO:0033557
7142,GO:0033558
7143,GO:0033559
7144,GO:0033560
7145,GO:0033563
7146,GO:0033564
7147,GO:0033565
7148,GO:0033566
7149,GO:0033567
7150,GO:0033572
7151,GO:0033574
7152,GO:0033588
7153,GO:0033591
7154,GO:0033592
7155,GO:0033593
7156,GO:0033594
7157,GO:0033595
7158,GO:0033596
7159,GO:0033597
7160,GO:0033598
7161,GO:0033599
7162,GO:0033600
7163,GO:0033601
7164,GO:0033602
7165,GO:0033603
7166,GO:0033604
7167,GO:0033605
7168,GO:0033609
7169,GO:0033612
7170,GO:0033615
7171,GO:0033617
7172,GO:0033619
7173,GO:0033622
7174,GO:0033623
7175,GO:0033624
7176,GO:0033625
7177,GO:0033626
7178,GO:0033627
7179,GO:0033628
7180,GO:0033629
7181,GO:0033630
7182,GO:0033631
7183,GO:0033632
7184,GO:0033633
7185,GO:0033634
7186,GO:0033673
7187,GO:0033674
7188,GO:0033677
7189,GO:0033678
7190,GO:0033679
7191,GO:0033685
7192,GO:0033686
7193,GO:0033687
7194,GO:0033688
7195,GO:0033689
7196,GO:0033690
7197,GO:0033691
7198,GO:0033693
7199,GO:0033696
7200,GO:0033699
7201,GO:0033700
7202,GO:0033703
7203,GO:0033721
7204,GO:0033735
7205,GO:0033743
7206,GO:0033744
7207,GO:0033745
7208,GO:0033746
7209,GO:0033749
7210,GO:0033754
7211,GO:0033762
7212,GO:0033764
7213,GO:0033781
7214,GO:0033782
7215,GO:0033783
7216,GO:0033787
7217,GO:0033791
7218,GO:0033798
7219,GO:0033814
7220,GO:0033819
7221,GO:0033823
7222,GO:0033829
7223,GO:0033842
7224,GO:0033853
7225,GO:0033854
7226,GO:0033857
7227,GO:0033858
7228,GO:0033862
7229,GO:0033864
7230,GO:0033867
7231,GO:0033882
7232,GO:0033883
7233,GO:0033885
7234,GO:0033889
7235,GO:0033892
7236,GO:0033897
7237,GO:0033906
7238,GO:0033919
7239,GO:0033925
7240,GO:0033961
7241,GO:0033962
7242,GO:0033963
7243,GO:0033981
7244,GO:0033989
7245,GO:0033993
7246,GO:0034012
7247,GO:0034014
7248,GO:0034021
7249,GO:0034038
7250,GO:0034039
7251,GO:0034040
7252,GO:0034041
7253,GO:0034045
7254,GO:0034046
7255,GO:0034056
7256,GO:0034058
7257,GO:0034061
7258,GO:0034062
7259,GO:0034063
7260,GO:0034066
7261,GO:0034067
7262,GO:0034080
7263,GO:0034085
7264,GO:0034087
7265,GO:0034088
7266,GO:0034089
7267,GO:0034090
7268,GO:0034097
7269,GO:0034098
7270,GO:0034099
7271,GO:0034101
7272,GO:0034103
7273,GO:0034105
7274,GO:0034109
7275,GO:0034111
7276,GO:0034112
7277,GO:0034113
7278,GO:0034115
7279,GO:0034116
7280,GO:0034121
7281,GO:0034122
7282,GO:0034123
7283,GO:0034124
7284,GO:0034125
7285,GO:0034126
7286,GO:0034127
7287,GO:0034128
7288,GO:0034134
7289,GO:0034136
7290,GO:0034137
7291,GO:0034138
7292,GO:0034139
7293,GO:0034140
7294,GO:0034141
7295,GO:0034142
7296,GO:0034143
7297,GO:0034144
7298,GO:0034145
7299,GO:0034146
7300,GO:0034148
7301,GO:0034151
7302,GO:0034154
7303,GO:0034156
7304,GO:0034157
7305,GO:0034158
7306,GO:0034161
7307,GO:0034162
7308,GO:0034163
7309,GO:0034164
7310,GO:0034165
7311,GO:0034184
7312,GO:0034185
7313,GO:0034186
7314,GO:0034188
7315,GO:0034189
7316,GO:0034190
7317,GO:0034191
7318,GO:0034197
7319,GO:0034198
7320,GO:0034199
7321,GO:0034201
7322,GO:0034202
7323,GO:0034203
7324,GO:0034204
7325,GO:0034205
7326,GO:0034211
7327,GO:0034213
7328,GO:0034214
7329,GO:0034219
7330,GO:0034220
7331,GO:0034224
7332,GO:0034227
7333,GO:0034228
7334,GO:0034229
7335,GO:0034230
7336,GO:0034231
7337,GO:0034235
7338,GO:0034236
7339,GO:0034237
7340,GO:0034238
7341,GO:0034241
7342,GO:0034242
7343,GO:0034243
7344,GO:0034244
7345,GO:0034245
7346,GO:0034246
7347,GO:0034260
7348,GO:0034271
7349,GO:0034272
7350,GO:0034274
7351,GO:0034276
7352,GO:0034284
7353,GO:0034308
7354,GO:0034314
7355,GO:0034315
7356,GO:0034316
7357,GO:0034329
7358,GO:0034330
7359,GO:0034331
7360,GO:0034332
7361,GO:0034333
7362,GO:0034334
7363,GO:0034337
7364,GO:0034338
7365,GO:0034340
7366,GO:0034341
7367,GO:0034342
7368,GO:0034344
7369,GO:0034345
7370,GO:0034346
7371,GO:0034349
7372,GO:0034351
7373,GO:0034353
7374,GO:0034354
7375,GO:0034355
7376,GO:0034358
7377,GO:0034359
7378,GO:0034360
7379,GO:0034361
7380,GO:0034362
7381,GO:0034363
7382,GO:0034364
7383,GO:0034365
7384,GO:0034366
7385,GO:0034369
7386,GO:0034370
7387,GO:0034371
7388,GO:0034372
7389,GO:0034373
7390,GO:0034374
7391,GO:0034375
7392,GO:0034377
7393,GO:0034378
7394,GO:0034379
7395,GO:0034380
7396,GO:0034381
7397,GO:0034382
7398,GO:0034383
7399,GO:0034384
7400,GO:0034386
7401,GO:0034388
7402,GO:0034389
7403,GO:0034390
7404,GO:0034391
7405,GO:0034392
7406,GO:0034393
7407,GO:0034394
7408,GO:0034397
7409,GO:0034398
7410,GO:0034399
7411,GO:0034405
7412,GO:0034417
7413,GO:0034418
7414,GO:0034421
7415,GO:0034423
7416,GO:0034424
7417,GO:0034431
7418,GO:0034432
7419,GO:0034436
7420,GO:0034439
7421,GO:0034440
7422,GO:0034441
7423,GO:0034445
7424,GO:0034446
7425,GO:0034447
7426,GO:0034450
7427,GO:0034451
7428,GO:0034452
7429,GO:0034453
7430,GO:0034454
7431,GO:0034455
7432,GO:0034456
7433,GO:0034457
7434,GO:0034458
7435,GO:0034462
7436,GO:0034464
7437,GO:0034465
7438,GO:0034466
7439,GO:0034472
7440,GO:0034473
7441,GO:0034474
7442,GO:0034475
7443,GO:0034476
7444,GO:0034477
7445,GO:0034478
7446,GO:0034480
7447,GO:0034482
7448,GO:0034485
7449,GO:0034486
7450,GO:0034488
7451,GO:0034497
7452,GO:0034498
7453,GO:0034499
7454,GO:0034501
7455,GO:0034502
7456,GO:0034504
7457,GO:0034505
7458,GO:0034506
7459,GO:0034511
7460,GO:0034512
7461,GO:0034513
7462,GO:0034514
7463,GO:0034515
7464,GO:0034516
7465,GO:0034517
7466,GO:0034518
7467,GO:0034545
7468,GO:0034551
7469,GO:0034553
7470,GO:0034584
7471,GO:0034587
7472,GO:0034589
7473,GO:0034590
7474,GO:0034592
7475,GO:0034593
7476,GO:0034594
7477,GO:0034595
7478,GO:0034596
7479,GO:0034597
7480,GO:0034599
7481,GO:0034605
7482,GO:0034612
7483,GO:0034614
7484,GO:0034616
7485,GO:0034617
7486,GO:0034618
7487,GO:0034620
7488,GO:0034625
7489,GO:0034626
7490,GO:0034632
7491,GO:0034633
7492,GO:0034634
7493,GO:0034635
7494,GO:0034638
7495,GO:0034642
7496,GO:0034644
7497,GO:0034647
7498,GO:0034650
7499,GO:0034651
7500,GO:0034653
7501,GO:0034656
7502,GO:0034657
7503,GO:0034663
7504,GO:0034665
7505,GO:0034666
7506,GO:0034667
7507,GO:0034668
7508,GO:0034669
7509,GO:0034670
7510,GO:0034673
7511,GO:0034674
7512,GO:0034675
7513,GO:0034676
7514,GO:0034677
7515,GO:0034678
7516,GO:0034679
7517,GO:0034680
7518,GO:0034681
7519,GO:0034682
7520,GO:0034683
7521,GO:0034684
7522,GO:0034685
7523,GO:0034686
7524,GO:0034687
7525,GO:0034688
7526,GO:0034689
7527,GO:0034690
7528,GO:0034691
7529,GO:0034693
7530,GO:0034695
7531,GO:0034696
7532,GO:0034698
7533,GO:0034699
7534,GO:0034702
7535,GO:0034703
7536,GO:0034704
7537,GO:0034705
7538,GO:0034706
7539,GO:0034707
7540,GO:0034708
7541,GO:0034709
7542,GO:0034711
7543,GO:0034713
7544,GO:0034714
7545,GO:0034715
7546,GO:0034718
7547,GO:0034719
7548,GO:0034722
7549,GO:0034727
7550,GO:0034728
7551,GO:0034736
7552,GO:0034739
7553,GO:0034750
7554,GO:0034751
7555,GO:0034752
7556,GO:0034753
7557,GO:0034755
7558,GO:0034756
7559,GO:0034757
7560,GO:0034762
7561,GO:0034763
7562,GO:0034765
7563,GO:0034766
7564,GO:0034767
7565,GO:0034769
7566,GO:0034774
7567,GO:0034775
7568,GO:0034776
7569,GO:0034777
7570,GO:0034875
7571,GO:0034899
7572,GO:0034959
7573,GO:0034967
7574,GO:0034975
7575,GO:0034976
7576,GO:0034979
7577,GO:0034982
7578,GO:0034983
7579,GO:0034986
7580,GO:0034987
7581,GO:0034988
7582,GO:0034993
7583,GO:0035003
7584,GO:0035005
7585,GO:0035014
7586,GO:0035019
7587,GO:0035020
7588,GO:0035021
7589,GO:0035022
7590,GO:0035023
7591,GO:0035024
7592,GO:0035025
7593,GO:0035026
7594,GO:0035032
7595,GO:0035033
7596,GO:0035034
7597,GO:0035035
7598,GO:0035036
7599,GO:0035038
7600,GO:0035039
7601,GO:0035041
7602,GO:0035050
7603,GO:0035051
7604,GO:0035054
7605,GO:0035060
7606,GO:0035061
7607,GO:0035063
7608,GO:0035082
7609,GO:0035088
7610,GO:0035089
7611,GO:0035091
7612,GO:0035092
7613,GO:0035094
7614,GO:0035095
7615,GO:0035097
7616,GO:0035098
7617,GO:0035101
7618,GO:0035102
7619,GO:0035106
7620,GO:0035108
7621,GO:0035112
7622,GO:0035115
7623,GO:0035116
7624,GO:0035128
7625,GO:0035136
7626,GO:0035137
7627,GO:0035145
7628,GO:0035148
7629,GO:0035162
7630,GO:0035166
7631,GO:0035173
7632,GO:0035175
7633,GO:0035176
7634,GO:0035189
7635,GO:0035194
7636,GO:0035195
7637,GO:0035196
7638,GO:0035197
7639,GO:0035198
7640,GO:0035212
7641,GO:0035226
7642,GO:0035235
7643,GO:0035238
7644,GO:0035240
7645,GO:0035241
7646,GO:0035242
7647,GO:0035243
7648,GO:0035246
7649,GO:0035248
7650,GO:0035249
7651,GO:0035250
7652,GO:0035251
7653,GO:0035252
7654,GO:0035253
7655,GO:0035254
7656,GO:0035255
7657,GO:0035256
7658,GO:0035259
7659,GO:0035261
7660,GO:0035264
7661,GO:0035265
7662,GO:0035267
7663,GO:0035269
7664,GO:0035272
7665,GO:0035276
7666,GO:0035278
7667,GO:0035279
7668,GO:0035281
7669,GO:0035282
7670,GO:0035283
7671,GO:0035295
7672,GO:0035299
7673,GO:0035303
7674,GO:0035305
7675,GO:0035306
7676,GO:0035312
7677,GO:0035313
7678,GO:0035315
7679,GO:0035325
7680,GO:0035329
7681,GO:0035330
7682,GO:0035331
7683,GO:0035332
7684,GO:0035333
7685,GO:0035334
7686,GO:0035335
7687,GO:0035336
7688,GO:0035338
7689,GO:0035340
7690,GO:0035344
7691,GO:0035348
7692,GO:0035349
7693,GO:0035350
7694,GO:0035351
7695,GO:0035352
7696,GO:0035354
7697,GO:0035355
7698,GO:0035356
7699,GO:0035357
7700,GO:0035358
7701,GO:0035359
7702,GO:0035360
7703,GO:0035363
7704,GO:0035364
7705,GO:0035368
7706,GO:0035371
7707,GO:0035372
7708,GO:0035373
7709,GO:0035374
7710,GO:0035375
7711,GO:0035377
7712,GO:0035378
7713,GO:0035379
7714,GO:0035381
7715,GO:0035382
7716,GO:0035385
7717,GO:0035395
7718,GO:0035397
7719,GO:0035401
7720,GO:0035402
7721,GO:0035403
7722,GO:0035418
7723,GO:0035425
7724,GO:0035426
7725,GO:0035429
7726,GO:0035434
7727,GO:0035435
7728,GO:0035437
7729,GO:0035438
7730,GO:0035441
7731,GO:0035442
7732,GO:0035444
7733,GO:0035445
7734,GO:0035455
7735,GO:0035456
7736,GO:0035457
7737,GO:0035458
7738,GO:0035459
7739,GO:0035461
7740,GO:0035469
7741,GO:0035470
7742,GO:0035472
7743,GO:0035473
7744,GO:0035478
7745,GO:0035483
7746,GO:0035485
7747,GO:0035491
7748,GO:0035493
7749,GO:0035494
7750,GO:0035497
7751,GO:0035498
7752,GO:0035499
7753,GO:0035500
7754,GO:0035501
7755,GO:0035502
7756,GO:0035513
7757,GO:0035515
7758,GO:0035516
7759,GO:0035517
7760,GO:0035519
7761,GO:0035520
7762,GO:0035523
7763,GO:0035524
7764,GO:0035525
7765,GO:0035526
7766,GO:0035529
7767,GO:0035538
7768,GO:0035539
7769,GO:0035542
7770,GO:0035543
7771,GO:0035544
7772,GO:0035545
7773,GO:0035556
7774,GO:0035562
7775,GO:0035563
7776,GO:0035564
7777,GO:0035565
7778,GO:0035566
7779,GO:0035567
7780,GO:0035572
7781,GO:0035573
7782,GO:0035575
7783,GO:0035577
7784,GO:0035578
7785,GO:0035579
7786,GO:0035580
7787,GO:0035589
7788,GO:0035590
7789,GO:0035591
7790,GO:0035592
7791,GO:0035594
7792,GO:0035596
7793,GO:0035597
7794,GO:0035598
7795,GO:0035600
7796,GO:0035602
7797,GO:0035603
7798,GO:0035604
7799,GO:0035605
7800,GO:0035606
7801,GO:0035607
7802,GO:0035610
7803,GO:0035612
7804,GO:0035613
7805,GO:0035615
7806,GO:0035617
7807,GO:0035621
7808,GO:0035623
7809,GO:0035627
7810,GO:0035630
7811,GO:0035631
7812,GO:0035632
7813,GO:0035633
7814,GO:0035634
7815,GO:0035639
7816,GO:0035640
7817,GO:0035641
7818,GO:0035642
7819,GO:0035643
7820,GO:0035644
7821,GO:0035645
7822,GO:0035646
7823,GO:0035650
7824,GO:0035651
7825,GO:0035654
7826,GO:0035655
7827,GO:0035657
7828,GO:0035658
7829,GO:0035662
7830,GO:0035663
7831,GO:0035665
7832,GO:0035666
7833,GO:0035667
7834,GO:0035669
7835,GO:0035672
7836,GO:0035673
7837,GO:0035674
7838,GO:0035675
7839,GO:0035677
7840,GO:0035683
7841,GO:0035684
7842,GO:0035686
7843,GO:0035689
7844,GO:0035691
7845,GO:0035692
7846,GO:0035693
7847,GO:0035694
7848,GO:0035695
7849,GO:0035696
7850,GO:0035701
7851,GO:0035702
7852,GO:0035705
7853,GO:0035709
7854,GO:0035710
7855,GO:0035711
7856,GO:0035712
7857,GO:0035713
7858,GO:0035715
7859,GO:0035716
7860,GO:0035717
7861,GO:0035718
7862,GO:0035720
7863,GO:0035721
7864,GO:0035722
7865,GO:0035723
7866,GO:0035725
7867,GO:0035726
7868,GO:0035727
7869,GO:0035728
7870,GO:0035729
7871,GO:0035730
7872,GO:0035731
7873,GO:0035732
7874,GO:0035733
7875,GO:0035735
7876,GO:0035747
7877,GO:0035748
7878,GO:0035749
7879,GO:0035750
7880,GO:0035752
7881,GO:0035754
7882,GO:0035755
7883,GO:0035757
7884,GO:0035758
7885,GO:0035759
7886,GO:0035767
7887,GO:0035768
7888,GO:0035770
7889,GO:0035771
7890,GO:0035772
7891,GO:0035773
7892,GO:0035774
7893,GO:0035782
7894,GO:0035783
7895,GO:0035787
7896,GO:0035790
7897,GO:0035791
7898,GO:0035793
7899,GO:0035794
7900,GO:0035795
7901,GO:0035798
7902,GO:0035799
7903,GO:0035800
7904,GO:0035802
7905,GO:0035803
7906,GO:0035804
7907,GO:0035805
7908,GO:0035809
7909,GO:0035810
7910,GO:0035811
7911,GO:0035812
7912,GO:0035813
7913,GO:0035814
7914,GO:0035815
7915,GO:0035821
7916,GO:0035822
7917,GO:0035825
7918,GO:0035838
7919,GO:0035841
7920,GO:0035845
7921,GO:0035846
7922,GO:0035847
7923,GO:0035849
7924,GO:0035851
7925,GO:0035853
7926,GO:0035854
7927,GO:0035855
7928,GO:0035859
7929,GO:0035860
7930,GO:0035861
7931,GO:0035863
7932,GO:0035864
7933,GO:0035865
7934,GO:0035866
7935,GO:0035867
7936,GO:0035868
7937,GO:0035869
7938,GO:0035870
7939,GO:0035871
7940,GO:0035872
7941,GO:0035873
7942,GO:0035877
7943,GO:0035878
7944,GO:0035879
7945,GO:0035880
7946,GO:0035881
7947,GO:0035883
7948,GO:0035886
7949,GO:0035900
7950,GO:0035902
7951,GO:0035904
7952,GO:0035906
7953,GO:0035907
7954,GO:0035909
7955,GO:0035910
7956,GO:0035912
7957,GO:0035914
7958,GO:0035921
7959,GO:0035922
7960,GO:0035924
7961,GO:0035925
7962,GO:0035927
7963,GO:0035928
7964,GO:0035932
7965,GO:0035934
7966,GO:0035945
7967,GO:0035946
7968,GO:0035962
7969,GO:0035963
7970,GO:0035964
7971,GO:0035965
7972,GO:0035967
7973,GO:0035970
7974,GO:0035973
7975,GO:0035976
7976,GO:0035979
7977,GO:0035984
7978,GO:0035985
7979,GO:0035987
7980,GO:0035988
7981,GO:0035989
7982,GO:0035990
7983,GO:0035992
7984,GO:0035993
7985,GO:0035994
7986,GO:0035995
7987,GO:0035999
7988,GO:0036002
7989,GO:0036004
7990,GO:0036005
7991,GO:0036006
7992,GO:0036009
7993,GO:0036010
7994,GO:0036016
7995,GO:0036017
7996,GO:0036018
7997,GO:0036019
7998,GO:0036020
7999,GO:0036021
8000,GO:0036022
8001,GO:0036023
8002,GO:0036024
8003,GO:0036025
8004,GO:0036026
8005,GO:0036027
8006,GO:0036028
8007,GO:0036029
8008,GO:0036030
8009,GO:0036033
8010,GO:0036035
8011,GO:0036037
8012,GO:0036038
8013,GO:0036041
8014,GO:0036042
8015,GO:0036046
8016,GO:0036047
8017,GO:0036048
8018,GO:0036049
8019,GO:0036053
8020,GO:0036054
8021,GO:0036055
8022,GO:0036057
8023,GO:0036060
8024,GO:0036064
8025,GO:0036066
8026,GO:0036085
8027,GO:0036088
8028,GO:0036089
8029,GO:0036090
8030,GO:0036092
8031,GO:0036094
8032,GO:0036101
8033,GO:0036102
8034,GO:0036109
8035,GO:0036111
8036,GO:0036112
8037,GO:0036114
8038,GO:0036115
8039,GO:0036116
8040,GO:0036117
8041,GO:0036119
8042,GO:0036120
8043,GO:0036121
8044,GO:0036122
8045,GO:0036126
8046,GO:0036128
8047,GO:0036130
8048,GO:0036131
8049,GO:0036134
8050,GO:0036139
8051,GO:0036140
8052,GO:0036143
8053,GO:0036145
8054,GO:0036146
8055,GO:0036148
8056,GO:0036149
8057,GO:0036150
8058,GO:0036151
8059,GO:0036152
8060,GO:0036153
8061,GO:0036155
8062,GO:0036156
8063,GO:0036157
8064,GO:0036158
8065,GO:0036159
8066,GO:0036172
8067,GO:0036175
8068,GO:0036179
8069,GO:0036185
8070,GO:0036186
8071,GO:0036195
8072,GO:0036197
8073,GO:0036198
8074,GO:0036211
8075,GO:0036213
8076,GO:0036217
8077,GO:0036218
8078,GO:0036219
8079,GO:0036220
8080,GO:0036221
8081,GO:0036222
8082,GO:0036228
8083,GO:0036250
8084,GO:0036255
8085,GO:0036257
8086,GO:0036258
8087,GO:0036261
8088,GO:0036265
8089,GO:0036268
8090,GO:0036269
8091,GO:0036284
8092,GO:0036285
8093,GO:0036289
8094,GO:0036293
8095,GO:0036294
8096,GO:0036295
8097,GO:0036297
8098,GO:0036298
8099,GO:0036302
8100,GO:0036303
8101,GO:0036304
8102,GO:0036305
8103,GO:0036306
8104,GO:0036309
8105,GO:0036310
8106,GO:0036312
8107,GO:0036313
8108,GO:0036315
8109,GO:0036316
8110,GO:0036317
8111,GO:0036321
8112,GO:0036323
8113,GO:0036324
8114,GO:0036325
8115,GO:0036332
8116,GO:0036335
8117,GO:0036336
8118,GO:0036337
8119,GO:0036342
8120,GO:0036343
8121,GO:0036344
8122,GO:0036345
8123,GO:0036359
8124,GO:0036368
8125,GO:0036371
8126,GO:0036372
8127,GO:0036373
8128,GO:0036374
8129,GO:0036376
8130,GO:0036379
8131,GO:0036384
8132,GO:0036393
8133,GO:0036396
8134,GO:0036398
8135,GO:0036399
8136,GO:0036402
8137,GO:0036403
8138,GO:0036408
8139,GO:0036409
8140,GO:0036416
8141,GO:0036424
8142,GO:0036430
8143,GO:0036431
8144,GO:0036435
8145,GO:0036438
8146,GO:0036440
8147,GO:0036444
8148,GO:0036445
8149,GO:0036446
8150,GO:0036449
8151,GO:0036454
8152,GO:0036457
8153,GO:0036458
8154,GO:0036461
8155,GO:0036462
8156,GO:0036463
8157,GO:0036464
8158,GO:0036465
8159,GO:0036466
8160,GO:0036467
8161,GO:0036468
8162,GO:0036470
8163,GO:0036471
8164,GO:0036477
8165,GO:0036478
8166,GO:0036479
8167,GO:0036480
8168,GO:0036481
8169,GO:0036486
8170,GO:0036487
8171,GO:0036488
8172,GO:0036490
8173,GO:0036491
8174,GO:0036493
8175,GO:0036494
8176,GO:0036498
8177,GO:0036499
8178,GO:0036500
8179,GO:0036501
8180,GO:0036502
8181,GO:0036503
8182,GO:0036505
8183,GO:0036510
8184,GO:0036513
8185,GO:0036514
8186,GO:0036515
8187,GO:0036516
8188,GO:0036517
8189,GO:0036518
8190,GO:0036520
8191,GO:0036524
8192,GO:0036525
8193,GO:0038001
8194,GO:0038002
8195,GO:0038003
8196,GO:0038004
8197,GO:0038007
8198,GO:0038016
8199,GO:0038018
8200,GO:0038020
8201,GO:0038021
8202,GO:0038022
8203,GO:0038023
8204,GO:0038024
8205,GO:0038025
8206,GO:0038026
8207,GO:0038027
8208,GO:0038033
8209,GO:0038035
8210,GO:0038036
8211,GO:0038037
8212,GO:0038038
8213,GO:0038039
8214,GO:0038043
8215,GO:0038046
8216,GO:0038047
8217,GO:0038048
8218,GO:0038054
8219,GO:0038060
8220,GO:0038061
8221,GO:0038062
8222,GO:0038063
8223,GO:0038064
8224,GO:0038065
8225,GO:0038066
8226,GO:0038083
8227,GO:0038084
8228,GO:0038085
8229,GO:0038091
8230,GO:0038092
8231,GO:0038093
8232,GO:0038094
8233,GO:0038095
8234,GO:0038096
8235,GO:0038097
8236,GO:0038100
8237,GO:0038102
8238,GO:0038106
8239,GO:0038108
8240,GO:0038109
8241,GO:0038110
8242,GO:0038111
8243,GO:0038112
8244,GO:0038113
8245,GO:0038114
8246,GO:0038116
8247,GO:0038117
8248,GO:0038119
8249,GO:0038120
8250,GO:0038121
8251,GO:0038123
8252,GO:0038124
8253,GO:0038127
8254,GO:0038128
8255,GO:0038129
8256,GO:0038130
8257,GO:0038131
8258,GO:0038132
8259,GO:0038133
8260,GO:0038134
8261,GO:0038135
8262,GO:0038138
8263,GO:0038143
8264,GO:0038145
8265,GO:0038146
8266,GO:0038147
8267,GO:0038148
8268,GO:0038154
8269,GO:0038155
8270,GO:0038156
8271,GO:0038157
8272,GO:0038158
8273,GO:0038159
8274,GO:0038160
8275,GO:0038161
8276,GO:0038162
8277,GO:0038163
8278,GO:0038164
8279,GO:0038165
8280,GO:0038166
8281,GO:0038170
8282,GO:0038171
8283,GO:0038172
8284,GO:0038173
8285,GO:0038177
8286,GO:0038178
8287,GO:0038179
8288,GO:0038180
8289,GO:0038182
8290,GO:0038184
8291,GO:0038185
8292,GO:0038186
8293,GO:0038187
8294,GO:0038188
8295,GO:0038189
8296,GO:0038190
8297,GO:0038191
8298,GO:0038192
8299,GO:0038193
8300,GO:0038194
8301,GO:0038195
8302,GO:0038196
8303,GO:0038202
8304,GO:0038203
8305,GO:0039003
8306,GO:0039019
8307,GO:0039020
8308,GO:0039529
8309,GO:0039530
8310,GO:0039531
8311,GO:0039532
8312,GO:0039534
8313,GO:0039535
8314,GO:0039536
8315,GO:0039552
8316,GO:0039585
8317,GO:0039654
8318,GO:0039692
8319,GO:0039694
8320,GO:0039695
8321,GO:0039702
8322,GO:0039706
8323,GO:0040001
8324,GO:0040008
8325,GO:0040009
8326,GO:0040010
8327,GO:0040011
8328,GO:0040012
8329,GO:0040013
8330,GO:0040014
8331,GO:0040015
8332,GO:0040016
8333,GO:0040017
8334,GO:0040018
8335,GO:0040019
8336,GO:0040029
8337,GO:0040031
8338,GO:0040036
8339,GO:0040037
8340,GO:0040038
8341,GO:0040040
8342,GO:0042007
8343,GO:0042008
8344,GO:0042010
8345,GO:0042011
8346,GO:0042012
8347,GO:0042015
8348,GO:0042017
8349,GO:0042018
8350,GO:0042019
8351,GO:0042020
8352,GO:0042022
8353,GO:0042023
8354,GO:0042026
8355,GO:0042030
8356,GO:0042043
8357,GO:0042044
8358,GO:0042045
8359,GO:0042048
8360,GO:0042053
8361,GO:0042054
8362,GO:0042056
8363,GO:0042058
8364,GO:0042059
8365,GO:0042060
8366,GO:0042063
8367,GO:0042065
8368,GO:0042073
8369,GO:0042074
8370,GO:0042078
8371,GO:0042088
8372,GO:0042092
8373,GO:0042093
8374,GO:0042098
8375,GO:0042100
8376,GO:0042101
8377,GO:0042102
8378,GO:0042104
8379,GO:0042105
8380,GO:0042106
8381,GO:0042110
8382,GO:0042113
8383,GO:0042116
8384,GO:0042117
8385,GO:0042118
8386,GO:0042119
8387,GO:0042126
8388,GO:0042127
8389,GO:0042129
8390,GO:0042130
8391,GO:0042131
8392,GO:0042132
8393,GO:0042134
8394,GO:0042138
8395,GO:0042144
8396,GO:0042147
8397,GO:0042148
8398,GO:0042149
8399,GO:0042157
8400,GO:0042158
8401,GO:0042159
8402,GO:0042162
8403,GO:0042163
8404,GO:0042164
8405,GO:0042166
8406,GO:0042167
8407,GO:0042168
8408,GO:0042169
8409,GO:0042171
8410,GO:0042175
8411,GO:0042176
8412,GO:0042177
8413,GO:0042178
8414,GO:0042180
8415,GO:0042181
8416,GO:0042182
8417,GO:0042197
8418,GO:0042219
8419,GO:0042220
8420,GO:0042245
8421,GO:0042246
8422,GO:0042247
8423,GO:0042249
8424,GO:0042254
8425,GO:0042255
8426,GO:0042256
8427,GO:0042262
8428,GO:0042267
8429,GO:0042269
8430,GO:0042270
8431,GO:0042271
8432,GO:0042272
8433,GO:0042273
8434,GO:0042274
8435,GO:0042276
8436,GO:0042277
8437,GO:0042278
8438,GO:0042281
8439,GO:0042283
8440,GO:0042284
8441,GO:0042285
8442,GO:0042287
8443,GO:0042288
8444,GO:0042289
8445,GO:0042292
8446,GO:0042296
8447,GO:0042297
8448,GO:0042301
8449,GO:0042304
8450,GO:0042306
8451,GO:0042307
8452,GO:0042308
8453,GO:0042309
8454,GO:0042310
8455,GO:0042311
8456,GO:0042313
8457,GO:0042320
8458,GO:0042321
8459,GO:0042322
8460,GO:0042323
8461,GO:0042325
8462,GO:0042326
8463,GO:0042327
8464,GO:0042328
8465,GO:0042335
8466,GO:0042339
8467,GO:0042340
8468,GO:0042350
8469,GO:0042351
8470,GO:0042352
8471,GO:0042355
8472,GO:0042356
8473,GO:0042357
8474,GO:0042359
8475,GO:0042360
8476,GO:0042361
8477,GO:0042368
8478,GO:0042369
8479,GO:0042371
8480,GO:0042373
8481,GO:0042376
8482,GO:0042377
8483,GO:0042379
8484,GO:0042382
8485,GO:0042383
8486,GO:0042391
8487,GO:0042392
8488,GO:0042393
8489,GO:0042401
8490,GO:0042403
8491,GO:0042404
8492,GO:0042405
8493,GO:0042406
8494,GO:0042407
8495,GO:0042412
8496,GO:0042413
8497,GO:0042414
8498,GO:0042415
8499,GO:0042416
8500,GO:0042417
8501,GO:0042418
8502,GO:0042420
8503,GO:0042421
8504,GO:0042423
8505,GO:0042424
8506,GO:0042426
8507,GO:0042427
8508,GO:0042428
8509,GO:0042429
8510,GO:0042438
8511,GO:0042445
8512,GO:0042446
8513,GO:0042447
8514,GO:0042448
8515,GO:0042461
8516,GO:0042462
8517,GO:0042470
8518,GO:0042471
8519,GO:0042472
8520,GO:0042473
8521,GO:0042474
8522,GO:0042475
8523,GO:0042476
8524,GO:0042478
8525,GO:0042481
8526,GO:0042482
8527,GO:0042487
8528,GO:0042490
8529,GO:0042491
8530,GO:0042492
8531,GO:0042494
8532,GO:0042495
8533,GO:0042496
8534,GO:0042497
8535,GO:0042498
8536,GO:0042500
8537,GO:0042509
8538,GO:0042531
8539,GO:0042532
8540,GO:0042541
8541,GO:0042542
8542,GO:0042551
8543,GO:0042552
8544,GO:0042554
8545,GO:0042555
8546,GO:0042558
8547,GO:0042559
8548,GO:0042562
8549,GO:0042564
8550,GO:0042565
8551,GO:0042567
8552,GO:0042568
8553,GO:0042571
8554,GO:0042572
8555,GO:0042573
8556,GO:0042574
8557,GO:0042577
8558,GO:0042578
8559,GO:0042581
8560,GO:0042582
8561,GO:0042583
8562,GO:0042584
8563,GO:0042585
8564,GO:0042586
8565,GO:0042587
8566,GO:0042588
8567,GO:0042589
8568,GO:0042590
8569,GO:0042592
8570,GO:0042593
8571,GO:0042594
8572,GO:0042595
8573,GO:0042596
8574,GO:0042599
8575,GO:0042602
8576,GO:0042605
8577,GO:0042608
8578,GO:0042609
8579,GO:0042610
8580,GO:0042612
8581,GO:0042613
8582,GO:0042622
8583,GO:0042625
8584,GO:0042626
8585,GO:0042627
8586,GO:0042629
8587,GO:0042631
8588,GO:0042632
8589,GO:0042633
8590,GO:0042634
8591,GO:0042635
8592,GO:0042636
8593,GO:0042641
8594,GO:0042645
8595,GO:0042658
8596,GO:0042659
8597,GO:0042660
8598,GO:0042662
8599,GO:0042663
8600,GO:0042664
8601,GO:0042666
8602,GO:0042669
8603,GO:0042692
8604,GO:0042693
8605,GO:0042694
8606,GO:0042698
8607,GO:0042699
8608,GO:0042700
8609,GO:0042701
8610,GO:0042704
8611,GO:0042709
8612,GO:0042711
8613,GO:0042713
8614,GO:0042719
8615,GO:0042720
8616,GO:0042721
8617,GO:0042723
8618,GO:0042730
8619,GO:0042731
8620,GO:0042732
8621,GO:0042733
8622,GO:0042734
8623,GO:0042742
8624,GO:0042743
8625,GO:0042744
8626,GO:0042745
8627,GO:0042749
8628,GO:0042752
8629,GO:0042753
8630,GO:0042754
8631,GO:0042755
8632,GO:0042756
8633,GO:0042758
8634,GO:0042759
8635,GO:0042760
8636,GO:0042761
8637,GO:0042765
8638,GO:0042770
8639,GO:0042771
8640,GO:0042772
8641,GO:0042773
8642,GO:0042775
8643,GO:0042776
8644,GO:0042780
8645,GO:0042781
8646,GO:0042789
8647,GO:0042790
8648,GO:0042791
8649,GO:0042795
8650,GO:0042796
8651,GO:0042797
8652,GO:0042799
8653,GO:0042800
8654,GO:0042802
8655,GO:0042803
8656,GO:0042805
8657,GO:0042806
8658,GO:0042809
8659,GO:0042813
8660,GO:0042816
8661,GO:0042820
8662,GO:0042822
8663,GO:0042823
8664,GO:0042824
8665,GO:0042825
8666,GO:0042826
8667,GO:0042827
8668,GO:0042832
8669,GO:0042834
8670,GO:0042835
8671,GO:0042840
8672,GO:0042843
8673,GO:0042852
8674,GO:0042853
8675,GO:0042866
8676,GO:0042867
8677,GO:0042874
8678,GO:0042880
8679,GO:0042883
8680,GO:0042903
8681,GO:0042904
8682,GO:0042908
8683,GO:0042910
8684,GO:0042921
8685,GO:0042922
8686,GO:0042923
8687,GO:0042924
8688,GO:0042937
8689,GO:0042938
8690,GO:0042941
8691,GO:0042942
8692,GO:0042946
8693,GO:0042947
8694,GO:0042953
8695,GO:0042974
8696,GO:0042975
8697,GO:0042976
8698,GO:0042978
8699,GO:0042981
8700,GO:0042982
8701,GO:0042984
8702,GO:0042985
8703,GO:0042986
8704,GO:0042987
8705,GO:0042988
8706,GO:0042995
8707,GO:0042996
8708,GO:0042997
8709,GO:0042998
8710,GO:0043001
8711,GO:0043005
8712,GO:0043008
8713,GO:0043009
8714,GO:0043010
8715,GO:0043011
8716,GO:0043012
8717,GO:0043014
8718,GO:0043015
8719,GO:0043020
8720,GO:0043021
8721,GO:0043022
8722,GO:0043023
8723,GO:0043024
8724,GO:0043025
8725,GO:0043027
8726,GO:0043028
8727,GO:0043029
8728,GO:0043030
8729,GO:0043031
8730,GO:0043032
8731,GO:0043033
8732,GO:0043034
8733,GO:0043035
8734,GO:0043039
8735,GO:0043043
8736,GO:0043047
8737,GO:0043048
8738,GO:0043049
8739,GO:0043062
8740,GO:0043063
8741,GO:0043065
8742,GO:0043066
8743,GO:0043067
8744,GO:0043068
8745,GO:0043069
8746,GO:0043076
8747,GO:0043083
8748,GO:0043085
8749,GO:0043086
8750,GO:0043087
8751,GO:0043090
8752,GO:0043096
8753,GO:0043097
8754,GO:0043101
8755,GO:0043103
8756,GO:0043111
8757,GO:0043113
8758,GO:0043114
8759,GO:0043116
8760,GO:0043117
8761,GO:0043120
8762,GO:0043121
8763,GO:0043122
8764,GO:0043123
8765,GO:0043124
8766,GO:0043125
8767,GO:0043129
8768,GO:0043130
8769,GO:0043131
8770,GO:0043134
8771,GO:0043136
8772,GO:0043137
8773,GO:0043138
8774,GO:0043139
8775,GO:0043149
8776,GO:0043152
8777,GO:0043153
8778,GO:0043159
8779,GO:0043160
8780,GO:0043161
8781,GO:0043162
8782,GO:0043163
8783,GO:0043168
8784,GO:0043169
8785,GO:0043170
8786,GO:0043171
8787,GO:0043174
8788,GO:0043175
8789,GO:0043176
8790,GO:0043178
8791,GO:0043183
8792,GO:0043184
8793,GO:0043185
8794,GO:0043186
8795,GO:0043189
8796,GO:0043190
8797,GO:0043194
8798,GO:0043195
8799,GO:0043196
8800,GO:0043197
8801,GO:0043198
8802,GO:0043199
8803,GO:0043200
8804,GO:0043201
8805,GO:0043202
8806,GO:0043203
8807,GO:0043204
8808,GO:0043207
8809,GO:0043208
8810,GO:0043209
8811,GO:0043217
8812,GO:0043218
8813,GO:0043219
8814,GO:0043220
8815,GO:0043221
8816,GO:0043226
8817,GO:0043228
8818,GO:0043229
8819,GO:0043231
8820,GO:0043232
8821,GO:0043235
8822,GO:0043236
8823,GO:0043237
8824,GO:0043240
8825,GO:0043242
8826,GO:0043243
8827,GO:0043244
8828,GO:0043247
8829,GO:0043248
8830,GO:0043249
8831,GO:0043251
8832,GO:0043252
8833,GO:0043254
8834,GO:0043256
8835,GO:0043257
8836,GO:0043258
8837,GO:0043259
8838,GO:0043260
8839,GO:0043261
8840,GO:0043262
8841,GO:0043266
8842,GO:0043267
8843,GO:0043268
8844,GO:0043269
8845,GO:0043270
8846,GO:0043271
8847,GO:0043273
8848,GO:0043274
8849,GO:0043276
8850,GO:0043277
8851,GO:0043278
8852,GO:0043279
8853,GO:0043291
8854,GO:0043292
8855,GO:0043293
8856,GO:0043295
8857,GO:0043296
8858,GO:0043297
8859,GO:0043299
8860,GO:0043303
8861,GO:0043304
8862,GO:0043305
8863,GO:0043306
8864,GO:0043308
8865,GO:0043310
8866,GO:0043311
8867,GO:0043312
8868,GO:0043313
8869,GO:0043314
8870,GO:0043315
8871,GO:0043316
8872,GO:0043318
8873,GO:0043320
8874,GO:0043323
8875,GO:0043325
8876,GO:0043328
8877,GO:0043330
8878,GO:0043331
8879,GO:0043335
8880,GO:0043337
8881,GO:0043353
8882,GO:0043363
8883,GO:0043366
8884,GO:0043367
8885,GO:0043368
8886,GO:0043369
8887,GO:0043370
8888,GO:0043371
8889,GO:0043372
8890,GO:0043373
8891,GO:0043374
8892,GO:0043375
8893,GO:0043377
8894,GO:0043378
8895,GO:0043381
8896,GO:0043382
8897,GO:0043383
8898,GO:0043388
8899,GO:0043392
8900,GO:0043393
8901,GO:0043394
8902,GO:0043395
8903,GO:0043397
8904,GO:0043398
8905,GO:0043400
8906,GO:0043401
8907,GO:0043403
8908,GO:0043404
8909,GO:0043405
8910,GO:0043406
8911,GO:0043407
8912,GO:0043408
8913,GO:0043409
8914,GO:0043410
8915,GO:0043414
8916,GO:0043415
8917,GO:0043416
8918,GO:0043417
8919,GO:0043418
8920,GO:0043422
8921,GO:0043425
8922,GO:0043426
8923,GO:0043434
8924,GO:0043435
8925,GO:0043456
8926,GO:0043457
8927,GO:0043461
8928,GO:0043462
8929,GO:0043467
8930,GO:0043470
8931,GO:0043473
8932,GO:0043474
8933,GO:0043482
8934,GO:0043484
8935,GO:0043487
8936,GO:0043488
8937,GO:0043489
8938,GO:0043490
8939,GO:0043491
8940,GO:0043495
8941,GO:0043503
8942,GO:0043504
8943,GO:0043505
8944,GO:0043507
8945,GO:0043508
8946,GO:0043509
8947,GO:0043512
8948,GO:0043513
8949,GO:0043514
8950,GO:0043515
8951,GO:0043516
8952,GO:0043517
8953,GO:0043518
8954,GO:0043519
8955,GO:0043522
8956,GO:0043523
8957,GO:0043524
8958,GO:0043525
8959,GO:0043527
8960,GO:0043528
8961,GO:0043529
8962,GO:0043530
8963,GO:0043531
8964,GO:0043532
8965,GO:0043533
8966,GO:0043534
8967,GO:0043535
8968,GO:0043536
8969,GO:0043537
8970,GO:0043539
8971,GO:0043540
8972,GO:0043541
8973,GO:0043542
8974,GO:0043545
8975,GO:0043546
8976,GO:0043547
8977,GO:0043548
8978,GO:0043549
8979,GO:0043550
8980,GO:0043555
8981,GO:0043558
8982,GO:0043559
8983,GO:0043560
8984,GO:0043564
8985,GO:0043565
8986,GO:0043567
8987,GO:0043568
8988,GO:0043569
8989,GO:0043570
8990,GO:0043576
8991,GO:0043583
8992,GO:0043584
8993,GO:0043585
8994,GO:0043586
8995,GO:0043587
8996,GO:0043588
8997,GO:0043589
8998,GO:0043596
8999,GO:0043602
9000,GO:0043614
9001,GO:0043615
9002,GO:0043616
9003,GO:0043622
9004,GO:0043625
9005,GO:0043626
9006,GO:0043627
9007,GO:0043634
9008,GO:0043647
9009,GO:0043648
9010,GO:0043649
9011,GO:0043651
9012,GO:0043652
9013,GO:0043653
9014,GO:0043654
9015,GO:0043657
9016,GO:0043679
9017,GO:0043682
9018,GO:0043687
9019,GO:0043691
9020,GO:0043697
9021,GO:0043739
9022,GO:0043754
9023,GO:0043759
9024,GO:0043771
9025,GO:0043795
9026,GO:0043799
9027,GO:0043812
9028,GO:0043813
9029,GO:0043829
9030,GO:0043843
9031,GO:0043849
9032,GO:0043858
9033,GO:0043874
9034,GO:0043890
9035,GO:0043896
9036,GO:0043915
9037,GO:0043921
9038,GO:0043922
9039,GO:0043923
9040,GO:0043924
9041,GO:0043931
9042,GO:0043932
9043,GO:0043933
9044,GO:0043956
9045,GO:0043992
9046,GO:0043993
9047,GO:0043994
9048,GO:0043995
9049,GO:0043996
9050,GO:0043997
9051,GO:0043998
9052,GO:0043999
9053,GO:0044013
9054,GO:0044016
9055,GO:0044017
9056,GO:0044020
9057,GO:0044022
9058,GO:0044024
9059,GO:0044027
9060,GO:0044029
9061,GO:0044057
9062,GO:0044065
9063,GO:0044070
9064,GO:0044088
9065,GO:0044089
9066,GO:0044090
9067,GO:0044091
9068,GO:0044111
9069,GO:0044183
9070,GO:0044194
9071,GO:0044198
9072,GO:0044205
9073,GO:0044206
9074,GO:0044207
9075,GO:0044208
9076,GO:0044209
9077,GO:0044210
9078,GO:0044211
9079,GO:0044218
9080,GO:0044224
9081,GO:0044225
9082,GO:0044232
9083,GO:0044233
9084,GO:0044241
9085,GO:0044245
9086,GO:0044272
9087,GO:0044284
9088,GO:0044291
9089,GO:0044292
9090,GO:0044293
9091,GO:0044294
9092,GO:0044295
9093,GO:0044297
9094,GO:0044298
9095,GO:0044299
9096,GO:0044300
9097,GO:0044301
9098,GO:0044302
9099,GO:0044304
9100,GO:0044305
9101,GO:0044306
9102,GO:0044307
9103,GO:0044308
9104,GO:0044309
9105,GO:0044313
9106,GO:0044314
9107,GO:0044316
9108,GO:0044317
9109,GO:0044319
9110,GO:0044320
9111,GO:0044321
9112,GO:0044322
9113,GO:0044323
9114,GO:0044325
9115,GO:0044326
9116,GO:0044327
9117,GO:0044331
9118,GO:0044341
9119,GO:0044342
9120,GO:0044344
9121,GO:0044346
9122,GO:0044351
9123,GO:0044354
9124,GO:0044355
9125,GO:0044357
9126,GO:0044375
9127,GO:0044378
9128,GO:0044380
9129,GO:0044381
9130,GO:0044387
9131,GO:0044388
9132,GO:0044389
9133,GO:0044390
9134,GO:0044393
9135,GO:0044396
9136,GO:0044403
9137,GO:0044406
9138,GO:0044458
9139,GO:0044508
9140,GO:0044524
9141,GO:0044528
9142,GO:0044530
9143,GO:0044535
9144,GO:0044539
9145,GO:0044540
9146,GO:0044545
9147,GO:0044546
9148,GO:0044547
9149,GO:0044548
9150,GO:0044557
9151,GO:0044571
9152,GO:0044572
9153,GO:0044580
9154,GO:0044594
9155,GO:0044597
9156,GO:0044598
9157,GO:0044599
9158,GO:0044600
9159,GO:0044602
9160,GO:0044603
9161,GO:0044609
9162,GO:0044610
9163,GO:0044611
9164,GO:0044613
9165,GO:0044614
9166,GO:0044615
9167,GO:0044650
9168,GO:0044665
9169,GO:0044666
9170,GO:0044691
9171,GO:0044715
9172,GO:0044716
9173,GO:0044717
9174,GO:0044721
9175,GO:0044722
9176,GO:0044725
9177,GO:0044726
9178,GO:0044727
9179,GO:0044729
9180,GO:0044732
9181,GO:0044751
9182,GO:0044752
9183,GO:0044753
9184,GO:0044754
9185,GO:0044770
9186,GO:0044772
9187,GO:0044773
9188,GO:0044774
9189,GO:0044778
9190,GO:0044779
9191,GO:0044782
9192,GO:0044784
9193,GO:0044788
9194,GO:0044790
9195,GO:0044793
9196,GO:0044794
9197,GO:0044795
9198,GO:0044804
9199,GO:0044818
9200,GO:0044819
9201,GO:0044827
9202,GO:0044828
9203,GO:0044829
9204,GO:0044830
9205,GO:0044839
9206,GO:0044843
9207,GO:0044849
9208,GO:0044853
9209,GO:0044854
9210,GO:0044855
9211,GO:0044857
9212,GO:0044860
9213,GO:0044861
9214,GO:0044871
9215,GO:0044873
9216,GO:0044877
9217,GO:0044878
9218,GO:0045002
9219,GO:0045003
9220,GO:0045004
9221,GO:0045006
9222,GO:0045007
9223,GO:0045008
9224,GO:0045010
9225,GO:0045016
9226,GO:0045019
9227,GO:0045022
9228,GO:0045023
9229,GO:0045025
9230,GO:0045027
9231,GO:0045028
9232,GO:0045029
9233,GO:0045030
9234,GO:0045031
9235,GO:0045039
9236,GO:0045040
9237,GO:0045041
9238,GO:0045046
9239,GO:0045047
9240,GO:0045048
9241,GO:0045050
9242,GO:0045053
9243,GO:0045054
9244,GO:0045055
9245,GO:0045056
9246,GO:0045058
9247,GO:0045059
9248,GO:0045060
9249,GO:0045061
9250,GO:0045062
9251,GO:0045063
9252,GO:0045064
9253,GO:0045065
9254,GO:0045066
9255,GO:0045069
9256,GO:0045070
9257,GO:0045071
9258,GO:0045087
9259,GO:0045088
9260,GO:0045089
9261,GO:0045091
9262,GO:0045092
9263,GO:0045095
9264,GO:0045098
9265,GO:0045103
9266,GO:0045104
9267,GO:0045105
9268,GO:0045107
9269,GO:0045109
9270,GO:0045110
9271,GO:0045111
9272,GO:0045112
9273,GO:0045116
9274,GO:0045117
9275,GO:0045120
9276,GO:0045121
9277,GO:0045123
9278,GO:0045124
9279,GO:0045125
9280,GO:0045127
9281,GO:0045130
9282,GO:0045132
9283,GO:0045134
9284,GO:0045137
9285,GO:0045141
9286,GO:0045142
9287,GO:0045143
9288,GO:0045145
9289,GO:0045148
9290,GO:0045159
9291,GO:0045161
9292,GO:0045162
9293,GO:0045163
9294,GO:0045165
9295,GO:0045171
9296,GO:0045174
9297,GO:0045176
9298,GO:0045177
9299,GO:0045178
9300,GO:0045179
9301,GO:0045180
9302,GO:0045182
9303,GO:0045184
9304,GO:0045185
9305,GO:0045186
9306,GO:0045187
9307,GO:0045188
9308,GO:0045190
9309,GO:0045191
9310,GO:0045197
9311,GO:0045198
9312,GO:0045199
9313,GO:0045200
9314,GO:0045202
9315,GO:0045211
9316,GO:0045214
9317,GO:0045216
9318,GO:0045217
9319,GO:0045218
9320,GO:0045234
9321,GO:0045236
9322,GO:0045237
9323,GO:0045242
9324,GO:0045244
9325,GO:0045251
9326,GO:0045252
9327,GO:0045253
9328,GO:0045254
9329,GO:0045259
9330,GO:0045271
9331,GO:0045273
9332,GO:0045275
9333,GO:0045277
9334,GO:0045292
9335,GO:0045293
9336,GO:0045294
9337,GO:0045295
9338,GO:0045296
9339,GO:0045298
9340,GO:0045299
9341,GO:0045309
9342,GO:0045321
9343,GO:0045322
9344,GO:0045323
9345,GO:0045324
9346,GO:0045329
9347,GO:0045332
9348,GO:0045333
9349,GO:0045334
9350,GO:0045335
9351,GO:0045337
9352,GO:0045338
9353,GO:0045339
9354,GO:0045340
9355,GO:0045342
9356,GO:0045343
9357,GO:0045344
9358,GO:0045345
9359,GO:0045347
9360,GO:0045348
9361,GO:0045352
9362,GO:0045353
9363,GO:0045428
9364,GO:0045429
9365,GO:0045444
9366,GO:0045445
9367,GO:0045446
9368,GO:0045453
9369,GO:0045454
9370,GO:0045471
9371,GO:0045472
9372,GO:0045475
9373,GO:0045485
9374,GO:0045494
9375,GO:0045499
9376,GO:0045503
9377,GO:0045504
9378,GO:0045505
9379,GO:0045509
9380,GO:0045513
9381,GO:0045515
9382,GO:0045517
9383,GO:0045518
9384,GO:0045519
9385,GO:0045523
9386,GO:0045540
9387,GO:0045541
9388,GO:0045542
9389,GO:0045545
9390,GO:0045547
9391,GO:0045569
9392,GO:0045575
9393,GO:0045576
9394,GO:0045577
9395,GO:0045578
9396,GO:0045579
9397,GO:0045580
9398,GO:0045581
9399,GO:0045582
9400,GO:0045584
9401,GO:0045585
9402,GO:0045586
9403,GO:0045588
9404,GO:0045589
9405,GO:0045590
9406,GO:0045591
9407,GO:0045595
9408,GO:0045596
9409,GO:0045597
9410,GO:0045598
9411,GO:0045599
9412,GO:0045600
9413,GO:0045601
9414,GO:0045602
9415,GO:0045603
9416,GO:0045604
9417,GO:0045605
9418,GO:0045606
9419,GO:0045616
9420,GO:0045617
9421,GO:0045618
9422,GO:0045619
9423,GO:0045621
9424,GO:0045622
9425,GO:0045623
9426,GO:0045624
9427,GO:0045625
9428,GO:0045626
9429,GO:0045627
9430,GO:0045629
9431,GO:0045630
9432,GO:0045636
9433,GO:0045637
9434,GO:0045638
9435,GO:0045639
9436,GO:0045645
9437,GO:0045646
9438,GO:0045647
9439,GO:0045648
9440,GO:0045649
9441,GO:0045650
9442,GO:0045651
9443,GO:0045652
9444,GO:0045653
9445,GO:0045654
9446,GO:0045655
9447,GO:0045656
9448,GO:0045657
9449,GO:0045659
9450,GO:0045660
9451,GO:0045661
9452,GO:0045662
9453,GO:0045663
9454,GO:0045664
9455,GO:0045665
9456,GO:0045666
9457,GO:0045667
9458,GO:0045668
9459,GO:0045669
9460,GO:0045670
9461,GO:0045671
9462,GO:0045672
9463,GO:0045682
9464,GO:0045684
9465,GO:0045685
9466,GO:0045687
9467,GO:0045703
9468,GO:0045717
9469,GO:0045719
9470,GO:0045720
9471,GO:0045721
9472,GO:0045722
9473,GO:0045723
9474,GO:0045724
9475,GO:0045725
9476,GO:0045726
9477,GO:0045727
9478,GO:0045728
9479,GO:0045730
9480,GO:0045732
9481,GO:0045736
9482,GO:0045737
9483,GO:0045738
9484,GO:0045739
9485,GO:0045740
9486,GO:0045742
9487,GO:0045743
9488,GO:0045744
9489,GO:0045745
9490,GO:0045746
9491,GO:0045747
9492,GO:0045751
9493,GO:0045752
9494,GO:0045759
9495,GO:0045760
9496,GO:0045762
9497,GO:0045763
9498,GO:0045764
9499,GO:0045765
9500,GO:0045766
9501,GO:0045772
9502,GO:0045773
9503,GO:0045776
9504,GO:0045777
9505,GO:0045778
9506,GO:0045779
9507,GO:0045780
9508,GO:0045785
9509,GO:0045786
9510,GO:0045787
9511,GO:0045792
9512,GO:0045793
9513,GO:0045794
9514,GO:0045795
9515,GO:0045796
9516,GO:0045797
9517,GO:0045806
9518,GO:0045807
9519,GO:0045813
9520,GO:0045814
9521,GO:0045815
9522,GO:0045818
9523,GO:0045819
9524,GO:0045820
9525,GO:0045821
9526,GO:0045822
9527,GO:0045823
9528,GO:0045824
9529,GO:0045829
9530,GO:0045830
9531,GO:0045833
9532,GO:0045834
9533,GO:0045835
9534,GO:0045836
9535,GO:0045837
9536,GO:0045838
9537,GO:0045839
9538,GO:0045840
9539,GO:0045841
9540,GO:0045842
9541,GO:0045843
9542,GO:0045844
9543,GO:0045851
9544,GO:0045859
9545,GO:0045860
9546,GO:0045861
9547,GO:0045862
9548,GO:0045869
9549,GO:0045870
9550,GO:0045875
9551,GO:0045876
9552,GO:0045879
9553,GO:0045880
9554,GO:0045887
9555,GO:0045892
9556,GO:0045893
9557,GO:0045899
9558,GO:0045900
9559,GO:0045901
9560,GO:0045905
9561,GO:0045906
9562,GO:0045907
9563,GO:0045910
9564,GO:0045911
9565,GO:0045916
9566,GO:0045917
9567,GO:0045920
9568,GO:0045921
9569,GO:0045922
9570,GO:0045923
9571,GO:0045925
9572,GO:0045926
9573,GO:0045927
9574,GO:0045930
9575,GO:0045931
9576,GO:0045932
9577,GO:0045933
9578,GO:0045936
9579,GO:0045937
9580,GO:0045938
9581,GO:0045939
9582,GO:0045940
9583,GO:0045943
9584,GO:0045944
9585,GO:0045945
9586,GO:0045947
9587,GO:0045948
9588,GO:0045950
9589,GO:0045953
9590,GO:0045954
9591,GO:0045955
9592,GO:0045956
9593,GO:0045957
9594,GO:0045958
9595,GO:0045959
9596,GO:0045960
9597,GO:0045963
9598,GO:0045964
9599,GO:0045967
9600,GO:0045976
9601,GO:0045977
9602,GO:0045986
9603,GO:0045987
9604,GO:0045988
9605,GO:0045989
9606,GO:0045990
9607,GO:0045993
9608,GO:0045995
9609,GO:0046005
9610,GO:0046006
9611,GO:0046007
9612,GO:0046010
9613,GO:0046015
9614,GO:0046016
9615,GO:0046027
9616,GO:0046030
9617,GO:0046031
9618,GO:0046032
9619,GO:0046033
9620,GO:0046034
9621,GO:0046036
9622,GO:0046037
9623,GO:0046038
9624,GO:0046039
9625,GO:0046040
9626,GO:0046041
9627,GO:0046042
9628,GO:0046045
9629,GO:0046050
9630,GO:0046051
9631,GO:0046052
9632,GO:0046054
9633,GO:0046055
9634,GO:0046057
9635,GO:0046058
9636,GO:0046059
9637,GO:0046060
9638,GO:0046061
9639,GO:0046067
9640,GO:0046068
9641,GO:0046069
9642,GO:0046074
9643,GO:0046079
9644,GO:0046081
9645,GO:0046084
9646,GO:0046085
9647,GO:0046092
9648,GO:0046100
9649,GO:0046101
9650,GO:0046103
9651,GO:0046104
9652,GO:0046105
9653,GO:0046108
9654,GO:0046109
9655,GO:0046115
9656,GO:0046121
9657,GO:0046122
9658,GO:0046130
9659,GO:0046134
9660,GO:0046135
9661,GO:0046146
9662,GO:0046164
9663,GO:0046166
9664,GO:0046167
9665,GO:0046168
9666,GO:0046185
9667,GO:0046203
9668,GO:0046204
9669,GO:0046208
9670,GO:0046209
9671,GO:0046210
9672,GO:0046219
9673,GO:0046222
9674,GO:0046223
9675,GO:0046226
9676,GO:0046272
9677,GO:0046293
9678,GO:0046294
9679,GO:0046295
9680,GO:0046296
9681,GO:0046314
9682,GO:0046316
9683,GO:0046317
9684,GO:0046318
9685,GO:0046320
9686,GO:0046321
9687,GO:0046322
9688,GO:0046324
9689,GO:0046325
9690,GO:0046326
9691,GO:0046328
9692,GO:0046329
9693,GO:0046330
9694,GO:0046331
9695,GO:0046332
9696,GO:0046337
9697,GO:0046338
9698,GO:0046339
9699,GO:0046340
9700,GO:0046341
9701,GO:0046352
9702,GO:0046356
9703,GO:0046359
9704,GO:0046368
9705,GO:0046370
9706,GO:0046373
9707,GO:0046380
9708,GO:0046386
9709,GO:0046390
9710,GO:0046394
9711,GO:0046395
9712,GO:0046398
9713,GO:0046403
9714,GO:0046404
9715,GO:0046415
9716,GO:0046425
9717,GO:0046426
9718,GO:0046427
9719,GO:0046434
9720,GO:0046449
9721,GO:0046452
9722,GO:0046456
9723,GO:0046457
9724,GO:0046458
9725,GO:0046459
9726,GO:0046464
9727,GO:0046469
9728,GO:0046470
9729,GO:0046471
9730,GO:0046473
9731,GO:0046474
9732,GO:0046475
9733,GO:0046477
9734,GO:0046479
9735,GO:0046485
9736,GO:0046486
9737,GO:0046487
9738,GO:0046488
9739,GO:0046490
9740,GO:0046491
9741,GO:0046496
9742,GO:0046500
9743,GO:0046512
9744,GO:0046513
9745,GO:0046514
9746,GO:0046520
9747,GO:0046521
9748,GO:0046523
9749,GO:0046525
9750,GO:0046526
9751,GO:0046527
9752,GO:0046533
9753,GO:0046539
9754,GO:0046540
9755,GO:0046541
9756,GO:0046543
9757,GO:0046545
9758,GO:0046546
9759,GO:0046548
9760,GO:0046549
9761,GO:0046554
9762,GO:0046556
9763,GO:0046570
9764,GO:0046577
9765,GO:0046578
9766,GO:0046579
9767,GO:0046580
9768,GO:0046581
9769,GO:0046588
9770,GO:0046592
9771,GO:0046596
9772,GO:0046597
9773,GO:0046598
9774,GO:0046599
9775,GO:0046600
9776,GO:0046601
9777,GO:0046602
9778,GO:0046603
9779,GO:0046604
9780,GO:0046605
9781,GO:0046611
9782,GO:0046618
9783,GO:0046619
9784,GO:0046620
9785,GO:0046621
9786,GO:0046622
9787,GO:0046623
9788,GO:0046624
9789,GO:0046625
9790,GO:0046626
9791,GO:0046627
9792,GO:0046628
9793,GO:0046629
9794,GO:0046631
9795,GO:0046632
9796,GO:0046635
9797,GO:0046636
9798,GO:0046638
9799,GO:0046639
9800,GO:0046641
9801,GO:0046642
9802,GO:0046645
9803,GO:0046649
9804,GO:0046651
9805,GO:0046653
9806,GO:0046654
9807,GO:0046655
9808,GO:0046657
9809,GO:0046659
9810,GO:0046661
9811,GO:0046676
9812,GO:0046677
9813,GO:0046680
9814,GO:0046684
9815,GO:0046685
9816,GO:0046686
9817,GO:0046688
9818,GO:0046689
9819,GO:0046691
9820,GO:0046695
9821,GO:0046696
9822,GO:0046697
9823,GO:0046703
9824,GO:0046705
9825,GO:0046710
9826,GO:0046711
9827,GO:0046712
9828,GO:0046713
9829,GO:0046716
9830,GO:0046717
9831,GO:0046718
9832,GO:0046722
9833,GO:0046724
9834,GO:0046725
9835,GO:0046726
9836,GO:0046754
9837,GO:0046755
9838,GO:0046761
9839,GO:0046777
9840,GO:0046782
9841,GO:0046785
9842,GO:0046789
9843,GO:0046790
9844,GO:0046811
9845,GO:0046813
9846,GO:0046814
9847,GO:0046817
9848,GO:0046822
9849,GO:0046824
9850,GO:0046825
9851,GO:0046826
9852,GO:0046827
9853,GO:0046831
9854,GO:0046832
9855,GO:0046833
9856,GO:0046834
9857,GO:0046835
9858,GO:0046836
9859,GO:0046839
9860,GO:0046847
9861,GO:0046848
9862,GO:0046849
9863,GO:0046850
9864,GO:0046851
9865,GO:0046854
9866,GO:0046856
9867,GO:0046857
9868,GO:0046865
9869,GO:0046870
9870,GO:0046872
9871,GO:0046873
9872,GO:0046875
9873,GO:0046877
9874,GO:0046878
9875,GO:0046879
9876,GO:0046880
9877,GO:0046881
9878,GO:0046882
9879,GO:0046883
9880,GO:0046884
9881,GO:0046885
9882,GO:0046886
9883,GO:0046887
9884,GO:0046888
9885,GO:0046889
9886,GO:0046890
9887,GO:0046898
9888,GO:0046899
9889,GO:0046900
9890,GO:0046901
9891,GO:0046902
9892,GO:0046903
9893,GO:0046904
9894,GO:0046906
9895,GO:0046907
9896,GO:0046911
9897,GO:0046912
9898,GO:0046914
9899,GO:0046915
9900,GO:0046920
9901,GO:0046921
9902,GO:0046922
9903,GO:0046923
9904,GO:0046928
9905,GO:0046929
9906,GO:0046930
9907,GO:0046931
9908,GO:0046933
9909,GO:0046934
9910,GO:0046935
9911,GO:0046936
9912,GO:0046942
9913,GO:0046943
9914,GO:0046949
9915,GO:0046951
9916,GO:0046952
9917,GO:0046958
9918,GO:0046959
9919,GO:0046960
9920,GO:0046961
9921,GO:0046963
9922,GO:0046964
9923,GO:0046965
9924,GO:0046966
9925,GO:0046967
9926,GO:0046968
9927,GO:0046969
9928,GO:0046970
9929,GO:0046972
9930,GO:0046974
9931,GO:0046975
9932,GO:0046976
9933,GO:0046977
9934,GO:0046978
9935,GO:0046979
9936,GO:0046980
9937,GO:0046982
9938,GO:0046983
9939,GO:0046985
9940,GO:0046986
9941,GO:0046990
9942,GO:0047006
9943,GO:0047015
9944,GO:0047016
9945,GO:0047017
9946,GO:0047020
9947,GO:0047021
9948,GO:0047022
9949,GO:0047023
9950,GO:0047024
9951,GO:0047034
9952,GO:0047035
9953,GO:0047044
9954,GO:0047045
9955,GO:0047057
9956,GO:0047058
9957,GO:0047066
9958,GO:0047086
9959,GO:0047102
9960,GO:0047105
9961,GO:0047115
9962,GO:0047125
9963,GO:0047127
9964,GO:0047130
9965,GO:0047131
9966,GO:0047134
9967,GO:0047144
9968,GO:0047150
9969,GO:0047159
9970,GO:0047166
9971,GO:0047173
9972,GO:0047179
9973,GO:0047184
9974,GO:0047186
9975,GO:0047190
9976,GO:0047191
9977,GO:0047192
9978,GO:0047196
9979,GO:0047198
9980,GO:0047220
9981,GO:0047223
9982,GO:0047224
9983,GO:0047225
9984,GO:0047233
9985,GO:0047237
9986,GO:0047238
9987,GO:0047243
9988,GO:0047256
9989,GO:0047273
9990,GO:0047276
9991,GO:0047277
9992,GO:0047280
9993,GO:0047288
9994,GO:0047290
9995,GO:0047291
9996,GO:0047298
9997,GO:0047305
9998,GO:0047313
9999,GO:0047315
10000,GO:0047316
10001,GO:0047322
10002,GO:0047323
10003,GO:0047325
10004,GO:0047326
10005,GO:0047341
10006,GO:0047349
10007,GO:0047352
10008,GO:0047359
10009,GO:0047369
10010,GO:0047372
10011,GO:0047374
10012,GO:0047376
10013,GO:0047378
10014,GO:0047385
10015,GO:0047389
10016,GO:0047390
10017,GO:0047391
10018,GO:0047394
10019,GO:0047395
10020,GO:0047402
10021,GO:0047408
10022,GO:0047412
10023,GO:0047416
10024,GO:0047429
10025,GO:0047444
10026,GO:0047453
10027,GO:0047464
10028,GO:0047484
10029,GO:0047493
10030,GO:0047496
10031,GO:0047497
10032,GO:0047506
10033,GO:0047507
10034,GO:0047522
10035,GO:0047536
10036,GO:0047545
10037,GO:0047555
10038,GO:0047560
10039,GO:0047598
10040,GO:0047603
10041,GO:0047609
10042,GO:0047611
10043,GO:0047613
10044,GO:0047617
10045,GO:0047620
10046,GO:0047621
10047,GO:0047624
10048,GO:0047627
10049,GO:0047631
10050,GO:0047635
10051,GO:0047638
10052,GO:0047639
10053,GO:0047640
10054,GO:0047649
10055,GO:0047655
10056,GO:0047658
10057,GO:0047676
10058,GO:0047677
10059,GO:0047681
10060,GO:0047685
10061,GO:0047693
10062,GO:0047696
10063,GO:0047704
10064,GO:0047708
10065,GO:0047710
10066,GO:0047718
10067,GO:0047726
10068,GO:0047730
10069,GO:0047734
10070,GO:0047743
10071,GO:0047747
10072,GO:0047748
10073,GO:0047750
10074,GO:0047751
10075,GO:0047756
10076,GO:0047757
10077,GO:0047777
10078,GO:0047783
10079,GO:0047787
10080,GO:0047800
10081,GO:0047801
10082,GO:0047804
10083,GO:0047805
10084,GO:0047820
10085,GO:0047821
10086,GO:0047822
10087,GO:0047826
10088,GO:0047834
10089,GO:0047837
10090,GO:0047840
10091,GO:0047842
10092,GO:0047847
10093,GO:0047865
10094,GO:0047874
10095,GO:0047881
10096,GO:0047884
10097,GO:0047886
10098,GO:0047887
10099,GO:0047888
10100,GO:0047894
10101,GO:0047910
10102,GO:0047915
10103,GO:0047918
10104,GO:0047931
10105,GO:0047933
10106,GO:0047934
10107,GO:0047935
10108,GO:0047936
10109,GO:0047938
10110,GO:0047939
10111,GO:0047941
10112,GO:0047946
10113,GO:0047952
10114,GO:0047954
10115,GO:0047956
10116,GO:0047958
10117,GO:0047961
10118,GO:0047962
10119,GO:0047963
10120,GO:0047969
10121,GO:0047971
10122,GO:0047972
10123,GO:0047975
10124,GO:0047977
10125,GO:0047981
10126,GO:0047982
10127,GO:0047988
10128,GO:0047992
10129,GO:0047994
10130,GO:0047995
10131,GO:0048002
10132,GO:0048006
10133,GO:0048007
10134,GO:0048008
10135,GO:0048009
10136,GO:0048010
10137,GO:0048011
10138,GO:0048012
10139,GO:0048013
10140,GO:0048014
10141,GO:0048015
10142,GO:0048018
10143,GO:0048019
10144,GO:0048020
10145,GO:0048021
10146,GO:0048022
10147,GO:0048023
10148,GO:0048024
10149,GO:0048025
10150,GO:0048026
10151,GO:0048027
10152,GO:0048029
10153,GO:0048030
10154,GO:0048038
10155,GO:0048039
10156,GO:0048040
10157,GO:0048041
10158,GO:0048048
10159,GO:0048050
10160,GO:0048066
10161,GO:0048069
10162,GO:0048070
10163,GO:0048075
10164,GO:0048086
10165,GO:0048101
10166,GO:0048102
10167,GO:0048103
10168,GO:0048105
10169,GO:0048133
10170,GO:0048137
10171,GO:0048143
10172,GO:0048144
10173,GO:0048145
10174,GO:0048146
10175,GO:0048147
10176,GO:0048148
10177,GO:0048149
10178,GO:0048156
10179,GO:0048160
10180,GO:0048167
10181,GO:0048168
10182,GO:0048169
10183,GO:0048170
10184,GO:0048172
10185,GO:0048174
10186,GO:0048179
10187,GO:0048185
10188,GO:0048188
10189,GO:0048193
10190,GO:0048194
10191,GO:0048205
10192,GO:0048208
10193,GO:0048210
10194,GO:0048219
10195,GO:0048227
10196,GO:0048232
10197,GO:0048237
10198,GO:0048239
10199,GO:0048240
10200,GO:0048242
10201,GO:0048244
10202,GO:0048245
10203,GO:0048246
10204,GO:0048247
10205,GO:0048248
10206,GO:0048250
10207,GO:0048251
10208,GO:0048252
10209,GO:0048254
10210,GO:0048255
10211,GO:0048256
10212,GO:0048257
10213,GO:0048259
10214,GO:0048260
10215,GO:0048261
10216,GO:0048263
10217,GO:0048264
10218,GO:0048265
10219,GO:0048266
10220,GO:0048268
10221,GO:0048269
10222,GO:0048273
10223,GO:0048280
10224,GO:0048284
10225,GO:0048286
10226,GO:0048290
10227,GO:0048291
10228,GO:0048295
10229,GO:0048298
10230,GO:0048302
10231,GO:0048304
10232,GO:0048306
10233,GO:0048311
10234,GO:0048312
10235,GO:0048313
10236,GO:0048318
10237,GO:0048332
10238,GO:0048333
10239,GO:0048337
10240,GO:0048339
10241,GO:0048340
10242,GO:0048341
10243,GO:0048368
10244,GO:0048370
10245,GO:0048371
10246,GO:0048382
10247,GO:0048384
10248,GO:0048385
10249,GO:0048386
10250,GO:0048387
10251,GO:0048388
10252,GO:0048392
10253,GO:0048403
10254,GO:0048406
10255,GO:0048407
10256,GO:0048408
10257,GO:0048468
10258,GO:0048469
10259,GO:0048471
10260,GO:0048476
10261,GO:0048477
10262,GO:0048483
10263,GO:0048484
10264,GO:0048485
10265,GO:0048486
10266,GO:0048487
10267,GO:0048488
10268,GO:0048489
10269,GO:0048490
10270,GO:0048495
10271,GO:0048496
10272,GO:0048499
10273,GO:0048500
10274,GO:0048512
10275,GO:0048513
10276,GO:0048514
10277,GO:0048515
10278,GO:0048520
10279,GO:0048524
10280,GO:0048525
10281,GO:0048534
10282,GO:0048535
10283,GO:0048536
10284,GO:0048538
10285,GO:0048539
10286,GO:0048541
10287,GO:0048545
10288,GO:0048546
10289,GO:0048549
10290,GO:0048550
10291,GO:0048557
10292,GO:0048560
10293,GO:0048561
10294,GO:0048562
10295,GO:0048565
10296,GO:0048566
10297,GO:0048568
10298,GO:0048570
10299,GO:0048571
10300,GO:0048572
10301,GO:0048588
10302,GO:0048589
10303,GO:0048592
10304,GO:0048593
10305,GO:0048596
10306,GO:0048598
10307,GO:0048599
10308,GO:0048608
10309,GO:0048613
10310,GO:0048617
10311,GO:0048619
10312,GO:0048625
10313,GO:0048627
10314,GO:0048630
10315,GO:0048631
10316,GO:0048632
10317,GO:0048633
10318,GO:0048634
10319,GO:0048635
10320,GO:0048638
10321,GO:0048639
10322,GO:0048640
10323,GO:0048641
10324,GO:0048642
10325,GO:0048643
10326,GO:0048644
10327,GO:0048646
10328,GO:0048659
10329,GO:0048660
10330,GO:0048661
10331,GO:0048662
10332,GO:0048663
10333,GO:0048665
10334,GO:0048666
10335,GO:0048667
10336,GO:0048668
10337,GO:0048669
10338,GO:0048671
10339,GO:0048672
10340,GO:0048675
10341,GO:0048678
10342,GO:0048679
10343,GO:0048680
10344,GO:0048681
10345,GO:0048685
10346,GO:0048687
10347,GO:0048692
10348,GO:0048699
10349,GO:0048701
10350,GO:0048702
10351,GO:0048703
10352,GO:0048704
10353,GO:0048705
10354,GO:0048706
10355,GO:0048708
10356,GO:0048709
10357,GO:0048710
10358,GO:0048711
10359,GO:0048712
10360,GO:0048713
10361,GO:0048714
10362,GO:0048715
10363,GO:0048729
10364,GO:0048730
10365,GO:0048731
10366,GO:0048732
10367,GO:0048733
10368,GO:0048738
10369,GO:0048741
10370,GO:0048742
10371,GO:0048743
10372,GO:0048745
10373,GO:0048752
10374,GO:0048754
10375,GO:0048755
10376,GO:0048757
10377,GO:0048762
10378,GO:0048763
10379,GO:0048769
10380,GO:0048771
10381,GO:0048786
10382,GO:0048787
10383,GO:0048788
10384,GO:0048789
10385,GO:0048790
10386,GO:0048791
10387,GO:0048792
10388,GO:0048793
10389,GO:0048806
10390,GO:0048807
10391,GO:0048812
10392,GO:0048813
10393,GO:0048814
10394,GO:0048820
10395,GO:0048821
10396,GO:0048823
10397,GO:0048839
10398,GO:0048840
10399,GO:0048841
10400,GO:0048842
10401,GO:0048843
10402,GO:0048844
10403,GO:0048845
10404,GO:0048846
10405,GO:0048853
10406,GO:0048854
10407,GO:0048858
10408,GO:0048861
10409,GO:0048863
10410,GO:0048864
10411,GO:0048869
10412,GO:0048870
10413,GO:0048871
10414,GO:0048872
10415,GO:0048873
10416,GO:0048874
10417,GO:0048878
10418,GO:0048880
10419,GO:0048894
10420,GO:0048935
10421,GO:0048936
10422,GO:0050000
10423,GO:0050004
10424,GO:0050011
10425,GO:0050023
10426,GO:0050031
10427,GO:0050038
10428,GO:0050046
10429,GO:0050051
10430,GO:0050061
10431,GO:0050074
10432,GO:0050080
10433,GO:0050094
10434,GO:0050104
10435,GO:0050113
10436,GO:0050115
10437,GO:0050119
10438,GO:0050121
10439,GO:0050124
10440,GO:0050129
10441,GO:0050135
10442,GO:0050136
10443,GO:0050137
10444,GO:0050145
10445,GO:0050146
10446,GO:0050152
10447,GO:0050153
10448,GO:0050163
10449,GO:0050178
10450,GO:0050179
10451,GO:0050187
10452,GO:0050196
10453,GO:0050197
10454,GO:0050201
10455,GO:0050207
10456,GO:0050211
10457,GO:0050218
10458,GO:0050220
10459,GO:0050221
10460,GO:0050232
10461,GO:0050241
10462,GO:0050251
10463,GO:0050252
10464,GO:0050253
10465,GO:0050254
10466,GO:0050255
10467,GO:0050259
10468,GO:0050262
10469,GO:0050265
10470,GO:0050277
10471,GO:0050290
10472,GO:0050291
10473,GO:0050294
10474,GO:0050295
10475,GO:0050313
10476,GO:0050321
10477,GO:0050333
10478,GO:0050337
10479,GO:0050346
10480,GO:0050353
10481,GO:0050354
10482,GO:0050355
10483,GO:0050377
10484,GO:0050421
10485,GO:0050427
10486,GO:0050428
10487,GO:0050431
10488,GO:0050434
10489,GO:0050435
10490,GO:0050436
10491,GO:0050459
10492,GO:0050473
10493,GO:0050479
10494,GO:0050480
10495,GO:0050482
10496,GO:0050486
10497,GO:0050501
10498,GO:0050508
10499,GO:0050509
10500,GO:0050510
10501,GO:0050512
10502,GO:0050528
10503,GO:0050543
10504,GO:0050544
10505,GO:0050560
10506,GO:0050561
10507,GO:0050567
10508,GO:0050568
10509,GO:0050571
10510,GO:0050577
10511,GO:0050585
10512,GO:0050591
10513,GO:0050610
10514,GO:0050613
10515,GO:0050614
10516,GO:0050632
10517,GO:0050633
10518,GO:0050646
10519,GO:0050647
10520,GO:0050648
10521,GO:0050649
10522,GO:0050650
10523,GO:0050651
10524,GO:0050654
10525,GO:0050655
10526,GO:0050656
10527,GO:0050658
10528,GO:0050659
10529,GO:0050660
10530,GO:0050661
10531,GO:0050664
10532,GO:0050665
10533,GO:0050667
10534,GO:0050671
10535,GO:0050672
10536,GO:0050673
10537,GO:0050674
10538,GO:0050677
10539,GO:0050678
10540,GO:0050679
10541,GO:0050680
10542,GO:0050681
10543,GO:0050682
10544,GO:0050683
10545,GO:0050684
10546,GO:0050687
10547,GO:0050688
10548,GO:0050689
10549,GO:0050691
10550,GO:0050692
10551,GO:0050693
10552,GO:0050694
10553,GO:0050698
10554,GO:0050699
10555,GO:0050700
10556,GO:0050708
10557,GO:0050709
10558,GO:0050714
10559,GO:0050727
10560,GO:0050728
10561,GO:0050729
10562,GO:0050730
10563,GO:0050731
10564,GO:0050732
10565,GO:0050733
10566,GO:0050746
10567,GO:0050748
10568,GO:0050750
10569,GO:0050764
10570,GO:0050765
10571,GO:0050766
10572,GO:0050767
10573,GO:0050768
10574,GO:0050769
10575,GO:0050770
10576,GO:0050771
10577,GO:0050772
10578,GO:0050773
10579,GO:0050774
10580,GO:0050775
10581,GO:0050776
10582,GO:0050777
10583,GO:0050778
10584,GO:0050779
10585,GO:0050780
10586,GO:0050784
10587,GO:0050785
10588,GO:0050786
10589,GO:0050787
10590,GO:0050790
10591,GO:0050792
10592,GO:0050793
10593,GO:0050795
10594,GO:0050796
10595,GO:0050798
10596,GO:0050801
10597,GO:0050802
10598,GO:0050803
10599,GO:0050804
10600,GO:0050805
10601,GO:0050806
10602,GO:0050807
10603,GO:0050808
10604,GO:0050810
10605,GO:0050811
10606,GO:0050815
10607,GO:0050816
10608,GO:0050817
10609,GO:0050819
10610,GO:0050820
10611,GO:0050821
10612,GO:0050823
10613,GO:0050829
10614,GO:0050830
10615,GO:0050832
10616,GO:0050833
10617,GO:0050839
10618,GO:0050840
10619,GO:0050847
10620,GO:0050848
10621,GO:0050849
10622,GO:0050850
10623,GO:0050851
10624,GO:0050852
10625,GO:0050853
10626,GO:0050855
10627,GO:0050856
10628,GO:0050857
10629,GO:0050858
10630,GO:0050859
10631,GO:0050860
10632,GO:0050861
10633,GO:0050862
10634,GO:0050863
10635,GO:0050864
10636,GO:0050866
10637,GO:0050867
10638,GO:0050868
10639,GO:0050869
10640,GO:0050870
10641,GO:0050871
10642,GO:0050872
10643,GO:0050873
10644,GO:0050877
10645,GO:0050878
10646,GO:0050881
10647,GO:0050882
10648,GO:0050883
10649,GO:0050884
10650,GO:0050885
10651,GO:0050890
10652,GO:0050891
10653,GO:0050892
10654,GO:0050893
10655,GO:0050894
10656,GO:0050897
10657,GO:0050900
10658,GO:0050901
10659,GO:0050902
10660,GO:0050904
10661,GO:0050905
10662,GO:0050906
10663,GO:0050907
10664,GO:0050908
10665,GO:0050909
10666,GO:0050910
10667,GO:0050911
10668,GO:0050912
10669,GO:0050913
10670,GO:0050914
10671,GO:0050915
10672,GO:0050916
10673,GO:0050917
10674,GO:0050918
10675,GO:0050919
10676,GO:0050920
10677,GO:0050921
10678,GO:0050922
10679,GO:0050925
10680,GO:0050927
10681,GO:0050929
10682,GO:0050930
10683,GO:0050931
10684,GO:0050942
10685,GO:0050951
10686,GO:0050953
10687,GO:0050954
10688,GO:0050955
10689,GO:0050957
10690,GO:0050965
10691,GO:0050966
10692,GO:0050968
10693,GO:0050974
10694,GO:0050975
10695,GO:0050976
10696,GO:0050982
10697,GO:0050992
10698,GO:0050994
10699,GO:0050995
10700,GO:0050996
10701,GO:0050997
10702,GO:0050998
10703,GO:0050999
10704,GO:0051000
10705,GO:0051001
10706,GO:0051008
10707,GO:0051010
10708,GO:0051011
10709,GO:0051012
10710,GO:0051013
10711,GO:0051014
10712,GO:0051015
10713,GO:0051016
10714,GO:0051017
10715,GO:0051018
10716,GO:0051019
10717,GO:0051020
10718,GO:0051022
10719,GO:0051026
10720,GO:0051028
10721,GO:0051029
10722,GO:0051031
10723,GO:0051032
10724,GO:0051033
10725,GO:0051036
10726,GO:0051041
10727,GO:0051042
10728,GO:0051043
10729,GO:0051044
10730,GO:0051045
10731,GO:0051046
10732,GO:0051047
10733,GO:0051048
10734,GO:0051049
10735,GO:0051050
10736,GO:0051051
10737,GO:0051052
10738,GO:0051053
10739,GO:0051054
10740,GO:0051055
10741,GO:0051056
10742,GO:0051057
10743,GO:0051058
10744,GO:0051059
10745,GO:0051066
10746,GO:0051081
10747,GO:0051083
10748,GO:0051084
10749,GO:0051087
10750,GO:0051089
10751,GO:0051093
10752,GO:0051094
10753,GO:0051096
10754,GO:0051097
10755,GO:0051099
10756,GO:0051101
10757,GO:0051117
10758,GO:0051119
10759,GO:0051122
10760,GO:0051123
10761,GO:0051124
10762,GO:0051125
10763,GO:0051126
10764,GO:0051127
10765,GO:0051128
10766,GO:0051129
10767,GO:0051130
10768,GO:0051131
10769,GO:0051132
10770,GO:0051134
10771,GO:0051135
10772,GO:0051136
10773,GO:0051138
10774,GO:0051139
10775,GO:0051141
10776,GO:0051142
10777,GO:0051145
10778,GO:0051146
10779,GO:0051147
10780,GO:0051148
10781,GO:0051149
10782,GO:0051150
10783,GO:0051151
10784,GO:0051152
10785,GO:0051153
10786,GO:0051155
10787,GO:0051156
10788,GO:0051160
10789,GO:0051164
10790,GO:0051168
10791,GO:0051169
10792,GO:0051170
10793,GO:0051177
10794,GO:0051180
10795,GO:0051204
10796,GO:0051205
10797,GO:0051209
10798,GO:0051213
10799,GO:0051216
10800,GO:0051219
10801,GO:0051222
10802,GO:0051223
10803,GO:0051224
10804,GO:0051225
10805,GO:0051228
10806,GO:0051231
10807,GO:0051233
10808,GO:0051239
10809,GO:0051240
10810,GO:0051241
10811,GO:0051246
10812,GO:0051247
10813,GO:0051248
10814,GO:0051249
10815,GO:0051251
10816,GO:0051252
10817,GO:0051254
10818,GO:0051255
10819,GO:0051256
10820,GO:0051257
10821,GO:0051258
10822,GO:0051259
10823,GO:0051260
10824,GO:0051261
10825,GO:0051262
10826,GO:0051264
10827,GO:0051265
10828,GO:0051276
10829,GO:0051279
10830,GO:0051280
10831,GO:0051281
10832,GO:0051286
10833,GO:0051287
10834,GO:0051289
10835,GO:0051290
10836,GO:0051291
10837,GO:0051292
10838,GO:0051293
10839,GO:0051294
10840,GO:0051295
10841,GO:0051296
10842,GO:0051298
10843,GO:0051299
10844,GO:0051301
10845,GO:0051302
10846,GO:0051304
10847,GO:0051306
10848,GO:0051307
10849,GO:0051308
10850,GO:0051309
10851,GO:0051310
10852,GO:0051315
10853,GO:0051316
10854,GO:0051321
10855,GO:0051338
10856,GO:0051344
10857,GO:0051346
10858,GO:0051349
10859,GO:0051351
10860,GO:0051354
10861,GO:0051365
10862,GO:0051371
10863,GO:0051373
10864,GO:0051377
10865,GO:0051378
10866,GO:0051379
10867,GO:0051380
10868,GO:0051382
10869,GO:0051383
10870,GO:0051384
10871,GO:0051385
10872,GO:0051386
10873,GO:0051387
10874,GO:0051388
10875,GO:0051391
10876,GO:0051392
10877,GO:0051393
10878,GO:0051400
10879,GO:0051401
10880,GO:0051402
10881,GO:0051403
10882,GO:0051409
10883,GO:0051410
10884,GO:0051412
10885,GO:0051413
10886,GO:0051414
10887,GO:0051415
10888,GO:0051418
10889,GO:0051424
10890,GO:0051425
10891,GO:0051427
10892,GO:0051428
10893,GO:0051429
10894,GO:0051430
10895,GO:0051431
10896,GO:0051434
10897,GO:0051443
10898,GO:0051444
10899,GO:0051445
10900,GO:0051446
10901,GO:0051447
10902,GO:0051450
10903,GO:0051451
10904,GO:0051452
10905,GO:0051453
10906,GO:0051454
10907,GO:0051457
10908,GO:0051459
10909,GO:0051460
10910,GO:0051461
10911,GO:0051464
10912,GO:0051466
10913,GO:0051469
10914,GO:0051480
10915,GO:0051481
10916,GO:0051489
10917,GO:0051490
10918,GO:0051491
10919,GO:0051492
10920,GO:0051493
10921,GO:0051495
10922,GO:0051496
10923,GO:0051497
10924,GO:0051499
10925,GO:0051500
10926,GO:0051503
10927,GO:0051511
10928,GO:0051525
10929,GO:0051536
10930,GO:0051537
10931,GO:0051538
10932,GO:0051539
10933,GO:0051541
10934,GO:0051546
10935,GO:0051548
10936,GO:0051549
10937,GO:0051552
10938,GO:0051560
10939,GO:0051561
10940,GO:0051562
10941,GO:0051563
10942,GO:0051575
10943,GO:0051580
10944,GO:0051582
10945,GO:0051583
10946,GO:0051584
10947,GO:0051585
10948,GO:0051586
10949,GO:0051591
10950,GO:0051592
10951,GO:0051593
10952,GO:0051596
10953,GO:0051597
10954,GO:0051598
10955,GO:0051599
10956,GO:0051602
10957,GO:0051604
10958,GO:0051606
10959,GO:0051607
10960,GO:0051608
10961,GO:0051610
10962,GO:0051611
10963,GO:0051612
10964,GO:0051615
10965,GO:0051620
10966,GO:0051621
10967,GO:0051622
10968,GO:0051623
10969,GO:0051625
10970,GO:0051630
10971,GO:0051631
10972,GO:0051638
10973,GO:0051639
10974,GO:0051640
10975,GO:0051641
10976,GO:0051642
10977,GO:0051643
10978,GO:0051645
10979,GO:0051646
10980,GO:0051647
10981,GO:0051648
10982,GO:0051649
10983,GO:0051650
10984,GO:0051653
10985,GO:0051654
10986,GO:0051656
10987,GO:0051658
10988,GO:0051659
10989,GO:0051660
10990,GO:0051661
10991,GO:0051664
10992,GO:0051665
10993,GO:0051666
10994,GO:0051668
10995,GO:0051673
10996,GO:0051683
10997,GO:0051684
10998,GO:0051685
10999,GO:0051693
11000,GO:0051694
11001,GO:0051695
11002,GO:0051697
11003,GO:0051702
11004,GO:0051707
11005,GO:0051715
11006,GO:0051717
11007,GO:0051718
11008,GO:0051721
11009,GO:0051723
11010,GO:0051724
11011,GO:0051725
11012,GO:0051726
11013,GO:0051728
11014,GO:0051729
11015,GO:0051731
11016,GO:0051734
11017,GO:0051736
11018,GO:0051747
11019,GO:0051748
11020,GO:0051750
11021,GO:0051751
11022,GO:0051754
11023,GO:0051758
11024,GO:0051764
11025,GO:0051765
11026,GO:0051775
11027,GO:0051780
11028,GO:0051781
11029,GO:0051782
11030,GO:0051783
11031,GO:0051786
11032,GO:0051787
11033,GO:0051788
11034,GO:0051790
11035,GO:0051791
11036,GO:0051792
11037,GO:0051793
11038,GO:0051794
11039,GO:0051795
11040,GO:0051796
11041,GO:0051797
11042,GO:0051798
11043,GO:0051800
11044,GO:0051823
11045,GO:0051835
11046,GO:0051851
11047,GO:0051861
11048,GO:0051864
11049,GO:0051865
11050,GO:0051866
11051,GO:0051867
11052,GO:0051877
11053,GO:0051878
11054,GO:0051879
11055,GO:0051880
11056,GO:0051881
11057,GO:0051882
11058,GO:0051884
11059,GO:0051885
11060,GO:0051886
11061,GO:0051891
11062,GO:0051893
11063,GO:0051894
11064,GO:0051895
11065,GO:0051896
11066,GO:0051897
11067,GO:0051898
11068,GO:0051899
11069,GO:0051900
11070,GO:0051901
11071,GO:0051902
11072,GO:0051903
11073,GO:0051908
11074,GO:0051915
11075,GO:0051916
11076,GO:0051917
11077,GO:0051918
11078,GO:0051919
11079,GO:0051920
11080,GO:0051922
11081,GO:0051923
11082,GO:0051924
11083,GO:0051926
11084,GO:0051928
11085,GO:0051930
11086,GO:0051932
11087,GO:0051936
11088,GO:0051938
11089,GO:0051939
11090,GO:0051946
11091,GO:0051951
11092,GO:0051956
11093,GO:0051957
11094,GO:0051958
11095,GO:0051959
11096,GO:0051960
11097,GO:0051961
11098,GO:0051963
11099,GO:0051964
11100,GO:0051965
11101,GO:0051966
11102,GO:0051967
11103,GO:0051968
11104,GO:0051969
11105,GO:0051970
11106,GO:0051971
11107,GO:0051977
11108,GO:0051978
11109,GO:0051983
11110,GO:0051984
11111,GO:0051987
11112,GO:0051988
11113,GO:0051990
11114,GO:0051996
11115,GO:0051998
11116,GO:0052381
11117,GO:0052548
11118,GO:0052597
11119,GO:0052598
11120,GO:0052629
11121,GO:0052630
11122,GO:0052642
11123,GO:0052650
11124,GO:0052651
11125,GO:0052652
11126,GO:0052654
11127,GO:0052655
11128,GO:0052656
11129,GO:0052657
11130,GO:0052658
11131,GO:0052659
11132,GO:0052689
11133,GO:0052717
11134,GO:0052718
11135,GO:0052720
11136,GO:0052722
11137,GO:0052723
11138,GO:0052725
11139,GO:0052726
11140,GO:0052731
11141,GO:0052732
11142,GO:0052735
11143,GO:0052741
11144,GO:0052742
11145,GO:0052745
11146,GO:0052751
11147,GO:0052757
11148,GO:0052767
11149,GO:0052810
11150,GO:0052814
11151,GO:0052815
11152,GO:0052816
11153,GO:0052817
11154,GO:0052827
11155,GO:0052828
11156,GO:0052829
11157,GO:0052832
11158,GO:0052833
11159,GO:0052834
11160,GO:0052835
11161,GO:0052836
11162,GO:0052839
11163,GO:0052840
11164,GO:0052842
11165,GO:0052845
11166,GO:0052848
11167,GO:0052851
11168,GO:0052856
11169,GO:0052866
11170,GO:0052869
11171,GO:0052871
11172,GO:0052873
11173,GO:0052874
11174,GO:0052884
11175,GO:0052885
11176,GO:0052901
11177,GO:0052903
11178,GO:0052905
11179,GO:0052906
11180,GO:0052909
11181,GO:0052917
11182,GO:0052918
11183,GO:0052923
11184,GO:0052925
11185,GO:0052926
11186,GO:0055001
11187,GO:0055002
11188,GO:0055003
11189,GO:0055005
11190,GO:0055006
11191,GO:0055007
11192,GO:0055008
11193,GO:0055009
11194,GO:0055010
11195,GO:0055012
11196,GO:0055013
11197,GO:0055014
11198,GO:0055015
11199,GO:0055020
11200,GO:0055024
11201,GO:0055026
11202,GO:0055028
11203,GO:0055037
11204,GO:0055038
11205,GO:0055048
11206,GO:0055056
11207,GO:0055059
11208,GO:0055062
11209,GO:0055063
11210,GO:0055064
11211,GO:0055070
11212,GO:0055071
11213,GO:0055074
11214,GO:0055075
11215,GO:0055077
11216,GO:0055078
11217,GO:0055080
11218,GO:0055081
11219,GO:0055085
11220,GO:0055086
11221,GO:0055087
11222,GO:0055088
11223,GO:0055089
11224,GO:0055090
11225,GO:0055091
11226,GO:0055092
11227,GO:0055093
11228,GO:0055096
11229,GO:0055097
11230,GO:0055100
11231,GO:0055102
11232,GO:0055104
11233,GO:0055105
11234,GO:0055106
11235,GO:0055107
11236,GO:0055111
11237,GO:0055113
11238,GO:0055117
11239,GO:0055118
11240,GO:0055119
11241,GO:0055123
11242,GO:0055129
11243,GO:0055130
11244,GO:0055131
11245,GO:0060001
11246,GO:0060002
11247,GO:0060003
11248,GO:0060004
11249,GO:0060005
11250,GO:0060008
11251,GO:0060009
11252,GO:0060010
11253,GO:0060012
11254,GO:0060013
11255,GO:0060017
11256,GO:0060019
11257,GO:0060021
11258,GO:0060022
11259,GO:0060023
11260,GO:0060024
11261,GO:0060025
11262,GO:0060026
11263,GO:0060027
11264,GO:0060037
11265,GO:0060038
11266,GO:0060039
11267,GO:0060040
11268,GO:0060041
11269,GO:0060042
11270,GO:0060043
11271,GO:0060044
11272,GO:0060045
11273,GO:0060046
11274,GO:0060047
11275,GO:0060048
11276,GO:0060052
11277,GO:0060053
11278,GO:0060054
11279,GO:0060055
11280,GO:0060056
11281,GO:0060058
11282,GO:0060059
11283,GO:0060061
11284,GO:0060065
11285,GO:0060066
11286,GO:0060067
11287,GO:0060068
11288,GO:0060070
11289,GO:0060071
11290,GO:0060072
11291,GO:0060073
11292,GO:0060074
11293,GO:0060075
11294,GO:0060076
11295,GO:0060077
11296,GO:0060078
11297,GO:0060079
11298,GO:0060080
11299,GO:0060081
11300,GO:0060082
11301,GO:0060083
11302,GO:0060084
11303,GO:0060086
11304,GO:0060087
11305,GO:0060088
11306,GO:0060090
11307,GO:0060091
11308,GO:0060092
11309,GO:0060094
11310,GO:0060100
11311,GO:0060101
11312,GO:0060112
11313,GO:0060113
11314,GO:0060117
11315,GO:0060118
11316,GO:0060119
11317,GO:0060121
11318,GO:0060122
11319,GO:0060123
11320,GO:0060124
11321,GO:0060126
11322,GO:0060127
11323,GO:0060128
11324,GO:0060129
11325,GO:0060134
11326,GO:0060135
11327,GO:0060136
11328,GO:0060137
11329,GO:0060138
11330,GO:0060143
11331,GO:0060147
11332,GO:0060152
11333,GO:0060155
11334,GO:0060156
11335,GO:0060157
11336,GO:0060158
11337,GO:0060159
11338,GO:0060160
11339,GO:0060161
11340,GO:0060168
11341,GO:0060169
11342,GO:0060170
11343,GO:0060171
11344,GO:0060173
11345,GO:0060174
11346,GO:0060175
11347,GO:0060177
11348,GO:0060178
11349,GO:0060179
11350,GO:0060180
11351,GO:0060182
11352,GO:0060183
11353,GO:0060187
11354,GO:0060192
11355,GO:0060193
11356,GO:0060197
11357,GO:0060198
11358,GO:0060201
11359,GO:0060203
11360,GO:0060205
11361,GO:0060212
11362,GO:0060213
11363,GO:0060214
11364,GO:0060215
11365,GO:0060216
11366,GO:0060218
11367,GO:0060219
11368,GO:0060221
11369,GO:0060228
11370,GO:0060229
11371,GO:0060230
11372,GO:0060231
11373,GO:0060232
11374,GO:0060234
11375,GO:0060235
11376,GO:0060236
11377,GO:0060242
11378,GO:0060243
11379,GO:0060244
11380,GO:0060245
11381,GO:0060251
11382,GO:0060252
11383,GO:0060253
11384,GO:0060259
11385,GO:0060260
11386,GO:0060261
11387,GO:0060262
11388,GO:0060263
11389,GO:0060264
11390,GO:0060265
11391,GO:0060266
11392,GO:0060267
11393,GO:0060271
11394,GO:0060272
11395,GO:0060279
11396,GO:0060283
11397,GO:0060284
11398,GO:0060285
11399,GO:0060287
11400,GO:0060290
11401,GO:0060291
11402,GO:0060292
11403,GO:0060294
11404,GO:0060296
11405,GO:0060297
11406,GO:0060298
11407,GO:0060300
11408,GO:0060302
11409,GO:0060304
11410,GO:0060305
11411,GO:0060306
11412,GO:0060307
11413,GO:0060308
11414,GO:0060309
11415,GO:0060311
11416,GO:0060312
11417,GO:0060313
11418,GO:0060314
11419,GO:0060315
11420,GO:0060317
11421,GO:0060318
11422,GO:0060319
11423,GO:0060322
11424,GO:0060323
11425,GO:0060324
11426,GO:0060325
11427,GO:0060326
11428,GO:0060327
11429,GO:0060330
11430,GO:0060333
11431,GO:0060334
11432,GO:0060335
11433,GO:0060336
11434,GO:0060337
11435,GO:0060338
11436,GO:0060339
11437,GO:0060340
11438,GO:0060341
11439,GO:0060342
11440,GO:0060346
11441,GO:0060347
11442,GO:0060348
11443,GO:0060349
11444,GO:0060350
11445,GO:0060351
11446,GO:0060352
11447,GO:0060353
11448,GO:0060354
11449,GO:0060355
11450,GO:0060359
11451,GO:0060363
11452,GO:0060364
11453,GO:0060368
11454,GO:0060369
11455,GO:0060370
11456,GO:0060371
11457,GO:0060372
11458,GO:0060373
11459,GO:0060374
11460,GO:0060376
11461,GO:0060377
11462,GO:0060378
11463,GO:0060379
11464,GO:0060382
11465,GO:0060383
11466,GO:0060384
11467,GO:0060385
11468,GO:0060386
11469,GO:0060391
11470,GO:0060392
11471,GO:0060395
11472,GO:0060396
11473,GO:0060397
11474,GO:0060398
11475,GO:0060399
11476,GO:0060400
11477,GO:0060402
11478,GO:0060404
11479,GO:0060406
11480,GO:0060411
11481,GO:0060412
11482,GO:0060413
11483,GO:0060414
11484,GO:0060415
11485,GO:0060416
11486,GO:0060420
11487,GO:0060421
11488,GO:0060422
11489,GO:0060425
11490,GO:0060426
11491,GO:0060428
11492,GO:0060429
11493,GO:0060430
11494,GO:0060433
11495,GO:0060435
11496,GO:0060438
11497,GO:0060441
11498,GO:0060442
11499,GO:0060444
11500,GO:0060445
11501,GO:0060447
11502,GO:0060448
11503,GO:0060449
11504,GO:0060450
11505,GO:0060452
11506,GO:0060453
11507,GO:0060455
11508,GO:0060463
11509,GO:0060466
11510,GO:0060468
11511,GO:0060470
11512,GO:0060471
11513,GO:0060473
11514,GO:0060474
11515,GO:0060478
11516,GO:0060482
11517,GO:0060484
11518,GO:0060485
11519,GO:0060486
11520,GO:0060487
11521,GO:0060488
11522,GO:0060489
11523,GO:0060490
11524,GO:0060491
11525,GO:0060501
11526,GO:0060502
11527,GO:0060503
11528,GO:0060509
11529,GO:0060510
11530,GO:0060512
11531,GO:0060517
11532,GO:0060523
11533,GO:0060527
11534,GO:0060529
11535,GO:0060535
11536,GO:0060537
11537,GO:0060538
11538,GO:0060539
11539,GO:0060541
11540,GO:0060544
11541,GO:0060545
11542,GO:0060546
11543,GO:0060552
11544,GO:0060557
11545,GO:0060560
11546,GO:0060561
11547,GO:0060562
11548,GO:0060563
11549,GO:0060566
11550,GO:0060575
11551,GO:0060576
11552,GO:0060577
11553,GO:0060579
11554,GO:0060586
11555,GO:0060587
11556,GO:0060588
11557,GO:0060590
11558,GO:0060591
11559,GO:0060601
11560,GO:0060603
11561,GO:0060612
11562,GO:0060613
11563,GO:0060615
11564,GO:0060620
11565,GO:0060621
11566,GO:0060623
11567,GO:0060627
11568,GO:0060628
11569,GO:0060629
11570,GO:0060631
11571,GO:0060632
11572,GO:0060633
11573,GO:0060644
11574,GO:0060664
11575,GO:0060665
11576,GO:0060667
11577,GO:0060669
11578,GO:0060670
11579,GO:0060674
11580,GO:0060675
11581,GO:0060676
11582,GO:0060678
11583,GO:0060681
11584,GO:0060683
11585,GO:0060684
11586,GO:0060686
11587,GO:0060688
11588,GO:0060693
11589,GO:0060697
11590,GO:0060698
11591,GO:0060700
11592,GO:0060702
11593,GO:0060703
11594,GO:0060706
11595,GO:0060707
11596,GO:0060710
11597,GO:0060711
11598,GO:0060712
11599,GO:0060715
11600,GO:0060716
11601,GO:0060717
11602,GO:0060718
11603,GO:0060719
11604,GO:0060720
11605,GO:0060729
11606,GO:0060730
11607,GO:0060731
11608,GO:0060732
11609,GO:0060736
11610,GO:0060740
11611,GO:0060741
11612,GO:0060749
11613,GO:0060753
11614,GO:0060754
11615,GO:0060755
11616,GO:0060760
11617,GO:0060761
11618,GO:0060765
11619,GO:0060766
11620,GO:0060770
11621,GO:0060784
11622,GO:0060785
11623,GO:0060789
11624,GO:0060795
11625,GO:0060800
11626,GO:0060809
11627,GO:0060816
11628,GO:0060828
11629,GO:0060836
11630,GO:0060838
11631,GO:0060840
11632,GO:0060841
11633,GO:0060842
11634,GO:0060843
11635,GO:0060844
11636,GO:0060853
11637,GO:0060854
11638,GO:0060856
11639,GO:0060857
11640,GO:0060876
11641,GO:0060887
11642,GO:0060900
11643,GO:0060904
11644,GO:0060906
11645,GO:0060907
11646,GO:0060913
11647,GO:0060914
11648,GO:0060915
11649,GO:0060916
11650,GO:0060920
11651,GO:0060921
11652,GO:0060923
11653,GO:0060928
11654,GO:0060929
11655,GO:0060930
11656,GO:0060931
11657,GO:0060932
11658,GO:0060936
11659,GO:0060939
11660,GO:0060940
11661,GO:0060945
11662,GO:0060947
11663,GO:0060948
11664,GO:0060956
11665,GO:0060964
11666,GO:0060965
11667,GO:0060971
11668,GO:0060972
11669,GO:0060973
11670,GO:0060975
11671,GO:0060976
11672,GO:0060978
11673,GO:0060979
11674,GO:0060980
11675,GO:0060981
11676,GO:0060982
11677,GO:0060987
11678,GO:0060988
11679,GO:0060992
11680,GO:0060993
11681,GO:0060996
11682,GO:0060997
11683,GO:0060998
11684,GO:0060999
11685,GO:0061000
11686,GO:0061001
11687,GO:0061002
11688,GO:0061003
11689,GO:0061006
11690,GO:0061010
11691,GO:0061014
11692,GO:0061015
11693,GO:0061024
11694,GO:0061025
11695,GO:0061026
11696,GO:0061028
11697,GO:0061029
11698,GO:0061030
11699,GO:0061031
11700,GO:0061032
11701,GO:0061033
11702,GO:0061034
11703,GO:0061035
11704,GO:0061036
11705,GO:0061037
11706,GO:0061038
11707,GO:0061041
11708,GO:0061042
11709,GO:0061043
11710,GO:0061044
11711,GO:0061045
11712,GO:0061047
11713,GO:0061048
11714,GO:0061049
11715,GO:0061051
11716,GO:0061052
11717,GO:0061053
11718,GO:0061055
11719,GO:0061056
11720,GO:0061061
11721,GO:0061072
11722,GO:0061073
11723,GO:0061074
11724,GO:0061081
11725,GO:0061084
11726,GO:0061092
11727,GO:0061097
11728,GO:0061098
11729,GO:0061099
11730,GO:0061101
11731,GO:0061104
11732,GO:0061110
11733,GO:0061133
11734,GO:0061135
11735,GO:0061136
11736,GO:0061138
11737,GO:0061141
11738,GO:0061143
11739,GO:0061146
11740,GO:0061154
11741,GO:0061156
11742,GO:0061157
11743,GO:0061158
11744,GO:0061159
11745,GO:0061163
11746,GO:0061172
11747,GO:0061178
11748,GO:0061179
11749,GO:0061180
11750,GO:0061181
11751,GO:0061182
11752,GO:0061184
11753,GO:0061185
11754,GO:0061188
11755,GO:0061189
11756,GO:0061197
11757,GO:0061198
11758,GO:0061202
11759,GO:0061205
11760,GO:0061298
11761,GO:0061299
11762,GO:0061301
11763,GO:0061302
11764,GO:0061303
11765,GO:0061304
11766,GO:0061309
11767,GO:0061314
11768,GO:0061326
11769,GO:0061333
11770,GO:0061337
11771,GO:0061339
11772,GO:0061343
11773,GO:0061344
11774,GO:0061351
11775,GO:0061355
11776,GO:0061357
11777,GO:0061358
11778,GO:0061360
11779,GO:0061364
11780,GO:0061365
11781,GO:0061367
11782,GO:0061368
11783,GO:0061369
11784,GO:0061370
11785,GO:0061371
11786,GO:0061374
11787,GO:0061377
11788,GO:0061379
11789,GO:0061381
11790,GO:0061384
11791,GO:0061386
11792,GO:0061430
11793,GO:0061431
11794,GO:0061433
11795,GO:0061436
11796,GO:0061441
11797,GO:0061444
11798,GO:0061445
11799,GO:0061448
11800,GO:0061450
11801,GO:0061452
11802,GO:0061458
11803,GO:0061459
11804,GO:0061462
11805,GO:0061463
11806,GO:0061469
11807,GO:0061470
11808,GO:0061474
11809,GO:0061481
11810,GO:0061484
11811,GO:0061485
11812,GO:0061501
11813,GO:0061507
11814,GO:0061511
11815,GO:0061512
11816,GO:0061513
11817,GO:0061514
11818,GO:0061515
11819,GO:0061516
11820,GO:0061518
11821,GO:0061523
11822,GO:0061526
11823,GO:0061534
11824,GO:0061542
11825,GO:0061547
11826,GO:0061549
11827,GO:0061550
11828,GO:0061551
11829,GO:0061564
11830,GO:0061572
11831,GO:0061573
11832,GO:0061574
11833,GO:0061575
11834,GO:0061577
11835,GO:0061578
11836,GO:0061580
11837,GO:0061582
11838,GO:0061588
11839,GO:0061589
11840,GO:0061590
11841,GO:0061598
11842,GO:0061599
11843,GO:0061604
11844,GO:0061605
11845,GO:0061608
11846,GO:0061609
11847,GO:0061611
11848,GO:0061614
11849,GO:0061615
11850,GO:0061617
11851,GO:0061620
11852,GO:0061621
11853,GO:0061626
11854,GO:0061627
11855,GO:0061628
11856,GO:0061629
11857,GO:0061630
11858,GO:0061631
11859,GO:0061632
11860,GO:0061635
11861,GO:0061638
11862,GO:0061640
11863,GO:0061642
11864,GO:0061643
11865,GO:0061644
11866,GO:0061646
11867,GO:0061649
11868,GO:0061650
11869,GO:0061651
11870,GO:0061653
11871,GO:0061654
11872,GO:0061656
11873,GO:0061657
11874,GO:0061659
11875,GO:0061662
11876,GO:0061663
11877,GO:0061665
11878,GO:0061666
11879,GO:0061668
11880,GO:0061669
11881,GO:0061670
11882,GO:0061671
11883,GO:0061673
11884,GO:0061676
11885,GO:0061684
11886,GO:0061685
11887,GO:0061689
11888,GO:0061690
11889,GO:0061691
11890,GO:0061692
11891,GO:0061696
11892,GO:0061697
11893,GO:0061698
11894,GO:0061700
11895,GO:0061702
11896,GO:0061708
11897,GO:0061709
11898,GO:0061710
11899,GO:0061711
11900,GO:0061713
11901,GO:0061714
11902,GO:0061723
11903,GO:0061724
11904,GO:0061731
11905,GO:0061733
11906,GO:0061734
11907,GO:0061736
11908,GO:0061737
11909,GO:0061738
11910,GO:0061739
11911,GO:0061740
11912,GO:0061742
11913,GO:0061743
11914,GO:0061744
11915,GO:0061749
11916,GO:0061750
11917,GO:0061751
11918,GO:0061752
11919,GO:0061753
11920,GO:0061755
11921,GO:0061756
11922,GO:0061757
11923,GO:0061760
11924,GO:0061762
11925,GO:0061763
11926,GO:0061764
11927,GO:0061767
11928,GO:0061768
11929,GO:0061769
11930,GO:0061770
11931,GO:0061771
11932,GO:0061772
11933,GO:0061773
11934,GO:0061775
11935,GO:0061779
11936,GO:0061789
11937,GO:0061792
11938,GO:0061793
11939,GO:0061795
11940,GO:0061797
11941,GO:0061798
11942,GO:0061799
11943,GO:0061800
11944,GO:0061801
11945,GO:0061809
11946,GO:0061815
11947,GO:0061819
11948,GO:0061820
11949,GO:0061821
11950,GO:0061824
11951,GO:0061827
11952,GO:0061830
11953,GO:0061831
11954,GO:0061832
11955,GO:0061833
11956,GO:0061837
11957,GO:0061844
11958,GO:0061845
11959,GO:0061846
11960,GO:0061847
11961,GO:0061849
11962,GO:0061850
11963,GO:0061851
11964,GO:0061852
11965,GO:0061855
11966,GO:0061857
11967,GO:0061860
11968,GO:0061863
11969,GO:0061865
11970,GO:0061870
11971,GO:0061874
11972,GO:0061881
11973,GO:0061885
11974,GO:0061886
11975,GO:0061888
11976,GO:0061889
11977,GO:0061890
11978,GO:0061891
11979,GO:0061896
11980,GO:0061897
11981,GO:0061898
11982,GO:0061899
11983,GO:0061908
11984,GO:0061909
11985,GO:0061910
11986,GO:0061913
11987,GO:0061920
11988,GO:0061921
11989,GO:0061928
11990,GO:0061929
11991,GO:0061931
11992,GO:0061938
11993,GO:0061939
11994,GO:0061944
11995,GO:0061945
11996,GO:0061951
11997,GO:0061952
11998,GO:0061953
11999,GO:0061966
12000,GO:0061975
12001,GO:0061980
12002,GO:0061982
12003,GO:0062000
12004,GO:0062009
12005,GO:0062026
12006,GO:0062027
12007,GO:0062028
12008,GO:0062029
12009,GO:0062030
12010,GO:0062033
12011,GO:0062036
12012,GO:0062037
12013,GO:0062043
12014,GO:0062044
12015,GO:0062050
12016,GO:0062054
12017,GO:0062058
12018,GO:0062060
12019,GO:0062061
12020,GO:0062062
12021,GO:0062063
12022,GO:0062064
12023,GO:0062069
12024,GO:0062072
12025,GO:0062073
12026,GO:0062076
12027,GO:0062078
12028,GO:0062080
12029,GO:0062081
12030,GO:0062082
12031,GO:0062089
12032,GO:0062094
12033,GO:0062098
12034,GO:0062099
12035,GO:0062100
12036,GO:0062101
12037,GO:0062105
12038,GO:0062111
12039,GO:0062112
12040,GO:0062124
12041,GO:0062133
12042,GO:0062136
12043,GO:0062137
12044,GO:0062141
12045,GO:0062151
12046,GO:0062152
12047,GO:0062153
12048,GO:0062154
12049,GO:0062156
12050,GO:0062157
12051,GO:0062158
12052,GO:0062167
12053,GO:0062172
12054,GO:0062173
12055,GO:0062175
12056,GO:0062176
12057,GO:0062177
12058,GO:0062180
12059,GO:0062181
12060,GO:0062182
12061,GO:0062183
12062,GO:0062184
12063,GO:0062185
12064,GO:0062187
12065,GO:0062188
12066,GO:0062189
12067,GO:0062196
12068,GO:0062197
12069,GO:0062208
12070,GO:0062213
12071,GO:0062234
12072,GO:0062237
12073,GO:0065001
12074,GO:0065002
12075,GO:0065003
12076,GO:0065004
12077,GO:0065005
12078,GO:0065010
12079,GO:0070001
12080,GO:0070002
12081,GO:0070004
12082,GO:0070005
12083,GO:0070006
12084,GO:0070008
12085,GO:0070009
12086,GO:0070012
12087,GO:0070013
12088,GO:0070016
12089,GO:0070021
12090,GO:0070025
12091,GO:0070026
12092,GO:0070032
12093,GO:0070033
12094,GO:0070034
12095,GO:0070037
12096,GO:0070039
12097,GO:0070041
12098,GO:0070042
12099,GO:0070044
12100,GO:0070050
12101,GO:0070051
12102,GO:0070052
12103,GO:0070053
12104,GO:0070054
12105,GO:0070059
12106,GO:0070060
12107,GO:0070061
12108,GO:0070062
12109,GO:0070063
12110,GO:0070064
12111,GO:0070069
12112,GO:0070070
12113,GO:0070072
12114,GO:0070073
12115,GO:0070075
12116,GO:0070080
12117,GO:0070083
12118,GO:0070086
12119,GO:0070087
12120,GO:0070089
12121,GO:0070091
12122,GO:0070092
12123,GO:0070093
12124,GO:0070094
12125,GO:0070095
12126,GO:0070096
12127,GO:0070097
12128,GO:0070098
12129,GO:0070100
12130,GO:0070101
12131,GO:0070102
12132,GO:0070104
12133,GO:0070105
12134,GO:0070106
12135,GO:0070110
12136,GO:0070119
12137,GO:0070120
12138,GO:0070123
12139,GO:0070124
12140,GO:0070125
12141,GO:0070126
12142,GO:0070127
12143,GO:0070129
12144,GO:0070130
12145,GO:0070131
12146,GO:0070139
12147,GO:0070141
12148,GO:0070143
12149,GO:0070145
12150,GO:0070150
12151,GO:0070158
12152,GO:0070159
12153,GO:0070160
12154,GO:0070161
12155,GO:0070164
12156,GO:0070165
12157,GO:0070166
12158,GO:0070168
12159,GO:0070169
12160,GO:0070171
12161,GO:0070172
12162,GO:0070173
12163,GO:0070175
12164,GO:0070176
12165,GO:0070179
12166,GO:0070180
12167,GO:0070181
12168,GO:0070182
12169,GO:0070183
12170,GO:0070184
12171,GO:0070186
12172,GO:0070187
12173,GO:0070192
12174,GO:0070193
12175,GO:0070195
12176,GO:0070197
12177,GO:0070198
12178,GO:0070200
12179,GO:0070201
12180,GO:0070202
12181,GO:0070203
12182,GO:0070206
12183,GO:0070207
12184,GO:0070210
12185,GO:0070212
12186,GO:0070213
12187,GO:0070224
12188,GO:0070227
12189,GO:0070228
12190,GO:0070231
12191,GO:0070232
12192,GO:0070233
12193,GO:0070234
12194,GO:0070235
12195,GO:0070236
12196,GO:0070241
12197,GO:0070242
12198,GO:0070244
12199,GO:0070245
12200,GO:0070247
12201,GO:0070251
12202,GO:0070252
12203,GO:0070253
12204,GO:0070254
12205,GO:0070256
12206,GO:0070257
12207,GO:0070259
12208,GO:0070260
12209,GO:0070262
12210,GO:0070266
12211,GO:0070268
12212,GO:0070269
12213,GO:0070273
12214,GO:0070274
12215,GO:0070278
12216,GO:0070279
12217,GO:0070280
12218,GO:0070285
12219,GO:0070286
12220,GO:0070287
12221,GO:0070288
12222,GO:0070290
12223,GO:0070291
12224,GO:0070292
12225,GO:0070293
12226,GO:0070294
12227,GO:0070295
12228,GO:0070296
12229,GO:0070300
12230,GO:0070301
12231,GO:0070303
12232,GO:0070304
12233,GO:0070305
12234,GO:0070306
12235,GO:0070307
12236,GO:0070309
12237,GO:0070310
12238,GO:0070314
12239,GO:0070315
12240,GO:0070316
12241,GO:0070317
12242,GO:0070318
12243,GO:0070320
12244,GO:0070324
12245,GO:0070325
12246,GO:0070326
12247,GO:0070327
12248,GO:0070328
12249,GO:0070330
12250,GO:0070335
12251,GO:0070336
12252,GO:0070337
12253,GO:0070342
12254,GO:0070343
12255,GO:0070345
12256,GO:0070346
12257,GO:0070350
12258,GO:0070351
12259,GO:0070352
12260,GO:0070358
12261,GO:0070365
12262,GO:0070368
12263,GO:0070369
12264,GO:0070370
12265,GO:0070371
12266,GO:0070372
12267,GO:0070373
12268,GO:0070374
12269,GO:0070375
12270,GO:0070378
12271,GO:0070381
12272,GO:0070382
12273,GO:0070383
12274,GO:0070384
12275,GO:0070390
12276,GO:0070392
12277,GO:0070401
12278,GO:0070402
12279,GO:0070403
12280,GO:0070404
12281,GO:0070407
12282,GO:0070409
12283,GO:0070410
12284,GO:0070411
12285,GO:0070412
12286,GO:0070417
12287,GO:0070418
12288,GO:0070419
12289,GO:0070421
12290,GO:0070424
12291,GO:0070427
12292,GO:0070429
12293,GO:0070430
12294,GO:0070431
12295,GO:0070433
12296,GO:0070434
12297,GO:0070435
12298,GO:0070436
12299,GO:0070442
12300,GO:0070443
12301,GO:0070444
12302,GO:0070445
12303,GO:0070446
12304,GO:0070447
12305,GO:0070449
12306,GO:0070453
12307,GO:0070455
12308,GO:0070458
12309,GO:0070459
12310,GO:0070461
12311,GO:0070462
12312,GO:0070463
12313,GO:0070472
12314,GO:0070473
12315,GO:0070474
12316,GO:0070475
12317,GO:0070476
12318,GO:0070478
12319,GO:0070481
12320,GO:0070482
12321,GO:0070483
12322,GO:0070486
12323,GO:0070487
12324,GO:0070488
12325,GO:0070489
12326,GO:0070492
12327,GO:0070493
12328,GO:0070495
12329,GO:0070498
12330,GO:0070506
12331,GO:0070507
12332,GO:0070508
12333,GO:0070509
12334,GO:0070513
12335,GO:0070516
12336,GO:0070522
12337,GO:0070523
12338,GO:0070524
12339,GO:0070527
12340,GO:0070528
12341,GO:0070530
12342,GO:0070531
12343,GO:0070532
12344,GO:0070533
12345,GO:0070534
12346,GO:0070536
12347,GO:0070538
12348,GO:0070539
12349,GO:0070541
12350,GO:0070542
12351,GO:0070543
12352,GO:0070545
12353,GO:0070551
12354,GO:0070552
12355,GO:0070553
12356,GO:0070554
12357,GO:0070555
12358,GO:0070557
12359,GO:0070560
12360,GO:0070561
12361,GO:0070562
12362,GO:0070563
12363,GO:0070564
12364,GO:0070566
12365,GO:0070567
12366,GO:0070568
12367,GO:0070569
12368,GO:0070571
12369,GO:0070573
12370,GO:0070574
12371,GO:0070576
12372,GO:0070578
12373,GO:0070579
12374,GO:0070585
12375,GO:0070588
12376,GO:0070593
12377,GO:0070602
12378,GO:0070611
12379,GO:0070612
12380,GO:0070613
12381,GO:0070618
12382,GO:0070622
12383,GO:0070625
12384,GO:0070626
12385,GO:0070628
12386,GO:0070633
12387,GO:0070634
12388,GO:0070640
12389,GO:0070644
12390,GO:0070646
12391,GO:0070649
12392,GO:0070651
12393,GO:0070652
12394,GO:0070653
12395,GO:0070654
12396,GO:0070661
12397,GO:0070662
12398,GO:0070663
12399,GO:0070664
12400,GO:0070665
12401,GO:0070667
12402,GO:0070668
12403,GO:0070669
12404,GO:0070670
12405,GO:0070671
12406,GO:0070672
12407,GO:0070673
12408,GO:0070674
12409,GO:0070675
12410,GO:0070676
12411,GO:0070679
12412,GO:0070681
12413,GO:0070682
12414,GO:0070684
12415,GO:0070685
12416,GO:0070691
12417,GO:0070694
12418,GO:0070695
12419,GO:0070697
12420,GO:0070698
12421,GO:0070699
12422,GO:0070700
12423,GO:0070701
12424,GO:0070702
12425,GO:0070703
12426,GO:0070704
12427,GO:0070715
12428,GO:0070716
12429,GO:0070721
12430,GO:0070723
12431,GO:0070724
12432,GO:0070728
12433,GO:0070729
12434,GO:0070730
12435,GO:0070731
12436,GO:0070733
12437,GO:0070735
12438,GO:0070736
12439,GO:0070739
12440,GO:0070740
12441,GO:0070741
12442,GO:0070742
12443,GO:0070743
12444,GO:0070745
12445,GO:0070757
12446,GO:0070761
12447,GO:0070762
12448,GO:0070765
12449,GO:0070772
12450,GO:0070773
12451,GO:0070776
12452,GO:0070777
12453,GO:0070778
12454,GO:0070779
12455,GO:0070780
12456,GO:0070781
12457,GO:0070782
12458,GO:0070814
12459,GO:0070815
12460,GO:0070820
12461,GO:0070821
12462,GO:0070822
12463,GO:0070826
12464,GO:0070828
12465,GO:0070830
12466,GO:0070831
12467,GO:0070836
12468,GO:0070837
12469,GO:0070840
12470,GO:0070842
12471,GO:0070845
12472,GO:0070847
12473,GO:0070848
12474,GO:0070849
12475,GO:0070851
12476,GO:0070852
12477,GO:0070853
12478,GO:0070856
12479,GO:0070857
12480,GO:0070858
12481,GO:0070859
12482,GO:0070860
12483,GO:0070876
12484,GO:0070877
12485,GO:0070878
12486,GO:0070883
12487,GO:0070884
12488,GO:0070885
12489,GO:0070886
12490,GO:0070888
12491,GO:0070889
12492,GO:0070891
12493,GO:0070892
12494,GO:0070897
12495,GO:0070898
12496,GO:0070899
12497,GO:0070900
12498,GO:0070901
12499,GO:0070902
12500,GO:0070905
12501,GO:0070911
12502,GO:0070914
12503,GO:0070915
12504,GO:0070920
12505,GO:0070921
12506,GO:0070922
12507,GO:0070925
12508,GO:0070931
12509,GO:0070934
12510,GO:0070935
12511,GO:0070936
12512,GO:0070937
12513,GO:0070938
12514,GO:0070939
12515,GO:0070943
12516,GO:0070944
12517,GO:0070945
12518,GO:0070947
12519,GO:0070948
12520,GO:0070966
12521,GO:0070971
12522,GO:0070972
12523,GO:0070974
12524,GO:0070975
12525,GO:0070976
12526,GO:0070977
12527,GO:0070979
12528,GO:0070981
12529,GO:0070985
12530,GO:0070986
12531,GO:0070987
12532,GO:0070988
12533,GO:0070989
12534,GO:0070990
12535,GO:0070991
12536,GO:0070992
12537,GO:0070994
12538,GO:0070996
12539,GO:0071000
12540,GO:0071001
12541,GO:0071002
12542,GO:0071004
12543,GO:0071005
12544,GO:0071006
12545,GO:0071007
12546,GO:0071008
12547,GO:0071009
12548,GO:0071011
12549,GO:0071012
12550,GO:0071013
12551,GO:0071014
12552,GO:0071016
12553,GO:0071018
12554,GO:0071020
12555,GO:0071021
12556,GO:0071025
12557,GO:0071027
12558,GO:0071028
12559,GO:0071030
12560,GO:0071031
12561,GO:0071032
12562,GO:0071034
12563,GO:0071035
12564,GO:0071036
12565,GO:0071037
12566,GO:0071038
12567,GO:0071039
12568,GO:0071040
12569,GO:0071042
12570,GO:0071044
12571,GO:0071045
12572,GO:0071051
12573,GO:0071062
12574,GO:0071065
12575,GO:0071071
12576,GO:0071072
12577,GO:0071073
12578,GO:0071074
12579,GO:0071103
12580,GO:0071104
12581,GO:0071105
12582,GO:0071107
12583,GO:0071108
12584,GO:0071109
12585,GO:0071133
12586,GO:0071139
12587,GO:0071140
12588,GO:0071141
12589,GO:0071142
12590,GO:0071144
12591,GO:0071159
12592,GO:0071162
12593,GO:0071163
12594,GO:0071164
12595,GO:0071166
12596,GO:0071168
12597,GO:0071169
12598,GO:0071193
12599,GO:0071196
12600,GO:0071203
12601,GO:0071204
12602,GO:0071205
12603,GO:0071206
12604,GO:0071207
12605,GO:0071208
12606,GO:0071209
12607,GO:0071211
12608,GO:0071217
12609,GO:0071218
12610,GO:0071219
12611,GO:0071221
12612,GO:0071222
12613,GO:0071223
12614,GO:0071224
12615,GO:0071225
12616,GO:0071226
12617,GO:0071228
12618,GO:0071230
12619,GO:0071231
12620,GO:0071233
12621,GO:0071236
12622,GO:0071240
12623,GO:0071242
12624,GO:0071243
12625,GO:0071244
12626,GO:0071248
12627,GO:0071253
12628,GO:0071254
12629,GO:0071256
12630,GO:0071257
12631,GO:0071259
12632,GO:0071260
12633,GO:0071261
12634,GO:0071264
12635,GO:0071265
12636,GO:0071266
12637,GO:0071267
12638,GO:0071273
12639,GO:0071275
12640,GO:0071276
12641,GO:0071277
12642,GO:0071279
12643,GO:0071280
12644,GO:0071281
12645,GO:0071283
12646,GO:0071284
12647,GO:0071285
12648,GO:0071286
12649,GO:0071287
12650,GO:0071288
12651,GO:0071294
12652,GO:0071298
12653,GO:0071300
12654,GO:0071301
12655,GO:0071305
12656,GO:0071306
12657,GO:0071307
12658,GO:0071312
12659,GO:0071313
12660,GO:0071314
12661,GO:0071315
12662,GO:0071316
12663,GO:0071318
12664,GO:0071320
12665,GO:0071321
12666,GO:0071329
12667,GO:0071332
12668,GO:0071333
12669,GO:0071335
12670,GO:0071338
12671,GO:0071339
12672,GO:0071340
12673,GO:0071344
12674,GO:0071345
12675,GO:0071346
12676,GO:0071347
12677,GO:0071348
12678,GO:0071349
12679,GO:0071353
12680,GO:0071354
12681,GO:0071356
12682,GO:0071357
12683,GO:0071359
12684,GO:0071360
12685,GO:0071361
12686,GO:0071362
12687,GO:0071363
12688,GO:0071364
12689,GO:0071371
12690,GO:0071372
12691,GO:0071373
12692,GO:0071374
12693,GO:0071375
12694,GO:0071376
12695,GO:0071377
12696,GO:0071378
12697,GO:0071379
12698,GO:0071380
12699,GO:0071383
12700,GO:0071384
12701,GO:0071385
12702,GO:0071386
12703,GO:0071387
12704,GO:0071389
12705,GO:0071391
12706,GO:0071392
12707,GO:0071393
12708,GO:0071394
12709,GO:0071395
12710,GO:0071396
12711,GO:0071397
12712,GO:0071398
12713,GO:0071400
12714,GO:0071401
12715,GO:0071402
12716,GO:0071403
12717,GO:0071404
12718,GO:0071409
12719,GO:0071412
12720,GO:0071415
12721,GO:0071418
12722,GO:0071420
12723,GO:0071421
12724,GO:0071422
12725,GO:0071423
12726,GO:0071424
12727,GO:0071425
12728,GO:0071439
12729,GO:0071447
12730,GO:0071449
12731,GO:0071451
12732,GO:0071453
12733,GO:0071454
12734,GO:0071455
12735,GO:0071456
12736,GO:0071459
12737,GO:0071460
12738,GO:0071461
12739,GO:0071464
12740,GO:0071466
12741,GO:0071467
12742,GO:0071468
12743,GO:0071469
12744,GO:0071470
12745,GO:0071471
12746,GO:0071472
12747,GO:0071474
12748,GO:0071475
12749,GO:0071476
12750,GO:0071477
12751,GO:0071478
12752,GO:0071479
12753,GO:0071480
12754,GO:0071481
12755,GO:0071482
12756,GO:0071486
12757,GO:0071492
12758,GO:0071493
12759,GO:0071494
12760,GO:0071498
12761,GO:0071499
12762,GO:0071500
12763,GO:0071501
12764,GO:0071502
12765,GO:0071503
12766,GO:0071504
12767,GO:0071506
12768,GO:0071513
12769,GO:0071514
12770,GO:0071526
12771,GO:0071528
12772,GO:0071529
12773,GO:0071532
12774,GO:0071535
12775,GO:0071539
12776,GO:0071540
12777,GO:0071541
12778,GO:0071542
12779,GO:0071544
12780,GO:0071545
12781,GO:0071546
12782,GO:0071547
12783,GO:0071548
12784,GO:0071549
12785,GO:0071550
12786,GO:0071558
12787,GO:0071559
12788,GO:0071560
12789,GO:0071561
12790,GO:0071564
12791,GO:0071565
12792,GO:0071566
12793,GO:0071567
12794,GO:0071568
12795,GO:0071569
12796,GO:0071577
12797,GO:0071578
12798,GO:0071579
12799,GO:0071584
12800,GO:0071585
12801,GO:0071586
12802,GO:0071593
12803,GO:0071595
12804,GO:0071596
12805,GO:0071598
12806,GO:0071599
12807,GO:0071602
12808,GO:0071603
12809,GO:0071604
12810,GO:0071614
12811,GO:0071616
12812,GO:0071617
12813,GO:0071618
12814,GO:0071621
12815,GO:0071622
12816,GO:0071624
12817,GO:0071625
12818,GO:0071626
12819,GO:0071629
12820,GO:0071630
12821,GO:0071635
12822,GO:0071636
12823,GO:0071638
12824,GO:0071639
12825,GO:0071640
12826,GO:0071641
12827,GO:0071642
12828,GO:0071644
12829,GO:0071650
12830,GO:0071651
12831,GO:0071654
12832,GO:0071656
12833,GO:0071657
12834,GO:0071659
12835,GO:0071660
12836,GO:0071663
12837,GO:0071664
12838,GO:0071665
12839,GO:0071667
12840,GO:0071670
12841,GO:0071672
12842,GO:0071673
12843,GO:0071674
12844,GO:0071676
12845,GO:0071677
12846,GO:0071679
12847,GO:0071680
12848,GO:0071681
12849,GO:0071682
12850,GO:0071691
12851,GO:0071692
12852,GO:0071693
12853,GO:0071707
12854,GO:0071709
12855,GO:0071711
12856,GO:0071714
12857,GO:0071716
12858,GO:0071722
12859,GO:0071723
12860,GO:0071726
12861,GO:0071727
12862,GO:0071731
12863,GO:0071732
12864,GO:0071735
12865,GO:0071738
12866,GO:0071742
12867,GO:0071744
12868,GO:0071745
12869,GO:0071748
12870,GO:0071750
12871,GO:0071751
12872,GO:0071752
12873,GO:0071753
12874,GO:0071755
12875,GO:0071756
12876,GO:0071757
12877,GO:0071763
12878,GO:0071765
12879,GO:0071773
12880,GO:0071774
12881,GO:0071782
12882,GO:0071786
12883,GO:0071787
12884,GO:0071788
12885,GO:0071791
12886,GO:0071795
12887,GO:0071796
12888,GO:0071797
12889,GO:0071799
12890,GO:0071800
12891,GO:0071801
12892,GO:0071803
12893,GO:0071805
12894,GO:0071806
12895,GO:0071812
12896,GO:0071813
12897,GO:0071816
12898,GO:0071817
12899,GO:0071818
12900,GO:0071819
12901,GO:0071820
12902,GO:0071821
12903,GO:0071830
12904,GO:0071831
12905,GO:0071837
12906,GO:0071838
12907,GO:0071846
12908,GO:0071855
12909,GO:0071863
12910,GO:0071864
12911,GO:0071866
12912,GO:0071867
12913,GO:0071869
12914,GO:0071870
12915,GO:0071871
12916,GO:0071872
12917,GO:0071873
12918,GO:0071874
12919,GO:0071875
12920,GO:0071877
12921,GO:0071878
12922,GO:0071879
12923,GO:0071880
12924,GO:0071881
12925,GO:0071882
12926,GO:0071885
12927,GO:0071886
12928,GO:0071887
12929,GO:0071888
12930,GO:0071889
12931,GO:0071890
12932,GO:0071895
12933,GO:0071896
12934,GO:0071897
12935,GO:0071900
12936,GO:0071901
12937,GO:0071902
12938,GO:0071907
12939,GO:0071908
12940,GO:0071909
12941,GO:0071910
12942,GO:0071913
12943,GO:0071914
12944,GO:0071916
12945,GO:0071918
12946,GO:0071919
12947,GO:0071920
12948,GO:0071926
12949,GO:0071929
12950,GO:0071932
12951,GO:0071933
12952,GO:0071934
12953,GO:0071942
12954,GO:0071943
12955,GO:0071944
12956,GO:0071947
12957,GO:0071949
12958,GO:0071951
12959,GO:0071953
12960,GO:0071955
12961,GO:0071962
12962,GO:0071963
12963,GO:0071965
12964,GO:0071971
12965,GO:0071985
12966,GO:0071986
12967,GO:0071987
12968,GO:0072006
12969,GO:0072010
12970,GO:0072011
12971,GO:0072012
12972,GO:0072014
12973,GO:0072015
12974,GO:0072016
12975,GO:0072017
12976,GO:0072028
12977,GO:0072034
12978,GO:0072038
12979,GO:0072044
12980,GO:0072047
12981,GO:0072049
12982,GO:0072050
12983,GO:0072051
12984,GO:0072053
12985,GO:0072054
12986,GO:0072060
12987,GO:0072061
12988,GO:0072070
12989,GO:0072073
12990,GO:0072075
12991,GO:0072076
12992,GO:0072077
12993,GO:0072078
12994,GO:0072086
12995,GO:0072089
12996,GO:0072091
12997,GO:0072092
12998,GO:0072095
12999,GO:0072102
13000,GO:0072104
13001,GO:0072105
13002,GO:0072107
13003,GO:0072108
13004,GO:0072110
13005,GO:0072111
13006,GO:0072112
13007,GO:0072125
13008,GO:0072126
13009,GO:0072133
13010,GO:0072134
13011,GO:0072136
13012,GO:0072138
13013,GO:0072139
13014,GO:0072141
13015,GO:0072143
13016,GO:0072144
13017,GO:0072148
13018,GO:0072156
13019,GO:0072160
13020,GO:0072161
13021,GO:0072162
13022,GO:0072163
13023,GO:0072164
13024,GO:0072166
13025,GO:0072168
13026,GO:0072169
13027,GO:0072170
13028,GO:0072172
13029,GO:0072175
13030,GO:0072177
13031,GO:0072178
13032,GO:0072179
13033,GO:0072180
13034,GO:0072182
13035,GO:0072183
13036,GO:0072184
13037,GO:0072189
13038,GO:0072190
13039,GO:0072197
13040,GO:0072200
13041,GO:0072201
13042,GO:0072205
13043,GO:0072207
13044,GO:0072208
13045,GO:0072210
13046,GO:0072213
13047,GO:0072214
13048,GO:0072218
13049,GO:0072219
13050,GO:0072220
13051,GO:0072221
13052,GO:0072223
13053,GO:0072224
13054,GO:0072227
13055,GO:0072229
13056,GO:0072230
13057,GO:0072232
13058,GO:0072233
13059,GO:0072234
13060,GO:0072235
13061,GO:0072236
13062,GO:0072237
13063,GO:0072239
13064,GO:0072240
13065,GO:0072249
13066,GO:0072254
13067,GO:0072255
13068,GO:0072259
13069,GO:0072262
13070,GO:0072267
13071,GO:0072268
13072,GO:0072272
13073,GO:0072277
13074,GO:0072278
13075,GO:0072282
13076,GO:0072283
13077,GO:0072284
13078,GO:0072285
13079,GO:0072286
13080,GO:0072287
13081,GO:0072289
13082,GO:0072300
13083,GO:0072302
13084,GO:0072303
13085,GO:0072307
13086,GO:0072308
13087,GO:0072318
13088,GO:0072319
13089,GO:0072320
13090,GO:0072330
13091,GO:0072331
13092,GO:0072332
13093,GO:0072334
13094,GO:0072340
13095,GO:0072341
13096,GO:0072344
13097,GO:0072345
13098,GO:0072347
13099,GO:0072350
13100,GO:0072354
13101,GO:0072356
13102,GO:0072357
13103,GO:0072359
13104,GO:0072375
13105,GO:0072376
13106,GO:0072377
13107,GO:0072378
13108,GO:0072380
13109,GO:0072383
13110,GO:0072384
13111,GO:0072385
13112,GO:0072386
13113,GO:0072389
13114,GO:0072393
13115,GO:0072423
13116,GO:0072429
13117,GO:0072432
13118,GO:0072487
13119,GO:0072488
13120,GO:0072489
13121,GO:0072497
13122,GO:0072498
13123,GO:0072518
13124,GO:0072520
13125,GO:0072527
13126,GO:0072528
13127,GO:0072530
13128,GO:0072531
13129,GO:0072534
13130,GO:0072536
13131,GO:0072537
13132,GO:0072538
13133,GO:0072539
13134,GO:0072540
13135,GO:0072541
13136,GO:0072542
13137,GO:0072544
13138,GO:0072545
13139,GO:0072546
13140,GO:0072553
13141,GO:0072554
13142,GO:0072557
13143,GO:0072558
13144,GO:0072559
13145,GO:0072560
13146,GO:0072562
13147,GO:0072563
13148,GO:0072570
13149,GO:0072571
13150,GO:0072572
13151,GO:0072573
13152,GO:0072574
13153,GO:0072577
13154,GO:0072579
13155,GO:0072582
13156,GO:0072583
13157,GO:0072584
13158,GO:0072589
13159,GO:0072590
13160,GO:0072591
13161,GO:0072593
13162,GO:0072594
13163,GO:0072656
13164,GO:0072657
13165,GO:0072659
13166,GO:0072660
13167,GO:0072663
13168,GO:0072665
13169,GO:0072669
13170,GO:0072672
13171,GO:0072673
13172,GO:0072674
13173,GO:0072675
13174,GO:0072676
13175,GO:0072678
13176,GO:0072679
13177,GO:0072683
13178,GO:0072686
13179,GO:0072687
13180,GO:0072697
13181,GO:0072707
13182,GO:0072708
13183,GO:0072709
13184,GO:0072710
13185,GO:0072711
13186,GO:0072715
13187,GO:0072716
13188,GO:0072717
13189,GO:0072718
13190,GO:0072719
13191,GO:0072720
13192,GO:0072721
13193,GO:0072722
13194,GO:0072732
13195,GO:0072734
13196,GO:0072736
13197,GO:0072738
13198,GO:0072739
13199,GO:0072740
13200,GO:0072749
13201,GO:0072752
13202,GO:0072753
13203,GO:0072757
13204,GO:0075342
13205,GO:0075506
13206,GO:0075509
13207,GO:0075512
13208,GO:0075522
13209,GO:0075523
13210,GO:0075525
13211,GO:0075713
13212,GO:0075733
13213,GO:0080007
13214,GO:0080008
13215,GO:0080019
13216,GO:0080023
13217,GO:0080025
13218,GO:0080042
13219,GO:0080048
13220,GO:0080079
13221,GO:0080120
13222,GO:0080121
13223,GO:0080122
13224,GO:0080129
13225,GO:0080132
13226,GO:0080135
13227,GO:0080139
13228,GO:0080144
13229,GO:0080146
13230,GO:0080154
13231,GO:0080164
13232,GO:0080170
13233,GO:0080183
13234,GO:0080184
13235,GO:0085017
13236,GO:0085020
13237,GO:0085029
13238,GO:0086001
13239,GO:0086002
13240,GO:0086003
13241,GO:0086004
13242,GO:0086005
13243,GO:0086006
13244,GO:0086007
13245,GO:0086008
13246,GO:0086009
13247,GO:0086010
13248,GO:0086011
13249,GO:0086012
13250,GO:0086013
13251,GO:0086014
13252,GO:0086015
13253,GO:0086016
13254,GO:0086018
13255,GO:0086020
13256,GO:0086021
13257,GO:0086027
13258,GO:0086029
13259,GO:0086036
13260,GO:0086038
13261,GO:0086039
13262,GO:0086041
13263,GO:0086042
13264,GO:0086043
13265,GO:0086044
13266,GO:0086045
13267,GO:0086046
13268,GO:0086047
13269,GO:0086048
13270,GO:0086050
13271,GO:0086052
13272,GO:0086053
13273,GO:0086054
13274,GO:0086055
13275,GO:0086056
13276,GO:0086057
13277,GO:0086059
13278,GO:0086060
13279,GO:0086061
13280,GO:0086062
13281,GO:0086063
13282,GO:0086064
13283,GO:0086066
13284,GO:0086067
13285,GO:0086069
13286,GO:0086070
13287,GO:0086072
13288,GO:0086073
13289,GO:0086075
13290,GO:0086076
13291,GO:0086077
13292,GO:0086078
13293,GO:0086079
13294,GO:0086080
13295,GO:0086082
13296,GO:0086083
13297,GO:0086087
13298,GO:0086089
13299,GO:0086090
13300,GO:0086091
13301,GO:0086092
13302,GO:0086097
13303,GO:0086100
13304,GO:0086103
13305,GO:0089701
13306,GO:0089708
13307,GO:0089709
13308,GO:0089715
13309,GO:0089718
13310,GO:0089720
13311,GO:0089721
13312,GO:0089722
13313,GO:0090009
13314,GO:0090022
13315,GO:0090023
13316,GO:0090024
13317,GO:0090025
13318,GO:0090026
13319,GO:0090027
13320,GO:0090031
13321,GO:0090035
13322,GO:0090036
13323,GO:0090037
13324,GO:0090038
13325,GO:0090042
13326,GO:0090043
13327,GO:0090045
13328,GO:0090049
13329,GO:0090050
13330,GO:0090051
13331,GO:0090063
13332,GO:0090067
13333,GO:0090068
13334,GO:0090069
13335,GO:0090070
13336,GO:0090075
13337,GO:0090076
13338,GO:0090077
13339,GO:0090083
13340,GO:0090084
13341,GO:0090085
13342,GO:0090086
13343,GO:0090090
13344,GO:0090091
13345,GO:0090092
13346,GO:0090094
13347,GO:0090096
13348,GO:0090100
13349,GO:0090101
13350,GO:0090102
13351,GO:0090103
13352,GO:0090104
13353,GO:0090107
13354,GO:0090108
13355,GO:0090110
13356,GO:0090111
13357,GO:0090114
13358,GO:0090117
13359,GO:0090118
13360,GO:0090119
13361,GO:0090120
13362,GO:0090122
13363,GO:0090126
13364,GO:0090128
13365,GO:0090129
13366,GO:0090131
13367,GO:0090132
13368,GO:0090133
13369,GO:0090134
13370,GO:0090135
13371,GO:0090136
13372,GO:0090140
13373,GO:0090141
13374,GO:0090148
13375,GO:0090149
13376,GO:0090150
13377,GO:0090155
13378,GO:0090156
13379,GO:0090158
13380,GO:0090160
13381,GO:0090161
13382,GO:0090162
13383,GO:0090164
13384,GO:0090166
13385,GO:0090168
13386,GO:0090169
13387,GO:0090170
13388,GO:0090174
13389,GO:0090175
13390,GO:0090176
13391,GO:0090181
13392,GO:0090183
13393,GO:0090184
13394,GO:0090187
13395,GO:0090188
13396,GO:0090189
13397,GO:0090190
13398,GO:0090191
13399,GO:0090193
13400,GO:0090194
13401,GO:0090199
13402,GO:0090200
13403,GO:0090201
13404,GO:0090204
13405,GO:0090205
13406,GO:0090206
13407,GO:0090207
13408,GO:0090208
13409,GO:0090209
13410,GO:0090210
13411,GO:0090212
13412,GO:0090218
13413,GO:0090220
13414,GO:0090222
13415,GO:0090234
13416,GO:0090235
13417,GO:0090237
13418,GO:0090238
13419,GO:0090249
13420,GO:0090251
13421,GO:0090257
13422,GO:0090258
13423,GO:0090259
13424,GO:0090260
13425,GO:0090261
13426,GO:0090262
13427,GO:0090263
13428,GO:0090264
13429,GO:0090265
13430,GO:0090266
13431,GO:0090267
13432,GO:0090271
13433,GO:0090272
13434,GO:0090274
13435,GO:0090275
13436,GO:0090276
13437,GO:0090277
13438,GO:0090279
13439,GO:0090280
13440,GO:0090281
13441,GO:0090287
13442,GO:0090288
13443,GO:0090290
13444,GO:0090291
13445,GO:0090292
13446,GO:0090296
13447,GO:0090297
13448,GO:0090298
13449,GO:0090301
13450,GO:0090303
13451,GO:0090304
13452,GO:0090306
13453,GO:0090307
13454,GO:0090310
13455,GO:0090311
13456,GO:0090312
13457,GO:0090313
13458,GO:0090314
13459,GO:0090315
13460,GO:0090316
13461,GO:0090318
13462,GO:0090319
13463,GO:0090321
13464,GO:0090322
13465,GO:0090324
13466,GO:0090325
13467,GO:0090326
13468,GO:0090327
13469,GO:0090329
13470,GO:0090330
13471,GO:0090331
13472,GO:0090335
13473,GO:0090336
13474,GO:0090341
13475,GO:0090346
13476,GO:0090350
13477,GO:0090362
13478,GO:0090364
13479,GO:0090367
13480,GO:0090370
13481,GO:0090382
13482,GO:0090383
13483,GO:0090385
13484,GO:0090394
13485,GO:0090398
13486,GO:0090399
13487,GO:0090400
13488,GO:0090402
13489,GO:0090403
13490,GO:0090407
13491,GO:0090409
13492,GO:0090410
13493,GO:0090416
13494,GO:0090422
13495,GO:0090427
13496,GO:0090433
13497,GO:0090434
13498,GO:0090435
13499,GO:0090443
13500,GO:0090459
13501,GO:0090461
13502,GO:0090472
13503,GO:0090481
13504,GO:0090482
13505,GO:0090486
13506,GO:0090493
13507,GO:0090494
13508,GO:0090500
13509,GO:0090521
13510,GO:0090524
13511,GO:0090533
13512,GO:0090534
13513,GO:0090535
13514,GO:0090536
13515,GO:0090537
13516,GO:0090541
13517,GO:0090543
13518,GO:0090554
13519,GO:0090555
13520,GO:0090556
13521,GO:0090557
13522,GO:0090559
13523,GO:0090560
13524,GO:0090571
13525,GO:0090575
13526,GO:0090580
13527,GO:0090594
13528,GO:0090599
13529,GO:0090615
13530,GO:0090616
13531,GO:0090619
13532,GO:0090624
13533,GO:0090625
13534,GO:0090630
13535,GO:0090633
13536,GO:0090636
13537,GO:0090637
13538,GO:0090646
13539,GO:0090649
13540,GO:0090650
13541,GO:0090651
13542,GO:0090656
13543,GO:0090657
13544,GO:0090658
13545,GO:0090659
13546,GO:0090660
13547,GO:0090661
13548,GO:0090663
13549,GO:0090666
13550,GO:0090669
13551,GO:0090671
13552,GO:0090673
13553,GO:0090675
13554,GO:0090676
13555,GO:0090694
13556,GO:0090716
13557,GO:0090717
13558,GO:0090720
13559,GO:0090721
13560,GO:0090722
13561,GO:0090724
13562,GO:0090730
13563,GO:0090732
13564,GO:0090733
13565,GO:0090734
13566,GO:0090737
13567,GO:0095500
13568,GO:0097001
13569,GO:0097003
13570,GO:0097004
13571,GO:0097006
13572,GO:0097009
13573,GO:0097011
13574,GO:0097013
13575,GO:0097014
13576,GO:0097016
13577,GO:0097017
13578,GO:0097018
13579,GO:0097020
13580,GO:0097021
13581,GO:0097022
13582,GO:0097023
13583,GO:0097025
13584,GO:0097026
13585,GO:0097027
13586,GO:0097028
13587,GO:0097029
13588,GO:0097035
13589,GO:0097037
13590,GO:0097038
13591,GO:0097039
13592,GO:0097045
13593,GO:0097049
13594,GO:0097050
13595,GO:0097051
13596,GO:0097054
13597,GO:0097055
13598,GO:0097057
13599,GO:0097058
13600,GO:0097059
13601,GO:0097060
13602,GO:0097061
13603,GO:0097062
13604,GO:0097066
13605,GO:0097067
13606,GO:0097068
13607,GO:0097069
13608,GO:0097070
13609,GO:0097080
13610,GO:0097084
13611,GO:0097089
13612,GO:0097090
13613,GO:0097091
13614,GO:0097094
13615,GO:0097100
13616,GO:0097101
13617,GO:0097102
13618,GO:0097103
13619,GO:0097104
13620,GO:0097105
13621,GO:0097106
13622,GO:0097107
13623,GO:0097108
13624,GO:0097109
13625,GO:0097110
13626,GO:0097111
13627,GO:0097112
13628,GO:0097113
13629,GO:0097114
13630,GO:0097115
13631,GO:0097116
13632,GO:0097117
13633,GO:0097118
13634,GO:0097119
13635,GO:0097120
13636,GO:0097121
13637,GO:0097122
13638,GO:0097123
13639,GO:0097124
13640,GO:0097125
13641,GO:0097128
13642,GO:0097129
13643,GO:0097130
13644,GO:0097131
13645,GO:0097132
13646,GO:0097133
13647,GO:0097134
13648,GO:0097135
13649,GO:0097136
13650,GO:0097138
13651,GO:0097140
13652,GO:0097141
13653,GO:0097144
13654,GO:0097145
13655,GO:0097148
13656,GO:0097149
13657,GO:0097150
13658,GO:0097151
13659,GO:0097152
13660,GO:0097154
13661,GO:0097155
13662,GO:0097156
13663,GO:0097157
13664,GO:0097158
13665,GO:0097160
13666,GO:0097161
13667,GO:0097162
13668,GO:0097163
13669,GO:0097165
13670,GO:0097167
13671,GO:0097168
13672,GO:0097169
13673,GO:0097176
13674,GO:0097177
13675,GO:0097178
13676,GO:0097179
13677,GO:0097180
13678,GO:0097181
13679,GO:0097182
13680,GO:0097183
13681,GO:0097184
13682,GO:0097186
13683,GO:0097187
13684,GO:0097190
13685,GO:0097191
13686,GO:0097192
13687,GO:0097193
13688,GO:0097194
13689,GO:0097195
13690,GO:0097196
13691,GO:0097197
13692,GO:0097205
13693,GO:0097208
13694,GO:0097209
13695,GO:0097210
13696,GO:0097211
13697,GO:0097212
13698,GO:0097213
13699,GO:0097214
13700,GO:0097222
13701,GO:0097225
13702,GO:0097226
13703,GO:0097227
13704,GO:0097228
13705,GO:0097229
13706,GO:0097232
13707,GO:0097233
13708,GO:0097234
13709,GO:0097237
13710,GO:0097241
13711,GO:0097242
13712,GO:0097243
13713,GO:0097250
13714,GO:0097252
13715,GO:0097254
13716,GO:0097255
13717,GO:0097257
13718,GO:0097258
13719,GO:0097259
13720,GO:0097264
13721,GO:0097265
13722,GO:0097267
13723,GO:0097268
13724,GO:0097269
13725,GO:0097272
13726,GO:0097275
13727,GO:0097278
13728,GO:0097284
13729,GO:0097291
13730,GO:0097294
13731,GO:0097298
13732,GO:0097300
13733,GO:0097305
13734,GO:0097320
13735,GO:0097322
13736,GO:0097323
13737,GO:0097324
13738,GO:0097325
13739,GO:0097326
13740,GO:0097327
13741,GO:0097332
13742,GO:0097341
13743,GO:0097342
13744,GO:0097343
13745,GO:0097345
13746,GO:0097350
13747,GO:0097352
13748,GO:0097355
13749,GO:0097356
13750,GO:0097359
13751,GO:0097361
13752,GO:0097362
13753,GO:0097363
13754,GO:0097367
13755,GO:0097368
13756,GO:0097371
13757,GO:0097372
13758,GO:0097374
13759,GO:0097379
13760,GO:0097380
13761,GO:0097381
13762,GO:0097383
13763,GO:0097386
13764,GO:0097398
13765,GO:0097400
13766,GO:0097401
13767,GO:0097402
13768,GO:0097403
13769,GO:0097409
13770,GO:0097411
13771,GO:0097413
13772,GO:0097414
13773,GO:0097418
13774,GO:0097421
13775,GO:0097422
13776,GO:0097427
13777,GO:0097431
13778,GO:0097433
13779,GO:0097434
13780,GO:0097435
13781,GO:0097440
13782,GO:0097441
13783,GO:0097442
13784,GO:0097443
13785,GO:0097444
13786,GO:0097447
13787,GO:0097449
13788,GO:0097450
13789,GO:0097451
13790,GO:0097452
13791,GO:0097453
13792,GO:0097457
13793,GO:0097462
13794,GO:0097466
13795,GO:0097468
13796,GO:0097470
13797,GO:0097471
13798,GO:0097472
13799,GO:0097475
13800,GO:0097477
13801,GO:0097484
13802,GO:0097485
13803,GO:0097486
13804,GO:0097487
13805,GO:0097489
13806,GO:0097490
13807,GO:0097491
13808,GO:0097492
13809,GO:0097493
13810,GO:0097494
13811,GO:0097497
13812,GO:0097498
13813,GO:0097499
13814,GO:0097500
13815,GO:0097503
13816,GO:0097504
13817,GO:0097505
13818,GO:0097510
13819,GO:0097512
13820,GO:0097513
13821,GO:0097519
13822,GO:0097524
13823,GO:0097525
13824,GO:0097526
13825,GO:0097527
13826,GO:0097528
13827,GO:0097530
13828,GO:0097533
13829,GO:0097535
13830,GO:0097536
13831,GO:0097539
13832,GO:0097540
13833,GO:0097541
13834,GO:0097542
13835,GO:0097543
13836,GO:0097544
13837,GO:0097545
13838,GO:0097546
13839,GO:0097550
13840,GO:0097552
13841,GO:0097553
13842,GO:0097575
13843,GO:0097576
13844,GO:0097581
13845,GO:0097587
13846,GO:0097598
13847,GO:0097602
13848,GO:0097603
13849,GO:0097604
13850,GO:0097621
13851,GO:0097623
13852,GO:0097629
13853,GO:0097632
13854,GO:0097638
13855,GO:0097639
13856,GO:0097640
13857,GO:0097642
13858,GO:0097643
13859,GO:0097645
13860,GO:0097646
13861,GO:0097647
13862,GO:0097648
13863,GO:0097649
13864,GO:0097655
13865,GO:0097657
13866,GO:0097677
13867,GO:0097680
13868,GO:0097681
13869,GO:0097682
13870,GO:0097690
13871,GO:0097694
13872,GO:0097695
13873,GO:0097696
13874,GO:0097698
13875,GO:0097699
13876,GO:0097700
13877,GO:0097706
13878,GO:0097707
13879,GO:0097708
13880,GO:0097712
13881,GO:0097718
13882,GO:0097719
13883,GO:0097720
13884,GO:0097728
13885,GO:0097729
13886,GO:0097730
13887,GO:0097731
13888,GO:0097733
13889,GO:0097734
13890,GO:0097742
13891,GO:0097744
13892,GO:0097745
13893,GO:0097746
13894,GO:0097749
13895,GO:0097750
13896,GO:0097752
13897,GO:0097753
13898,GO:0098038
13899,GO:0098505
13900,GO:0098508
13901,GO:0098528
13902,GO:0098529
13903,GO:0098530
13904,GO:0098531
13905,GO:0098534
13906,GO:0098535
13907,GO:0098536
13908,GO:0098541
13909,GO:0098542
13910,GO:0098548
13911,GO:0098552
13912,GO:0098553
13913,GO:0098554
13914,GO:0098556
13915,GO:0098559
13916,GO:0098560
13917,GO:0098562
13918,GO:0098574
13919,GO:0098575
13920,GO:0098576
13921,GO:0098577
13922,GO:0098583
13923,GO:0098586
13924,GO:0098588
13925,GO:0098591
13926,GO:0098592
13927,GO:0098594
13928,GO:0098595
13929,GO:0098599
13930,GO:0098603
13931,GO:0098606
13932,GO:0098609
13933,GO:0098615
13934,GO:0098619
13935,GO:0098621
13936,GO:0098625
13937,GO:0098626
13938,GO:0098629
13939,GO:0098631
13940,GO:0098632
13941,GO:0098633
13942,GO:0098634
13943,GO:0098635
13944,GO:0098636
13945,GO:0098637
13946,GO:0098639
13947,GO:0098640
13948,GO:0098641
13949,GO:0098654
13950,GO:0098655
13951,GO:0098656
13952,GO:0098657
13953,GO:0098658
13954,GO:0098659
13955,GO:0098664
13956,GO:0098666
13957,GO:0098670
13958,GO:0098680
13959,GO:0098681
13960,GO:0098683
13961,GO:0098684
13962,GO:0098685
13963,GO:0098686
13964,GO:0098687
13965,GO:0098688
13966,GO:0098690
13967,GO:0098691
13968,GO:0098693
13969,GO:0098694
13970,GO:0098695
13971,GO:0098696
13972,GO:0098698
13973,GO:0098699
13974,GO:0098700
13975,GO:0098703
13976,GO:0098708
13977,GO:0098711
13978,GO:0098712
13979,GO:0098719
13980,GO:0098725
13981,GO:0098727
13982,GO:0098734
13983,GO:0098735
13984,GO:0098736
13985,GO:0098737
13986,GO:0098739
13987,GO:0098743
13988,GO:0098745
13989,GO:0098746
13990,GO:0098754
13991,GO:0098759
13992,GO:0098761
13993,GO:0098770
13994,GO:0098771
13995,GO:0098773
13996,GO:0098780
13997,GO:0098782
13998,GO:0098786
13999,GO:0098792
14000,GO:0098793
14001,GO:0098794
14002,GO:0098795
14003,GO:0098796
14004,GO:0098797
14005,GO:0098799
14006,GO:0098800
14007,GO:0098803
14008,GO:0098804
14009,GO:0098808
14010,GO:0098809
14011,GO:0098810
14012,GO:0098813
14013,GO:0098814
14014,GO:0098815
14015,GO:0098817
14016,GO:0098820
14017,GO:0098821
14018,GO:0098826
14019,GO:0098828
14020,GO:0098829
14021,GO:0098830
14022,GO:0098831
14023,GO:0098832
14024,GO:0098833
14025,GO:0098835
14026,GO:0098837
14027,GO:0098838
14028,GO:0098839
14029,GO:0098840
14030,GO:0098842
14031,GO:0098843
14032,GO:0098845
14033,GO:0098846
14034,GO:0098847
14035,GO:0098849
14036,GO:0098850
14037,GO:0098852
14038,GO:0098855
14039,GO:0098856
14040,GO:0098857
14041,GO:0098858
14042,GO:0098862
14043,GO:0098867
14044,GO:0098868
14045,GO:0098869
14046,GO:0098870
14047,GO:0098871
14048,GO:0098875
14049,GO:0098876
14050,GO:0098878
14051,GO:0098879
14052,GO:0098880
14053,GO:0098882
14054,GO:0098883
14055,GO:0098884
14056,GO:0098885
14057,GO:0098887
14058,GO:0098888
14059,GO:0098890
14060,GO:0098894
14061,GO:0098895
14062,GO:0098900
14063,GO:0098901
14064,GO:0098902
14065,GO:0098903
14066,GO:0098904
14067,GO:0098905
14068,GO:0098906
14069,GO:0098907
14070,GO:0098908
14071,GO:0098909
14072,GO:0098910
14073,GO:0098911
14074,GO:0098912
14075,GO:0098914
14076,GO:0098915
14077,GO:0098918
14078,GO:0098919
14079,GO:0098921
14080,GO:0098925
14081,GO:0098926
14082,GO:0098930
14083,GO:0098935
14084,GO:0098937
14085,GO:0098939
14086,GO:0098942
14087,GO:0098943
14088,GO:0098944
14089,GO:0098954
14090,GO:0098957
14091,GO:0098958
14092,GO:0098960
14093,GO:0098963
14094,GO:0098964
14095,GO:0098965
14096,GO:0098966
14097,GO:0098967
14098,GO:0098968
14099,GO:0098969
14100,GO:0098970
14101,GO:0098971
14102,GO:0098973
14103,GO:0098974
14104,GO:0098975
14105,GO:0098976
14106,GO:0098977
14107,GO:0098978
14108,GO:0098981
14109,GO:0098982
14110,GO:0098983
14111,GO:0098984
14112,GO:0098985
14113,GO:0098987
14114,GO:0098989
14115,GO:0098990
14116,GO:0098992
14117,GO:0098998
14118,GO:0099003
14119,GO:0099010
14120,GO:0099011
14121,GO:0099012
14122,GO:0099013
14123,GO:0099017
14124,GO:0099020
14125,GO:0099023
14126,GO:0099038
14127,GO:0099039
14128,GO:0099040
14129,GO:0099049
14130,GO:0099050
14131,GO:0099054
14132,GO:0099068
14133,GO:0099072
14134,GO:0099073
14135,GO:0099074
14136,GO:0099077
14137,GO:0099078
14138,GO:0099084
14139,GO:0099088
14140,GO:0099091
14141,GO:0099092
14142,GO:0099093
14143,GO:0099094
14144,GO:0099095
14145,GO:0099103
14146,GO:0099104
14147,GO:0099106
14148,GO:0099111
14149,GO:0099115
14150,GO:0099116
14151,GO:0099122
14152,GO:0099123
14153,GO:0099126
14154,GO:0099128
14155,GO:0099130
14156,GO:0099140
14157,GO:0099143
14158,GO:0099145
14159,GO:0099147
14160,GO:0099149
14161,GO:0099150
14162,GO:0099151
14163,GO:0099152
14164,GO:0099154
14165,GO:0099158
14166,GO:0099159
14167,GO:0099160
14168,GO:0099161
14169,GO:0099163
14170,GO:0099164
14171,GO:0099170
14172,GO:0099171
14173,GO:0099172
14174,GO:0099173
14175,GO:0099174
14176,GO:0099175
14177,GO:0099178
14178,GO:0099179
14179,GO:0099180
14180,GO:0099181
14181,GO:0099182
14182,GO:0099183
14183,GO:0099184
14184,GO:0099185
14185,GO:0099186
14186,GO:0099187
14187,GO:0099188
14188,GO:0099189
14189,GO:0099192
14190,GO:0099243
14191,GO:0099400
14192,GO:0099500
14193,GO:0099502
14194,GO:0099503
14195,GO:0099504
14196,GO:0099505
14197,GO:0099507
14198,GO:0099508
14199,GO:0099509
14200,GO:0099512
14201,GO:0099513
14202,GO:0099518
14203,GO:0099519
14204,GO:0099523
14205,GO:0099524
14206,GO:0099525
14207,GO:0099527
14208,GO:0099528
14209,GO:0099530
14210,GO:0099532
14211,GO:0099533
14212,GO:0099534
14213,GO:0099536
14214,GO:0099537
14215,GO:0099538
14216,GO:0099544
14217,GO:0099545
14218,GO:0099546
14219,GO:0099550
14220,GO:0099553
14221,GO:0099557
14222,GO:0099558
14223,GO:0099560
14224,GO:0099562
14225,GO:0099563
14226,GO:0099565
14227,GO:0099566
14228,GO:0099567
14229,GO:0099572
14230,GO:0099573
14231,GO:0099575
14232,GO:0099576
14233,GO:0099577
14234,GO:0099578
14235,GO:0099589
14236,GO:0099601
14237,GO:0099602
14238,GO:0099604
14239,GO:0099605
14240,GO:0099606
14241,GO:0099607
14242,GO:0099608
14243,GO:0099609
14244,GO:0099610
14245,GO:0099612
14246,GO:0099617
14247,GO:0099625
14248,GO:0099626
14249,GO:0099627
14250,GO:0099629
14251,GO:0099630
14252,GO:0099634
14253,GO:0099637
14254,GO:0099638
14255,GO:0099639
14256,GO:0099640
14257,GO:0099641
14258,GO:0099642
14259,GO:0099645
14260,GO:0099738
14261,GO:0100001
14262,GO:0101003
14263,GO:0101004
14264,GO:0101005
14265,GO:0101006
14266,GO:0101019
14267,GO:0101020
14268,GO:0101021
14269,GO:0101023
14270,GO:0101031
14271,GO:0102007
14272,GO:0102009
14273,GO:0102033
14274,GO:0102039
14275,GO:0102076
14276,GO:0102091
14277,GO:0102102
14278,GO:0102140
14279,GO:0102142
14280,GO:0102149
14281,GO:0102158
14282,GO:0102175
14283,GO:0102193
14284,GO:0102194
14285,GO:0102196
14286,GO:0102262
14287,GO:0102263
14288,GO:0102264
14289,GO:0102265
14290,GO:0102266
14291,GO:0102267
14292,GO:0102320
14293,GO:0102354
14294,GO:0102390
14295,GO:0102391
14296,GO:0102521
14297,GO:0102522
14298,GO:0102524
14299,GO:0102545
14300,GO:0102559
14301,GO:0102571
14302,GO:0102673
14303,GO:0102704
14304,GO:0102757
14305,GO:0102758
14306,GO:0102772
14307,GO:0102965
14308,GO:0103002
14309,GO:0103023
14310,GO:0103026
14311,GO:0103069
14312,GO:0106001
14313,GO:0106002
14314,GO:0106003
14315,GO:0106004
14316,GO:0106005
14317,GO:0106006
14318,GO:0106008
14319,GO:0106009
14320,GO:0106014
14321,GO:0106015
14322,GO:0106016
14323,GO:0106018
14324,GO:0106019
14325,GO:0106026
14326,GO:0106027
14327,GO:0106028
14328,GO:0106029
14329,GO:0106030
14330,GO:0106040
14331,GO:0106049
14332,GO:0106056
14333,GO:0106064
14334,GO:0106068
14335,GO:0106070
14336,GO:0106071
14337,GO:0106072
14338,GO:0106073
14339,GO:0106074
14340,GO:0106078
14341,GO:0106080
14342,GO:0106089
14343,GO:0106091
14344,GO:0106095
14345,GO:0106101
14346,GO:0106105
14347,GO:0106106
14348,GO:0106121
14349,GO:0106134
14350,GO:0106135
14351,GO:0106137
14352,GO:0106138
14353,GO:0106139
14354,GO:0106140
14355,GO:0106142
14356,GO:0106143
14357,GO:0106156
14358,GO:0106157
14359,GO:0106162
14360,GO:0106177
14361,GO:0106211
14362,GO:0106217
14363,GO:0106219
14364,GO:0106222
14365,GO:0106226
14366,GO:0106227
14367,GO:0106228
14368,GO:0106229
14369,GO:0106230
14370,GO:0106231
14371,GO:0106235
14372,GO:0106237
14373,GO:0106245
14374,GO:0106254
14375,GO:0106255
14376,GO:0106256
14377,GO:0106258
14378,GO:0106261
14379,GO:0106262
14380,GO:0106263
14381,GO:0106264
14382,GO:0106272
14383,GO:0106273
14384,GO:0106274
14385,GO:0106276
14386,GO:0106277
14387,GO:0106279
14388,GO:0106281
14389,GO:0106282
14390,GO:0106283
14391,GO:0106288
14392,GO:0106289
14393,GO:0106292
14394,GO:0106300
14395,GO:0106301
14396,GO:0106302
14397,GO:0106309
14398,GO:0106310
14399,GO:0106313
14400,GO:0106321
14401,GO:0106322
14402,GO:0106329
14403,GO:0106330
14404,GO:0106333
14405,GO:0106335
14406,GO:0106339
14407,GO:0106340
14408,GO:0106341
14409,GO:0106342
14410,GO:0106346
14411,GO:0106347
14412,GO:0106354
14413,GO:0106359
14414,GO:0106363
14415,GO:0106364
14416,GO:0106370
14417,GO:0106373
14418,GO:0106375
14419,GO:0106376
14420,GO:0106377
14421,GO:0106378
14422,GO:0106380
14423,GO:0106383
14424,GO:0106386
14425,GO:0106388
14426,GO:0106402
14427,GO:0106405
14428,GO:0106407
14429,GO:0106408
14430,GO:0106414
14431,GO:0106419
14432,GO:0106420
14433,GO:0106423
14434,GO:0106429
14435,GO:0106430
14436,GO:0106431
14437,GO:0106432
14438,GO:0106433
14439,GO:0106435
14440,GO:0106436
14441,GO:0106437
14442,GO:0106438
14443,GO:0106439
14444,GO:0110002
14445,GO:0110010
14446,GO:0110011
14447,GO:0110012
14448,GO:0110016
14449,GO:0110024
14450,GO:0110025
14451,GO:0110026
14452,GO:0110027
14453,GO:0110030
14454,GO:0110031
14455,GO:0110032
14456,GO:0110050
14457,GO:0110051
14458,GO:0110052
14459,GO:0110053
14460,GO:0110059
14461,GO:0110061
14462,GO:0110062
14463,GO:0110063
14464,GO:0110064
14465,GO:0110070
14466,GO:0110075
14467,GO:0110076
14468,GO:0110077
14469,GO:0110078
14470,GO:0110088
14471,GO:0110089
14472,GO:0110090
14473,GO:0110091
14474,GO:0110095
14475,GO:0110097
14476,GO:0110099
14477,GO:0110104
14478,GO:0110135
14479,GO:0110142
14480,GO:0110152
14481,GO:0110153
14482,GO:0110154
14483,GO:0110155
14484,GO:0110156
14485,GO:0110157
14486,GO:0110158
14487,GO:0120001
14488,GO:0120003
14489,GO:0120009
14490,GO:0120010
14491,GO:0120012
14492,GO:0120013
14493,GO:0120014
14494,GO:0120015
14495,GO:0120016
14496,GO:0120017
14497,GO:0120019
14498,GO:0120020
14499,GO:0120022
14500,GO:0120025
14501,GO:0120031
14502,GO:0120034
14503,GO:0120035
14504,GO:0120036
14505,GO:0120041
14506,GO:0120042
14507,GO:0120043
14508,GO:0120044
14509,GO:0120045
14510,GO:0120048
14511,GO:0120049
14512,GO:0120053
14513,GO:0120056
14514,GO:0120058
14515,GO:0120061
14516,GO:0120069
14517,GO:0120072
14518,GO:0120078
14519,GO:0120092
14520,GO:0120094
14521,GO:0120095
14522,GO:0120098
14523,GO:0120099
14524,GO:0120103
14525,GO:0120108
14526,GO:0120111
14527,GO:0120114
14528,GO:0120115
14529,GO:0120116
14530,GO:0120124
14531,GO:0120134
14532,GO:0120135
14533,GO:0120136
14534,GO:0120145
14535,GO:0120146
14536,GO:0120147
14537,GO:0120153
14538,GO:0120154
14539,GO:0120157
14540,GO:0120158
14541,GO:0120159
14542,GO:0120160
14543,GO:0120161
14544,GO:0120162
14545,GO:0120163
14546,GO:0120169
14547,GO:0120170
14548,GO:0120178
14549,GO:0120179
14550,GO:0120181
14551,GO:0120183
14552,GO:0120184
14553,GO:0120186
14554,GO:0120187
14555,GO:0120188
14556,GO:0120189
14557,GO:0120190
14558,GO:0120192
14559,GO:0120193
14560,GO:0120197
14561,GO:0120199
14562,GO:0120200
14563,GO:0120201
14564,GO:0120202
14565,GO:0120206
14566,GO:0120211
14567,GO:0120212
14568,GO:0120216
14569,GO:0120219
14570,GO:0120220
14571,GO:0120225
14572,GO:0120226
14573,GO:0120228
14574,GO:0120229
14575,GO:0120230
14576,GO:0120231
14577,GO:0120238
14578,GO:0120241
14579,GO:0120242
14580,GO:0120243
14581,GO:0120249
14582,GO:0120250
14583,GO:0120254
14584,GO:0120259
14585,GO:0120261
14586,GO:0120274
14587,GO:0120281
14588,GO:0120282
14589,GO:0120283
14590,GO:0120293
14591,GO:0120294
14592,GO:0120295
14593,GO:0120296
14594,GO:0120297
14595,GO:0120298
14596,GO:0120299
14597,GO:0120300
14598,GO:0120301
14599,GO:0120316
14600,GO:0120317
14601,GO:0120319
14602,GO:0120323
14603,GO:0120325
14604,GO:0120329
14605,GO:0120330
14606,GO:0120331
14607,GO:0120336
14608,GO:0120337
14609,GO:0120338
14610,GO:0120501
14611,GO:0120502
14612,GO:0120503
14613,GO:0120507
14614,GO:0120508
14615,GO:0120509
14616,GO:0120510
14617,GO:0120513
14618,GO:0120515
14619,GO:0120516
14620,GO:0120518
14621,GO:0120519
14622,GO:0120520
14623,GO:0120521
14624,GO:0120523
14625,GO:0120524
14626,GO:0120532
14627,GO:0120537
14628,GO:0120538
14629,GO:0120539
14630,GO:0120542
14631,GO:0120547
14632,GO:0120548
14633,GO:0120550
14634,GO:0120551
14635,GO:0120552
14636,GO:0120553
14637,GO:0120554
14638,GO:0120557
14639,GO:0120559
14640,GO:0120560
14641,GO:0120561
14642,GO:0120563
14643,GO:0120564
14644,GO:0120565
14645,GO:0120566
14646,GO:0120567
14647,GO:0120568
14648,GO:0120571
14649,GO:0120573
14650,GO:0120574
14651,GO:0140001
14652,GO:0140002
14653,GO:0140003
14654,GO:0140004
14655,GO:0140005
14656,GO:0140006
14657,GO:0140007
14658,GO:0140008
14659,GO:0140009
14660,GO:0140010
14661,GO:0140011
14662,GO:0140012
14663,GO:0140013
14664,GO:0140014
14665,GO:0140015
14666,GO:0140017
14667,GO:0140018
14668,GO:0140019
14669,GO:0140021
14670,GO:0140030
14671,GO:0140031
14672,GO:0140032
14673,GO:0140033
14674,GO:0140034
14675,GO:0140035
14676,GO:0140036
14677,GO:0140038
14678,GO:0140040
14679,GO:0140041
14680,GO:0140042
14681,GO:0140044
14682,GO:0140046
14683,GO:0140048
14684,GO:0140052
14685,GO:0140055
14686,GO:0140056
14687,GO:0140058
14688,GO:0140059
14689,GO:0140060
14690,GO:0140063
14691,GO:0140064
14692,GO:0140065
14693,GO:0140066
14694,GO:0140067
14695,GO:0140068
14696,GO:0140069
14697,GO:0140070
14698,GO:0140072
14699,GO:0140074
14700,GO:0140077
14701,GO:0140078
14702,GO:0140081
14703,GO:0140082
14704,GO:0140083
14705,GO:0140087
14706,GO:0140089
14707,GO:0140090
14708,GO:0140092
14709,GO:0140094
14710,GO:0140095
14711,GO:0140096
14712,GO:0140097
14713,GO:0140101
14714,GO:0140104
14715,GO:0140105
14716,GO:0140109
14717,GO:0140112
14718,GO:0140115
14719,GO:0140117
14720,GO:0140118
14721,GO:0140119
14722,GO:0140123
14723,GO:0140128
14724,GO:0140131
14725,GO:0140132
14726,GO:0140135
14727,GO:0140141
14728,GO:0140142
14729,GO:0140144
14730,GO:0140148
14731,GO:0140149
14732,GO:0140150
14733,GO:0140151
14734,GO:0140156
14735,GO:0140157
14736,GO:0140161
14737,GO:0140168
14738,GO:0140169
14739,GO:0140170
14740,GO:0140174
14741,GO:0140176
14742,GO:0140186
14743,GO:0140187
14744,GO:0140189
14745,GO:0140191
14746,GO:0140197
14747,GO:0140198
14748,GO:0140206
14749,GO:0140207
14750,GO:0140208
14751,GO:0140211
14752,GO:0140212
14753,GO:0140214
14754,GO:0140218
14755,GO:0140219
14756,GO:0140223
14757,GO:0140225
14758,GO:0140226
14759,GO:0140227
14760,GO:0140228
14761,GO:0140229
14762,GO:0140230
14763,GO:0140231
14764,GO:0140234
14765,GO:0140236
14766,GO:0140238
14767,GO:0140240
14768,GO:0140242
14769,GO:0140245
14770,GO:0140248
14771,GO:0140249
14772,GO:0140251
14773,GO:0140252
14774,GO:0140253
14775,GO:0140254
14776,GO:0140257
14777,GO:0140258
14778,GO:0140260
14779,GO:0140261
14780,GO:0140262
14781,GO:0140268
14782,GO:0140272
14783,GO:0140273
14784,GO:0140275
14785,GO:0140277
14786,GO:0140283
14787,GO:0140284
14788,GO:0140285
14789,GO:0140286
14790,GO:0140288
14791,GO:0140290
14792,GO:0140291
14793,GO:0140292
14794,GO:0140293
14795,GO:0140294
14796,GO:0140296
14797,GO:0140297
14798,GO:0140298
14799,GO:0140299
14800,GO:0140300
14801,GO:0140303
14802,GO:0140308
14803,GO:0140309
14804,GO:0140311
14805,GO:0140312
14806,GO:0140313
14807,GO:0140314
14808,GO:0140315
14809,GO:0140318
14810,GO:0140319
14811,GO:0140322
14812,GO:0140324
14813,GO:0140326
14814,GO:0140327
14815,GO:0140328
14816,GO:0140329
14817,GO:0140331
14818,GO:0140335
14819,GO:0140337
14820,GO:0140338
14821,GO:0140339
14822,GO:0140340
14823,GO:0140341
14824,GO:0140343
14825,GO:0140344
14826,GO:0140345
14827,GO:0140346
14828,GO:0140347
14829,GO:0140348
14830,GO:0140351
14831,GO:0140353
14832,GO:0140354
14833,GO:0140355
14834,GO:0140358
14835,GO:0140359
14836,GO:0140360
14837,GO:0140361
14838,GO:0140367
14839,GO:0140368
14840,GO:0140370
14841,GO:0140374
14842,GO:0140375
14843,GO:0140378
14844,GO:0140385
14845,GO:0140386
14846,GO:0140410
14847,GO:0140412
14848,GO:0140416
14849,GO:0140431
14850,GO:0140436
14851,GO:0140439
14852,GO:0140444
14853,GO:0140445
14854,GO:0140447
14855,GO:0140448
14856,GO:0140450
14857,GO:0140455
14858,GO:0140457
14859,GO:0140459
14860,GO:0140460
14861,GO:0140463
14862,GO:0140466
14863,GO:0140467
14864,GO:0140468
14865,GO:0140469
14866,GO:0140474
14867,GO:0140481
14868,GO:0140483
14869,GO:0140484
14870,GO:0140485
14871,GO:0140486
14872,GO:0140487
14873,GO:0140490
14874,GO:0140492
14875,GO:0140493
14876,GO:0140494
14877,GO:0140499
14878,GO:0140501
14879,GO:0140506
14880,GO:0140507
14881,GO:0140517
14882,GO:0140522
14883,GO:0140523
14884,GO:0140535
14885,GO:0140537
14886,GO:0140541
14887,GO:0140543
14888,GO:0140545
14889,GO:0140546
14890,GO:0140552
14891,GO:0140560
14892,GO:0140561
14893,GO:0140562
14894,GO:0140563
14895,GO:0140566
14896,GO:0140567
14897,GO:0140569
14898,GO:0140570
14899,GO:0140571
14900,GO:0140575
14901,GO:0140576
14902,GO:0140580
14903,GO:0140581
14904,GO:0140585
14905,GO:0140587
14906,GO:0140588
14907,GO:0140591
14908,GO:0140592
14909,GO:0140596
14910,GO:0140597
14911,GO:0140608
14912,GO:0140610
14913,GO:0140612
14914,GO:0140613
14915,GO:0140615
14916,GO:0140616
14917,GO:0140619
14918,GO:0140625
14919,GO:0140627
14920,GO:0140632
14921,GO:0140633
14922,GO:0140634
14923,GO:0140639
14924,GO:0140640
14925,GO:0140644
14926,GO:0140645
14927,GO:0140646
14928,GO:0140647
14929,GO:0140650
14930,GO:0140651
14931,GO:0140656
14932,GO:0140658
14933,GO:0140662
14934,GO:0140663
14935,GO:0140664
14936,GO:0140665
14937,GO:0140668
14938,GO:0140670
14939,GO:0140672
14940,GO:0140673
14941,GO:0140674
14942,GO:0140677
14943,GO:0140678
14944,GO:0140680
14945,GO:0140681
14946,GO:0140682
14947,GO:0140683
14948,GO:0140684
14949,GO:0140691
14950,GO:0140692
14951,GO:0140693
14952,GO:0140694
14953,GO:0140706
14954,GO:0140708
14955,GO:0140713
14956,GO:0140718
14957,GO:0140719
14958,GO:0140734
14959,GO:0140738
14960,GO:0140739
14961,GO:0140744
14962,GO:0140745
14963,GO:0140749
14964,GO:0140750
14965,GO:0140751
14966,GO:0140754
14967,GO:0140756
14968,GO:0140757
14969,GO:0140759
14970,GO:0140760
14971,GO:0140765
14972,GO:0140767
14973,GO:0140768
14974,GO:0140770
14975,GO:0140773
14976,GO:0140774
14977,GO:0140776
14978,GO:0140777
14979,GO:0140778
14980,GO:0140785
14981,GO:0140787
14982,GO:0140788
14983,GO:0140793
14984,GO:0140794
14985,GO:0140795
14986,GO:0140796
14987,GO:0140797
14988,GO:0140798
14989,GO:0140799
14990,GO:0140800
14991,GO:0140801
14992,GO:0140802
14993,GO:0140803
14994,GO:0140804
14995,GO:0140805
14996,GO:0140806
14997,GO:0140807
14998,GO:0140808
14999,GO:0140814
15000,GO:0140815
15001,GO:0140816
15002,GO:0140817
15003,GO:0140818
15004,GO:0140822
15005,GO:0140823
15006,GO:0140824
15007,GO:0140825
15008,GO:0140826
15009,GO:0140827
15010,GO:0140828
15011,GO:0140830
15012,GO:0140831
15013,GO:0140832
15014,GO:0140834
15015,GO:0140836
15016,GO:0140850
15017,GO:0140851
15018,GO:0140852
15019,GO:0140853
15020,GO:0140854
15021,GO:0140857
15022,GO:0140858
15023,GO:0140861
15024,GO:0140862
15025,GO:0140863
15026,GO:0140864
15027,GO:0140865
15028,GO:0140870
15029,GO:0140882
15030,GO:0140889
15031,GO:0140892
15032,GO:0140893
15033,GO:0140894
15034,GO:0140895
15035,GO:0140896
15036,GO:0140897
15037,GO:0140900
15038,GO:0140901
15039,GO:0140902
15040,GO:0140908
15041,GO:0140911
15042,GO:0140912
15043,GO:0140914
15044,GO:0140915
15045,GO:0140916
15046,GO:0140917
15047,GO:0140924
15048,GO:0140926
15049,GO:0140928
15050,GO:0140929
15051,GO:0140930
15052,GO:0140932
15053,GO:0140933
15054,GO:0140936
15055,GO:0140937
15056,GO:0140938
15057,GO:0140939
15058,GO:0140941
15059,GO:0140942
15060,GO:0140943
15061,GO:0140944
15062,GO:0140945
15063,GO:0140946
15064,GO:0140947
15065,GO:0140948
15066,GO:0140949
15067,GO:0140950
15068,GO:0140951
15069,GO:0140952
15070,GO:0140954
15071,GO:0140955
15072,GO:0140956
15073,GO:0140958
15074,GO:0140965
15075,GO:0140968
15076,GO:0140970
15077,GO:0140972
15078,GO:0140973
15079,GO:0140978
15080,GO:0140981
15081,GO:0140983
15082,GO:0140984
15083,GO:0140987
15084,GO:0140988
15085,GO:0140990
15086,GO:0140991
15087,GO:0140995
15088,GO:0140999
15089,GO:0141000
15090,GO:0141003
15091,GO:0141005
15092,GO:0141006
15093,GO:0141008
15094,GO:0141013
15095,GO:0141014
15096,GO:0141016
15097,GO:0141038
15098,GO:0141039
15099,GO:0141040
15100,GO:0141046
15101,GO:0141050
15102,GO:0141053
15103,GO:0141054
15104,GO:0141055
15105,GO:0141064
15106,GO:0141065
15107,GO:0141068
15108,GO:0141069
15109,GO:0141089
15110,GO:0141090
15111,GO:0141091
15112,GO:0141098
15113,GO:0141100
15114,GO:0141101
15115,GO:0141106
15116,GO:0141107
15117,GO:0141108
15118,GO:0141109
15119,GO:0141110
15120,GO:0141111
15121,GO:0141112
15122,GO:0141118
15123,GO:0141119
15124,GO:0141124
15125,GO:0141125
15126,GO:0141126
15127,GO:0141131
15128,GO:0141133
15129,GO:0141137
15130,GO:0141148
15131,GO:0141150
15132,GO:0141151
15133,GO:0141152
15134,GO:0141156
15135,GO:0141161
15136,GO:0141162
15137,GO:0141163
15138,GO:0141164
15139,GO:0141166
15140,GO:0141167
15141,GO:0141185
15142,GO:0141190
15143,GO:0141191
15144,GO:0141192
15145,GO:0141193
15146,GO:0141194
15147,GO:0141196
15148,GO:0141198
15149,GO:0141200
15150,GO:0141201
15151,GO:0141204
15152,GO:0141207
15153,GO:0141208
15154,GO:0141212
15155,GO:0141214
15156,GO:0141215
15157,GO:0141217
15158,GO:0141218
15159,GO:0141221
15160,GO:0150001
15161,GO:0150002
15162,GO:0150003
15163,GO:0150007
15164,GO:0150011
15165,GO:0150012
15166,GO:0150013
15167,GO:0150014
15168,GO:0150018
15169,GO:0150019
15170,GO:0150020
15171,GO:0150024
15172,GO:0150025
15173,GO:0150032
15174,GO:0150033
15175,GO:0150034
15176,GO:0150035
15177,GO:0150036
15178,GO:0150037
15179,GO:0150043
15180,GO:0150044
15181,GO:0150048
15182,GO:0150051
15183,GO:0150052
15184,GO:0150053
15185,GO:0150054
15186,GO:0150056
15187,GO:0150057
15188,GO:0150058
15189,GO:0150059
15190,GO:0150060
15191,GO:0150061
15192,GO:0150062
15193,GO:0150063
15194,GO:0150064
15195,GO:0150076
15196,GO:0150077
15197,GO:0150078
15198,GO:0150079
15199,GO:0150090
15200,GO:0150093
15201,GO:0150094
15202,GO:0150098
15203,GO:0150099
15204,GO:0150101
15205,GO:0150102
15206,GO:0150103
15207,GO:0150104
15208,GO:0150105
15209,GO:0150106
15210,GO:0150107
15211,GO:0150111
15212,GO:0150115
15213,GO:0150116
15214,GO:0150129
15215,GO:0150153
15216,GO:0150172
15217,GO:0150175
15218,GO:0160001
15219,GO:0160002
15220,GO:0160004
15221,GO:0160006
15222,GO:0160007
15223,GO:0160008
15224,GO:0160009
15225,GO:0160010
15226,GO:0160011
15227,GO:0160012
15228,GO:0160016
15229,GO:0160020
15230,GO:0160021
15231,GO:0160023
15232,GO:0160024
15233,GO:0160025
15234,GO:0160040
15235,GO:0160041
15236,GO:0160042
15237,GO:0160044
15238,GO:0160045
15239,GO:0160047
15240,GO:0160049
15241,GO:0160054
15242,GO:0160056
15243,GO:0160063
15244,GO:0160064
15245,GO:0160069
15246,GO:0160072
15247,GO:0160074
15248,GO:0160075
15249,GO:0160076
15250,GO:0160077
15251,GO:0160078
15252,GO:0160079
15253,GO:0160081
15254,GO:0160082
15255,GO:0160087
15256,GO:0160089
15257,GO:0160090
15258,GO:0160091
15259,GO:0160093
15260,GO:0160102
15261,GO:0160104
15262,GO:0160106
15263,GO:0160107
15264,GO:0160108
15265,GO:0160110
15266,GO:0160111
15267,GO:0160112
15268,GO:0160117
15269,GO:0160118
15270,GO:0160121
15271,GO:0160123
15272,GO:0160124
15273,GO:0160125
15274,GO:0160127
15275,GO:0160128
15276,GO:0160129
15277,GO:0160130
15278,GO:0160133
15279,GO:0160134
15280,GO:0160135
15281,GO:0160144
15282,GO:0160145
15283,GO:0160147
15284,GO:0160148
15285,GO:0160150
15286,GO:0160151
15287,GO:0160152
15288,GO:0160153
15289,GO:0160154
15290,GO:0160156
15291,GO:0160157
15292,GO:0160162
15293,GO:0160163
15294,GO:0160165
15295,GO:0160166
15296,GO:0160167
15297,GO:0160176
15298,GO:0160177
15299,GO:0160178
15300,GO:0160179
15301,GO:0160184
15302,GO:0160185
15303,GO:0160187
15304,GO:0160192
15305,GO:0160194
15306,GO:0160195
15307,GO:0160196
15308,GO:0160197
15309,GO:0160198
15310,GO:0160203
15311,GO:0160204
15312,GO:0160207
15313,GO:0160212
15314,GO:0160213
15315,GO:0160214
15316,GO:0160215
15317,GO:0160216
15318,GO:0160217
15319,GO:0160218
15320,GO:0160221
15321,GO:0160224
15322,GO:0160225
15323,GO:0160226
15324,GO:0160227
15325,GO:0160228
15326,GO:0160230
15327,GO:0160232
15328,GO:0160233
15329,GO:0160234
15330,GO:0160236
15331,GO:0160239
15332,GO:0160240
15333,GO:0160241
15334,GO:0160244
15335,GO:0160246
15336,GO:0160248
15337,GO:0160254
15338,GO:0160255
15339,GO:0160257
15340,GO:0160258
15341,GO:0160260
15342,GO:0160263
15343,GO:0160264
15344,GO:0160265
15345,GO:0160267
15346,GO:0160268
15347,GO:0160270
15348,GO:0160272
15349,GO:0160273
15350,GO:0160274
15351,GO:0160275
15352,GO:0160276
15353,GO:0160281
15354,GO:0160290
15355,GO:0160291
15356,GO:0160295
15357,GO:0160296
15358,GO:0160297
15359,GO:0160310
15360,GO:0160317
15361,GO:0160321
15362,GO:0170007
15363,GO:0170009
15364,GO:0170010
15365,GO:0170011
15366,GO:0170014
15367,GO:0170016
15368,GO:0170027
15369,GO:0170037
15370,GO:0170047
15371,GO:0170057
15372,GO:0170063
15373,GO:0170064
15374,GO:0180000
15375,GO:0180003
15376,GO:0180006
15377,GO:0180007
15378,GO:0180008
15379,GO:0180009
15380,GO:0180010
15381,GO:0180012
15382,GO:0180014
15383,GO:0180015
15384,GO:0180017
15385,GO:0180019
15386,GO:0180020
15387,GO:0180021
15388,GO:0180022
15389,GO:0180026
15390,GO:0180029
15391,GO:0180030
15392,GO:0180034
15393,GO:0180035
15394,GO:0180038
15395,GO:0180041
15396,GO:0180046
15397,GO:0180047
15398,GO:0180057
15399,GO:0180058
15400,GO:0180059
15401,GO:0180062
15402,GO:0180064
15403,GO:1900004
15404,GO:1900005
15405,GO:1900006
15406,GO:1900015
15407,GO:1900016
15408,GO:1900017
15409,GO:1900020
15410,GO:1900024
15411,GO:1900025
15412,GO:1900026
15413,GO:1900027
15414,GO:1900028
15415,GO:1900029
15416,GO:1900034
15417,GO:1900036
15418,GO:1900037
15419,GO:1900038
15420,GO:1900039
15421,GO:1900044
15422,GO:1900045
15423,GO:1900046
15424,GO:1900053
15425,GO:1900054
15426,GO:1900060
15427,GO:1900063
15428,GO:1900069
15429,GO:1900075
15430,GO:1900076
15431,GO:1900077
15432,GO:1900078
15433,GO:1900079
15434,GO:1900082
15435,GO:1900086
15436,GO:1900087
15437,GO:1900099
15438,GO:1900100
15439,GO:1900101
15440,GO:1900102
15441,GO:1900103
15442,GO:1900106
15443,GO:1900107
15444,GO:1900108
15445,GO:1900116
15446,GO:1900118
15447,GO:1900119
15448,GO:1900121
15449,GO:1900126
15450,GO:1900127
15451,GO:1900131
15452,GO:1900134
15453,GO:1900135
15454,GO:1900136
15455,GO:1900139
15456,GO:1900142
15457,GO:1900143
15458,GO:1900148
15459,GO:1900151
15460,GO:1900152
15461,GO:1900153
15462,GO:1900155
15463,GO:1900158
15464,GO:1900159
15465,GO:1900163
15466,GO:1900168
15467,GO:1900180
15468,GO:1900181
15469,GO:1900182
15470,GO:1900186
15471,GO:1900194
15472,GO:1900195
15473,GO:1900208
15474,GO:1900210
15475,GO:1900221
15476,GO:1900222
15477,GO:1900223
15478,GO:1900225
15479,GO:1900226
15480,GO:1900227
15481,GO:1900229
15482,GO:1900235
15483,GO:1900239
15484,GO:1900240
15485,GO:1900241
15486,GO:1900242
15487,GO:1900244
15488,GO:1900245
15489,GO:1900246
15490,GO:1900248
15491,GO:1900249
15492,GO:1900260
15493,GO:1900264
15494,GO:1900271
15495,GO:1900272
15496,GO:1900273
15497,GO:1900280
15498,GO:1900281
15499,GO:1900383
15500,GO:1900407
15501,GO:1900409
15502,GO:1900424
15503,GO:1900425
15504,GO:1900426
15505,GO:1900449
15506,GO:1900450
15507,GO:1900451
15508,GO:1900452
15509,GO:1900453
15510,GO:1900454
15511,GO:1900480
15512,GO:1900535
15513,GO:1900542
15514,GO:1900625
15515,GO:1900721
15516,GO:1900731
15517,GO:1900737
15518,GO:1900738
15519,GO:1900744
15520,GO:1900745
15521,GO:1900746
15522,GO:1900747
15523,GO:1900748
15524,GO:1900749
15525,GO:1900753
15526,GO:1900825
15527,GO:1900827
15528,GO:1900864
15529,GO:1900924
15530,GO:1901026
15531,GO:1901027
15532,GO:1901028
15533,GO:1901029
15534,GO:1901030
15535,GO:1901031
15536,GO:1901074
15537,GO:1901076
15538,GO:1901077
15539,GO:1901078
15540,GO:1901081
15541,GO:1901082
15542,GO:1901096
15543,GO:1901097
15544,GO:1901098
15545,GO:1901135
15546,GO:1901136
15547,GO:1901137
15548,GO:1901142
15549,GO:1901143
15550,GO:1901159
15551,GO:1901163
15552,GO:1901164
15553,GO:1901165
15554,GO:1901166
15555,GO:1901170
15556,GO:1901176
15557,GO:1901184
15558,GO:1901185
15559,GO:1901186
15560,GO:1901189
15561,GO:1901194
15562,GO:1901201
15563,GO:1901202
15564,GO:1901203
15565,GO:1901207
15566,GO:1901208
15567,GO:1901211
15568,GO:1901222
15569,GO:1901223
15570,GO:1901224
15571,GO:1901235
15572,GO:1901247
15573,GO:1901248
15574,GO:1901251
15575,GO:1901253
15576,GO:1901254
15577,GO:1901255
15578,GO:1901256
15579,GO:1901258
15580,GO:1901264
15581,GO:1901275
15582,GO:1901289
15583,GO:1901290
15584,GO:1901291
15585,GO:1901292
15586,GO:1901293
15587,GO:1901299
15588,GO:1901300
15589,GO:1901301
15590,GO:1901303
15591,GO:1901307
15592,GO:1901317
15593,GO:1901318
15594,GO:1901327
15595,GO:1901329
15596,GO:1901330
15597,GO:1901331
15598,GO:1901335
15599,GO:1901340
15600,GO:1901341
15601,GO:1901342
15602,GO:1901346
15603,GO:1901355
15604,GO:1901363
15605,GO:1901373
15606,GO:1901379
15607,GO:1901380
15608,GO:1901381
15609,GO:1901382
15610,GO:1901383
15611,GO:1901384
15612,GO:1901385
15613,GO:1901386
15614,GO:1901387
15615,GO:1901474
15616,GO:1901475
15617,GO:1901480
15618,GO:1901491
15619,GO:1901492
15620,GO:1901497
15621,GO:1901509
15622,GO:1901524
15623,GO:1901525
15624,GO:1901526
15625,GO:1901529
15626,GO:1901532
15627,GO:1901533
15628,GO:1901534
15629,GO:1901546
15630,GO:1901557
15631,GO:1901558
15632,GO:1901562
15633,GO:1901568
15634,GO:1901570
15635,GO:1901588
15636,GO:1901594
15637,GO:1901610
15638,GO:1901611
15639,GO:1901612
15640,GO:1901621
15641,GO:1901623
15642,GO:1901624
15643,GO:1901625
15644,GO:1901626
15645,GO:1901627
15646,GO:1901631
15647,GO:1901642
15648,GO:1901647
15649,GO:1901652
15650,GO:1901653
15651,GO:1901654
15652,GO:1901660
15653,GO:1901661
15654,GO:1901668
15655,GO:1901671
15656,GO:1901673
15657,GO:1901679
15658,GO:1901684
15659,GO:1901687
15660,GO:1901696
15661,GO:1901701
15662,GO:1901704
15663,GO:1901706
15664,GO:1901707
15665,GO:1901723
15666,GO:1901724
15667,GO:1901731
15668,GO:1901733
15669,GO:1901739
15670,GO:1901740
15671,GO:1901741
15672,GO:1901749
15673,GO:1901750
15674,GO:1901751
15675,GO:1901753
15676,GO:1901755
15677,GO:1901787
15678,GO:1901796
15679,GO:1901797
15680,GO:1901798
15681,GO:1901799
15682,GO:1901800
15683,GO:1901805
15684,GO:1901826
15685,GO:1901827
15686,GO:1901835
15687,GO:1901837
15688,GO:1901838
15689,GO:1901842
15690,GO:1901843
15691,GO:1901844
15692,GO:1901846
15693,GO:1901847
15694,GO:1901856
15695,GO:1901857
15696,GO:1901858
15697,GO:1901862
15698,GO:1901873
15699,GO:1901874
15700,GO:1901875
15701,GO:1901879
15702,GO:1901881
15703,GO:1901888
15704,GO:1901890
15705,GO:1901894
15706,GO:1901895
15707,GO:1901896
15708,GO:1901897
15709,GO:1901898
15710,GO:1901899
15711,GO:1901909
15712,GO:1901953
15713,GO:1901970
15714,GO:1901981
15715,GO:1901984
15716,GO:1901985
15717,GO:1901986
15718,GO:1901987
15719,GO:1901988
15720,GO:1901989
15721,GO:1901990
15722,GO:1901991
15723,GO:1901992
15724,GO:1902000
15725,GO:1902003
15726,GO:1902004
15727,GO:1902010
15728,GO:1902017
15729,GO:1902018
15730,GO:1902024
15731,GO:1902031
15732,GO:1902033
15733,GO:1902034
15734,GO:1902035
15735,GO:1902036
15736,GO:1902037
15737,GO:1902038
15738,GO:1902041
15739,GO:1902042
15740,GO:1902043
15741,GO:1902044
15742,GO:1902045
15743,GO:1902047
15744,GO:1902065
15745,GO:1902070
15746,GO:1902072
15747,GO:1902073
15748,GO:1902074
15749,GO:1902075
15750,GO:1902078
15751,GO:1902081
15752,GO:1902082
15753,GO:1902093
15754,GO:1902098
15755,GO:1902103
15756,GO:1902107
15757,GO:1902108
15758,GO:1902109
15759,GO:1902110
15760,GO:1902115
15761,GO:1902117
15762,GO:1902118
15763,GO:1902121
15764,GO:1902122
15765,GO:1902153
15766,GO:1902166
15767,GO:1902167
15768,GO:1902170
15769,GO:1902172
15770,GO:1902173
15771,GO:1902174
15772,GO:1902175
15773,GO:1902176
15774,GO:1902177
15775,GO:1902178
15776,GO:1902202
15777,GO:1902203
15778,GO:1902204
15779,GO:1902206
15780,GO:1902207
15781,GO:1902214
15782,GO:1902215
15783,GO:1902216
15784,GO:1902219
15785,GO:1902225
15786,GO:1902227
15787,GO:1902228
15788,GO:1902230
15789,GO:1902231
15790,GO:1902232
15791,GO:1902233
15792,GO:1902235
15793,GO:1902236
15794,GO:1902237
15795,GO:1902247
15796,GO:1902251
15797,GO:1902254
15798,GO:1902255
15799,GO:1902256
15800,GO:1902259
15801,GO:1902260
15802,GO:1902268
15803,GO:1902269
15804,GO:1902270
15805,GO:1902271
15806,GO:1902275
15807,GO:1902280
15808,GO:1902282
15809,GO:1902305
15810,GO:1902306
15811,GO:1902307
15812,GO:1902311
15813,GO:1902336
15814,GO:1902339
15815,GO:1902340
15816,GO:1902349
15817,GO:1902356
15818,GO:1902358
15819,GO:1902362
15820,GO:1902365
15821,GO:1902369
15822,GO:1902373
15823,GO:1902379
15824,GO:1902387
15825,GO:1902388
15826,GO:1902389
15827,GO:1902396
15828,GO:1902410
15829,GO:1902412
15830,GO:1902414
15831,GO:1902423
15832,GO:1902424
15833,GO:1902425
15834,GO:1902426
15835,GO:1902430
15836,GO:1902444
15837,GO:1902445
15838,GO:1902455
15839,GO:1902459
15840,GO:1902462
15841,GO:1902463
15842,GO:1902473
15843,GO:1902474
15844,GO:1902475
15845,GO:1902476
15846,GO:1902480
15847,GO:1902483
15848,GO:1902490
15849,GO:1902491
15850,GO:1902492
15851,GO:1902494
15852,GO:1902495
15853,GO:1902498
15854,GO:1902499
15855,GO:1902501
15856,GO:1902510
15857,GO:1902511
15858,GO:1902512
15859,GO:1902513
15860,GO:1902514
15861,GO:1902515
15862,GO:1902523
15863,GO:1902524
15864,GO:1902527
15865,GO:1902530
15866,GO:1902531
15867,GO:1902532
15868,GO:1902533
15869,GO:1902548
15870,GO:1902553
15871,GO:1902554
15872,GO:1902555
15873,GO:1902558
15874,GO:1902559
15875,GO:1902560
15876,GO:1902562
15877,GO:1902563
15878,GO:1902564
15879,GO:1902565
15880,GO:1902567
15881,GO:1902570
15882,GO:1902600
15883,GO:1902601
15884,GO:1902603
15885,GO:1902605
15886,GO:1902613
15887,GO:1902616
15888,GO:1902617
15889,GO:1902618
15890,GO:1902622
15891,GO:1902623
15892,GO:1902624
15893,GO:1902626
15894,GO:1902629
15895,GO:1902630
15896,GO:1902631
15897,GO:1902632
15898,GO:1902633
15899,GO:1902634
15900,GO:1902635
15901,GO:1902636
15902,GO:1902648
15903,GO:1902652
15904,GO:1902653
15905,GO:1902656
15906,GO:1902661
15907,GO:1902667
15908,GO:1902669
15909,GO:1902679
15910,GO:1902680
15911,GO:1902685
15912,GO:1902686
15913,GO:1902688
15914,GO:1902692
15915,GO:1902694
15916,GO:1902710
15917,GO:1902711
15918,GO:1902712
15919,GO:1902722
15920,GO:1902723
15921,GO:1902725
15922,GO:1902726
15923,GO:1902728
15924,GO:1902729
15925,GO:1902730
15926,GO:1902731
15927,GO:1902732
15928,GO:1902737
15929,GO:1902742
15930,GO:1902743
15931,GO:1902745
15932,GO:1902747
15933,GO:1902748
15934,GO:1902749
15935,GO:1902750
15936,GO:1902751
15937,GO:1902766
15938,GO:1902773
15939,GO:1902774
15940,GO:1902775
15941,GO:1902792
15942,GO:1902803
15943,GO:1902806
15944,GO:1902807
15945,GO:1902808
15946,GO:1902811
15947,GO:1902817
15948,GO:1902823
15949,GO:1902824
15950,GO:1902838
15951,GO:1902846
15952,GO:1902847
15953,GO:1902850
15954,GO:1902856
15955,GO:1902857
15956,GO:1902858
15957,GO:1902859
15958,GO:1902860
15959,GO:1902870
15960,GO:1902871
15961,GO:1902882
15962,GO:1902883
15963,GO:1902884
15964,GO:1902888
15965,GO:1902889
15966,GO:1902893
15967,GO:1902894
15968,GO:1902895
15969,GO:1902896
15970,GO:1902897
15971,GO:1902902
15972,GO:1902903
15973,GO:1902904
15974,GO:1902905
15975,GO:1902908
15976,GO:1902911
15977,GO:1902912
15978,GO:1902914
15979,GO:1902915
15980,GO:1902916
15981,GO:1902936
15982,GO:1902937
15983,GO:1902946
15984,GO:1902950
15985,GO:1902951
15986,GO:1902952
15987,GO:1902953
15988,GO:1902957
15989,GO:1902958
15990,GO:1902966
15991,GO:1902969
15992,GO:1902975
15993,GO:1902977
15994,GO:1902983
15995,GO:1902985
15996,GO:1902988
15997,GO:1902990
15998,GO:1902991
15999,GO:1902992
16000,GO:1902993
16001,GO:1902995
16002,GO:1902996
16003,GO:1902997
16004,GO:1902998
16005,GO:1902999
16006,GO:1903001
16007,GO:1903002
16008,GO:1903003
16009,GO:1903006
16010,GO:1903008
16011,GO:1903010
16012,GO:1903011
16013,GO:1903012
16014,GO:1903019
16015,GO:1903020
16016,GO:1903025
16017,GO:1903026
16018,GO:1903027
16019,GO:1903028
16020,GO:1903034
16021,GO:1903037
16022,GO:1903038
16023,GO:1903039
16024,GO:1903043
16025,GO:1903044
16026,GO:1903053
16027,GO:1903054
16028,GO:1903055
16029,GO:1903056
16030,GO:1903059
16031,GO:1903061
16032,GO:1903064
16033,GO:1903073
16034,GO:1903076
16035,GO:1903077
16036,GO:1903078
16037,GO:1903082
16038,GO:1903084
16039,GO:1903093
16040,GO:1903094
16041,GO:1903100
16042,GO:1903108
16043,GO:1903109
16044,GO:1903119
16045,GO:1903122
16046,GO:1903126
16047,GO:1903131
16048,GO:1903135
16049,GO:1903136
16050,GO:1903140
16051,GO:1903141
16052,GO:1903142
16053,GO:1903143
16054,GO:1903146
16055,GO:1903169
16056,GO:1903170
16057,GO:1903180
16058,GO:1903181
16059,GO:1903189
16060,GO:1903190
16061,GO:1903210
16062,GO:1903225
16063,GO:1903226
16064,GO:1903232
16065,GO:1903233
16066,GO:1903234
16067,GO:1903235
16068,GO:1903236
16069,GO:1903237
16070,GO:1903238
16071,GO:1903241
16072,GO:1903242
16073,GO:1903243
16074,GO:1903244
16075,GO:1903249
16076,GO:1903251
16077,GO:1903259
16078,GO:1903265
16079,GO:1903268
16080,GO:1903278
16081,GO:1903285
16082,GO:1903286
16083,GO:1903288
16084,GO:1903292
16085,GO:1903294
16086,GO:1903296
16087,GO:1903298
16088,GO:1903301
16089,GO:1903302
16090,GO:1903305
16091,GO:1903307
16092,GO:1903311
16093,GO:1903312
16094,GO:1903313
16095,GO:1903318
16096,GO:1903319
16097,GO:1903331
16098,GO:1903332
16099,GO:1903333
16100,GO:1903334
16101,GO:1903343
16102,GO:1903347
16103,GO:1903348
16104,GO:1903349
16105,GO:1903351
16106,GO:1903352
16107,GO:1903358
16108,GO:1903361
16109,GO:1903367
16110,GO:1903371
16111,GO:1903373
16112,GO:1903375
16113,GO:1903376
16114,GO:1903377
16115,GO:1903378
16116,GO:1903381
16117,GO:1903382
16118,GO:1903384
16119,GO:1903385
16120,GO:1903387
16121,GO:1903391
16122,GO:1903392
16123,GO:1903393
16124,GO:1903394
16125,GO:1903401
16126,GO:1903403
16127,GO:1903409
16128,GO:1903412
16129,GO:1903413
16130,GO:1903416
16131,GO:1903421
16132,GO:1903422
16133,GO:1903423
16134,GO:1903424
16135,GO:1903426
16136,GO:1903427
16137,GO:1903428
16138,GO:1903429
16139,GO:1903431
16140,GO:1903432
16141,GO:1903434
16142,GO:1903435
16143,GO:1903438
16144,GO:1903441
16145,GO:1903442
16146,GO:1903444
16147,GO:1903445
16148,GO:1903450
16149,GO:1903451
16150,GO:1903457
16151,GO:1903461
16152,GO:1903464
16153,GO:1903467
16154,GO:1903479
16155,GO:1903487
16156,GO:1903489
16157,GO:1903490
16158,GO:1903494
16159,GO:1903495
16160,GO:1903496
16161,GO:1903502
16162,GO:1903512
16163,GO:1903514
16164,GO:1903515
16165,GO:1903518
16166,GO:1903522
16167,GO:1903523
16168,GO:1903526
16169,GO:1903527
16170,GO:1903530
16171,GO:1903531
16172,GO:1903532
16173,GO:1903537
16174,GO:1903538
16175,GO:1903539
16176,GO:1903540
16177,GO:1903542
16178,GO:1903543
16179,GO:1903544
16180,GO:1903545
16181,GO:1903546
16182,GO:1903551
16183,GO:1903553
16184,GO:1903556
16185,GO:1903557
16186,GO:1903561
16187,GO:1903564
16188,GO:1903565
16189,GO:1903566
16190,GO:1903568
16191,GO:1903569
16192,GO:1903573
16193,GO:1903575
16194,GO:1903577
16195,GO:1903578
16196,GO:1903579
16197,GO:1903580
16198,GO:1903587
16199,GO:1903588
16200,GO:1903589
16201,GO:1903595
16202,GO:1903596
16203,GO:1903597
16204,GO:1903598
16205,GO:1903599
16206,GO:1903604
16207,GO:1903606
16208,GO:1903607
16209,GO:1903608
16210,GO:1903612
16211,GO:1903620
16212,GO:1903621
16213,GO:1903640
16214,GO:1903659
16215,GO:1903660
16216,GO:1903670
16217,GO:1903671
16218,GO:1903672
16219,GO:1903673
16220,GO:1903676
16221,GO:1903679
16222,GO:1903690
16223,GO:1903691
16224,GO:1903697
16225,GO:1903698
16226,GO:1903701
16227,GO:1903706
16228,GO:1903707
16229,GO:1903710
16230,GO:1903711
16231,GO:1903712
16232,GO:1903713
16233,GO:1903715
16234,GO:1903716
16235,GO:1903721
16236,GO:1903723
16237,GO:1903724
16238,GO:1903725
16239,GO:1903729
16240,GO:1903744
16241,GO:1903747
16242,GO:1903748
16243,GO:1903749
16244,GO:1903751
16245,GO:1903753
16246,GO:1903754
16247,GO:1903763
16248,GO:1903764
16249,GO:1903765
16250,GO:1903766
16251,GO:1903767
16252,GO:1903774
16253,GO:1903775
16254,GO:1903778
16255,GO:1903779
16256,GO:1903780
16257,GO:1903781
16258,GO:1903783
16259,GO:1903784
16260,GO:1903785
16261,GO:1903788
16262,GO:1903790
16263,GO:1903791
16264,GO:1903793
16265,GO:1903798
16266,GO:1903799
16267,GO:1903800
16268,GO:1903801
16269,GO:1903803
16270,GO:1903804
16271,GO:1903806
16272,GO:1903810
16273,GO:1903811
16274,GO:1903812
16275,GO:1903815
16276,GO:1903817
16277,GO:1903818
16278,GO:1903824
16279,GO:1903826
16280,GO:1903828
16281,GO:1903829
16282,GO:1903830
16283,GO:1903841
16284,GO:1903843
16285,GO:1903845
16286,GO:1903850
16287,GO:1903852
16288,GO:1903860
16289,GO:1903861
16290,GO:1903862
16291,GO:1903882
16292,GO:1903891
16293,GO:1903892
16294,GO:1903893
16295,GO:1903894
16296,GO:1903895
16297,GO:1903896
16298,GO:1903897
16299,GO:1903898
16300,GO:1903899
16301,GO:1903900
16302,GO:1903901
16303,GO:1903902
16304,GO:1903903
16305,GO:1903904
16306,GO:1903905
16307,GO:1903906
16308,GO:1903909
16309,GO:1903910
16310,GO:1903911
16311,GO:1903912
16312,GO:1903914
16313,GO:1903919
16314,GO:1903920
16315,GO:1903923
16316,GO:1903924
16317,GO:1903925
16318,GO:1903935
16319,GO:1903936
16320,GO:1903937
16321,GO:1903939
16322,GO:1903940
16323,GO:1903942
16324,GO:1903944
16325,GO:1903946
16326,GO:1903949
16327,GO:1903958
16328,GO:1903959
16329,GO:1903966
16330,GO:1903974
16331,GO:1903976
16332,GO:1903977
16333,GO:1903978
16334,GO:1903979
16335,GO:1903980
16336,GO:1903981
16337,GO:1903984
16338,GO:1903985
16339,GO:1903988
16340,GO:1903998
16341,GO:1903999
16342,GO:1904000
16343,GO:1904003
16344,GO:1904010
16345,GO:1904015
16346,GO:1904016
16347,GO:1904017
16348,GO:1904018
16349,GO:1904019
16350,GO:1904021
16351,GO:1904022
16352,GO:1904025
16353,GO:1904026
16354,GO:1904027
16355,GO:1904028
16356,GO:1904031
16357,GO:1904034
16358,GO:1904036
16359,GO:1904037
16360,GO:1904039
16361,GO:1904040
16362,GO:1904044
16363,GO:1904045
16364,GO:1904046
16365,GO:1904047
16366,GO:1904049
16367,GO:1904050
16368,GO:1904054
16369,GO:1904056
16370,GO:1904057
16371,GO:1904058
16372,GO:1904059
16373,GO:1904062
16374,GO:1904063
16375,GO:1904064
16376,GO:1904071
16377,GO:1904075
16378,GO:1904082
16379,GO:1904090
16380,GO:1904093
16381,GO:1904094
16382,GO:1904097
16383,GO:1904102
16384,GO:1904105
16385,GO:1904106
16386,GO:1904108
16387,GO:1904109
16388,GO:1904115
16389,GO:1904117
16390,GO:1904120
16391,GO:1904121
16392,GO:1904139
16393,GO:1904140
16394,GO:1904141
16395,GO:1904144
16396,GO:1904150
16397,GO:1904151
16398,GO:1904152
16399,GO:1904153
16400,GO:1904154
16401,GO:1904155
16402,GO:1904156
16403,GO:1904157
16404,GO:1904158
16405,GO:1904161
16406,GO:1904172
16407,GO:1904177
16408,GO:1904178
16409,GO:1904179
16410,GO:1904181
16411,GO:1904188
16412,GO:1904199
16413,GO:1904200
16414,GO:1904205
16415,GO:1904206
16416,GO:1904237
16417,GO:1904238
16418,GO:1904240
16419,GO:1904246
16420,GO:1904247
16421,GO:1904257
16422,GO:1904262
16423,GO:1904263
16424,GO:1904270
16425,GO:1904271
16426,GO:1904273
16427,GO:1904274
16428,GO:1904283
16429,GO:1904288
16430,GO:1904290
16431,GO:1904291
16432,GO:1904292
16433,GO:1904293
16434,GO:1904294
16435,GO:1904298
16436,GO:1904300
16437,GO:1904306
16438,GO:1904307
16439,GO:1904313
16440,GO:1904315
16441,GO:1904321
16442,GO:1904322
16443,GO:1904327
16444,GO:1904328
16445,GO:1904333
16446,GO:1904338
16447,GO:1904339
16448,GO:1904340
16449,GO:1904343
16450,GO:1904346
16451,GO:1904349
16452,GO:1904352
16453,GO:1904353
16454,GO:1904354
16455,GO:1904355
16456,GO:1904356
16457,GO:1904357
16458,GO:1904358
16459,GO:1904372
16460,GO:1904373
16461,GO:1904375
16462,GO:1904377
16463,GO:1904380
16464,GO:1904381
16465,GO:1904382
16466,GO:1904383
16467,GO:1904385
16468,GO:1904386
16469,GO:1904393
16470,GO:1904394
16471,GO:1904395
16472,GO:1904398
16473,GO:1904399
16474,GO:1904400
16475,GO:1904401
16476,GO:1904404
16477,GO:1904408
16478,GO:1904411
16479,GO:1904414
16480,GO:1904415
16481,GO:1904417
16482,GO:1904423
16483,GO:1904426
16484,GO:1904427
16485,GO:1904428
16486,GO:1904430
16487,GO:1904431
16488,GO:1904439
16489,GO:1904440
16490,GO:1904442
16491,GO:1904447
16492,GO:1904450
16493,GO:1904456
16494,GO:1904457
16495,GO:1904464
16496,GO:1904465
16497,GO:1904466
16498,GO:1904472
16499,GO:1904478
16500,GO:1904479
16501,GO:1904482
16502,GO:1904491
16503,GO:1904492
16504,GO:1904493
16505,GO:1904504
16506,GO:1904506
16507,GO:1904507
16508,GO:1904510
16509,GO:1904515
16510,GO:1904518
16511,GO:1904535
16512,GO:1904539
16513,GO:1904544
16514,GO:1904550
16515,GO:1904551
16516,GO:1904556
16517,GO:1904557
16518,GO:1904562
16519,GO:1904566
16520,GO:1904567
16521,GO:1904568
16522,GO:1904570
16523,GO:1904580
16524,GO:1904582
16525,GO:1904584
16526,GO:1904586
16527,GO:1904588
16528,GO:1904589
16529,GO:1904591
16530,GO:1904592
16531,GO:1904595
16532,GO:1904597
16533,GO:1904602
16534,GO:1904612
16535,GO:1904613
16536,GO:1904614
16537,GO:1904627
16538,GO:1904628
16539,GO:1904631
16540,GO:1904635
16541,GO:1904637
16542,GO:1904638
16543,GO:1904643
16544,GO:1904644
16545,GO:1904645
16546,GO:1904646
16547,GO:1904649
16548,GO:1904651
16549,GO:1904655
16550,GO:1904659
16551,GO:1904666
16552,GO:1904667
16553,GO:1904668
16554,GO:1904669
16555,GO:1904672
16556,GO:1904674
16557,GO:1904677
16558,GO:1904678
16559,GO:1904679
16560,GO:1904680
16561,GO:1904681
16562,GO:1904689
16563,GO:1904690
16564,GO:1904691
16565,GO:1904692
16566,GO:1904693
16567,GO:1904694
16568,GO:1904695
16569,GO:1904702
16570,GO:1904704
16571,GO:1904706
16572,GO:1904707
16573,GO:1904708
16574,GO:1904713
16575,GO:1904714
16576,GO:1904715
16577,GO:1904716
16578,GO:1904717
16579,GO:1904719
16580,GO:1904723
16581,GO:1904724
16582,GO:1904729
16583,GO:1904731
16584,GO:1904738
16585,GO:1904749
16586,GO:1904750
16587,GO:1904751
16588,GO:1904753
16589,GO:1904754
16590,GO:1904761
16591,GO:1904762
16592,GO:1904764
16593,GO:1904768
16594,GO:1904772
16595,GO:1904775
16596,GO:1904776
16597,GO:1904777
16598,GO:1904778
16599,GO:1904779
16600,GO:1904780
16601,GO:1904781
16602,GO:1904784
16603,GO:1904791
16604,GO:1904792
16605,GO:1904798
16606,GO:1904800
16607,GO:1904803
16608,GO:1904812
16609,GO:1904813
16610,GO:1904815
16611,GO:1904816
16612,GO:1904823
16613,GO:1904825
16614,GO:1904828
16615,GO:1904831
16616,GO:1904835
16617,GO:1904841
16618,GO:1904842
16619,GO:1904845
16620,GO:1904850
16621,GO:1904851
16622,GO:1904854
16623,GO:1904855
16624,GO:1904856
16625,GO:1904860
16626,GO:1904861
16627,GO:1904862
16628,GO:1904864
16629,GO:1904867
16630,GO:1904871
16631,GO:1904872
16632,GO:1904874
16633,GO:1904878
16634,GO:1904879
16635,GO:1904880
16636,GO:1904881
16637,GO:1904884
16638,GO:1904885
16639,GO:1904886
16640,GO:1904887
16641,GO:1904888
16642,GO:1904889
16643,GO:1904890
16644,GO:1904891
16645,GO:1904893
16646,GO:1904894
16647,GO:1904896
16648,GO:1904899
16649,GO:1904902
16650,GO:1904903
16651,GO:1904905
16652,GO:1904906
16653,GO:1904908
16654,GO:1904911
16655,GO:1904914
16656,GO:1904930
16657,GO:1904931
16658,GO:1904934
16659,GO:1904935
16660,GO:1904936
16661,GO:1904948
16662,GO:1904949
16663,GO:1904950
16664,GO:1904951
16665,GO:1904956
16666,GO:1904958
16667,GO:1904959
16668,GO:1904970
16669,GO:1904972
16670,GO:1904973
16671,GO:1904974
16672,GO:1904975
16673,GO:1904976
16674,GO:1904977
16675,GO:1904978
16676,GO:1904980
16677,GO:1904983
16678,GO:1904985
16679,GO:1904992
16680,GO:1904996
16681,GO:1904997
16682,GO:1904998
16683,GO:1904999
16684,GO:1905000
16685,GO:1905004
16686,GO:1905006
16687,GO:1905007
16688,GO:1905012
16689,GO:1905024
16690,GO:1905025
16691,GO:1905026
16692,GO:1905030
16693,GO:1905031
16694,GO:1905033
16695,GO:1905035
16696,GO:1905036
16697,GO:1905037
16698,GO:1905039
16699,GO:1905040
16700,GO:1905041
16701,GO:1905042
16702,GO:1905048
16703,GO:1905049
16704,GO:1905051
16705,GO:1905053
16706,GO:1905056
16707,GO:1905059
16708,GO:1905060
16709,GO:1905062
16710,GO:1905064
16711,GO:1905065
16712,GO:1905069
16713,GO:1905070
16714,GO:1905072
16715,GO:1905075
16716,GO:1905088
16717,GO:1905090
16718,GO:1905091
16719,GO:1905098
16720,GO:1905116
16721,GO:1905135
16722,GO:1905143
16723,GO:1905144
16724,GO:1905145
16725,GO:1905146
16726,GO:1905150
16727,GO:1905152
16728,GO:1905161
16729,GO:1905162
16730,GO:1905164
16731,GO:1905165
16732,GO:1905166
16733,GO:1905167
16734,GO:1905168
16735,GO:1905171
16736,GO:1905172
16737,GO:1905174
16738,GO:1905176
16739,GO:1905179
16740,GO:1905188
16741,GO:1905198
16742,GO:1905199
16743,GO:1905202
16744,GO:1905203
16745,GO:1905204
16746,GO:1905205
16747,GO:1905208
16748,GO:1905213
16749,GO:1905217
16750,GO:1905221
16751,GO:1905222
16752,GO:1905223
16753,GO:1905225
16754,GO:1905229
16755,GO:1905232
16756,GO:1905235
16757,GO:1905242
16758,GO:1905243
16759,GO:1905244
16760,GO:1905247
16761,GO:1905259
16762,GO:1905269
16763,GO:1905273
16764,GO:1905274
16765,GO:1905278
16766,GO:1905279
16767,GO:1905280
16768,GO:1905281
16769,GO:1905285
16770,GO:1905286
16771,GO:1905288
16772,GO:1905289
16773,GO:1905291
16774,GO:1905300
16775,GO:1905302
16776,GO:1905303
16777,GO:1905305
16778,GO:1905312
16779,GO:1905314
16780,GO:1905317
16781,GO:1905322
16782,GO:1905323
16783,GO:1905324
16784,GO:1905325
16785,GO:1905330
16786,GO:1905332
16787,GO:1905333
16788,GO:1905336
16789,GO:1905337
16790,GO:1905342
16791,GO:1905344
16792,GO:1905345
16793,GO:1905347
16794,GO:1905349
16795,GO:1905354
16796,GO:1905355
16797,GO:1905360
16798,GO:1905364
16799,GO:1905366
16800,GO:1905367
16801,GO:1905368
16802,GO:1905369
16803,GO:1905370
16804,GO:1905379
16805,GO:1905381
16806,GO:1905382
16807,GO:1905383
16808,GO:1905386
16809,GO:1905394
16810,GO:1905395
16811,GO:1905396
16812,GO:1905403
16813,GO:1905404
16814,GO:1905413
16815,GO:1905415
16816,GO:1905429
16817,GO:1905430
16818,GO:1905433
16819,GO:1905443
16820,GO:1905445
16821,GO:1905448
16822,GO:1905450
16823,GO:1905451
16824,GO:1905453
16825,GO:1905454
16826,GO:1905456
16827,GO:1905457
16828,GO:1905458
16829,GO:1905460
16830,GO:1905461
16831,GO:1905475
16832,GO:1905477
16833,GO:1905492
16834,GO:1905502
16835,GO:1905503
16836,GO:1905504
16837,GO:1905505
16838,GO:1905513
16839,GO:1905515
16840,GO:1905516
16841,GO:1905517
16842,GO:1905520
16843,GO:1905521
16844,GO:1905522
16845,GO:1905523
16846,GO:1905524
16847,GO:1905533
16848,GO:1905534
16849,GO:1905537
16850,GO:1905539
16851,GO:1905540
16852,GO:1905543
16853,GO:1905551
16854,GO:1905552
16855,GO:1905554
16856,GO:1905555
16857,GO:1905559
16858,GO:1905562
16859,GO:1905563
16860,GO:1905564
16861,GO:1905571
16862,GO:1905572
16863,GO:1905573
16864,GO:1905574
16865,GO:1905575
16866,GO:1905576
16867,GO:1905577
16868,GO:1905580
16869,GO:1905581
16870,GO:1905590
16871,GO:1905592
16872,GO:1905601
16873,GO:1905602
16874,GO:1905604
16875,GO:1905605
16876,GO:1905606
16877,GO:1905607
16878,GO:1905609
16879,GO:1905631
16880,GO:1905634
16881,GO:1905638
16882,GO:1905641
16883,GO:1905647
16884,GO:1905653
16885,GO:1905654
16886,GO:1905664
16887,GO:1905665
16888,GO:1905667
16889,GO:1905668
16890,GO:1905669
16891,GO:1905670
16892,GO:1905671
16893,GO:1905672
16894,GO:1905673
16895,GO:1905675
16896,GO:1905676
16897,GO:1905684
16898,GO:1905686
16899,GO:1905691
16900,GO:1905694
16901,GO:1905695
16902,GO:1905701
16903,GO:1905702
16904,GO:1905703
16905,GO:1905704
16906,GO:1905706
16907,GO:1905707
16908,GO:1905709
16909,GO:1905710
16910,GO:1905716
16911,GO:1905719
16912,GO:1905720
16913,GO:1905721
16914,GO:1905737
16915,GO:1905747
16916,GO:1905748
16917,GO:1905750
16918,GO:1905751
16919,GO:1905761
16920,GO:1905762
16921,GO:1905765
16922,GO:1905772
16923,GO:1905773
16924,GO:1905782
16925,GO:1905784
16926,GO:1905786
16927,GO:1905793
16928,GO:1905795
16929,GO:1905799
16930,GO:1905801
16931,GO:1905805
16932,GO:1905806
16933,GO:1905808
16934,GO:1905809
16935,GO:1905810
16936,GO:1905818
16937,GO:1905820
16938,GO:1905821
16939,GO:1905828
16940,GO:1905832
16941,GO:1905833
16942,GO:1905835
16943,GO:1905839
16944,GO:1905840
16945,GO:1905841
16946,GO:1905856
16947,GO:1905857
16948,GO:1905867
16949,GO:1905869
16950,GO:1905870
16951,GO:1905871
16952,GO:1905872
16953,GO:1905873
16954,GO:1905875
16955,GO:1905883
16956,GO:1905885
16957,GO:1905887
16958,GO:1905890
16959,GO:1905897
16960,GO:1905898
16961,GO:1905899
16962,GO:1905906
16963,GO:1905907
16964,GO:1905908
16965,GO:1905913
16966,GO:1905935
16967,GO:1905945
16968,GO:1905948
16969,GO:1905949
16970,GO:1905956
16971,GO:1990000
16972,GO:1990002
16973,GO:1990003
16974,GO:1990005
16975,GO:1990008
16976,GO:1990009
16977,GO:1990023
16978,GO:1990026
16979,GO:1990029
16980,GO:1990030
16981,GO:1990031
16982,GO:1990032
16983,GO:1990034
16984,GO:1990036
16985,GO:1990037
16986,GO:1990038
16987,GO:1990044
16988,GO:1990046
16989,GO:1990047
16990,GO:1990048
16991,GO:1990049
16992,GO:1990050
16993,GO:1990051
16994,GO:1990062
16995,GO:1990070
16996,GO:1990071
16997,GO:1990072
16998,GO:1990074
16999,GO:1990075
17000,GO:1990079
17001,GO:1990081
17002,GO:1990086
17003,GO:1990089
17004,GO:1990090
17005,GO:1990092
17006,GO:1990108
17007,GO:1990111
17008,GO:1990112
17009,GO:1990113
17010,GO:1990114
17011,GO:1990115
17012,GO:1990116
17013,GO:1990117
17014,GO:1990130
17015,GO:1990131
17016,GO:1990136
17017,GO:1990138
17018,GO:1990140
17019,GO:1990144
17020,GO:1990145
17021,GO:1990147
17022,GO:1990150
17023,GO:1990165
17024,GO:1990166
17025,GO:1990167
17026,GO:1990168
17027,GO:1990172
17028,GO:1990173
17029,GO:1990174
17030,GO:1990175
17031,GO:1990180
17032,GO:1990182
17033,GO:1990184
17034,GO:1990189
17035,GO:1990204
17036,GO:1990221
17037,GO:1990226
17038,GO:1990227
17039,GO:1990229
17040,GO:1990231
17041,GO:1990234
17042,GO:1990238
17043,GO:1990239
17044,GO:1990244
17045,GO:1990246
17046,GO:1990247
17047,GO:1990253
17048,GO:1990254
17049,GO:1990256
17050,GO:1990259
17051,GO:1990261
17052,GO:1990262
17053,GO:1990264
17054,GO:1990265
17055,GO:1990266
17056,GO:1990267
17057,GO:1990268
17058,GO:1990269
17059,GO:1990270
17060,GO:1990272
17061,GO:1990275
17062,GO:1990276
17063,GO:1990280
17064,GO:1990297
17065,GO:1990298
17066,GO:1990314
17067,GO:1990316
17068,GO:1990318
17069,GO:1990319
17070,GO:1990320
17071,GO:1990321
17072,GO:1990322
17073,GO:1990323
17074,GO:1990324
17075,GO:1990325
17076,GO:1990326
17077,GO:1990327
17078,GO:1990332
17079,GO:1990338
17080,GO:1990339
17081,GO:1990340
17082,GO:1990341
17083,GO:1990349
17084,GO:1990350
17085,GO:1990351
17086,GO:1990352
17087,GO:1990357
17088,GO:1990362
17089,GO:1990379
17090,GO:1990380
17091,GO:1990381
17092,GO:1990384
17093,GO:1990385
17094,GO:1990386
17095,GO:1990390
17096,GO:1990391
17097,GO:1990393
17098,GO:1990400
17099,GO:1990401
17100,GO:1990402
17101,GO:1990403
17102,GO:1990404
17103,GO:1990405
17104,GO:1990406
17105,GO:1990407
17106,GO:1990408
17107,GO:1990409
17108,GO:1990410
17109,GO:1990414
17110,GO:1990416
17111,GO:1990418
17112,GO:1990422
17113,GO:1990423
17114,GO:1990425
17115,GO:1990426
17116,GO:1990427
17117,GO:1990428
17118,GO:1990429
17119,GO:1990430
17120,GO:1990431
17121,GO:1990432
17122,GO:1990433
17123,GO:1990438
17124,GO:1990439
17125,GO:1990442
17126,GO:1990444
17127,GO:1990446
17128,GO:1990447
17129,GO:1990448
17130,GO:1990450
17131,GO:1990452
17132,GO:1990454
17133,GO:1990459
17134,GO:1990460
17135,GO:1990462
17136,GO:1990466
17137,GO:1990477
17138,GO:1990478
17139,GO:1990481
17140,GO:1990498
17141,GO:1990499
17142,GO:1990501
17143,GO:1990502
17144,GO:1990504
17145,GO:1990506
17146,GO:1990508
17147,GO:1990512
17148,GO:1990513
17149,GO:1990516
17150,GO:1990518
17151,GO:1990519
17152,GO:1990520
17153,GO:1990523
17154,GO:1990529
17155,GO:1990531
17156,GO:1990533
17157,GO:1990535
17158,GO:1990539
17159,GO:1990540
17160,GO:1990542
17161,GO:1990543
17162,GO:1990544
17163,GO:1990547
17164,GO:1990548
17165,GO:1990549
17166,GO:1990550
17167,GO:1990559
17168,GO:1990565
17169,GO:1990569
17170,GO:1990570
17171,GO:1990572
17172,GO:1990573
17173,GO:1990575
17174,GO:1990578
17175,GO:1990583
17176,GO:1990584
17177,GO:1990589
17178,GO:1990590
17179,GO:1990592
17180,GO:1990595
17181,GO:1990597
17182,GO:1990599
17183,GO:1990604
17184,GO:1990609
17185,GO:1990611
17186,GO:1990617
17187,GO:1990620
17188,GO:1990622
17189,GO:1990626
17190,GO:1990627
17191,GO:1990629
17192,GO:1990630
17193,GO:1990635
17194,GO:1990637
17195,GO:1990641
17196,GO:1990646
17197,GO:1990647
17198,GO:1990660
17199,GO:1990661
17200,GO:1990662
17201,GO:1990664
17202,GO:1990665
17203,GO:1990666
17204,GO:1990667
17205,GO:1990674
17206,GO:1990675
17207,GO:1990676
17208,GO:1990680
17209,GO:1990682
17210,GO:1990683
17211,GO:1990696
17212,GO:1990697
17213,GO:1990698
17214,GO:1990699
17215,GO:1990700
17216,GO:1990706
17217,GO:1990708
17218,GO:1990709
17219,GO:1990711
17220,GO:1990712
17221,GO:1990713
17222,GO:1990715
17223,GO:1990716
17224,GO:1990718
17225,GO:1990722
17226,GO:1990723
17227,GO:1990724
17228,GO:1990726
17229,GO:1990728
17230,GO:1990730
17231,GO:1990733
17232,GO:1990737
17233,GO:1990738
17234,GO:1990742
17235,GO:1990743
17236,GO:1990745
17237,GO:1990748
17238,GO:1990752
17239,GO:1990753
17240,GO:1990755
17241,GO:1990756
17242,GO:1990757
17243,GO:1990758
17244,GO:1990760
17245,GO:1990761
17246,GO:1990763
17247,GO:1990764
17248,GO:1990769
17249,GO:1990770
17250,GO:1990771
17251,GO:1990776
17252,GO:1990777
17253,GO:1990778
17254,GO:1990779
17255,GO:1990780
17256,GO:1990782
17257,GO:1990785
17258,GO:1990786
17259,GO:1990788
17260,GO:1990791
17261,GO:1990792
17262,GO:1990794
17263,GO:1990799
17264,GO:1990809
17265,GO:1990812
17266,GO:1990814
17267,GO:1990817
17268,GO:1990822
17269,GO:1990825
17270,GO:1990828
17271,GO:1990830
17272,GO:1990834
17273,GO:1990837
17274,GO:1990838
17275,GO:1990839
17276,GO:1990841
17277,GO:1990845
17278,GO:1990851
17279,GO:1990856
17280,GO:1990858
17281,GO:1990859
17282,GO:1990869
17283,GO:1990874
17284,GO:1990876
17285,GO:1990877
17286,GO:1990879
17287,GO:1990880
17288,GO:1990883
17289,GO:1990889
17290,GO:1990890
17291,GO:1990904
17292,GO:1990907
17293,GO:1990909
17294,GO:1990910
17295,GO:1990911
17296,GO:1990913
17297,GO:1990917
17298,GO:1990918
17299,GO:1990923
17300,GO:1990926
17301,GO:1990927
17302,GO:1990928
17303,GO:1990930
17304,GO:1990931
17305,GO:1990935
17306,GO:1990948
17307,GO:1990949
17308,GO:1990953
17309,GO:1990955
17310,GO:1990957
17311,GO:1990959
17312,GO:1990960
17313,GO:1990961
17314,GO:1990962
17315,GO:1990963
17316,GO:1990966
17317,GO:1990971
17318,GO:1990972
17319,GO:1990983
17320,GO:1990984
17321,GO:1990986
17322,GO:2000001
17323,GO:2000002
17324,GO:2000003
17325,GO:2000005
17326,GO:2000007
17327,GO:2000008
17328,GO:2000009
17329,GO:2000010
17330,GO:2000016
17331,GO:2000017
17332,GO:2000019
17333,GO:2000020
17334,GO:2000026
17335,GO:2000027
17336,GO:2000035
17337,GO:2000036
17338,GO:2000042
17339,GO:2000043
17340,GO:2000045
17341,GO:2000048
17342,GO:2000049
17343,GO:2000050
17344,GO:2000051
17345,GO:2000052
17346,GO:2000058
17347,GO:2000059
17348,GO:2000060
17349,GO:2000062
17350,GO:2000063
17351,GO:2000064
17352,GO:2000065
17353,GO:2000066
17354,GO:2000074
17355,GO:2000077
17356,GO:2000078
17357,GO:2000095
17358,GO:2000096
17359,GO:2000097
17360,GO:2000098
17361,GO:2000103
17362,GO:2000104
17363,GO:2000105
17364,GO:2000107
17365,GO:2000110
17366,GO:2000111
17367,GO:2000114
17368,GO:2000118
17369,GO:2000119
17370,GO:2000120
17371,GO:2000121
17372,GO:2000124
17373,GO:2000134
17374,GO:2000137
17375,GO:2000138
17376,GO:2000143
17377,GO:2000144
17378,GO:2000145
17379,GO:2000146
17380,GO:2000147
17381,GO:2000156
17382,GO:2000158
17383,GO:2000171
17384,GO:2000172
17385,GO:2000173
17386,GO:2000176
17387,GO:2000177
17388,GO:2000178
17389,GO:2000179
17390,GO:2000180
17391,GO:2000182
17392,GO:2000184
17393,GO:2000186
17394,GO:2000187
17395,GO:2000191
17396,GO:2000192
17397,GO:2000194
17398,GO:2000195
17399,GO:2000204
17400,GO:2000208
17401,GO:2000209
17402,GO:2000210
17403,GO:2000224
17404,GO:2000225
17405,GO:2000231
17406,GO:2000232
17407,GO:2000233
17408,GO:2000234
17409,GO:2000236
17410,GO:2000243
17411,GO:2000252
17412,GO:2000253
17413,GO:2000256
17414,GO:2000257
17415,GO:2000261
17416,GO:2000269
17417,GO:2000270
17418,GO:2000271
17419,GO:2000272
17420,GO:2000278
17421,GO:2000279
17422,GO:2000283
17423,GO:2000288
17424,GO:2000291
17425,GO:2000292
17426,GO:2000293
17427,GO:2000296
17428,GO:2000297
17429,GO:2000300
17430,GO:2000301
17431,GO:2000302
17432,GO:2000303
17433,GO:2000304
17434,GO:2000308
17435,GO:2000309
17436,GO:2000310
17437,GO:2000311
17438,GO:2000316
17439,GO:2000317
17440,GO:2000318
17441,GO:2000319
17442,GO:2000320
17443,GO:2000321
17444,GO:2000323
17445,GO:2000324
17446,GO:2000329
17447,GO:2000330
17448,GO:2000331
17449,GO:2000334
17450,GO:2000340
17451,GO:2000341
17452,GO:2000342
17453,GO:2000343
17454,GO:2000344
17455,GO:2000346
17456,GO:2000347
17457,GO:2000348
17458,GO:2000349
17459,GO:2000350
17460,GO:2000351
17461,GO:2000352
17462,GO:2000353
17463,GO:2000355
17464,GO:2000357
17465,GO:2000358
17466,GO:2000359
17467,GO:2000360
17468,GO:2000367
17469,GO:2000368
17470,GO:2000369
17471,GO:2000370
17472,GO:2000373
17473,GO:2000374
17474,GO:2000377
17475,GO:2000378
17476,GO:2000379
17477,GO:2000380
17478,GO:2000381
17479,GO:2000382
17480,GO:2000386
17481,GO:2000388
17482,GO:2000391
17483,GO:2000392
17484,GO:2000393
17485,GO:2000394
17486,GO:2000397
17487,GO:2000401
17488,GO:2000402
17489,GO:2000403
17490,GO:2000404
17491,GO:2000405
17492,GO:2000406
17493,GO:2000408
17494,GO:2000410
17495,GO:2000412
17496,GO:2000415
17497,GO:2000417
17498,GO:2000418
17499,GO:2000420
17500,GO:2000424
17501,GO:2000425
17502,GO:2000426
17503,GO:2000427
17504,GO:2000431
17505,GO:2000434
17506,GO:2000435
17507,GO:2000436
17508,GO:2000438
17509,GO:2000439
17510,GO:2000448
17511,GO:2000451
17512,GO:2000452
17513,GO:2000454
17514,GO:2000458
17515,GO:2000463
17516,GO:2000464
17517,GO:2000465
17518,GO:2000466
17519,GO:2000467
17520,GO:2000473
17521,GO:2000474
17522,GO:2000479
17523,GO:2000480
17524,GO:2000481
17525,GO:2000486
17526,GO:2000487
17527,GO:2000490
17528,GO:2000491
17529,GO:2000493
17530,GO:2000494
17531,GO:2000502
17532,GO:2000503
17533,GO:2000504
17534,GO:2000508
17535,GO:2000509
17536,GO:2000510
17537,GO:2000513
17538,GO:2000514
17539,GO:2000515
17540,GO:2000516
17541,GO:2000518
17542,GO:2000521
17543,GO:2000522
17544,GO:2000524
17545,GO:2000525
17546,GO:2000529
17547,GO:2000533
17548,GO:2000534
17549,GO:2000535
17550,GO:2000536
17551,GO:2000538
17552,GO:2000541
17553,GO:2000543
17554,GO:2000544
17555,GO:2000545
17556,GO:2000546
17557,GO:2000547
17558,GO:2000548
17559,GO:2000549
17560,GO:2000552
17561,GO:2000553
17562,GO:2000556
17563,GO:2000558
17564,GO:2000562
17565,GO:2000563
17566,GO:2000564
17567,GO:2000565
17568,GO:2000566
17569,GO:2000568
17570,GO:2000570
17571,GO:2000572
17572,GO:2000573
17573,GO:2000583
17574,GO:2000584
17575,GO:2000587
17576,GO:2000588
17577,GO:2000590
17578,GO:2000591
17579,GO:2000594
17580,GO:2000597
17581,GO:2000601
17582,GO:2000609
17583,GO:2000611
17584,GO:2000612
17585,GO:2000622
17586,GO:2000623
17587,GO:2000624
17588,GO:2000626
17589,GO:2000627
17590,GO:2000628
17591,GO:2000630
17592,GO:2000632
17593,GO:2000633
17594,GO:2000635
17595,GO:2000636
17596,GO:2000637
17597,GO:2000638
17598,GO:2000639
17599,GO:2000640
17600,GO:2000641
17601,GO:2000642
17602,GO:2000643
17603,GO:2000645
17604,GO:2000646
17605,GO:2000647
17606,GO:2000648
17607,GO:2000651
17608,GO:2000654
17609,GO:2000655
17610,GO:2000659
17611,GO:2000660
17612,GO:2000669
17613,GO:2000670
17614,GO:2000671
17615,GO:2000672
17616,GO:2000675
17617,GO:2000676
17618,GO:2000677
17619,GO:2000678
17620,GO:2000679
17621,GO:2000683
17622,GO:2000689
17623,GO:2000691
17624,GO:2000696
17625,GO:2000697
17626,GO:2000706
17627,GO:2000707
17628,GO:2000719
17629,GO:2000720
17630,GO:2000723
17631,GO:2000724
17632,GO:2000725
17633,GO:2000726
17634,GO:2000727
17635,GO:2000729
17636,GO:2000736
17637,GO:2000737
17638,GO:2000738
17639,GO:2000739
17640,GO:2000740
17641,GO:2000741
17642,GO:2000744
17643,GO:2000752
17644,GO:2000753
17645,GO:2000755
17646,GO:2000757
17647,GO:2000758
17648,GO:2000765
17649,GO:2000766
17650,GO:2000767
17651,GO:2000768
17652,GO:2000772
17653,GO:2000773
17654,GO:2000774
17655,GO:2000779
17656,GO:2000780
17657,GO:2000781
17658,GO:2000784
17659,GO:2000785
17660,GO:2000786
17661,GO:2000791
17662,GO:2000793
17663,GO:2000795
17664,GO:2000798
17665,GO:2000802
17666,GO:2000805
17667,GO:2000806
17668,GO:2000807
17669,GO:2000808
17670,GO:2000809
17671,GO:2000810
17672,GO:2000811
17673,GO:2000812
17674,GO:2000813
17675,GO:2000814
17676,GO:2000818
17677,GO:2000819
17678,GO:2000821
17679,GO:2000822
17680,GO:2000826
17681,GO:2000827
17682,GO:2000836
17683,GO:2000845
17684,GO:2000850
17685,GO:2000852
17686,GO:2000853
17687,GO:2000854
17688,GO:2000860
17689,GO:2000866
17690,GO:2000870
17691,GO:2000872
17692,GO:2000892
17693,GO:2000972
17694,GO:2000973
17695,GO:2000974
17696,GO:2000975
17697,GO:2000978
17698,GO:2000979
17699,GO:2000981
17700,GO:2000982
17701,GO:2000986
17702,GO:2000987
17703,GO:2001013
17704,GO:2001014
17705,GO:2001015
17706,GO:2001016
17707,GO:2001019
17708,GO:2001023
17709,GO:2001027
17710,GO:2001028
17711,GO:2001032
17712,GO:2001033
17713,GO:2001034
17714,GO:2001037
17715,GO:2001038
17716,GO:2001040
17717,GO:2001044
17718,GO:2001045
17719,GO:2001046
17720,GO:2001051
17721,GO:2001054
17722,GO:2001057
17723,GO:2001065
17724,GO:2001069
17725,GO:2001070
17726,GO:2001072
17727,GO:2001076
17728,GO:2001107
17729,GO:2001111
17730,GO:2001113
17731,GO:2001125
17732,GO:2001135
17733,GO:2001136
17734,GO:2001137
17735,GO:2001139
17736,GO:2001140
17737,GO:2001141
17738,GO:2001142
17739,GO:2001150
17740,GO:2001153
17741,GO:2001169
17742,GO:2001170
17743,GO:2001171
17744,GO:2001178
17745,GO:2001185
17746,GO:2001186
17747,GO:2001187
17748,GO:2001189
17749,GO:2001190
17750,GO:2001198
17751,GO:2001199
17752,GO:2001200
17753,GO:2001204
17754,GO:2001205
17755,GO:2001206
17756,GO:2001212
17757,GO:2001213
17758,GO:2001214
17759,GO:2001222
17760,GO:2001223
17761,GO:2001224
17762,GO:2001225
17763,GO:2001226
17764,GO:2001233
17765,GO:2001234
17766,GO:2001235
17767,GO:2001236
17768,GO:2001237
17769,GO:2001238
17770,GO:2001240
17771,GO:2001241
17772,GO:2001242
17773,GO:2001243
17774,GO:2001244
17775,GO:2001247
17776,GO:2001250
17777,GO:2001251
17778,GO:2001252
17779,GO:2001256
17780,GO:2001259
17781,GO:2001260
17782,GO:2001262
17783,GO:2001280
17784,GO:2001286
17785,GO:2001287
17786,GO:2001288
17787,GO:2001294
17788,GO:2001295
17789,GO:2001301
17790,GO:2001302
17791,GO:2001303
17792,GO:2001304
17793,GO:2001306
17794,GO:2001311
17795,GO:7770001
17796,GO:7770002
17797,GO:7770010
17798,GO:7770011
17799,GO:7770013
17800,GO:7770015
17801,GO:7770016
17802,GO:7770019
17803,GO:7770020
17804,GO:7770021
17805,GO:7770022
17806,GO:7770023
17807,GO:7770024
17808,GO:7770025
17809,GO:7770026
17810,GO:7770027
17811,GO:7770030
17812,GO:7770043
17813,GO:7770052
17814,GO:7770059
17815,GO:7770062
17816,GO:7770068
17817,GO:7770072
17818,GO:7770073
