local_index,gene_symbol,ensembl_id,global_index,output_index
0,AL391244.3,,19301,-1
1,CHRNB1,,12211,12211
2,SETD2,,18636,-1
3,LIMS2,,1142,1142
4,RAPGEF6,,9888,9888
5,P2RY4,,19302,-1
6,AL662796.1,,19303,-1
7,CLEC2B,,3696,3696
8,P3H4,,7862,7862
9,MRPS15,,18553,-1
10,TSPAN3,,7661,7661
11,CADM1,,14382,14382
12,AL008723.3,,19304,-1
13,AC133963.2,,19305,-1
14,ZNF300P1,,19306,-1
15,NMNAT3,,10704,10704
16,EXO1,,13059,13059
17,TFAP4,,1820,1820
18,AGMO,,15260,15260
19,MRPL32,,18744,-1
20,CYP4F24P,,19307,-1
21,AP003119.1,,19308,-1
22,ZNF628,,16027,16027
23,C19orf57,,6287,6287
24,AL732372.2,,19309,-1
25,SLIT2,,8335,8335
26,AC013452.2,,19310,-1
27,LINC02083,,19311,-1
28,COL5A2,,16584,16584
29,TMEM186,,14733,14733
30,AL139424.2,,19312,-1
31,AC111198.1,,19313,-1
32,ZNF468,,16683,16683
33,NRF1,,3205,3205
34,PSMB9,,17641,17641
35,C3orf38,,13790,13790
36,PLK5,,14982,14982
37,USP18,,14758,14758
38,ZNF697,,7997,7997
39,SHARPIN,,13861,13861
40,VAMP4,,4574,4574
41,AC107068.2,,19314,-1
42,AC245014.3,,19315,-1
43,TMEM230,,1758,1758
44,SPRY4,,15289,15289
45,LRP4,,6661,6661
46,DNAJC12,,3385,3385
47,ATPAF2,,12614,12614
48,SEC14L2,,2089,2089
49,AP003068.2,,19316,-1
50,ASB13,,15739,15739
51,AC025171.2,,18680,-1
52,TMC4,,11633,11633
53,MVB12B,,15865,15865
54,AL162511.1,,19317,-1
55,TSPAN16,,5992,5992
56,ZDHHC8,,2066,2066
57,SLCO1B1,,6656,6656
58,CPQ,,2809,2809
59,UBE2F-SCLY,,19318,-1
60,FUZ,,256,256
61,EVA1A,,4276,4276
62,AC087280.2,,19319,-1
63,AL662890.1,,19320,-1
64,MKRN9P,,19321,-1
65,CST6,,13219,13219
66,LEF1,,7454,7454
67,ACTR3C,,3214,3214
68,FAM32A,,2934,2934
69,IGF1R,,7668,7668
70,ANGPTL2,,7075,7075
71,ARSK,,10852,10852
72,CKAP2,,6943,6943
73,AC010186.2,,19322,-1
74,AC244033.2,,19323,-1
75,AC104758.5,,19324,-1
76,C4orf36,,10634,10634
77,SETD7,,8371,8371
78,GPR63,,3894,3894
79,CDH23,,3332,3332
80,ORMDL2,,5194,5194
81,AC005828.7,,19325,-1
82,ASCC1,,7352,7352
83,ZNF761,,19040,-1
84,SMURF2P1,,19326,-1
85,ATOH8,,11935,11935
86,PSMC3IP,,6217,6217
87,IL9RP3,,19327,-1
88,C3orf52,,4161,4161
89,EIF3A,,3320,3320
90,SGMS2,,10751,10751
91,STIP1,,11847,11847
92,C19orf54,,15455,15455
93,CBR3-AS1,,19328,-1
94,VWDE,,8522,8522
95,AC112719.2,,19329,-1
96,PEMT,,6444,6444
97,DEF6,,424,424
98,AC090229.1,,19330,-1
99,AL354696.2,,19331,-1
100,DUS1L,,12121,12121
101,AL022326.1,,19332,-1
102,CDH16,,11414,11414
103,KCNMB3P1,,19333,-1
104,LYZ,,1817,1817
105,LINC01806,,19334,-1
106,TXNL1,,1862,1862
107,AC097478.1,,19335,-1
108,AC025283.3,,19336,-1
109,CAND2,,8285,8285
110,STXBP5,,10912,10912
111,CFB,,17746,17746
112,AL355312.2,,19337,-1
113,AC254562.2,,19338,-1
114,LINC02478,,19339,-1
115,ENTPD3-AS1,,19340,-1
116,AC244034.2,,19341,-1
117,BDNF-AS,,19342,-1
118,LINC00543,,19343,-1
119,AGPAT4,,446,446
120,LINC01366,,19344,-1
121,AL133338.2,,19345,-1
122,CHMP2A,,6093,6093
123,SPATA8-AS1,,19346,-1
124,RPL29,,18637,-1
125,CRISPLD2,,2692,2692
126,AC092447.7,,19347,-1
127,GASAL1,,19348,-1
128,TICRR,,7693,7693
129,SNAP25-AS1,,19349,-1
130,AC022710.1,,19350,-1
131,AL162497.1,,19351,-1
132,ZNF528,,11622,11622
133,NRBP2,,14811,14811
134,SNCA,,8358,8358
135,AC093063.1,,19352,-1
136,CEP170P1,,19353,-1
137,MSANTD1,,15557,15557
138,KIAA0391,,19354,-1
139,DYNC2H1,,15230,15230
140,GNB2,,12700,12700
141,TTC5,,6989,6989
142,TSC22D1,,2622,2622
143,Z83844.3,,19355,-1
144,ATP1A4,,6387,6387
145,PTGDS,,3300,3300
146,ARHGEF26-AS1,,19356,-1
147,AL096711.2,,19357,-1
148,F3,,4572,4572
149,LINC02147,,19358,-1
150,OR52I2,,17387,17387
151,ZNF83,,11688,11688
152,ZNF217,,12609,12609
153,SAMD4A,,390,390
154,AC055736.1,,19359,-1
155,AC073530.1,,19360,-1
156,CHRM3,,6441,6441
157,FAM118A,,2215,2215
158,GGT4P,,19361,-1
159,ERBIN,,3982,3982
160,PHF2P2,,19362,-1
161,AC018797.2,,19363,-1
162,FAM89B,,13476,13476
163,AC139495.1,,19364,-1
164,ARID4A,,480,480
165,HMGCR,,4009,4009
166,AC027801.4,,19365,-1
167,GUCD1,,7466,7466
168,AC073073.2,,19366,-1
169,ANKRD13A,,1304,1304
170,PIP5KL1,,11529,11529
171,FSIP2-AS1,,19367,-1
172,EBF2,,17276,17276
173,CDK2,,5198,5198
174,HTR1F,,13807,13807
175,GPA33,,8017,8017
176,AL136985.1,,19368,-1
177,INTS10,,2847,2847
178,SLC27A5,,1556,1556
179,YWHAZP2,,19369,-1
180,LNPEP,,4048,4048
181,AC133041.1,,19370,-1
182,TIGD4,,12178,12178
183,AC007679.1,,19371,-1
184,AL117329.1,,19086,-1
185,TXNDC17,,5904,5904
186,OOEP,,16516,16516
187,MKNK2,,2063,2063
188,RMDN2-AS1,,19372,-1
189,TBL1XR1-AS1,,19373,-1
190,MROH1,,13899,13899
191,DNMBP,,3316,3316
192,AL954650.1,,19374,-1
193,LRRCC1,,6529,6529
194,AC040970.1,,19375,-1
195,BICDL2,,10255,10255
196,FAM201A,,19376,-1
197,PRKAR1B,,15401,15401
198,AC004852.2,,19377,-1
199,CRISP1,,5397,5397
200,TRIL,,17968,17968
201,LZTS1-AS1,,19378,-1
202,LINC01793,,19379,-1
203,MIR29B2CHG,,19380,-1
204,C21orf91-OT1,,19381,-1
205,DTX2P1-UPK3BP1-PMS2P11,,19382,-1
206,STAB1,,255,255
207,NSUN2,,524,524
208,AC068491.3,,18611,-1
209,GPSM2,,5048,5048
210,SELENBP1,,8078,8078
211,COBL,,3154,3154
212,SLC27A6,,4045,4045
213,ZFHX3,,7728,7728
214,AAED1,,19383,-1
215,ZDHHC18,,16561,16561
216,OSBPL8,,1851,1851
217,AC010595.1,,19384,-1
218,TRPC2,,19385,-1
219,HNF1A,,6750,6750
220,SLC1A3,,1409,1409
221,LINC01567,,19386,-1
222,FAM86HP,,19387,-1
223,DNAH17,,15313,15313
224,TNNT3,,6068,6068
225,PCDHGB7,,17913,17913
226,LARGE2,,11237,11237
227,SHOX2,,11916,11916
228,AP000648.3,,19388,-1
229,ISG20L2,,8047,8047
230,ACHE,,1665,1665
231,RAD9B,,9006,9006
232,COX16,,6555,6555
233,NDUFA1,,5439,5439
234,AC138207.8,,19389,-1
235,EMP3,,7910,7910
236,AC005699.1,,19390,-1
237,MAGED1,,13827,13827
238,AC022523.1,,19391,-1
239,HUWE1,,1655,1655
240,DNAJC15,,4912,4912
241,MGAM,,18014,18014
242,TBC1D8B,,6473,6473
243,RMST,,19392,-1
244,PAFAH1B3,,1425,1425
245,TTC29,,7192,7192
246,TLN1,,7124,7124
247,MROH6,,16724,16724
248,PDCD11,,8795,8795
249,AL139039.3,,19393,-1
250,LINC01468,,19394,-1
251,PHEX,,2557,2557
252,AC068446.2,,19395,-1
253,PIK3AP1,,9497,9497
254,ZNF416,,1559,1559
255,AC003688.1,,19396,-1
256,MRPL11,,18845,-1
257,ZNF37BP,,19397,-1
258,SLC20A1,,8208,8208
259,TOMM20,,12964,12964
260,THRB-AS1,,19398,-1
261,CXCL16,,10230,10230
262,DEGS1,,8141,8141
263,NDUFB9P1,,19399,-1
264,AP1S1,,3194,3194
265,EGFL7,,12803,12803
266,HCFC1R1,,2680,2680
267,AC009119.2,,19400,-1
268,AC002310.1,,19401,-1
269,AC027097.2,,19402,-1
270,MLANA,,4859,4859
271,DQX1,,8197,8197
272,CBWD6,,19403,-1
273,AC091551.1,,19404,-1
274,AC087289.3,,19405,-1
275,AL365356.3,,19406,-1
276,BACH1,,9577,9577
277,PRX,,2962,2962
278,MRPS10,,18723,-1
279,TMEM53,,5584,5584
280,MAFF,,14776,14776
281,ARV1,,12900,12900
282,AC027801.1,,19407,-1
283,ZC3H12D,,13670,13670
284,COX17,,7390,7390
285,VMP1,,822,822
286,CPSF3,,4721,4721
287,LINC01291,,19408,-1
288,MIR548XHG,,19409,-1
289,POU5F1P4,,19410,-1
290,CYMP,,19411,-1
291,AC010168.2,,19412,-1
292,SRP54,,2321,2321
293,JUN,,13580,13580
294,AC130324.2,,19413,-1
295,CHRNA7,,13227,13227
296,RPL18,,19036,-1
297,AL162384.1,,19414,-1
298,DENND5B-AS1,,19415,-1
299,DLEC1,,203,203
300,GPS1,,12122,12122
301,AC018557.1,,19416,-1
302,DSC2,,6685,6685
303,CNOT6LP1,,19417,-1
304,AL133372.2,,19418,-1
305,DNAJB9,,5825,5825
306,AC002101.1,,19419,-1
307,SLC41A3,,4163,4163
308,PTK2,,12057,12057
309,AL031777.3,,19420,-1
310,RTCA,,7295,7295
311,SMILR,,19421,-1
312,AC107375.1,,19422,-1
313,AL512353.1,,19423,-1
314,MT2A,,5418,5418
315,SLC9A2,,4322,4322
316,FAM207A,,10048,10048
317,PPDPF,,5472,5472
318,SLC26A1,,8342,8342
319,CHPT1,,3797,3797
320,STOML1,,976,976
321,NOL6,,11095,11095
322,IMPDH1P10,,19424,-1
323,STAG1,,4617,4617
324,ARMCX1,,5670,5670
325,AL117339.5,,19425,-1
326,HNRNPA2B1,,5107,5107
327,FAM57A,,19426,-1
328,AC009961.3,,19427,-1
329,OTOGL,,11236,11236
330,SGO1,,5959,5959
331,LINC01396,,19428,-1
332,AUNIP,,5707,5707
333,PRAME,,14913,14913
334,NSUN5,,6018,6018
335,AURKA,,1698,1698
336,ADAM15,,8105,8105
337,KCNQ4,,4508,4508
338,GPC4,,1313,1313
339,HNMT,,8943,8943
340,ZNF362,,10010,10010
341,TYK2,,3001,3001
342,CCDC168,,13300,13300
343,AC010890.1,,19429,-1
344,DDR1,,16678,16678
345,FAM111A-DT,,19430,-1
346,ZNF442,,16240,16240
347,YEATS4,,5699,5699
348,ZNF320,,14383,14383
349,LBP,,5968,5968
350,EEF1A1P5,,19431,-1
351,CP,,606,606
352,TAP2,,16586,16586
353,LINC00982,,19432,-1
354,SUMO2P17,,19433,-1
355,TM4SF1,,12161,12161
356,HSPA6,,12840,12840
357,AC025040.2,,19434,-1
358,AC011604.2,,19435,-1
359,FKBP10,,7872,7872
360,AL627309.7,,19436,-1
361,SKIDA1,,14007,14007
362,RENBP,,2533,2533
363,LINC01560,,19437,-1
364,DST,,9105,9105
365,LINC02246,,19438,-1
366,TEKT4P2,,19439,-1
367,SNF8,,9914,9914
368,REC8,,2331,2331
369,AP005212.4,,19440,-1
370,ZC3H12C,,8838,8838
371,AL353795.3,,19441,-1
372,SLC5A6,,7312,7312
373,MAP3K7CL,,9575,9575
374,AL450992.1,,19442,-1
375,PTH1R,,10121,10121
376,TEF,,11519,11519
377,C4orf45,,10803,10803
378,LRFN1,,5766,5766
379,RASL10B,,18213,18213
380,ANKRD31,,8400,8400
381,KBTBD4,,5208,5208
382,DNAJC14,,6802,6802
383,DHRS13,,11614,11614
384,KCNN4,,2870,2870
385,PIK3R1,,8395,8395
386,KCNH8,,14575,14575
387,AC027117.2,,19443,-1
388,ZNF579,,17262,17262
389,TAS2R20,,19444,-1
390,AL162595.1,,18586,-1
391,GALK2,,9647,9647
392,AC073869.1,,19445,-1
393,AC026254.2,,19446,-1
394,CHMP6,,13342,13342
395,AC068707.1,,19447,-1
396,THAP3,,564,564
397,EDDM13,,18163,18163
398,AC008069.1,,19448,-1
399,AC108134.2,,19449,-1
400,AP000317.1,,19450,-1
401,MAGI3,,1475,1475
402,ZFR2,,2973,2973
403,AL359715.2,,19451,-1
404,LINC00854,,19452,-1
405,LIN9,,14553,14553
406,C11orf65,,11342,11342
407,AC087258.1,,19453,-1
408,STRA8,,8554,8554
409,KSR2,,12490,12490
410,CYP11A1,,7672,7672
411,FBXO4,,9099,9099
412,AC074099.1,,19454,-1
413,TCAF1,,16258,16258
414,SLC39A8,,7461,7461
415,BRIX1,,4051,4051
416,AL356270.1,,19455,-1
417,ARMC7,,5452,5452
418,OLFM1,,6060,6060
419,CEP19,,13007,13007
420,CAPN2,,10430,10430
421,AC074327.1,,19456,-1
422,MDM4,,16309,16309
423,NPR2,,9991,9991
424,HCFC2,,3816,3816
425,APLF,,12103,12103
426,AC139530.2,,19457,-1
427,ARRDC3-AS1,,19458,-1
428,CYP2AB1P,,19459,-1
429,CDK3,,17858,17858
430,MT-ND2,,16359,16359
431,ATRN,,1732,1732
432,AP002851.1,,19460,-1
433,TOR2A,,10073,10073
434,BTN3A1,,448,448
435,CEACAM5,,2998,2998
436,HEXIM2,,11867,11867
437,TNIP2,,11940,11940
438,PAGE5,,9847,9847
439,SDHAF1,,16789,16789
440,BNC2,,12834,12834
441,IFI16,,10608,10608
442,AC117402.1,,19461,-1
443,GDPD3,,2632,2632
444,ZDHHC12,,10078,10078
445,PPAT,,5773,5773
446,PECAM1,,18082,18082
447,C12orf49,,3772,3772
448,AC005020.2,,19462,-1
449,AL359715.1,,19463,-1
450,AC018616.1,,19464,-1
451,NEU3,,10263,10263
452,RPL6P9,,19465,-1
453,AC005841.1,,19466,-1
454,DCAF13,,11016,11016
455,PLEKHA3,,4383,4383
456,CISH,,4178,4178
457,GPX4,,11599,11599
458,C17orf58,,15118,15118
459,SUSD2,,2085,2085
460,AC100849.1,,19467,-1
461,FADS2P1,,19468,-1
462,KDSR,,4757,4757
463,AC245100.4,,19469,-1
464,SNHG18,,19219,-1
465,AC005828.4,,19470,-1
466,ZBTB20-AS3,,19471,-1
467,PSG7,,17293,17293
468,AC006435.2,,19472,-1
469,AC055855.2,,19473,-1
470,FAM20B,,4402,4402
471,KCTD17,,2216,2216
472,NDST2,,11393,11393
473,LAS1L,,12,12
474,TLR3,,10876,10876
475,MRPL44,,18624,-1
476,FEM1A,,7882,7882
477,HS2ST1,,9323,9323
478,SCEL,,6955,6955
479,GINS2,,6179,6179
480,EFHD1,,4293,4293
481,ARHGEF12,,15886,15886
482,MIR181A1HG,,19202,-1
483,CANX,,5675,5675
484,LINC02433,,19474,-1
485,WIPF3,,5108,5108
486,ATP6V1E2,,17860,17860
487,AC025034.1,,19475,-1
488,NDUFB8,,11289,11289
489,MUC5AC,,17202,17202
490,ADAM12,,8796,8796
491,PIGZ,,4722,4722
492,AC004832.3,,19476,-1
493,AL355994.4,,19477,-1
494,TRABD2A,,15149,15149
495,Z99496.1,,19478,-1
496,SH3PXD2A,,3367,3367
497,SERPINE1,,3193,3193
498,LHFPL5,,19479,-1
499,ELK1,,5642,5642
500,AC073130.3,,19480,-1
501,TNS3,,6965,6965
502,SREK1,,18683,-1
503,AL359878.1,,19481,-1
504,SSR1,,5388,5388
505,AC021231.1,,19482,-1
506,AC074032.1,,19483,-1
507,CSNKA2IP,,18436,18436
508,EDC3,,13817,13817
509,LINC02424,,19484,-1
510,EMC7,,6583,6583
511,PGP,,14613,14613
512,FAM72C,,18117,18117
513,AC018521.2,,19485,-1
514,THAP4,,13472,13472
515,TPP1,,11347,11347
516,LRRC29,,5415,5415
517,ZSCAN21,,11400,11400
518,C22orf34,,19087,-1
519,PER1,,13806,13806
520,AC011509.2,,19486,-1
521,AC022784.3,,19487,-1
522,NRBF2,,8759,8759
523,LINC02389,,19488,-1
524,LINC00315,,19489,-1
525,SPAAR,,17549,17549
526,PRC1,,16434,16434
527,ZNF705E,,17151,17151
528,CRYZL2P-SEC16B,,19490,-1
529,AC112495.1,,19491,-1
530,SP110,,6895,6895
531,ST8SIA1,,3817,3817
532,CCDC148,,9265,9265
533,SLC22A11,,11765,11765
534,C6orf163,,16510,16510
535,AC092131.1,,19492,-1
536,AB015752.1,,19493,-1
537,PLEKHA6,,8162,8162
538,ATXN2,,16725,16725
539,NEIL1,,7664,7664
540,AC130456.2,,19494,-1
541,AC073610.2,,19495,-1
542,AC027682.4,,19496,-1
543,MORN2,,15360,15360
544,RUBCN,,8323,8323
545,RNASEH2B-AS1,,19497,-1
546,CDC40,,11846,11846
547,FASTKD3,,5318,5318
548,ZNF585A,,15899,15899
549,PPT2-EGFL8,,19498,-1
550,SAMD8,,9620,9620
551,LRRC24,,17917,17917
552,STC1,,9903,9903
553,PCDHGA6,,17903,17903
554,AL513365.2,,19499,-1
555,C18orf25,,9143,9143
556,EGLN1,,6876,6876
557,GPR19,,14415,14415
558,TBC1D4,,6945,6945
559,NECAB1,,19500,-1
560,LINC00639,,19501,-1
561,AC091825.1,,19502,-1
562,RBPMS2,,11459,11459
563,ZNF773,,9166,9166
564,SDAD1P1,,19503,-1
565,MFSD9,,6915,6915
566,TECRL,,16856,16856
567,AC007494.1,,19504,-1
568,AC064807.1,,19505,-1
569,COX11,,11325,11325
570,HHIP,,10812,10812
571,AC008105.3,,19506,-1
572,TMEM161A,,859,859
573,LINC01135,,19507,-1
574,HAS2,,12393,12393
575,TPTE2P1,,19508,-1
576,TDP1,,566,566
577,HIC1,,13538,13538
578,TCIM,,13464,13464
579,PKP4-AS1,,19509,-1
580,INPP4A,,557,557
581,COMMD3,,8746,8746
582,MAGOHB,,3731,3731
583,SPSB2,,3800,3800
584,PZP,,5656,5656
585,TPRKB,,8192,8192
586,MS4A13,,16765,16765
587,MT-ND1,,16426,16426
588,NDUFAF4,,5217,5217
589,CYP1A1,,7675,7675
590,AC131025.2,,19510,-1
591,FUT3,,12423,12423
592,AC005833.1,,19511,-1
593,OSTC,,16410,16410
594,AL022323.5,,19512,-1
595,ALPK3,,6997,6997
596,CA3,,10997,10997
597,STAC,,8283,8283
598,ARHGAP21,,3353,3353
599,LINC01967,,19513,-1
600,AC011379.2,,19514,-1
601,ABHD10,,8302,8302
602,CHSY3,,16192,16192
603,VN1R1,,13671,13671
604,EFNA2,,2037,2037
605,SCAND2P,,19515,-1
606,ZNF629,,2627,2627
607,SF3A1,,2086,2086
608,CFAP100,,10716,10716
609,TMEM163,,9126,9126
610,POTEC,,14425,14425
611,AC090518.1,,19516,-1
612,TMEM240,,16781,16781
613,TTC19,,283,283
614,AC011933.4,,19517,-1
615,CCNA1,,6456,6456
616,MYL6,,1923,1923
617,IL15RA,,6646,6646
618,AC097382.2,,19518,-1
619,AC026765.2,,19519,-1
620,THAP5,,13592,13592
621,NEFL,,18353,18353
622,COQ10A,,6823,6823
623,NINJ2,,12587,12587
624,HLTF,,1125,1125
625,CACNG1,,3487,3487
626,EED,,1215,1215
627,S100A11,,10501,10501
628,GNG12-AS1,,19520,-1
629,ZNF484,,5679,5679
630,PMS2P3,,19521,-1
631,CALML5,,13694,13694
632,AL449403.1,,19522,-1
633,RNASEK,,17264,17264
634,MC1R,,18041,18041
635,SLC6A5,,11253,11253
636,LINC00698,,19523,-1
637,AC018845.3,,19524,-1
638,KLHDC2,,11146,11146
639,AC007533.1,,19525,-1
640,AGPAT3,,10039,10039
641,GSTM4,,11912,11912
642,SLC4A11,,1737,1737
643,CCDC121,,13434,13434
644,PAPPA2,,4398,4398
645,ARHGEF10L,,1239,1239
646,RIOX1,,12282,12282
647,RGP1,,3288,3288
648,AP001528.2,,19526,-1
649,ZNF385A,,10200,10200
650,TRIM31,,16689,16689
651,TRAF4,,1307,1307
652,H1FX-AS1,,19527,-1
653,PKP2,,751,751
654,MARCH8,,11119,11119
655,VEGFD,,11081,11081
656,PTPRS,,3008,3008
657,ADCK5,,12845,12845
658,WDR46,,17404,17404
659,AC245452.1,,19076,-1
660,GLT6D1,,16535,16535
661,LHX6,,3262,3262
662,ACSM1,,11437,11437
663,AC016717.2,,19528,-1
664,RAC1,,6971,6971
665,ZNF529-AS1,,19529,-1
666,USP2-AS1,,19530,-1
667,LINC01322,,19531,-1
668,ATP6V1G3,,9035,9035
669,RND3,,4366,4366
670,RN7SL76P,,19532,-1
671,CCDC189,,15663,15663
672,RPS10P16,,19533,-1
673,ITGB5-AS1,,19534,-1
674,AKAIN1,,17475,17475
675,CLC,,2957,2957
676,GSG1L2,,17190,17190
677,AC023389.1,,19535,-1
678,AC016717.1,,19536,-1
679,TMEM119,,14418,14418
680,CCDC120,,8591,8591
681,MTNR1A,,11841,11841
682,DDX49,,3064,3064
683,AMOTL1,,11267,11267
684,DDX58,,3291,3291
685,BTBD19,,17330,17330
686,AL596202.1,,19537,-1
687,IGFBP7-AS1,,19538,-1
688,NHS,,15392,15392
689,AC036103.1,,19539,-1
690,AC138932.1,,19540,-1
691,DAG1,,12897,12897
692,CARD9,,15319,15319
693,SRPK2P,,19541,-1
694,LATS2-AS1,,19542,-1
695,MTMR9LP,,19543,-1
696,CYP7A1,,11722,11722
697,AL022318.1,,19544,-1
698,KIAA1324L,,10945,10945
699,OAS2,,3761,3761
700,AP001547.1,,19545,-1
701,VPS26B,,9050,9050
702,SCUBE2,,13231,13231
703,AP002884.3,,19546,-1
704,SIK1B,,18313,18313
705,AC009299.3,,19547,-1
706,NBPF25P,,19548,-1
707,PIR,,1700,1700
708,CYP24A1,,379,379
709,ZNF385D-AS1,,19549,-1
710,STAM,,7051,7051
711,LINC02240,,19550,-1
712,GSPT1,,2717,2717
713,AC004834.1,,19551,-1
714,AC006453.2,,19552,-1
715,AC040977.2,,19553,-1
716,PTK7,,3956,3956
717,ARFGEF3,,3928,3928
718,MIEF1,,2194,2194
719,DEPDC1,,429,429
720,AC007611.1,,19554,-1
721,TSPAN5,,11918,11918
722,SLC35F1,,15740,15740
723,AC022816.1,,19555,-1
724,SEMA4A,,15686,15686
725,AL670729.1,,19556,-1
726,NVL,,8139,8139
727,AC073941.1,,19557,-1
728,AC022101.1,,19558,-1
729,SERPINB5,,16903,16903
730,NREP,,6728,6728
731,DENND5B,,12278,12278
732,C16orf86,,9979,9979
733,AC231657.1,,19559,-1
734,LINC00475,,19560,-1
735,TRAPPC6B,,14275,14275
736,DNPH1,,3959,3959
737,MGP,,3763,3763
738,PRPF31,,3049,3049
739,SEMA5A,,3988,3988
740,FCHO1,,6043,6043
741,GJA1,,9195,9195
742,PTPN20CP,,19561,-1
743,AL035458.1,,19562,-1
744,AC004554.2,,19563,-1
745,AP002373.1,,19564,-1
746,PNPLA1,,13971,13971
747,BANK1,,9242,9242
748,OR9A2,,19565,-1
749,TGFBRAP1,,6918,6918
750,EPS8,,9047,9047
751,COG5,,10926,10926
752,BMS1P2,,19566,-1
753,TEX261,,8196,8196
754,TAOK1,,10086,10086
755,AC087379.2,,19567,-1
756,LINC01916,,19568,-1
757,ZNF660,,8295,8295
758,ANKRA2,,10872,10872
759,AC027455.1,,19569,-1
760,MRPS35,,18865,-1
761,SLC25A3P1,,19570,-1
762,BUB1B-PAK6,,19571,-1
763,NFASC,,10597,10597
764,GPR84,,7552,7552
765,PACRG,,3941,3941
766,AC138409.1,,19572,-1
767,AC007314.1,,19573,-1
768,TMEM44-AS1,,18650,-1
769,ANLN,,290,290
770,PRRG4,,6799,6799
771,DOCK6,,5988,5988
772,SMG1P7,,19574,-1
773,MND1,,4978,4978
774,ZNF696,,14920,14920
775,TET2,,11913,11913
776,MKRN2OS,,17368,17368
777,LRGUK,,9490,9490
778,STAG2,,2520,2520
779,ADSL,,17633,17633
780,AP000721.1,,19575,-1
781,C20orf202,,17232,17232
782,AL138767.2,,19576,-1
783,AC084866.2,,19577,-1
784,CLTCL1,,1077,1077
785,SYDE2,,2011,2011
786,NIFK-AS1,,18614,-1
787,IGFL2-AS1,,19034,-1
788,C15orf65,,18088,18088
789,AC068631.2,,19578,-1
790,AL589669.1,,19579,-1
791,EHD3,,317,317
792,AC008610.1,,19580,-1
793,CTPS1,,12574,12574
794,TATDN2P2,,19581,-1
795,ARL9,,15783,15783
796,STPG4,,19582,-1
797,ATP5MFP4,,19583,-1
798,AC007220.1,,19584,-1
799,UBE2C,,13170,13170
800,P2RX6,,2076,2076
801,DDX3P1,,19585,-1
802,AL445584.2,,19586,-1
803,SIRPG,,1750,1750
804,WIPF1,,4360,4360
805,TIGD1,,17313,17313
806,FAM84A,,19587,-1
807,LINC00525,,19588,-1
808,SC5D,,3600,3600
809,FGFBP3,,13111,13111
810,BEND7P1,,19589,-1
811,KLHL21,,10301,10301
812,AC008040.1,,19590,-1
813,XPO1,,1533,1533
814,AC008637.1,,19591,-1
815,AL158066.1,,19592,-1
816,AC004148.2,,19593,-1
817,PDZK1IP1,,10282,10282
818,AL049748.1,,19594,-1
819,AL359220.1,,19595,-1
820,AC084018.2,,19596,-1
821,PCGF3,,14894,14894
822,TRAPPC9,,11642,11642
823,COL4A5,,15389,15389
824,SMIM2-AS1,,19597,-1
825,PON2,,3105,3105
826,AC090125.1,,19598,-1
827,AP1B1P1,,19599,-1
828,LINC02018,,19600,-1
829,MRLN,,17416,17416
830,HIST1H1D,,5359,5359
831,AC099489.1,,15544,15544
832,PTPN6,,3804,3804
833,STX16,,5302,5302
834,TRIP10,,5495,5495
835,RAPGEF4,,1867,1867
836,SH3TC2-DT,,19601,-1
837,TLX3,,10898,10898
838,ZNF613,,13327,13327
839,CDH13,,7743,7743
840,ELMOD1,,3674,3674
841,AL360270.2,,19602,-1
842,TOPBP1,,10677,10677
843,ASPM,,938,938
844,RASA2,,9527,9527
845,AC087164.2,,19603,-1
846,CMSS1,,14617,14617
847,GJB2,,11132,11132
848,TUBA1C,,11620,11620
849,THOC6,,6235,6235
850,SET,,4734,4734
851,DHRS3,,10319,10319
852,TPRG1,,15359,15359
853,AL024508.2,,19604,-1
854,WNK2,,11088,11088
855,APOA1-AS,,19605,-1
856,AL133329.1,,19606,-1
857,DIMT1,,1635,1635
858,HADH,,7455,7455
859,AC110285.2,,19607,-1
860,PPAN,,6116,6116
861,AC026444.1,,19608,-1
862,YAE1D1,,19609,-1
863,CCL2,,3458,3458
864,LPXN,,3610,3610
865,LINC01317,,19610,-1
866,PIEZO2,,9432,9432
867,AC004241.5,,19611,-1
868,DECR2,,17718,17718
869,HIST1H3B,,18707,-1
870,MYH11,,6495,6495
871,GLRX,,12864,12864
872,COL18A1,,14357,14357
873,SLC35E4,,2100,2100
874,WDR3,,888,888
875,PPP1R12B,,1330,1330
876,INAFM1,,18019,18019
877,AL139156.1,,19612,-1
878,PLA2G6,,14651,14651
879,CISD1,,5146,5146
880,AC009242.1,,19613,-1
881,AL136298.3,,19614,-1
882,EP300-AS1,,19615,-1
883,AC009163.4,,19616,-1
884,ZMYND11,,349,349
885,C5AR1,,16003,16003
886,TATDN3,,16480,16480
887,BX284668.6,,19617,-1
888,SMARCAD1,,10478,10478
889,AC073413.2,,19618,-1
890,SNHG21,,18935,-1
891,AC139795.1,,19619,-1
892,ACTB,,1274,1274
893,PDGFA,,16021,16021
894,EMG1,,5638,5638
895,REN,,8158,8158
896,TCTN1,,16729,16729
897,CAVIN2,,11862,11862
898,LINC00504,,19620,-1
899,ARRB1,,7194,7194
900,ADAMTS12,,9032,9032
901,DDX11-AS1,,19621,-1
902,PTPRU,,795,795
903,GIMAP8,,12420,12420
904,DYNC1LI2,,6867,6867
905,ANO7,,19622,-1
906,P2RX4,,6756,6756
907,SMPD2,,6844,6844
908,BMP7,,2369,2369
909,U52112.2,,19623,-1
910,AC073111.3,,19624,-1
911,AC002398.1,,19625,-1
912,AL357055.3,,19626,-1
913,CDK11A,,199,199
914,ITIH2,,9068,9068
915,UQCRBP1,,19627,-1
916,PRKCB,,11391,11391
917,AC006333.2,,18761,-1
918,MRPL28,,18941,-1
919,GAPVD1,,11086,11086
920,AC098850.3,,19628,-1
921,ZSCAN30,,15140,15140
922,HPGD,,10801,10801
923,SLTM,,7248,7248
924,ZNF609,,13981,13981
925,GNA11,,1711,1711
926,MFSD5,,14296,14296
927,AC087894.2,,19629,-1
928,AC011933.1,,19630,-1
929,OR51B2,,19631,-1
930,AC020611.2,,19632,-1
931,EFL1,,7704,7704
932,EMP2,,17074,17074
933,AURKB,,13786,13786
934,DPH5,,4575,4575
935,RIMKLB,,11401,11401
936,AC097374.1,,19633,-1
937,AC091564.7,,19634,-1
938,TDRD12,,12973,12973
939,ZNF451-AS1,,19635,-1
940,LINC00608,,19636,-1
941,MAFG,,15926,15926
942,TRAF3IP2-AS1,,19637,-1
943,ECM1,,8063,8063
944,SLC4A7,,494,494
945,RAB3GAP2,,4696,4696
946,AC004948.1,,19638,-1
947,POTEM,,17334,17334
948,RPS27L,,18926,-1
949,AP001116.1,,19639,-1
950,TENT5A,,3974,3974
951,APCDD1L,,16361,16361
952,AL513343.1,,19640,-1
953,KCTD10,,3704,3704
954,VPS26A,,5152,5152
955,AC096642.1,,19641,-1
956,AC079742.1,,19642,-1
957,MRPS2,,18805,-1
958,AC023051.1,,19643,-1
959,CPEB1,,17153,17153
960,CDC123,,9040,9040
961,TEDC1,,14848,14848
962,AC125257.2,,19644,-1
963,RF00156.11,,19645,-1
964,POLE4,,4272,4272
965,TMEM185B,,17391,17391
966,SOD2.1,,19646,-1
967,IFT88,,483,483
968,AC027613.1,,19647,-1
969,SLCO1B3,,3807,3807
970,ZNF284,,14990,14990
971,AL021393.1,,19648,-1
972,AL157838.1,,19649,-1
973,RASGEF1C,,8470,8470
974,NME7,,8012,8012
975,TMEM259,,14208,14208
976,DNAH11,,3111,3111
977,TOP2B,,1326,1326
978,MINDY4,,3162,3162
979,FAM53B,,15626,15626
980,AC006557.1,,19650,-1
981,STRIP2,,5822,5822
982,CD200R1L,,16929,16929
983,KIAA1024,,19651,-1
984,PARP9,,7391,7391
985,DNAH14,,14945,14945
986,MPST,,5796,5796
987,LINC02504,,19652,-1
988,LINC01315,,19653,-1
989,HSPA4L,,10772,10772
990,PCDH9,,14619,14619
991,POU5F2,,17816,17816
992,SAMD5,,16484,16484
993,AC008982.1,,19654,-1
994,HLA-DOB,,19655,-1
995,BOLL,,9164,9164
996,ISG15,,15275,15275
997,FBXO41,,10458,10458
998,SLC25A1,,2108,2108
999,AL449106.1,,19656,-1
1000,IL27RA,,2930,2930
1001,GLRB,,3575,3575
1002,RNASEH2C,,12807,12807
1003,TSPOAP1-AS1,,19657,-1
1004,AL354707.3,,19658,-1
1005,C12orf10,,7565,7565
1006,RN7SL208P,,19659,-1
1007,CAMTA1,,12561,12561
1008,FP236383.1,,19660,-1
1009,SLCO1A2,,1577,1577
1010,AC104073.3,,19661,-1
1011,TTC6,,7595,7595
1012,ANKRD30BP1,,19662,-1
1013,AC100793.3,,19663,-1
1014,HVCN1,,5157,5157
1015,HPSE2,,12823,12823
1016,ELMSAN1,,9545,9545
1017,AL513164.1,,19664,-1
1018,TBCC,,5370,5370
1019,MYLK2,,2414,2414
1020,AC104581.4,,19665,-1
1021,ARSA,,2181,2181
1022,BMS1P8,,19666,-1
1023,AC010319.4,,19667,-1
1024,AC137590.1,,19668,-1
1025,AC011530.1,,19669,-1
1026,CD52,,12068,12068
1027,DIS3L2,,8256,8256
1028,ENAH,,9383,9383
1029,GBF1,,3352,3352
1030,Z84484.1,,19670,-1
1031,ZNF90,,17098,17098
1032,BMF,,2784,2784
1033,RPS4XP14,,19671,-1
1034,LINC01091,,19672,-1
1035,NFIA-AS2,,19673,-1
1036,HNRNPU,,9258,9258
1037,SLC52A2,,14935,14935
1038,DKK1,,3371,3371
1039,RPL12P10,,19674,-1
1040,TPT1,,18895,-1
1041,QTRT2,,9057,9057
1042,CFAP57,,17752,17752
1043,LINC01182,,19675,-1
1044,AL157935.1,,19676,-1
1045,SREBF1,,1148,1148
1046,TPO,,19677,-1
1047,SHISA9,,17598,17598
1048,NYNRIN,,16893,16893
1049,SLC5A4-AS1,,19678,-1
1050,AC004816.2,,19679,-1
1051,AL121839.1,,19680,-1
1052,NDUFA6-DT,,19681,-1
1053,TBX1,,14588,14588
1054,KLHL28,,13855,13855
1055,UBR1,,18922,-1
1056,MICU1,,3335,3335
1057,CD19,,13549,13549
1058,GAPDHP35,,19682,-1
1059,CERS3,,9362,9362
1060,MRPS36,,18684,-1
1061,CHAMP1,,16388,16388
1062,HSPA8,,3604,3604
1063,AC084125.2,,19683,-1
1064,LINC02223,,19684,-1
1065,ZNF485,,16232,16232
1066,SESN3,,8829,8829
1067,GPC5,,13850,13850
1068,TPTE2P6,,19685,-1
1069,SPATA22,,7780,7780
1070,KCNMB2,,16051,16051
1071,AC005392.1,,19686,-1
1072,B3GNT4,,13383,13383
1073,AC026333.3,,19687,-1
1074,SDCBP2,,5506,5506
1075,HEG1,,12961,12961
1076,WNT7A,,9420,9420
1077,MAP4K1,,2875,2875
1078,ZNF146,,11645,11645
1079,AC100830.1,,19688,-1
1080,SLC13A4,,10957,10957
1081,SUCLA2,,6949,6949
1082,IL1B,,5473,5473
1083,HJURP,,5213,5213
1084,STARD4-AS1,,19689,-1
1085,AC093117.1,,19690,-1
1086,HNRNPA1,,18869,-1
1087,AC009318.1,,19691,-1
1088,PLTP,,2338,2338
1089,BYSL,,3949,3949
1090,AL606489.1,,19692,-1
1091,PHIP,,8488,8488
1092,ADAP1,,3124,3124
1093,GPR39,,14559,14559
1094,CERS6,,12683,12683
1095,PSTPIP2,,9140,9140
1096,GPR156,,13280,13280
1097,AC090587.1,,19693,-1
1098,GRAP2,,2204,2204
1099,ADM,,8799,8799
1100,ZNF230,,9988,9988
1101,HMGA1P1,,19694,-1
1102,BTG1,,6516,6516
1103,IFI30,,17248,17248
1104,SCRN3,,8227,8227
1105,FOXP1,,4200,4200
1106,RELT,,720,720
1107,AL158206.1,,19695,-1
1108,ORAI3,,13318,13318
1109,TMEM14B,,7152,7152
1110,AC138207.2,,19696,-1
1111,STEAP3,,4224,4224
1112,ZC3H12A,,10710,10710
1113,PCDHGB1,,19697,-1
1114,ARL4C,,15370,15370
1115,AC004014.1,,19698,-1
1116,AC068580.4,,19699,-1
1117,RSPO3,,8501,8501
1118,AC093627.3,,19700,-1
1119,SULT1C2,,16216,16216
1120,ENPP7P6,,19701,-1
1121,MKI67,,8782,8782
1122,AC009652.2,,19702,-1
1123,BCCIP,,3364,3364
1124,MLF2,,1792,1792
1125,C1orf195,,19703,-1
1126,AC022762.1,,19704,-1
1127,PPP1R16B,,2453,2453
1128,AC000061.1,,19705,-1
1129,AC011978.2,,19706,-1
1130,AL589986.2,,19707,-1
1131,STX11,,6847,6847
1132,CBFA2T2,,1392,1392
1133,MECOM,,1599,1599
1134,AC084880.2,,19708,-1
1135,LINC00457,,19709,-1
1136,SCG5,,11487,11487
1137,DDX53,,14719,14719
1138,C11orf1,,7235,7235
1139,AC020558.1,,19710,-1
1140,PIGHP1,,19711,-1
1141,FLAD1,,10101,10101
1142,C1orf21,,4443,4443
1143,ZMAT1,,11372,11372
1144,AGBL5,,1585,1585
1145,ACACA,,18373,18373
1146,ZBTB11-AS1,,19712,-1
1147,ELP1,,1066,1066
1148,ARTN,,4552,4552
1149,GLCCI1,,3202,3202
1150,KCNQ1OT1,,18826,-1
1151,RECQL4,,10144,10144
1152,GDF1,,6011,6011
1153,PMS2P7,,19713,-1
1154,AC094019.1,,19714,-1
1155,CREBRF,,10903,10903
1156,AL110118.2,,19715,-1
1157,G6PC3,,7791,7791
1158,CNTD2,,2958,2958
1159,GON7,,12231,12231
1160,IRF1,,5434,5434
1161,GIPC2,,7288,7288
1162,ZNF879,,17520,17520
1163,AC093700.1,,19716,-1
1164,TOR4A,,16193,16193
1165,XIRP2,,10476,10476
1166,INPPL1,,11129,11129
1167,RGS7,,14363,14363
1168,GNB5,,1058,1058
1169,SLC15A3,,3660,3660
1170,TM4SF4,,12158,12158
1171,AC073878.1,,19717,-1
1172,CALD1,,5137,5137
1173,SLC7A3,,11110,11110
1174,HEATR3,,9482,9482
1175,AC245052.4,,19718,-1
1176,AC027309.1,,19719,-1
1177,CEACAM22P,,19720,-1
1178,SDHA,,1190,1190
1179,HSPB3,,12035,12035
1180,STEAP2,,9683,9683
1181,KCNN1,,3053,3053
1182,AC092919.2,,19721,-1
1183,ENPP7P10,,19722,-1
1184,EIF2AK2,,730,730
1185,MRPS26,,19049,-1
1186,RNF145,,8429,8429
1187,MYO7B,,12181,12181
1188,AADACL2-AS1,,19723,-1
1189,EEF2KMT,,4697,4697
1190,FOCAD,,15434,15434
1191,GCLM,,426,426
1192,TRIM25,,4967,4967
1193,AP001574.1,,19724,-1
1194,KRT15,,12473,12473
1195,AC145422.1,,19725,-1
1196,MIR381HG,,19726,-1
1197,GPC2,,17035,17035
1198,PIAS3,,6256,6256
1199,RTN4RL1,,14963,14963
1200,HIST1H3D,,19727,-1
1201,TBX19,,8019,8019
1202,CAPN9,,6877,6877
1203,PPP1R9A,,9835,9835
1204,EEPD1,,5103,5103
1205,FASTKD2,,4636,4636
1206,HADHA,,1590,1590
1207,BHLHB9,,19728,-1
1208,ATG5,,756,756
1209,AC026471.1,,19729,-1
1210,AC079305.1,,19730,-1
1211,AC091493.1,,19731,-1
1212,PTCHD3P1,,19732,-1
1213,SFRP5,,4841,4841
1214,CATIP-AS1,,19733,-1
1215,DLGAP1-AS2,,19734,-1
1216,LINC01961,,19735,-1
1217,NAT14,,1846,1846
1218,PBX4,,3080,3080
1219,AFAP1L2,,11997,11997
1220,AL021807.1,,19736,-1
1221,ABHD15,,11919,11919
1222,MYO6,,15807,15807
1223,LINC01222,,19737,-1
1224,AL691403.1,,19738,-1
1225,CDT1,,11606,11606
1226,CCSER1,,14633,14633
1227,ZNF391,,5366,5366
1228,EFNA4,,17736,17736
1229,TMPO-AS1,,18879,-1
1230,AC005695.2,,19739,-1
1231,AC106795.3,,19740,-1
1232,B3GALNT2,,10423,10423
1233,AC092944.1,,19741,-1
1234,CABP5,,3025,3025
1235,DNAJB13,,15300,15300
1236,GDPD5,,9839,9839
1237,ILF3-DT,,19019,-1
1238,METTL15P1,,19742,-1
1239,TRIM62,,4430,4430
1240,FAM241A,,13115,13115
1241,BOC,,8310,8310
1242,VPS41,,150,150
1243,AC021016.3,,19743,-1
1244,DGLUCY,,6550,6550
1245,CS,,818,818
1246,CYP4A22,,10281,10281
1247,KCNJ11,,15248,15248
1248,NUP35,,10455,10455
1249,RNU2-63P,,19744,-1
1250,ATP6V0B,,4554,4554
1251,LINC02068,,19745,-1
1252,FO393401.2,,19746,-1
1253,LHFPL2,,8397,8397
1254,C12orf75,,17542,17542
1255,SPDYE1,,6966,6966
1256,TUT1,,8807,8807
1257,TSPAN15,,2021,2021
1258,ANGPT2,,19747,-1
1259,AC011287.1,,19748,-1
1260,AL359237.1,,19749,-1
1261,BHLHE41,,5163,5163
1262,AC100830.3,,19750,-1
1263,FNBP1,,15229,15229
1264,ZFP69,,15324,15324
1265,AP003392.3,,19751,-1
1266,GINS3,,14190,14190
1267,TSTD1,,17242,17242
1268,Z84492.1,,19752,-1
1269,AC133644.3,,19753,-1
1270,CNPY3,,7140,7140
1271,AC073655.2,,19754,-1
1272,AC110058.1,,19755,-1
1273,DUSP6,,7517,7517
1274,AC008543.1,,19756,-1
1275,UBE2N,,13624,13624
1276,ZDHHC16,,12466,12466
1277,SEMA6A,,1913,1913
1278,AMACR,,17701,17701
1279,C1orf226,,17632,17632
1280,DKC1,,6124,6124
1281,C1orf54,,4642,4642
1282,BBS12,,14068,14068
1283,AL445187.1,,19757,-1
1284,PHETA1,,16236,16236
1285,AC113355.1,,19758,-1
1286,HLA-W,,19759,-1
1287,NFATC1,,6186,6186
1288,AC105393.2,,19760,-1
1289,HID1,,11713,11713
1290,ATP8B5P,,19761,-1
1291,NQO1,,14072,14072
1292,DDB1,,11742,11742
1293,JOSD2,,10208,10208
1294,C10orf99,,15437,15437
1295,COL7A1,,4133,4133
1296,AFF4,,1150,1150
1297,AC022748.2,,19762,-1
1298,EIF1B,,4189,4189
1299,AP006621.1,,19763,-1
1300,PDXK,,10035,10035
1301,RAB24,,12021,12021
1302,RNFT1P3,,19764,-1
1303,DERA,,421,421
1304,UBE2D1,,1151,1151
1305,SERAC1,,5080,5080
1306,LINC02378,,19765,-1
1307,MAST4,,1034,1034
1308,DSG2-AS1,,19766,-1
1309,LCMT1-AS1,,19767,-1
1310,OIP5,,2791,2791
1311,ELK3,,3728,3728
1312,BAAT,,7087,7087
1313,TCTEX1D2,,17002,17002
1314,AC244517.10,,19768,-1
1315,MTSS1L,,19769,-1
1316,TUBBP5,,19770,-1
1317,MMP19,,5191,5191
1318,TEPSIN,,11572,11572
1319,DUS2,,11565,11565
1320,BIVM,,6714,6714
1321,DNAAF2,,11142,11142
1322,ZNF211,,4997,4997
1323,FAM221A,,15506,15506
1324,UVSSA,,10732,10732
1325,KATNBL1,,6582,6582
1326,MEN1,,6547,6547
1327,ARHGAP30,,15095,15095
1328,AASS,,210,210
1329,LINC01659,,19771,-1
1330,TMEM86B,,13942,13942
1331,AC013460.1,,19772,-1
1332,ABCB8,,15950,15950
1333,CNTLN,,589,589
1334,SEC22A,,5003,5003
1335,TMEM63B,,7153,7153
1336,COX7B,,6182,6182
1337,AL590763.1,,19773,-1
1338,ZNF192P1,,19774,-1
1339,HAGH,,840,840
1340,PPP1R9B,,3473,3473
1341,TTC9,,6556,6556
1342,AC125807.2,,19775,-1
1343,AC093083.1,,19776,-1
1344,SLC35F3,,14544,14544
1345,AC022826.2,,19777,-1
1346,LRRIQ1,,6517,6517
1347,IPP,,16011,16011
1348,AC087762.1,,19778,-1
1349,LCK,,14355,14355
1350,CCDC68,,11396,11396
1351,OR11A1,,16709,16709
1352,ANKK1,,12217,12217
1353,ATF5,,11999,11999
1354,NPTX2,,3167,3167
1355,CDKN1B,,3752,3752
1356,AC008840.1,,19779,-1
1357,CLBA1,,7628,7628
1358,AL354821.1,,19780,-1
1359,DTYMK,,11834,11834
1360,POPDC3,,6335,6335
1361,ARHGAP24,,7407,7407
1362,AC103949.1,,19781,-1
1363,WEE2-AS1,,19782,-1
1364,MOB2,,14238,14238
1365,SENP5,,4723,4723
1366,AC098934.2,,19783,-1
1367,AL365181.2,,19784,-1
1368,AC092471.2,,19785,-1
1369,ZNRF2P1,,19786,-1
1370,THEGL,,17835,17835
1371,GADL1,,8273,8273
1372,DDX28,,14347,14347
1373,NAALADL2,,13599,13599
1374,AL137230.1,,19787,-1
1375,CHML,,16476,16476
1376,ACADM,,4512,4512
1377,BCAS4,,5310,5310
1378,SMBD1P,,19788,-1
1379,LINGO1-AS1,,19789,-1
1380,RPL6,,18882,-1
1381,CTTN,,1616,1616
1382,PAXBP1,,9895,9895
1383,HOXD8,,13309,13309
1384,TOM1L1,,7775,7775
1385,BSG,,12680,12680
1386,AC243773.1,,19790,-1
1387,HLA-C,,18719,-1
1388,LINC02158,,19791,-1
1389,AL031985.3,,19792,-1
1390,IQCG,,4155,4155
1391,PRR4,,19165,-1
1392,AC079380.1,,19793,-1
1393,CXCR5,,10099,10099
1394,LINC00242,,19794,-1
1395,EOGT,,10547,10547
1396,AC121154.1,,19795,-1
1397,HIST1H2AK,,18290,18290
1398,DYNC1I1,,9840,9840
1399,AC116366.3,,19796,-1
1400,AC011247.3,,19797,-1
1401,AP005018.2,,19798,-1
1402,ARHGAP28,,1728,1728
1403,RING1,,16577,16577
1404,IFNGR1,,452,452
1405,AC215219.1,,19799,-1
1406,MTND4P9,,19800,-1
1407,LGALS9B,,12241,12241
1408,NDUFB10,,7751,7751
1409,STK35,,5526,5526
1410,AGAP11,,19801,-1
1411,GINS1,,2347,2347
1412,AC011043.1,,19802,-1
1413,AP001960.1,,19803,-1
1414,ZBED6,,18013,18013
1415,AL591379.1,,19804,-1
1416,PLAA,,7119,7119
1417,AC015922.1,,19805,-1
1418,ZNF708,,14219,14219
1419,PYCR3,,2843,2843
1420,ANKS3,,11776,11776
1421,LGI4,,9318,9318
1422,HOXA4,,16048,16048
1423,NEK6,,4742,4742
1424,NANOGNBP3,,19806,-1
1425,DPY19L2P3,,19807,-1
1426,ZBTB38,,13532,13532
1427,AC007099.2,,19808,-1
1428,AGL,,10370,10370
1429,SLC9A7,,923,923
1430,SEC11C,,11407,11407
1431,TMEM242,,17236,17236
1432,IL16,,12698,12698
1433,AC018638.4,,19809,-1
1434,ST6GALNAC3,,14581,14581
1435,BTN3A3,,3830,3830
1436,KCNQ1,,699,699
1437,NPM1P24,,19810,-1
1438,UNGP3,,19811,-1
1439,CNFN,,3009,3009
1440,PTPRD,,9297,9297
1441,HMX3,,15480,15480
1442,ADGRF1,,9272,9272
1443,LINC00355,,18899,-1
1444,AL591848.2,,19812,-1
1445,RRS1-AS1,,19813,-1
1446,ADAM28,,577,577
1447,FA2H,,2675,2675
1448,ATP2A1-AS1,,18955,-1
1449,FAM72A,,19814,-1
1450,LINC01106,,19815,-1
1451,PRG2,,15115,15115
1452,TMEM81,,13086,13086
1453,POTEI,,15868,15868
1454,LINC01166,,19816,-1
1455,AC104561.1,,19817,-1
1456,LBH,,17055,17055
1457,EGF,,7456,7456
1458,AL132857.2,,19818,-1
1459,RN7SL502P,,19819,-1
1460,STRAP,,422,422
1461,FOXQ1,,10883,10883
1462,SSC4D,,8536,8536
1463,TTN,,9499,9499
1464,RBL1,,1468,1468
1465,MST1R,,10777,10777
1466,SNX30,,8704,8704
1467,AL157871.6,,19820,-1
1468,AC068722.1,,19821,-1
1469,DERL3,,2077,2077
1470,FAM8A1,,7184,7184
1471,BST2,,6016,6016
1472,AC004917.1,,19822,-1
1473,PDLIM2,,4951,4951
1474,AL118506.1,,19823,-1
1475,PLA2G2A,,15410,15410
1476,AC009495.1,,19824,-1
1477,DIRC3-AS1,,19825,-1
1478,EEF1AKMT4,,18486,18486
1479,GPRIN3,,14867,14867
1480,COG4,,2669,2669
1481,AC093503.2,,19826,-1
1482,AC008781.1,,19827,-1
1483,AC113347.4,,19828,-1
1484,TRIM32,,4739,4739
1485,NLRC4,,1853,1853
1486,DMBT1,,15343,15343
1487,LST1,,16650,16650
1488,C8orf37,,9563,9563
1489,LINC02251,,19829,-1
1490,ABCA1,,11039,11039
1491,ADAM23,,4207,4207
1492,C9orf16,,12433,12433
1493,RAB27B,,558,558
1494,EXOSC5,,1340,1340
1495,MSRB2,,8747,8747
1496,ABCA6,,9367,9367
1497,TRADD,,2628,2628
1498,RDH11,,1134,1134
1499,MRM3,,12594,12594
1500,AL157834.2,,19830,-1
1501,SLC45A4,,407,407
1502,AC019163.1,,19831,-1
1503,AC022400.3,,19832,-1
1504,NEIL2,,9377,9377
1505,EIF5B,,9812,9812
1506,RASA4CP,,19833,-1
1507,AL050349.1,,19834,-1
1508,SEM1,,5751,5751
1509,POLE,,13494,13494
1510,AP001160.1,,19835,-1
1511,CCDC198,,2262,2262
1512,MAP4K5,,316,316
1513,DDC,,6339,6339
1514,AL356124.1,,19836,-1
1515,MYRIP,,12184,12184
1516,ATP10A,,16917,16917
1517,AC006387.1,,19837,-1
1518,BTBD11,,9002,9002
1519,KDM7A-DT,,19838,-1
1520,LAD1,,9902,9902
1521,RANBP17,,16720,16720
1522,CHRM5,,14760,14760
1523,AC103691.1,,19839,-1
1524,TMEM91,,7891,7891
1525,ADGRG7,,8299,8299
1526,GPRASP1,,16449,16449
1527,SLIT1,,15207,15207
1528,DUSP4,,4943,4943
1529,RPL17-C18orf32,,19173,-1
1530,PSIP1,,11033,11033
1531,AGTPBP1,,6738,6738
1532,AP5S1,,5529,5529
1533,ADCY9,,10260,10260
1534,LINC01341,,19840,-1
1535,LINC00173,,19841,-1
1536,PNO1,,4363,4363
1537,C11orf71,,13989,13989
1538,JAZF1,,9307,9307
1539,CTSZ,,2374,2374
1540,FGF16,,15775,15775
1541,COL9A2,,634,634
1542,PCDHB5,,4014,4014
1543,AC087235.1,,19842,-1
1544,FAM126B,,9506,9506
1545,SLC38A7,,2665,2665
1546,ARL14EPL,,18175,18175
1547,A2M,,13313,13313
1548,LINC00322,,19843,-1
1549,C1orf109,,4494,4494
1550,FBXO22,,11553,11553
1551,CHIC1,,16553,16553
1552,PRSS21,,160,160
1553,APOC2,,17535,17535
1554,AC087269.2,,19844,-1
1555,AL121672.1,,19845,-1
1556,GPR108,,5496,5496
1557,TSC22D2,,15760,15760
1558,APBA2,,495,495
1559,SNRPGP4,,19846,-1
1560,DNAJC6,,4446,4446
1561,GTF2H2,,8409,8409
1562,TES,,6775,6775
1563,PAXBP1-AS1,,19847,-1
1564,AC083798.2,,19848,-1
1565,C4orf33,,9043,9043
1566,GRK7,,4122,4122
1567,NEK1,,7215,7215
1568,ROR1,,14871,14871
1569,TAF1D,,11264,11264
1570,MAPK15,,14085,14085
1571,AHCY,,2452,2452
1572,SH3BP4,,5986,5986
1573,SH3D21,,17120,17120
1574,AC100827.2,,19849,-1
1575,AL162231.2,,19850,-1
1576,AC068025.1,,19851,-1
1577,ZNF426,,6121,6121
1578,UGGT2,,2605,2605
1579,KIAA1755,,8886,8886
1580,NEURL1,,3366,3366
1581,AC006460.2,,19852,-1
1582,ADCY4,,5925,5925
1583,FAM210B,,5266,5266
1584,RAB15,,7615,7615
1585,NOP10,,14215,14215
1586,AC025518.1,,19853,-1
1587,FASTKD5,,17210,17210
1588,TPTEP2-CSNK1E,,19854,-1
1589,SMURF2,,3485,3485
1590,SULT1E1,,3529,3529
1591,AC021504.1,,19855,-1
1592,TCF7L1,,9149,9149
1593,HHEX,,9215,9215
1594,LINC02551,,19856,-1
1595,Z82190.2,,19857,-1
1596,LINC00408,,19858,-1
1597,CRY1,,215,215
1598,FAM133DP,,19859,-1
1599,MIR17HG,,18900,-1
1600,RPL12P44,,19860,-1
1601,RPL22P19,,19861,-1
1602,U2AF1L4,,10175,10175
1603,EGR1,,4929,4929
1604,MTUS1,,5918,5918
1605,ITGB1BP2,,8597,8597
1606,GTF2H2B,,19862,-1
1607,AC008083.1,,19863,-1
1608,MMP9,,2341,2341
1609,BLOC1S4,,15037,15037
1610,ZNF202,,11326,11326
1611,COPS9,,12717,12717
1612,OR2V2,,14314,14314
1613,NCR3LG1,,15403,15403
1614,AC026704.1,,19864,-1
1615,AL390729.1,,19865,-1
1616,TINF2,,1910,1910
1617,AC022387.1,,19866,-1
1618,NUP88,,3434,3434
1619,POU2F2,,458,458
1620,SHISA6,,15525,15525
1621,ALPK2,,16374,16374
1622,AC087477.2,,19867,-1
1623,NECAP2,,9679,9679
1624,PTPN7,,8163,8163
1625,FANCA,,15303,15303
1626,PTGES3P1,,19868,-1
1627,AC006963.1,,19869,-1
1628,AC018682.1,,19870,-1
1629,Z84723.1,,19871,-1
1630,HOOK1,,6680,6680
1631,RPS3AP47,,19872,-1
1632,TCEAL4,,6474,6474
1633,AC093772.1,,19873,-1
1634,FAM66C,,19874,-1
1635,AC012501.1,,19875,-1
1636,TAF1,,8588,8588
1637,LRRC8E,,12401,12401
1638,DPPA4,,5005,5005
1639,AC099687.1,,19876,-1
1640,AP000812.1,,19877,-1
1641,VAMP5,,11944,11944
1642,CASC9,,19878,-1
1643,DIP2A,,10057,10057
1644,TM4SF19,,8333,8333
1645,MED6,,6557,6557
1646,HOXB5,,4845,4845
1647,IQCH,,2754,2754
1648,DESI1,,2230,2230
1649,SLC7A5P1,,19879,-1
1650,DUSP7,,10781,10781
1651,IFFO2,,12179,12179
1652,AQP7P5,,19880,-1
1653,CDKN2B-AS1,,19881,-1
1654,AC009313.1,,19882,-1
1655,MGST1,,214,214
1656,AC008763.1,,19883,-1
1657,DCTPP1,,13927,13927
1658,PRUNE2,,3251,3251
1659,TSGA10IP,,13252,13252
1660,SOWAHC,,16200,16200
1661,SNX21,,5269,5269
1662,AC021491.4,,19884,-1
1663,RHOBTB2,,224,224
1664,OSER1,,6411,6411
1665,CLIC5,,3975,3975
1666,RPL14,,18635,-1
1667,HSCB,,2146,2146
1668,ZNF821,,2655,2655
1669,TG,,576,576
1670,SNRPN,,5852,5852
1671,NPEPL1,,17224,17224
1672,LINC01619,,19885,-1
1673,PRADC1,,6849,6849
1674,AC023790.2,,19886,-1
1675,IDH1,,7375,7375
1676,BATF2,,11764,11764
1677,UQCRC1,,246,246
1678,HSF2,,432,432
1679,AL022311.1,,19081,-1
1680,RAB4A,,11779,11779
1681,ZUP1,,9326,9326
1682,C1R,,9945,9945
1683,PARP14,,12854,12854
1684,F5,,16347,16347
1685,R3HDM4,,16411,16411
1686,ARL3,,7340,7340
1687,AL807740.1,,19887,-1
1688,AC024575.1,,19888,-1
1689,LINC01989,,19889,-1
1690,PCDHGC3,,17642,17642
1691,AP001830.1,,19890,-1
1692,AC104785.1,,19891,-1
1693,FAM198A,,19892,-1
1694,LINC01100,,19893,-1
1695,AL391425.1,,19894,-1
1696,ZNF287,,7762,7762
1697,AC087321.1,,19895,-1
1698,MCAT,,2177,2177
1699,MCF2L,,5589,5589
1700,AC114291.1,,19896,-1
1701,CYP2C9,,7325,7325
1702,SMARCE1P2,,19897,-1
1703,TMEM102,,14103,14103
1704,LINC02088,,19898,-1
1705,AL355512.1,,19899,-1
1706,ING2,,11875,11875
1707,AC024075.3,,19900,-1
1708,CEBPB-AS1,,19901,-1
1709,P4HA2,,1160,1160
1710,AC234582.1,,19902,-1
1711,PLCB1,,14315,14315
1712,MARCH6,,8382,8382
1713,AL136418.1,,19903,-1
1714,AC131571.1,,19904,-1
1715,PITPNM1,,3678,3678
1716,LINC01389,,19905,-1
1717,PLEKHH3,,1005,1005
1718,ZMYND15,,7821,7821
1719,FAM183BP,,19906,-1
1720,IFT80,,1026,1026
1721,STARD3,,6250,6250
1722,MCC,,12492,12492
1723,KLF6,,968,968
1724,ANXA3,,7447,7447
1725,TIMM10,,6697,6697
1726,PTPN14,,9124,9124
1727,C16orf54,,14958,14958
1728,VTCN1,,6607,6607
1729,DPYD,,15485,15485
1730,MSTO1,,5457,5457
1731,AC010973.2,,19907,-1
1732,NDUFB6,,11093,11093
1733,AL590666.2,,19908,-1
1734,ZFAND4,,12759,12759
1735,ZNF583,,16262,16262
1736,CD83P1,,19909,-1
1737,ACSM3,,81,81
1738,KCNJ3,,10449,10449
1739,LINC01639,,19910,-1
1740,SSX1,,5639,5639
1741,AC104024.2,,19911,-1
1742,BORCS7-ASMT,,19912,-1
1743,MANEAL,,14792,14792
1744,CACNA1B,,8742,8742
1745,AC007656.1,,19913,-1
1746,LPCAT1,,9280,9280
1747,ZG16B,,10258,10258
1748,CLRN1-AS1,,19914,-1
1749,POLR1D,,15024,15024
1750,AC007100.1,,19915,-1
1751,MTERF2,,4938,4938
1752,AC103796.1,,19916,-1
1753,SMAD2,,13233,13233
1754,ZNF140,,15743,15743
1755,ZFP90,,14752,14752
1756,IRGQ,,11586,11586
1757,ALX1,,13972,13972
1758,CHCHD5,,5476,5476
1759,ZNF620,,13615,13615
1760,RPP38,,9172,9172
1761,FOXL2NB,,16921,16921
1762,ELOVL4,,4649,4649
1763,AL121601.2,,19917,-1
1764,ABCA11P,,19918,-1
1765,ATR,,13169,13169
1766,RPS7,,18592,-1
1767,LINC01565,,19919,-1
1768,AC012615.1,,19014,-1
1769,AC025048.2,,19920,-1
1770,LRFN5,,11115,11115
1771,C3orf20,,6203,6203
1772,TAX1BP3,,17096,17096
1773,ARHGAP15,,1284,1284
1774,CCDC39.1,,19921,-1
1775,VPS4A,,6370,6370
1776,AC245407.1,,19922,-1
1777,SCRN1,,6963,6963
1778,ITM2C,,6902,6902
1779,POP5,,11566,11566
1780,PRG4,,4451,4451
1781,HMG20B,,876,876
1782,PIWIL4,,6671,6671
1783,LINC02203,,19923,-1
1784,RAB3D,,3027,3027
1785,CDH12,,9355,9355
1786,AP005671.1,,19924,-1
1787,PDIA6,,8168,8168
1788,UPK3B,,17744,17744
1789,CPEB2-DT,,19925,-1
1790,CYP4F3,,15099,15099
1791,HFE,,264,264
1792,AL138881.1,,19926,-1
1793,CCDC65,,7546,7546
1794,FAM85B,,19927,-1
1795,SMAD1,,12253,12253
1796,SPCS3,,5887,5887
1797,CYB5R1,,9936,9936
1798,HTR6,,9858,9858
1799,TUBB2B,,7168,7168
1800,DSEL,,12496,12496
1801,PRR12,,5618,5618
1802,GABRA3,,301,301
1803,CSF2,,10887,10887
1804,GABBR1,,16705,16705
1805,ETV6,,7474,7474
1806,KRTCAP2,,10567,10567
1807,AKR1B1,,1613,1613
1808,TRG-AS1,,19928,-1
1809,AL135786.1,,19929,-1
1810,ZNF418,,15843,15843
1811,ARHGEF15,,16403,16403
1812,SELENOI,,7297,7297
1813,LINC01901,,19930,-1
1814,TPM3,,18573,-1
1815,C18orf32,,13576,13576
1816,MAN2A2,,15795,15795
1817,HCLS1,,13979,13979
1818,SERTAD3,,11624,11624
1819,ATXN7.1,,19931,-1
1820,AC022398.1,,19932,-1
1821,AARS,,1840,1840
1822,SRI,,1246,1246
1823,CCDC85A,,734,734
1824,AL162632.3,,19933,-1
1825,AC008629.1,,19934,-1
1826,ZNF438,,14497,14497
1827,POLR2J3.1,,19935,-1
1828,NUDT16,,16299,16299
1829,MMACHC,,6401,6401
1830,AC006111.2,,19936,-1
1831,GYS2,,3812,3812
1832,CTSL3P,,19937,-1
1833,GABPB2,,8088,8088
1834,SPDYE5,,12198,12198
1835,PPME1,,17148,17148
1836,ENPEP,,7452,7452
1837,TNNT2,,4629,4629
1838,FCGR2B,,1161,1161
1839,PPIC,,11958,11958
1840,ZFP36L1,,14902,14902
1841,TBC1D1,,920,920
1842,MUC16,,14090,14090
1843,TCF4,,15817,15817
1844,PCOLCE,,3185,3185
1845,GALP,,16028,16028
1846,GPAM,,4821,4821
1847,CCDC183,,17012,17012
1848,LIPH,,10718,10718
1849,SLC25A35,,5450,5450
1850,CYTIP,,4235,4235
1851,NTN1,,892,892
1852,LCP2,,582,582
1853,GTF2IP5,,19938,-1
1854,RASGEF1B,,7419,7419
1855,BTBD9,,14554,14554
1856,LINC00476,,19939,-1
1857,TFIP11,,2122,2122
1858,POLM,,5118,5118
1859,DUSP23,,9855,9855
1860,AC008771.1,,19221,-1
1861,PUS7L,,5912,5912
1862,ZNF275,,837,837
1863,OPTN,,5184,5184
1864,AL355490.2,,19940,-1
1865,ARMC5,,7714,7714
1866,AC002472.2,,19941,-1
1867,AC079384.1,,19942,-1
1868,UNC5C,,14225,14225
1869,RADIL,,9762,9762
1870,SLC19A2,,4564,4564
1871,AC008417.1,,19943,-1
1872,ABCD1,,2524,2524
1873,PCOLCE2,,10660,10660
1874,RASGRP2,,1024,1024
1875,CDK5R1,,13442,13442
1876,AGBL2,,11243,11243
1877,AL022331.1,,19944,-1
1878,TAB1,,2191,2191
1879,DDX25,,3588,3588
1880,C1QTNF7,,10490,10490
1881,AC008013.2,,19945,-1
1882,COLCA2,,17130,17130
1883,AC016590.3,,19946,-1
1884,LINC02122,,19947,-1
1885,NCOR1,,7759,7759
1886,ELMO1-AS1,,19948,-1
1887,LINC01807,,19949,-1
1888,ZNF721,,14365,14365
1889,PFN1,,3428,3428
1890,GSTA4,,12372,12372
1891,ANO9,,14794,14794
1892,CDK6,,3096,3096
1893,TMEM184A,,10994,10994
1894,MGA,,13033,13033
1895,AL391704.2,,19950,-1
1896,NBPF20,,10411,10411
1897,SZT2,,16215,16215
1898,CDC42BPG,,12450,12450
1899,AC096719.1,,19951,-1
1900,CORO2A,,3254,3254
1901,SLC8A1,,14390,14390
1902,HLA-E,,18717,-1
1903,AC004076.2,,19952,-1
1904,PTHLH,,1694,1694
1905,PTK2B,,4947,4947
1906,TTC3P1,,19953,-1
1907,AL390195.1,,19954,-1
1908,EFNA3,,8117,8117
1909,CENPM,,2137,2137
1910,FOXG1-AS1,,19955,-1
1911,ZNF503-AS2,,19956,-1
1912,AC024941.2,,19957,-1
1913,AC068389.3,,19958,-1
1914,ZNFX1,,5292,5292
1915,ATP5MPL,,9590,9590
1916,WWOX,,15020,15020
1917,GNPAT,,4492,4492
1918,SIGLEC1,,1734,1734
1919,KLF11,,12638,12638
1920,SYNGR1,,2190,2190
1921,THNSL1,,14951,14951
1922,ARPC4-TTLL3,,19108,-1
1923,AC130456.3,,19959,-1
1924,AL031775.1,,19960,-1
1925,AC013444.1,,19961,-1
1926,AAAS,,1949,1949
1927,AC104304.1,,19962,-1
1928,AC012442.2,,19963,-1
1929,SMG8,,11596,11596
1930,DNM3OS,,19964,-1
1931,AC040174.2,,19965,-1
1932,CPT1B,,16843,16843
1933,CPOX,,1464,1464
1934,REEP5,,5944,5944
1935,PUDP,,5973,5973
1936,IL1RN,,7036,7036
1937,CYP2R1,,15005,15005
1938,AL031772.1,,19966,-1
1939,INTS6L,,11112,11112
1940,CACNB2,,11258,11258
1941,MPZL2,,8877,8877
1942,EPS8L2,,13499,13499
1943,BCAT2,,3036,3036
1944,AC027627.1,,19967,-1
1945,HIVEP3,,5682,5682
1946,TIAM1,,9581,9581
1947,C22orf46,,19112,-1
1948,C1orf123,,19968,-1
1949,KIF26A,,955,955
1950,TBCD,,7838,7838
1951,SYCP3,,7525,7525
1952,SEMA3A,,1249,1249
1953,MAP7D2,,14647,14647
1954,ZNF827,,9060,9060
1955,GNPNAT1,,2256,2256
1956,MMP20,,7223,7223
1957,ANXA4,,15902,15902
1958,PCDHB12,,4879,4879
1959,AC008014.1,,19969,-1
1960,SH3PXD2A-AS1,,19970,-1
1961,RAB31,,11851,11851
1962,IL22RA2,,10908,10908
1963,PDCD2,,1132,1132
1964,RTL8B,,16978,16978
1965,TPM2,,16269,16269
1966,AC096720.2,,19971,-1
1967,AP006623.1,,19972,-1
1968,RBM34,,15509,15509
1969,AL157955.1,,19973,-1
1970,AL591848.4,,19974,-1
1971,AL136982.6,,19975,-1
1972,HOXA13,,3145,3145
1973,AL133415.1,,19976,-1
1974,MSMP,,17203,17203
1975,LINC00392,,19977,-1
1976,OTUD7B,,18128,18128
1977,AL590648.3,,19978,-1
1978,MRPS18B,,18718,-1
1979,AC105342.1,,19979,-1
1980,TUBB8,,18083,18083
1981,SLC6A13,,257,257
1982,GALNT9,,14356,14356
1983,NCSTN,,10387,10387
1984,PHOSPHO1,,12983,12983
1985,PIGQ,,185,185
1986,CABLES2,,8894,8894
1987,RNF165,,7851,7851
1988,RN7SKP203,,19980,-1
1989,MYOM1,,2475,2475
1990,PAPSS1,,7457,7457
1991,RUNX2,,5398,5398
1992,ZNF57,,12619,12619
1993,MIR646HG,,19981,-1
1994,CTBP2,,13166,13166
1995,AP001347.1,,19982,-1
1996,FCRL6,,14079,14079
1997,SURF6,,8719,8719
1998,ECSIT,,5989,5989
1999,ZNF585B,,17798,17798
2000,CD200,,1888,1888
2001,RAVER2,,10308,10308
2002,LY75-CD302,,19983,-1
2003,AC012486.1,,19984,-1
2004,TIMM8A,,5673,5673
2005,AC123912.4,,19985,-1
2006,KCNMB1,,8445,8445
2007,PLEKHG1,,4869,4869
2008,STARD10,,17150,17150
2009,AL031733.2,,19986,-1
2010,DHCR24,,4391,4391
2011,FABP5,,10951,10951
2012,AL592287.1,,19987,-1
2013,SHROOM3,,7446,7446
2014,AL139010.1,,19988,-1
2015,SCGN,,1429,1429
2016,FOXC1,,711,711
2017,HOXA10,,17887,17887
2018,MRPL50,,18797,-1
2019,ANAPC1P1,,19989,-1
2020,AC004840.1,,19990,-1
2021,COL6A5,,12775,12775
2022,STAG3,,961,961
2023,ZNF488,,18135,18135
2024,AC024145.1,,19991,-1
2025,AC092471.1,,19992,-1
2026,JAK2,,2005,2005
2027,AL157712.1,,19993,-1
2028,KLHDC8B,,14959,14959
2029,LINC02315,,18909,-1
2030,PPM1A,,2284,2284
2031,MAP7D1,,4487,4487
2032,AL139147.1,,19994,-1
2033,AMIGO2,,7502,7502
2034,LINC00858,,19995,-1
2035,SIRT7,,15256,15256
2036,GLOD4,,11666,11666
2037,IAH1,,6625,6625
2038,ITPR1,,8984,8984
2039,TSPAN17,,620,620
2040,AL391095.1,,19996,-1
2041,TNFRSF9,,642,642
2042,MGAM2,,18021,18021
2043,PBRM1,,10731,10731
2044,LINC01539,,19997,-1
2045,ZHX1,,11067,11067
2046,SCARF1,,1228,1228
2047,AC005606.1,,19998,-1
2048,CRY2,,5014,5014
2049,CYYR1,,11329,11329
2050,MRVI1-AS1,,19999,-1
2051,IKBKG,,18190,18190
2052,AC107419.1,,20000,-1
2053,METTL9,,15907,15907
2054,RIMBP3B,,18273,18273
2055,AC010616.1,,20001,-1
2056,CCDC178,,11501,11501
2057,RNF6,,5746,5746
2058,AL139260.3,,20002,-1
2059,PPP3CB,,3336,3336
2060,BCAS2,,4468,4468
2061,TMEM147,,3068,3068
2062,CHTF18,,5730,5730
2063,CIB1,,14782,14782
2064,CLVS1,,13511,13511
2065,ARHGEF25,,17660,17660
2066,PKNOX2-AS1,,20003,-1
2067,IL22RA1,,7960,7960
2068,TAGLN2,,9851,9851
2069,B4GAT1,,13105,13105
2070,ATMIN,,11382,11382
2071,RELA,,12829,12829
2072,POTEF,,15813,15813
2073,UBL3,,5059,5059
2074,AC090579.1,,20004,-1
2075,LENG8-AS1,,20005,-1
2076,LINC01167,,20006,-1
2077,AC091133.3,,20007,-1
2078,SPOCD1,,6674,6674
2079,AC004253.1,,20008,-1
2080,ACTN4,,6036,6036
2081,LINC02568,,20009,-1
2082,RBPMS,,9670,9670
2083,AC010761.2,,20010,-1
2084,AL035541.1,,20011,-1
2085,AC011466.3,,20012,-1
2086,KRT4,,12287,12287
2087,HERC5,,7411,7411
2088,Z82217.1,,20013,-1
2089,TTF1,,5459,5459
2090,SLFN11,,12764,12764
2091,SIVA1,,14764,14764
2092,AL365295.1,,20014,-1
2093,SPCS1,,4202,4202
2094,MAN1A1,,3848,3848
2095,GAB2,,491,491
2096,HYDIN,,9705,9705
2097,RTKN,,4212,4212
2098,MAPK14,,3866,3866
2099,VSTM2A,,12267,12267
2100,LCP1,,6961,6961
2101,LINC01971,,20015,-1
2102,HSPA8P13,,20016,-1
2103,C19orf66,,20017,-1
2104,RWDD2A,,326,326
2105,AC068473.1,,20018,-1
2106,PDE7B,,12485,12485
2107,FOXJ1,,5947,5947
2108,KCTD11,,17075,17075
2109,SQSTM1,,10155,10155
2110,LINC01060,,20019,-1
2111,UBASH3B,,9348,9348
2112,ZNF175,,3022,3022
2113,MBD5,,16627,16627
2114,MCRIP1,,17372,17372
2115,PIGO,,11099,11099
2116,HS3ST2,,5076,5076
2117,CORO7,,18100,18100
2118,PTGFR,,5089,5089
2119,NR5A2,,4483,4483
2120,TEX33,,14827,14827
2121,HSF2BP,,10033,10033
2122,AC010132.1,,20020,-1
2123,AC104041.1,,18933,-1
2124,AC004923.4,,20021,-1
2125,GTSE1,,1250,1250
2126,C5orf30,,14157,14157
2127,NADK2,,9193,9193
2128,TFAP2D,,202,202
2129,DLC1,,10964,10964
2130,PPP3CB-AS1,,20022,-1
2131,AC009005.1,,20023,-1
2132,CDCA2,,14705,14705
2133,KAZN,,15631,15631
2134,RASAL2,,1262,1262
2135,AC011455.1,,20024,-1
2136,SYT16,,7609,7609
2137,AL049780.1,,20025,-1
2138,KITLG,,635,635
2139,AP000695.2,,20026,-1
2140,XRN1,,4125,4125
2141,ACKR2,,8276,8276
2142,AKT1,,7908,7908
2143,CYP2F2P,,20027,-1
2144,TMEM107,,13792,13792
2145,MRPL54,,19015,-1
2146,ISCA2,,11235,11235
2147,KRTAP5-11,,16674,16674
2148,CDH10,,556,556
2149,LINC02520,,20028,-1
2150,SBF1,,2159,2159
2151,KIAA1551,,20029,-1
2152,AC024405.2,,20030,-1
2153,AC107220.1,,20031,-1
2154,SHQ1P1,,20032,-1
2155,PSMA4,,559,559
2156,GTF2IP1,,20033,-1
2157,IFT43,,4771,4771
2158,SSTR5,,10246,10246
2159,ZNF280C,,740,740
2160,TMPRSS9,,13686,13686
2161,TWF2,,17805,17805
2162,AL031587.3,,20034,-1
2163,TTC27,,374,374
2164,HMGN1P16,,20035,-1
2165,GALNT2,,8130,8130
2166,SIX5,,13488,13488
2167,HSD17B1,,3467,3467
2168,RNF207,,9802,9802
2169,SBDS,,5622,5622
2170,VAPB,,5282,5282
2171,MMS22L,,8490,8490
2172,AC006487.1,,20036,-1
2173,KMO,,4506,4506
2174,AL390719.1,,20037,-1
2175,CALCR,,67,67
2176,HSPD1P9,,20038,-1
2177,BMS1,,11203,11203
2178,KCNK1,,6874,6874
2179,LINC00674,,20039,-1
2180,BCL2L2-PABPN1,,20040,-1
2181,SLC4A3,,4204,4204
2182,AC108449.1,,20041,-1
2183,MTCL1,,11863,11863
2184,GYPC,,7050,7050
2185,COPRS,,12685,12685
2186,ERMP1,,2016,2016
2187,SCCPDH,,8132,8132
2188,FMNL1,,14746,14746
2189,COL14A1,,15349,15349
2190,AP000842.3,,20042,-1
2191,CASP4,,15897,15897
2192,AC021752.1,,20043,-1
2193,NFKBIE,,8484,8484
2194,ARMCX5,,5560,5560
2195,SLC50A1,,12025,12025
2196,TST,,5798,5798
2197,AP003108.3,,20044,-1
2198,ARL4A,,5116,5116
2199,SETMAR,,12252,12252
2200,LPIN1,,6623,6623
2201,TGDS,,1722,1722
2202,ZNF624,,16046,16046
2203,AC022154.1,,20045,-1
2204,IGF1,,364,364
2205,MCOLN3,,733,733
2206,TFAP2E,,4480,4480
2207,LINC00923,,18940,-1
2208,ZC3H12B,,2538,2538
2209,ARL2,,17040,17040
2210,AKR1B10,,16178,16178
2211,MIS18A,,9890,9890
2212,COL21A1,,5381,5381
2213,SNTG2,,12745,12745
2214,GSN,,8706,8706
2215,AC018761.2,,20046,-1
2216,ZFP36,,5767,5767
2217,NLRP8,,13886,13886
2218,OST4,,17423,17423
2219,S100A3,,15362,15362
2220,MAT2A,,11947,11947
2221,SZT2-AS1,,20047,-1
2222,RNF24,,2401,2401
2223,KRT87P,,20048,-1
2224,ANGPT1,,9359,9359
2225,CDC14A,,1417,1417
2226,AC013565.1,,20049,-1
2227,PLAC1,,12395,12395
2228,MCTS1,,17486,17486
2229,AC138627.1,,20050,-1
2230,C9orf135,,16717,16717
2231,TSPOAP1,,90,90
2232,TMCC1,,12777,12777
2233,RBM41,,1789,1789
2234,AC104162.1,,20051,-1
2235,AC034102.8,,20052,-1
2236,SEMA3B,,305,305
2237,URGCP-MRPS24,,20053,-1
2238,NF2,,15104,15104
2239,SULT2B1,,1704,1704
2240,AHR,,3219,3219
2241,TMEM246,,11066,11066
2242,LEMD2,,10225,10225
2243,C8orf82,,17047,17047
2244,FAM133B,,17527,17527
2245,PTGS2,,1201,1201
2246,MYO10,,8387,8387
2247,RASSF2,,2406,2406
2248,ERICH3,,13777,13777
2249,FGF12,,4134,4134
2250,LINC02249,,20054,-1
2251,TRAF3IP1,,16552,16552
2252,SOCS1,,14843,14843
2253,CHEK1,,8873,8873
2254,ZNF648,,13920,13920
2255,DPYD-AS1,,20055,-1
2256,NELL2,,14697,14697
2257,ARHGEF11,,6391,6391
2258,RGS19,,12552,12552
2259,AC018761.1,,20056,-1
2260,EML1,,951,951
2261,KLK8,,5922,5922
2262,CASP1,,7241,7241
2263,TAPBP,,17479,17479
2264,PLCH2,,8867,8867
2265,SOBP,,3918,3918
2266,RPS10-NUDT3,,19176,-1
2267,AC079907.2,,20057,-1
2268,AC131159.1,,20058,-1
2269,AC073578.4,,20059,-1
2270,AL022157.1,,20060,-1
2271,ARAP1,,15111,15111
2272,DIS3,,1547,1547
2273,LINC01239,,20061,-1
2274,GTPBP3,,6014,6014
2275,TADA3,,12430,12430
2276,AC015802.6,,20062,-1
2277,AC007376.2,,20063,-1
2278,TRIM22,,6308,6308
2279,ZNF790,,16119,16119
2280,COX5A,,18931,-1
2281,UBE2E3,,12187,12187
2282,LINC00843,,20064,-1
2283,NOX1,,192,192
2284,MPP5,,1152,1152
2285,AIFM3,,14540,14540
2286,MGAT3,,5786,5786
2287,XPR1,,8051,8051
2288,AL596223.1,,20065,-1
2289,GYG2,,747,747
2290,ACSM2A,,14533,14533
2291,KCNJ8,,4991,4991
2292,ZNF713,,13731,13731
2293,COL15A1,,16592,16592
2294,DAZAP1,,1122,1122
2295,AC006971.1,,20066,-1
2296,PYCR1,,14385,14385
2297,AL157935.2,,20067,-1
2298,ISCU,,6925,6925
2299,CHL1,,6579,6579
2300,TCTN3,,4831,4831
2301,CFAP299,,16109,16109
2302,BMP6,,9255,9255
2303,LINC01170,,20068,-1
2304,AC027097.1,,20069,-1
2305,SPECC1,,5811,5811
2306,NUP98,,3680,3680
2307,IFT81,,5155,5155
2308,WIPF2,,12504,12504
2309,AC012074.1,,20070,-1
2310,RN7SL403P,,20071,-1
2311,AL160394.1,,20072,-1
2312,FES,,14290,14290
2313,MALL,,8201,8201
2314,NUTM2G,,15388,15388
2315,AC010175.1,,20073,-1
2316,FRMPD2B,,20074,-1
2317,AL031729.1,,20075,-1
2318,GMFB,,15918,15918
2319,ARHGAP6,,614,614
2320,ZFHX4,,1881,1881
2321,LINC02042,,20076,-1
2322,CCDC61,,2929,2929
2323,DGKI,,9735,9735
2324,LINC00571,,20077,-1
2325,NOTCH3,,1211,1211
2326,AC058822.1,,20078,-1
2327,FANCD2OS,,10659,10659
2328,AC004784.1,,20079,-1
2329,AC242426.2,,20080,-1
2330,C17orf51,,20081,-1
2331,BABAM1,,3000,3000
2332,AL365440.1,,20082,-1
2333,CCDC125,,14447,14447
2334,IPCEF1,,1231,1231
2335,AC005355.1,,20083,-1
2336,GLB1L3,,11279,11279
2337,APAF1,,4942,4942
2338,ADAMTS9-AS2,,20084,-1
2339,AC110023.1,,20085,-1
2340,NUFIP1,,1550,1550
2341,SLC26A9,,13081,13081
2342,EDA,,9868,9868
2343,SPICE1,,10623,10623
2344,ZFPM2-AS1,,20086,-1
2345,RHOXF1-AS1,,20087,-1
2346,ERVK13-1,,18947,-1
2347,CALB1,,2811,2811
2348,TSPAN18,,9723,9723
2349,ZNF292,,15563,15563
2350,AGFG2,,3191,3191
2351,ARHGAP5,,2318,2318
2352,SEC24D,,8979,8979
2353,ZNF593,,7961,7961
2354,SOX30,,547,547
2355,ZNF764,,12169,12169
2356,HMGB1P5,,20088,-1
2357,PXT1,,13820,13820
2358,NDST4,,7413,7413
2359,THG1L,,4024,4024
2360,STON2,,7618,7618
2361,GCNT3,,7646,7646
2362,SPART-AS1,,20089,-1
2363,KATNAL1,,2617,2617
2364,TPD52L1,,3852,3852
2365,AC079921.2,,20090,-1
2366,ELFN2,,11481,11481
2367,AC055855.1,,20091,-1
2368,SETX,,3298,3298
2369,EPB41L5,,4225,4225
2370,YIPF5,,8421,8421
2371,AC008079.2,,20092,-1
2372,HERC4,,8765,8765
2373,DNM1,,3268,3268
2374,SLC25A14,,2543,2543
2375,AC104248.1,,20093,-1
2376,AC005387.2,,20094,-1
2377,NFAT5,,2641,2641
2378,CUEDC2,,3356,3356
2379,CNPY4,,11511,11511
2380,GTPBP6,,13726,13726
2381,SRPX2,,2581,2581
2382,PPP1R26,,15758,15758
2383,CCDC136,,5829,5829
2384,AC124242.1,,20095,-1
2385,NEDD8,,5939,5939
2386,C8orf44,,19111,-1
2387,CTF1,,8926,8926
2388,OR2Z1,,14155,14155
2389,IDS,,258,258
2390,METTL4,,2472,2472
2391,CACNA1S,,1487,1487
2392,AC106037.2,,20096,-1
2393,PTCH1,,14962,14962
2394,GOLGA6L9,,20097,-1
2395,TMEM170A,,11455,11455
2396,ACTG1P17,,20098,-1
2397,AC005999.1,,20099,-1
2398,IGFBP1,,8535,8535
2399,SLC16A12,,9210,9210
2400,RPL7P57,,20100,-1
2401,TPSG1,,4397,4397
2402,RPTN,,17243,17243
2403,UTP11,,14479,14479
2404,AC125257.1,,20101,-1
2405,VWA5A,,3606,3606
2406,TMEM45B,,9079,9079
2407,SYNE1,,6149,6149
2408,OPLAH,,13755,13755
2409,AC034102.4,,20102,-1
2410,RNF227,,13904,13904
2411,PPID,,12514,12514
2412,HSD17B14,,1663,1663
2413,AGAP6,,20103,-1
2414,GCC1,,13866,13866
2415,RARG,,12792,12792
2416,ALX4,,687,687
2417,FBXO32,,9632,9632
2418,KLHL9,,16312,16312
2419,ST8SIA6,,8754,8754
2420,AQP7P1,,20104,-1
2421,LINC00667,,19008,-1
2422,PRRC2A,,16643,16643
2423,MRPL14,,18728,-1
2424,AC107072.1,,20105,-1
2425,AL122019.1,,20106,-1
2426,HIST1H3A,,19137,-1
2427,AL512306.3,,20107,-1
2428,PIMREG,,5897,5897
2429,TPM1-AS,,20108,-1
2430,HSPA7,,20109,-1
2431,AC010247.2,,20110,-1
2432,ATP13A3,,6519,6519
2433,CD82,,1594,1594
2434,YIPF4,,4805,4805
2435,CMPK2,,6624,6624
2436,LINC01232,,20111,-1
2437,MYO15A,,1874,1874
2438,TK1,,11720,11720
2439,ISYNA1,,3058,3058
2440,DNM1L,,1693,1693
2441,OLR1,,12895,12895
2442,ZNF664,,13824,13824
2443,PTEN,,12595,12595
2444,NPTN,,9618,9618
2445,ZDHHC3,,10691,10691
2446,GOLGA8K,,17842,17842
2447,METTL18,,12578,12578
2448,BRCA2,,7557,7557
2449,FLRT2,,14790,14790
2450,ANKRD50,,9038,9038
2451,RSL24D1P6,,20112,-1
2452,MZF1-AS1,,20113,-1
2453,CYP2D7,,20114,-1
2454,AL445623.2,,20115,-1
2455,TTC39A-AS1,,20116,-1
2456,KEL,,16158,16158
2457,AC010525.1,,20117,-1
2458,WDFY3-AS2,,20118,-1
2459,ERN1,,13727,13727
2460,AC008609.1,,20119,-1
2461,KNSTRN,,5870,5870
2462,ARL6IP1,,12302,12302
2463,C19orf38,,17122,17122
2464,AP000688.2,,20120,-1
2465,TRIM37,,3409,3409
2466,ZDHHC4P1,,20121,-1
2467,AC008250.1,,20122,-1
2468,NXPE4,,7217,7217
2469,BICDL1,,6757,6757
2470,AL591501.1,,20123,-1
2471,KCNK6,,2028,2028
2472,ALAD,,8711,8711
2473,TMEM170B,,16803,16803
2474,TDP2,,3831,3831
2475,IL17RA,,13586,13586
2476,CXCL11,,12029,12029
2477,TMPRSS11D,,9306,9306
2478,AC148476.1,,20124,-1
2479,AC092574.2,,20125,-1
2480,PGC,,1993,1993
2481,KDM3B,,4928,4928
2482,SBK1,,15427,15427
2483,GRASP,,10218,10218
2484,FSTL1,,10559,10559
2485,AC243829.2,,20126,-1
2486,SOX9,,5446,5446
2487,AL121830.1,,20127,-1
2488,AC105031.2,,20128,-1
2489,LINC02340,,20129,-1
2490,AC092681.1,,20130,-1
2491,HIST1H2AH,,18281,18281
2492,LPIN3,,6407,6407
2493,PIK3C2G,,7481,7481
2494,LINC01694,,19069,-1
2495,CYBB,,11069,11069
2496,ZNF213,,1612,1612
2497,SMPD3,,2670,2670
2498,UBE2M,,6094,6094
2499,C9orf50,,13799,13799
2500,SNX19,,4890,4890
2501,STAP2,,13651,13651
2502,MUL1,,1819,1819
2503,PDE7A,,16802,16802
2504,DOLK,,13214,13214
2505,XKR7,,18073,18073
2506,OR9Q1,,15092,15092
2507,MEG8,,19275,-1
2508,BRD8,,3995,3995
2509,CCDC115,,7044,7044
2510,SIDT1-AS1,,20131,-1
2511,LIG4,,13061,13061
2512,CHAC2,,8177,8177
2513,YWHAQP7,,20132,-1
2514,ZNF324B,,17831,17831
2515,AC008758.6,,20133,-1
2516,AC010327.5,,20134,-1
2517,AL158840.1,,20135,-1
2518,HIF1A,,2290,2290
2519,LINC00971,,20136,-1
2520,SLC25A34-AS1,,20137,-1
2521,LSM7,,6023,6023
2522,ADK,,9554,9554
2523,RPL13,,18961,-1
2524,NGF,,6608,6608
2525,AC145207.3,,20138,-1
2526,LYZL4,,9666,9666
2527,PERP,,3927,3927
2528,AC010132.3,,20139,-1
2529,OFCC1,,20140,-1
2530,AC079760.2,,20141,-1
2531,CRLF2,,16863,16863
2532,RSC1A1,,19177,-1
2533,DDX46,,8426,8426
2534,LITAF,,15582,15582
2535,FAM155B,,5982,5982
2536,AC090458.1,,20142,-1
2537,AC107871.1,,20143,-1
2538,AC009275.1,,20144,-1
2539,RDH10-AS1,,20145,-1
2540,KRT14,,15148,15148
2541,TMC1,,20146,-1
2542,AC068672.2,,20147,-1
2543,AC132192.2,,20148,-1
2544,FLNA,,15889,15889
2545,MUC20,,13471,13471
2546,AL162417.1,,20149,-1
2547,BRIP1,,7013,7013
2548,TMCC1-AS1,,18644,-1
2549,STARD5,,12695,12695
2550,DNAH5,,542,542
2551,PHF21A,,6795,6795
2552,AC017104.4,,20150,-1
2553,TAS2R5,,20151,-1
2554,UNC5B,,3331,3331
2555,BX119904.3,,20152,-1
2556,AL139288.1,,20153,-1
2557,PRPS1,,8605,8605
2558,MAK,,3836,3836
2559,ART3,,9567,9567
2560,AC007923.4,,20154,-1
2561,AC093155.3,,20155,-1
2562,MFAP4,,11388,11388
2563,SNX18,,13784,13784
2564,CIB2,,6999,6999
2565,COMTD1,,11175,11175
2566,IGFL1,,15418,15418
2567,SORBS2,,9399,9399
2568,ZNF22,,11145,11145
2569,PRRC2C,,4571,4571
2570,SRC,,15940,15940
2571,CYP2S1,,11630,11630
2572,EPM2A,,3933,3933
2573,RHNO1,,12573,12573
2574,MECP2,,11980,11980
2575,ARL6,,4107,4107
2576,KIF21A,,7476,7476
2577,CDKN2A,,8686,8686
2578,PIPOX,,13890,13890
2579,HIST2H2AB,,19142,-1
2580,PPP4C,,8906,8906
2581,TMEM201,,15526,15526
2582,AC011294.1,,20156,-1
2583,LEAP2,,10892,10892
2584,GALNT3,,4271,4271
2585,PCF11-AS1,,20157,-1
2586,AL356489.3,,20158,-1
2587,GDA,,4716,4716
2588,ESYT2,,4609,4609
2589,AP001830.2,,20159,-1
2590,DCC,,15239,15239
2591,GUCA1C,,7388,7388
2592,PIP5K1B,,20160,-1
2593,LINC01725,,20161,-1
2594,AC006504.8,,20162,-1
2595,FAM102B,,10358,10358
2596,AC068775.1,,20163,-1
2597,AC010776.1,,20164,-1
2598,AC066613.2,,20165,-1
2599,FBXL8,,6868,6868
2600,AC092892.1,,20166,-1
2601,LTBP3,,11761,11761
2602,ELL2,,4708,4708
2603,SMPD4P1,,20167,-1
2604,FMO3,,190,190
2605,IRF2,,11822,11822
2606,RACGAP1,,10215,10215
2607,DDN-AS1,,20168,-1
2608,CD72,,7132,7132
2609,OR52B5P,,20169,-1
2610,RNU11,,20170,-1
2611,PRMT6,,16428,16428
2612,RRS1,,13793,13793
2613,ENDOG,,11542,11542
2614,AL049875.1,,20171,-1
2615,EMC4,,5809,5809
2616,AC010978.1,,20172,-1
2617,SPNS1,,12109,12109
2618,C19orf70,,20173,-1
2619,DISP3,,16692,16692
2620,GJB4,,15648,15648
2621,NUDT18,,18286,18286
2622,ZNF514,,8189,8189
2623,PRRT2,,11584,11584
2624,AL049869.2,,20174,-1
2625,PDP1,,11023,11023
2626,ZDHHC2,,2798,2798
2627,LINC00839,,19247,-1
2628,KDELR3,,2141,2141
2629,AL590483.1,,20175,-1
2630,ZBTB49,,11929,11929
2631,GATD3B,,18402,18402
2632,ADCY7,,4982,4982
2633,MIR4527HG,,20176,-1
2634,MAPT-AS1,,20177,-1
2635,VAV1,,7883,7883
2636,ANKRD1,,8770,8770
2637,HLA-DQB1,,20178,-1
2638,NAA50,,5008,5008
2639,AC008735.3,,20179,-1
2640,DDX39B,,16293,16293
2641,AC092378.1,,20180,-1
2642,MIR205HG,,20181,-1
2643,MALSU1,,9645,9645
2644,RAB11FIP1,,9621,9621
2645,SYT17,,2745,2745
2646,PHLPP1,,1504,1504
2647,AC007681.1,,20182,-1
2648,PPOX,,8033,8033
2649,AC099842.1,,20183,-1
2650,NQO2,,5361,5361
2651,AL078621.1,,20184,-1
2652,MPO,,91,91
2653,SLC7A11-AS1,,20185,-1
2654,LINC00624,,20186,-1
2655,RPL27AP,,20187,-1
2656,HES2,,1053,1053
2657,F11R,,9860,9860
2658,LINC02220,,20188,-1
2659,FAM86C1,,9826,9826
2660,MKLN1-AS,,20189,-1
2661,ROPN1L,,8380,8380
2662,AL136531.2,,20190,-1
2663,AL356599.1,,20191,-1
2664,OSMR-AS1,,20192,-1
2665,BAG4,,9627,9627
2666,AC010478.1,,20193,-1
2667,AC010451.1,,20194,-1
2668,THSD7B,,8219,8219
2669,AC104211.2,,20195,-1
2670,DDX18,,1709,1709
2671,GTF2H5,,18225,18225
2672,LINC00922,,20196,-1
2673,CYP1D1P,,20197,-1
2674,TMIGD1,,14252,14252
2675,EAF2,,8331,8331
2676,LETM2,,11041,11041
2677,ZCCHC10,,9475,9475
2678,CCNT2,,1517,1517
2679,EIF4EBP1,,15331,15331
2680,AP003733.3,,20198,-1
2681,MRPL3,,18645,-1
2682,PLAG1,,14149,14149
2683,AC105052.4,,20199,-1
2684,HASPIN,,13579,13579
2685,TXNRD1,,16260,16260
2686,AF127577.4,,20200,-1
2687,AL591846.1,,20201,-1
2688,MFGE8,,7696,7696
2689,DNAJC9-AS1,,20202,-1
2690,MEG3,,19274,-1
2691,BCLAF1P2,,20203,-1
2692,SAA2,,6626,6626
2693,ARMC8,,4117,4117
2694,RHOT1P2,,20204,-1
2695,CCDC97,,7890,7890
2696,AP003066.1,,20205,-1
2697,MYLK3,,7721,7721
2698,RPL36P4,,20206,-1
2699,AL031432.4,,20207,-1
2700,CHID1,,13613,13613
2701,CNBP,,12118,12118
2702,OSMR,,8390,8390
2703,NOTCH4,,20208,-1
2704,ATP10B,,4646,4646
2705,AL031594.1,,20209,-1
2706,RPS6KA5,,18915,-1
2707,AC104997.1,,20210,-1
2708,PHLDB2,,8301,8301
2709,THBS4,,4027,4027
2710,GAL3ST2,,20211,-1
2711,GRIN2D,,3015,3015
2712,ZNF763,,15921,15921
2713,RPL13P4,,20212,-1
2714,AP001453.1,,20213,-1
2715,PRKCZ-AS1,,20214,-1
2716,AGBL4,,15003,15003
2717,MTERF4,,5061,5061
2718,PPTC7,,15872,15872
2719,AL136116.3,,20215,-1
2720,SPNS3,,14300,14300
2721,FAM71E2,,13936,13936
2722,UNC119,,3514,3514
2723,DENND2A,,8566,8566
2724,LINC01671,,20216,-1
2725,KIRREL1,,14562,14562
2726,AC008957.2,,20217,-1
2727,RGS9BP,,15053,15053
2728,AC024619.3,,20218,-1
2729,ELMO1,,9517,9517
2730,DMC1,,2144,2144
2731,AC008758.1,,20219,-1
2732,ACOX3,,1660,1660
2733,FAM86B1,,15097,15097
2734,DENR,,7582,7582
2735,AC114490.3,,20220,-1
2736,C2CD5,,3819,3819
2737,FBLN1,,1358,1358
2738,APOO,,14729,14729
2739,RPS20,,18776,-1
2740,LENG9,,18289,18289
2741,PARP11,,3736,3736
2742,GPER1,,10992,10992
2743,ATG9B,,14146,14146
2744,CELF5,,10164,10164
2745,CUTC,,4822,4822
2746,AL512422.1,,20221,-1
2747,CLCA2,,7292,7292
2748,CENPB,,5518,5518
2749,ZNF596,,12774,12774
2750,OR2AG2,,15385,15385
2751,AL117336.3,,20222,-1
2752,PTPRE,,6320,6320
2753,AC104333.2,,20223,-1
2754,ABRACL,,8506,8506
2755,LINC02059,,20224,-1
2756,BTBD16,,7334,7334
2757,AC125618.1,,20225,-1
2758,KLK1,,11681,11681
2759,MTCYBP28,,20226,-1
2760,PARVA,,16077,16077
2761,CCDC85B,,13272,13272
2762,C5orf24,,14185,14185
2763,FKTN,,3245,3245
2764,BPTFP1,,20227,-1
2765,ZNF777,,15767,15767
2766,AC093895.1,,20228,-1
2767,SMARCD2,,3446,3446
2768,FRMD1,,9274,9274
2769,EIF3H,,8666,8666
2770,AC015674.1,,20229,-1
2771,C3orf67-AS1,,20230,-1
2772,LOXL4,,7329,7329
2773,RN7SL182P,,20231,-1
2774,UGT2A1,,12940,12940
2775,ADGRF5,,1035,1035
2776,CACNA2D1,,9325,9325
2777,KIAA1109,,7426,7426
2778,C9orf147,,20232,-1
2779,ENSA,,8080,8080
2780,AC110048.2,,20233,-1
2781,ZNF35,,12177,12177
2782,LDLRAD4-AS1,,20234,-1
2783,PCNX4,,5644,5644
2784,YPEL3,,1810,1810
2785,AL138902.1,,20235,-1
2786,BCRP2,,20236,-1
2787,NAA20,,12901,12901
2788,STRIP1,,7999,7999
2789,LARP6,,11305,11305
2790,PYGO1,,12400,12400
2791,ANKRD24,,1798,1798
2792,UAP1L1,,15990,15990
2793,ZNF682,,15942,15942
2794,SPAG4,,807,807
2795,SEZ6L2,,13146,13146
2796,EIF3I,,1579,1579
2797,IDI1,,966,966
2798,CDK2AP2,,11702,11702
2799,ZDHHC14,,13168,13168
2800,LINC02074,,20237,-1
2801,MALINC1,,20238,-1
2802,PHKG1,,10976,10976
2803,RIC1,,3276,3276
2804,AC008731.1,,20239,-1
2805,CLUHP3,,20240,-1
2806,TREML4,,15373,15373
2807,CYP19A1,,7272,7272
2808,TRPM3,,1535,1535
2809,CSMD3,,10979,10979
2810,HSD3BP5,,20241,-1
2811,AC011498.1,,20242,-1
2812,AC092376.1,,20243,-1
2813,DZANK1,,1759,1759
2814,RPS6KA2,,19228,-1
2815,AC007040.1,,20244,-1
2816,DIP2C,,9013,9013
2817,GRIK1-AS1,,20245,-1
2818,AC100802.1,,20246,-1
2819,TMEM250,,17610,17610
2820,UBE4A,,3649,3649
2821,AL583722.1,,20247,-1
2822,LINC02227,,20248,-1
2823,PAGE1,,1031,1031
2824,CCNJ,,3309,3309
2825,STUM,,16477,16477
2826,TECPR1,,16816,16816
2827,CES4A,,12793,12793
2828,NALCN,,2592,2592
2829,RALGPS2,,4399,4399
2830,MIR222HG,,19299,-1
2831,NANOS3,,15265,15265
2832,AL355073.1,,20249,-1
2833,HMGB1P8,,20250,-1
2834,AL591368.1,,20251,-1
2835,GBP1,,4533,4533
2836,SLC10A5P1,,20252,-1
2837,AL117329.2,,20253,-1
2838,CTCFL,,5265,5265
2839,CCDC152,,16415,16415
2840,ANKLE1,,10014,10014
2841,ZNF705A,,15895,15895
2842,POLN,,6145,6145
2843,IRS1,,11979,11979
2844,DISC1,,10438,10438
2845,AC233968.1,,20254,-1
2846,FRS2,,11318,11318
2847,FAM217B,,15695,15695
2848,CPEB4,,4089,4089
2849,DUSP16,,3748,3748
2850,CRYBG3,,1444,1444
2851,RAB38,,5248,5248
2852,NAGPA,,2687,2687
2853,QRSL1P3,,20255,-1
2854,SPSB1,,12543,12543
2855,SF3A2,,2903,2903
2856,AC097493.1,,20256,-1
2857,FOS,,12250,12250
2858,AC019130.1,,20257,-1
2859,STK25,,4333,4333
2860,SESTD1,,15227,15227
2861,CARD17,,17949,17949
2862,IRF7,,14874,14874
2863,CYP17A1-AS1,,20258,-1
2864,AC083899.1,,20259,-1
2865,TMX4,,5524,5524
2866,MTRF1L,,3860,3860
2867,AC245033.4,,20260,-1
2868,AC023055.1,,20261,-1
2869,AC104447.1,,20262,-1
2870,HOXB7,,18060,18060
2871,AC009093.10,,20263,-1
2872,AC025580.2,,20264,-1
2873,SAAL1,,11443,11443
2874,MAPK10,,3541,3541
2875,AC139713.2,,20265,-1
2876,PIWIL1,,5422,5422
2877,AC009652.1,,20266,-1
2878,CAB39,,6911,6911
2879,C3orf70,,15197,15197
2880,NPIPB3,,20267,-1
2881,SLC35D2,,6141,6141
2882,IRS3P,,20268,-1
2883,NKAIN1,,1580,1580
2884,RASAL1,,3764,3764
2885,KLHDC10,,5833,5833
2886,AC091152.1,,20269,-1
2887,PURPL,,20270,-1
2888,HSD17B3,,6137,6137
2889,FAIM,,9798,9798
2890,AC009163.7,,20271,-1
2891,SCN4B,,13496,13496
2892,ZC2HC1C,,4785,4785
2893,SH3GLB2,,8728,8728
2894,SLC26A5,,12318,12318
2895,LGALS4,,12562,12562
2896,KIF5B,,12339,12339
2897,IQCF3,,17449,17449
2898,FOXN3-AS1,,20272,-1
2899,MGRN1,,2626,2626
2900,SLC12A7,,4054,4054
2901,PNP,,16379,16379
2902,AC111170.1,,20273,-1
2903,IFI27L2,,4767,4767
2904,PRR9,,16497,16497
2905,NPRL3,,2681,2681
2906,AC098484.1,,20274,-1
2907,SMC4,,4096,4096
2908,LINC02089,,20275,-1
2909,AC245041.2,,20276,-1
2910,ACTR6,,1244,1244
2911,LRFN3,,5594,5594
2912,STARD8,,5981,5981
2913,CR936218.2,,20277,-1
2914,SDHC,,8037,8037
2915,TRIM2,,3564,3564
2916,AC022098.1,,20278,-1
2917,YPEL5,,4803,4803
2918,CALML4,,5876,5876
2919,MYH6,,20279,-1
2920,AC008953.1,,20280,-1
2921,ACTL6A,,7016,7016
2922,AC022498.1,,20281,-1
2923,AC024337.2,,20282,-1
2924,MAB21L3,,12860,12860
2925,SNAP47,,8137,8137
2926,PDS5A,,5037,5037
2927,TPM1,,7667,7667
2928,HMGB1P45,,20283,-1
2929,TCEAL8,,14061,14061
2930,TMEM187,,13617,13617
2931,DOCK2,,6652,6652
2932,THEM5,,15749,15749
2933,PGPEP1L,,14488,14488
2934,OR9K1P,,20284,-1
2935,SPANXB1,,17408,17408
2936,KIFAP3,,1288,1288
2937,SARS,,478,478
2938,AL162233.1,,20285,-1
2939,IL3RA,,14835,14835
2940,AC018638.2,,20286,-1
2941,DNAJC5G,,10681,10681
2942,TRAP1,,5630,5630
2943,SPATC1,,15106,15106
2944,ZNF207,,245,245
2945,AC008537.1,,20287,-1
2946,AC008438.1,,20288,-1
2947,IQCM,,17533,17533
2948,ZNF837,,9175,9175
2949,SPDL1,,550,550
2950,TIMM21,,1259,1259
2951,AL359091.4,,20289,-1
2952,DCST1,,10541,10541
2953,WTAPP1,,20290,-1
2954,C2orf69,,13649,13649
2955,AC145285.6,,20291,-1
2956,RHOH,,11843,11843
2957,NR2E3,,18375,18375
2958,RIPOR2,,3855,3855
2959,TMEM229B,,16199,16199
2960,ENTPD1,,7343,7343
2961,PABPC5,,13113,13113
2962,AGBL1,,18245,18245
2963,RTBDN,,6290,6290
2964,MYL6B,,15773,15773
2965,TBC1D12,,3390,3390
2966,FBXL4,,3896,3896
2967,TSNAX-DISC1,,20292,-1
2968,AL669970.3,,20293,-1
2969,HRH2,,4090,4090
2970,RPL23AP87,,20294,-1
2971,RPS6KB2,,18846,-1
2972,SMARCC2,,7556,7556
2973,SLCO6A1,,16818,16818
2974,IMMP2L,,14742,14742
2975,METTL17,,11209,11209
2976,ONECUT1,,12143,12143
2977,AC139272.1,,20295,-1
2978,NAALADL2-AS2,,20296,-1
2979,CYR61,,20297,-1
2980,SLC7A6OS,,2671,2671
2981,AL163636.1,,20298,-1
2982,GMIP,,1788,1788
2983,ZNF181,,16112,16112
2984,AC006262.1,,20299,-1
2985,SLC26A2,,9518,9518
2986,TMEM233,,19267,-1
2987,ABLIM1,,2015,2015
2988,BDP1,,8408,8408
2989,CCDC181,,4563,4563
2990,PCDH11X,,2573,2573
2991,GOLT1A,,13089,13089
2992,TRAF6,,13179,13179
2993,AGPAT5,,9461,9461
2994,ABCB1,,1611,1611
2995,HTD2,,20300,-1
2996,AP000787.1,,20301,-1
2997,DIRC3,,20302,-1
2998,EMCN,,10754,10754
2999,PGK1,,2553,2553
3000,KIF1A,,6013,6013
3001,ADGRE2,,5714,5714
3002,COL10A1,,5215,5215
3003,VN2R19P,,20303,-1
3004,GATA2-AS1,,18643,-1
3005,POT1-AS1,,20304,-1
3006,ZNF474,,10826,10826
3007,AC009027.1,,20305,-1
3008,UBXN10,,10329,10329
3009,TMEM11,,13688,13688
3010,PDE1A,,4250,4250
3011,GUCA1B,,3952,3952
3012,AP003392.4,,20306,-1
3013,RABIF,,14417,14417
3014,AC104083.1,,20307,-1
3015,AC117383.1,,20308,-1
3016,IER3,,7173,7173
3017,TMED6,,9691,9691
3018,MMP25,,219,219
3019,ETF1,,4922,4922
3020,CDKN2AIPNL,,17586,17586
3021,AHSA1,,2273,2273
3022,SLC17A9,,2387,2387
3023,ZFP1,,14680,14680
3024,OTOP2,,14393,14393
3025,CPT1C,,12003,12003
3026,ZFYVE28,,9977,9977
3027,LCT,,4352,4352
3028,IZUMO1,,14251,14251
3029,TAS2R30,,17981,17981
3030,AFP,,1477,1477
3031,AL109804.1,,20309,-1
3032,ALG1,,484,484
3033,ITPR2,,5165,5165
3034,ALKBH6,,17616,17616
3035,STXBP6,,11961,11961
3036,AL021937.3,,20310,-1
3037,PTCH2,,4557,4557
3038,N4BP2L2,,17797,17797
3039,DDX23,,13042,13042
3040,AL590133.2,,20311,-1
3041,NAGLU,,3466,3466
3042,CHD4,,3791,3791
3043,YBX1P4,,20312,-1
3044,AC073325.1,,20313,-1
3045,ARRDC3,,4040,4040
3046,RNASEH2A,,2900,2900
3047,KIF14,,4628,4628
3048,PDCD2L,,5597,5597
3049,FUT2,,20314,-1
3050,BARD1,,7363,7363
3051,SURF2,,8718,8718
3052,EBLN3P,,18793,-1
3053,ABCA3,,11736,11736
3054,NID2,,1689,1689
3055,PPP1R14D,,11291,11291
3056,PPIAP77,,20315,-1
3057,GTF3A,,5057,5057
3058,AC090772.3,,20316,-1
3059,PPCS,,5683,5683
3060,PRPF3,,4545,4545
3061,INO80B-WBP1,,20317,-1
3062,AL050331.1,,20318,-1
3063,LSS,,10052,10052
3064,ANXA2R,,13605,13605
3065,TMEM147-AS1,,19030,-1
3066,ENO4,,15425,15425
3067,ELF5,,6798,6798
3068,NOL10,,4340,4340
3069,GEMIN4,,13853,13853
3070,ADORA2A,,5787,5787
3071,CCT6P1,,20319,-1
3072,ZNF350,,17995,17995
3073,AL391262.1,,20320,-1
3074,CCDC146,,6763,6763
3075,AL035427.1,,20321,-1
3076,C20orf78,,20322,-1
3077,LRRC8C,,12508,12508
3078,AL589935.2,,20323,-1
3079,GLG1,,1841,1841
3080,PSMD2,,13190,13190
3081,LINC00871,,20324,-1
3082,AC116158.1,,20325,-1
3083,RNF217-AS1,,20326,-1
3084,LINC02474,,20327,-1
3085,NFIX,,217,217
3086,ANKRD52,,7568,7568
3087,IGHE,,16959,16959
3088,FAM217A,,8448,8448
3089,PLCL1,,4356,4356
3090,RNASE7,,11212,11212
3091,AL353740.1,,20328,-1
3092,IFNGR2,,9897,9897
3093,QDPR,,9053,9053
3094,RCOR1,,1800,1800
3095,RF00100,,20329,-1
3096,DAB1,,12899,12899
3097,ADAM11,,1195,1195
3098,AC114321.1,,20330,-1
3099,AL137058.3,,20331,-1
3100,SUSD1,,3264,3264
3101,AC009501.1,,20332,-1
3102,MCEE,,5327,5327
3103,AL590385.2,,20333,-1
3104,APOBEC3F,,5806,5806
3105,AC121764.1,,20334,-1
3106,PDGFB,,2186,2186
3107,ILVBL,,2942,2942
3108,CYP7B1,,12790,12790
3109,SNX31,,13036,13036
3110,PXMP4,,2442,2442
3111,RPL5P35,,20335,-1
3112,MAP2K6,,3498,3498
3113,ANAPC1,,9248,9248
3114,NUDT16P1,,20336,-1
3115,AL121772.1,,20337,-1
3116,TRPM7,,1914,1914
3117,RAPSN,,11242,11242
3118,ATP5F1A,,9141,9141
3119,OSBPL6,,1408,1408
3120,MTNR1B,,6672,6672
3121,HIST1H2BK,,18714,-1
3122,RRAS,,5615,5615
3123,BICRAL,,3954,3954
3124,AC068896.1,,20338,-1
3125,NOMO1,,2743,2743
3126,IBA57,,14180,14180
3127,RAPGEF5,,6970,6970
3128,AL035071.1,,20339,-1
3129,CMTM3,,7737,7737
3130,STX19,,13742,13742
3131,USH1C,,141,141
3132,SORCS1,,3374,3374
3133,AC106038.1,,20340,-1
3134,PPP1R42,,13658,13658
3135,TRAPPC1,,12189,12189
3136,DEPP1,,11143,11143
3137,PRKDC,,17902,17902
3138,PTMS,,9932,9932
3139,HOXB3,,4847,4847
3140,HNRNPA1P52,,20341,-1
3141,C11orf58,,3677,3677
3142,TIPIN,,1245,1245
3143,AC012073.1,,20342,-1
3144,DPM1,,2,2
3145,AL031123.2,,20343,-1
3146,MRM2,,5120,5120
3147,RN7SKP2,,20344,-1
3148,AC134043.1,,20345,-1
3149,SNORD12C,,20346,-1
3150,AC105219.2,,20347,-1
3151,LRRN3,,12842,12842
3152,NFIA,,10342,10342
3153,MYO1A,,11472,11472
3154,AC128707.1,,20348,-1
3155,AL355601.1,,20349,-1
3156,AL022324.2,,20350,-1
3157,UGT1A5,,17644,17644
3158,AC009502.1,,20351,-1
3159,UPK3BL1,,18156,18156
3160,DOCK11,,8609,8609
3161,RIPPLY3,,14414,14414
3162,PALLD,,5886,5886
3163,AC092490.1,,20352,-1
3164,CDCA8,,6677,6677
3165,TESMIN,,6400,6400
3166,RNF125,,2484,2484
3167,RGL1,,8056,8056
3168,SAP30,,10791,10791
3169,TFB2M,,10415,10415
3170,NDUFAF1,,7252,7252
3171,RRP9,,4185,4185
3172,OAZ3,,8085,8085
3173,R3HCC1,,2853,2853
3174,LINC01429,,20353,-1
3175,SGK2,,2352,2352
3176,CHST10,,4305,4305
3177,AC114954.1,,20354,-1
3178,AC245297.2,,20355,-1
3179,ZNF784,,13919,13919
3180,PKD1P6,,20356,-1
3181,MAST3,,2024,2024
3182,C3orf84,,17580,17580
3183,AP000808.1,,20357,-1
3184,AIFM2,,567,567
3185,MPHOSPH9,,679,679
3186,C12orf73,,16754,16754
3187,CEL,,12355,12355
3188,EXOC1,,1848,1848
3189,IL1RAPL1,,12041,12041
3190,ZNF236-DT,,20358,-1
3191,STC2,,4088,4088
3192,SLC28A3,,16032,16032
3193,AC132008.2,,20359,-1
3194,AL355297.4,,20360,-1
3195,RNF17,,6439,6439
3196,AL365259.1,,20361,-1
3197,MAFIP,,20362,-1
3198,AC006064.4,,20363,-1
3199,RGPD2,,14839,14839
3200,SIPA1,,17037,17037
3201,GAS2L3,,7527,7527
3202,MIR4307HG,,20364,-1
3203,C10orf143,,17597,17597
3204,NIPAL4,,12743,12743
3205,AC009948.1,,20365,-1
3206,ARSE,,9703,9703
3207,AC138696.2,,20366,-1
3208,AC239798.4,,20367,-1
3209,CNTNAP4,,9220,9220
3210,KIF27,,11057,11057
3211,RPL39P5,,20368,-1
3212,AL121753.1,,20369,-1
3213,GAREM2,,9749,9749
3214,AC009962.1,,20370,-1
3215,STAU2-AS1,,20371,-1
3216,MXD4,,5251,5251
3217,COL2A1,,7504,7504
3218,HAUS3,,17136,17136
3219,FAM25C,,20372,-1
3220,TCP11L2,,11271,11271
3221,WNT11,,1617,1617
3222,GPR75-ASB3,,20373,-1
3223,FAM214A,,603,603
3224,SEC14L4,,6507,6507
3225,DUOX1,,20374,-1
3226,AL118508.3,,20375,-1
3227,ZNF766,,15691,15691
3228,E2F1,,2440,2440
3229,BAIAP3,,183,183
3230,TRHDE,,1159,1159
3231,AIDA,,14995,14995
3232,LINC01703,,20376,-1
3233,FOXA3,,12316,12316
3234,LINC00927,,20377,-1
3235,ACBD7,,13366,13366
3236,PRPF8,,13038,13038
3237,ZC3H15,,906,906
3238,AP3B1,,6416,6416
3239,JMJD8,,10243,10243
3240,RPL23AP82,,20378,-1
3241,BEST1,,11746,11746
3242,PRR7,,6185,6185
3243,SLC35F2,,3672,3672
3244,SCRN2,,7785,7785
3245,FAM162A,,4112,4112
3246,AC010203.1,,20379,-1
3247,HEPH,,1783,1783
3248,FLI1,,9077,9077
3249,LRRC56,,10181,10181
3250,BORCS6,,15794,15794
3251,KLHDC7B,,6046,6046
3252,SLC43A1,,8822,8822
3253,GRID1,,14340,14340
3254,APOC4,,18157,18157
3255,ZNF330,,3546,3546
3256,TBX21,,1205,1205
3257,AC008813.1,,20380,-1
3258,GABRD,,15301,15301
3259,RPUSD3,,9655,9655
3260,ZNF681,,15680,15680
3261,AC022784.1,,20381,-1
3262,AC023632.5,,20382,-1
3263,AL354928.1,,20383,-1
3264,RBM39,,6157,6157
3265,AP000790.2,,20384,-1
3266,CTNNBIP1,,13721,13721
3267,AQP11,,13687,13687
3268,DNAJC3-DT,,18901,-1
3269,GGNBP1,,20385,-1
3270,TRPC4AP,,2343,2343
3271,ST13P19,,20386,-1
3272,LINC02585,,20387,-1
3273,AL359094.1,,20388,-1
3274,EEA1,,2560,2560
3275,AC010542.3,,20389,-1
3276,RPS5P2,,20390,-1
3277,APBB2,,10656,10656
3278,ASGR2,,10233,10233
3279,SCYL1,,7903,7903
3280,RIBC1,,9813,9813
3281,AC012568.1,,20391,-1
3282,TARID,,20392,-1
3283,SBF2,,6537,6537
3284,VSTM2B,,15210,15210
3285,ZNF616,,16685,16685
3286,ZMYND8,,2351,2351
3287,LACC1,,13878,13878
3288,LINC-PINT,,19237,-1
3289,AC105020.1,,20393,-1
3290,MMP10,,11424,11424
3291,LINC01158,,20394,-1
3292,PREP,,1601,1601
3293,REEP4,,11852,11852
3294,ADGRL2,,4516,4516
3295,ACP6,,10412,10412
3296,PKHD1L1,,20395,-1
3297,AC015983.2,,20396,-1
3298,SPIRE1,,6611,6611
3299,ZBTB22,,17563,17563
3300,AGO2,,5250,5250
3301,COL6A1,,7897,7897
3302,NTRK3,,7694,7694
3303,LSM5,,3192,3192
3304,C1orf210,,17891,17891
3305,KCND2,,14657,14657
3306,AC011558.1,,20397,-1
3307,GSDMD,,2841,2841
3308,TACC2,,7337,7337
3309,RPL15,,18632,-1
3310,VSIG1,,2494,2494
3311,CPNE4,,15729,15729
3312,UBA52,,17323,17323
3313,ST8SIA5,,2478,2478
3314,AL137058.2,,20398,-1
3315,RPF2,,16031,16031
3316,AL161725.1,,20399,-1
3317,UGT2B26P,,20400,-1
3318,AL049555.1,,20401,-1
3319,GOLIM4,,12989,12989
3320,CCDC26,,20402,-1
3321,FBXO8,,10799,10799
3322,AC010320.2,,20403,-1
3323,GABRE,,2572,2572
3324,LINC02492,,20404,-1
3325,CFAP74,,7946,7946
3326,SNED1,,10406,10406
3327,MYC,,7113,7113
3328,MORF4L1P4,,20405,-1
3329,ZNF561-AS1,,19291,-1
3330,PDZD8,,11177,11177
3331,AC135782.1,,20406,-1
3332,LIMD2,,7012,7012
3333,DBNDD2,,17775,17775
3334,EXOC5,,1076,1076
3335,LRCH3,,14984,14984
3336,ELP5,,12238,12238
3337,ITGA2,,10819,10819
3338,TMEM51,,12560,12560
3339,AC073050.1,,20407,-1
3340,LINC01105,,20408,-1
3341,PRR5L,,6793,6793
3342,LINC02026,,20409,-1
3343,PRKCA-AS1,,20410,-1
3344,DNAJC2,,3098,3098
3345,CD27-AS1,,20411,-1
3346,IGSF9B,,1470,1470
3347,AC073896.4,,20412,-1
3348,IYD,,233,233
3349,ADRA1B,,12218,12218
3350,NT5M,,16809,16809
3351,TIGD7,,7753,7753
3352,FLG,,8127,8127
3353,FGFRL1,,5705,5705
3354,ANKRD65,,17538,17538
3355,RMRP,,20413,-1
3356,TGM1,,1909,1909
3357,RER1,,9761,9761
3358,SERPINB9,,12303,12303
3359,AC243919.1,,20414,-1
3360,H2AFX,,15452,15452
3361,MAP2K4P1,,20415,-1
3362,CHD2,,12932,12932
3363,HMGCL,,4540,4540
3364,PKIA-AS1,,20416,-1
3365,RABEPK,,7100,7100
3366,ELF3-AS1,,20417,-1
3367,ZNF771,,13928,13928
3368,TNFRSF12A,,128,128
3369,TSEN54,,14227,14227
3370,TAMM41,,8259,8259
3371,TMEM255A,,5438,5438
3372,PCDHGA12,,17883,17883
3373,LYPD6B,,8945,8945
3374,QRSL1P2,,20418,-1
3375,AL357140.3,,20419,-1
3376,ZMYM2,,5019,5019
3377,FIRRE,,20420,-1
3378,BBX,,4151,4151
3379,TDRKH-AS1,,20421,-1
3380,AC092123.1,,20422,-1
3381,HERC3,,7409,7409
3382,NAV3,,990,990
3383,EPHX4,,12633,12633
3384,ACTN1-AS1,,20423,-1
3385,COL28A1,,17193,17193
3386,IL20RB,,13088,13088
3387,MGMT,,12272,12272
3388,AQP5,,10214,10214
3389,CAV2,,3126,3126
3390,DVL2,,69,69
3391,STK16,,4328,4328
3392,COMMD10,,8417,8417
3393,POGLUT1,,10549,10549
3394,AC011477.4,,20424,-1
3395,COL5A1-AS1,,20425,-1
3396,AL359715.3,,20426,-1
3397,CRNDE,,18959,-1
3398,IL31RA,,10914,10914
3399,AC010328.3,,20427,-1
3400,APOOL,,9444,9444
3401,AC008443.1,,18703,-1
3402,DICER1,,2297,2297
3403,THUMPD2,,7306,7306
3404,AP003400.1,,20428,-1
3405,LINC01580,,20429,-1
3406,HMGN2P46,,20430,-1
3407,KLHL8,,8357,8357
3408,AP001628.1,,20431,-1
3409,PAOX,,8789,8789
3410,AC117382.2,,20432,-1
3411,HOXB6,,3426,3426
3412,AC026471.4,,20433,-1
3413,SNHG15,,18748,-1
3414,AC096759.1,,20434,-1
3415,MCCC1,,1365,1365
3416,STAG3L2,,20435,-1
3417,ZCWPW1,,1383,1383
3418,AC019257.8,,20436,-1
3419,AC090371.2,,20437,-1
3420,C5,,3257,3257
3421,AC002480.2,,20438,-1
3422,RALY,,5565,5565
3423,TMPRSS4,,7219,7219
3424,LINC01958,,20439,-1
3425,AC087276.2,,20440,-1
3426,MED13,,3425,3425
3427,PLA2G15,,2673,2673
3428,AC092652.1,,20441,-1
3429,ATE1-AS1,,20442,-1
3430,TPGS1,,7878,7878
3431,SIM1,,3900,3900
3432,NAIF1,,12437,12437
3433,ACAD11,,17646,17646
3434,CD2AP,,16183,16183
3435,APOD,,15580,15580
3436,STKLD1,,16416,16416
3437,SLC25A29,,15938,15938
3438,AC027807.1,,20443,-1
3439,ABCG2,,4690,4690
3440,LAMB3,,15881,15881
3441,FZD9,,15513,15513
3442,CBFA2T3,,5971,5971
3443,AC011773.3,,20444,-1
3444,FLVCR1-DT,,18583,-1
3445,FABP3,,5026,5026
3446,AL121790.2,,20445,-1
3447,DSCR9,,20446,-1
3448,SNRPA1,,6268,6268
3449,RHOF,,7581,7581
3450,LARP4,,10217,10217
3451,PSORS1C1,,16667,16667
3452,IER5,,10405,10405
3453,METTL21A,,8239,8239
3454,PLA2G4B,,17750,17750
3455,FRG1CP,,20447,-1
3456,TMEM44,,8322,8322
3457,AL160191.1,,20448,-1
3458,GALNT14,,9780,9780
3459,MRPS7,,18999,-1
3460,AC022568.1,,20449,-1
3461,SSC5D,,13926,13926
3462,FGFR4,,10129,10129
3463,FAM110B,,11995,11995
3464,AC079150.1,,20450,-1
3465,NRSN2-AS1,,20451,-1
3466,RNF180,,10830,10830
3467,TAB3,,9730,9730
3468,Z92544.2,,20452,-1
3469,LINC02574,,20453,-1
3470,AL358781.1,,20454,-1
3471,AC069234.2,,20455,-1
3472,FBXL19-AS1,,20456,-1
3473,SLC22A1,,13164,13164
3474,LINC02357,,20457,-1
3475,DOK6,,16898,16898
3476,SLC2A13,,9010,9010
3477,BAK1,,471,471
3478,SOX4,,5383,5383
3479,HLA-DPB2,,20458,-1
3480,PARP10,,13732,13732
3481,RAMP3,,5119,5119
3482,MAPKAPK5,,1751,1751
3483,IRGM,,17603,17603
3484,AL031599.1,,20459,-1
3485,AL592221.1,,20460,-1
3486,PCED1A,,6375,6375
3487,TMEM68,,11721,11721
3488,GUK1,,8147,8147
3489,METTL7A,,14859,14859
3490,HLA-F,,20461,-1
3491,COG8.1,,20462,-1
3492,MCTP2,,7700,7700
3493,KLF12,,4700,4700
3494,SRP72,,13118,13118
3495,LINC01419,,20463,-1
3496,SLC5A11,,9878,9878
3497,ANKRD55,,10915,10915
3498,WDR72,,11369,11369
3499,PRRT3-AS1,,20464,-1
3500,HIST1H2BE,,19133,-1
3501,SPINT1-AS1,,20465,-1
3502,DOT1L,,2897,2897
3503,AP003086.1,,20466,-1
3504,SRSF1,,7004,7004
3505,AC008662.1,,20467,-1
3506,IFT27,,2208,2208
3507,AL359918.1,,20468,-1
3508,TNFRSF13C,,9996,9996
3509,TPR,,605,605
3510,DUSP9,,6126,6126
3511,BACE2,,14244,14244
3512,PEX5L,,4184,4184
3513,AC091182.2,,20469,-1
3514,NDRG4,,2662,2662
3515,RBBP8,,2489,2489
3516,ZSWIM4,,6283,6283
3517,RPL17,,19011,-1
3518,AC010435.1,,20470,-1
3519,IL20RA,,359,359
3520,CRACR2B,,13594,13594
3521,RAP2C-AS1,,20471,-1
3522,AL451164.1,,20472,-1
3523,AC018641.1,,20473,-1
3524,USE1,,694,694
3525,LINC02008,,20474,-1
3526,SLC10A3,,5667,5667
3527,LAP3,,21,21
3528,AC090114.1,,20475,-1
3529,NBPF21P,,20476,-1
3530,AC006511.5,,20477,-1
3531,ZNF271P,,20478,-1
3532,GLDC,,13705,13705
3533,SRD5A3-AS1,,20479,-1
3534,CNTF,,20480,-1
3535,FAM129B,,20481,-1
3536,STAT6,,11478,11478
3537,ANAPC10,,10813,10813
3538,WDR75,,4278,4278
3539,EREG,,5404,5404
3540,AC106744.1,,20482,-1
3541,FAP,,1367,1367
3542,CASC20,,20483,-1
3543,AC091117.2,,20484,-1
3544,FGD3,,5681,5681
3545,CDS2,,2411,2411
3546,C1D,,15964,15964
3547,SPRY2,,6957,6957
3548,DPY19L4,,9560,9560
3549,BMPER,,10934,10934
3550,AP001043.1,,20485,-1
3551,AC008105.1,,20486,-1
3552,DENND1A,,4754,4754
3553,ZFP2,,16454,16454
3554,SMIM26,,17493,17493
3555,DMKN,,10174,10174
3556,ZFAND2B,,9837,9837
3557,GXYLT1P3,,20487,-1
3558,ZNF70,,15318,15318
3559,RBM14-RBM4,,19170,-1
3560,PMFBP1,,4673,4673
3561,PIP4P1,,11208,11208
3562,RNU2-3P,,20488,-1
3563,HMGN4,,14374,14374
3564,SOCS6,,12329,12329
3565,ZNF614,,7942,7942
3566,AL513318.2,,20489,-1
3567,AL354793.1,,20490,-1
3568,OLFM2,,2938,2938
3569,SKIL,,7028,7028
3570,DHPS,,1955,1955
3571,ZNF222,,9990,9990
3572,AL110292.1,,20491,-1
3573,LINC01762,,20492,-1
3574,AGAP12P,,20493,-1
3575,LINC01250,,20494,-1
3576,HK1,,9607,9607
3577,C16orf46,,11383,11383
3578,ZNF45,,5338,5338
3579,PAPSS2,,16325,16325
3580,ZNF674-AS1,,20495,-1
3581,PDZD2,,6498,6498
3582,AC244517.1,,20496,-1
3583,SCGB3A2,,10846,10846
3584,AC145207.2,,20497,-1
3585,SLC25A43,,1353,1353
3586,SMARCE1,,1191,1191
3587,ALDH6A1,,4788,4788
3588,EMC6,,5738,5738
3589,OR8D4,,14128,14128
3590,SFXN3,,3345,3345
3591,GJB5,,15619,15619
3592,PATL2,,17438,17438
3593,TBC1D19,,3568,3568
3594,FTH1,,11747,11747
3595,TNK1,,13047,13047
3596,AC024267.2,,20498,-1
3597,AL691420.1,,20499,-1
3598,SMS,,2556,2556
3599,AC007040.2,,20500,-1
3600,AC090709.1,,20501,-1
3601,TRPA1,,2808,2808
3602,ABHD12,,2345,2345
3603,AP000904.1,,20502,-1
3604,GCSH,,7736,7736
3605,TIRAP,,8935,8935
3606,SNIP1,,10712,10712
3607,AC011247.2,,20503,-1
3608,FAM241B,,12453,12453
3609,KIF4A,,1842,1842
3610,AC142472.1,,20504,-1
3611,AC002454.1,,20505,-1
3612,EMD,,2551,2551
3613,HIBCH,,16197,16197
3614,AL391056.1,,20506,-1
3615,AC025254.1,,20507,-1
3616,SPRED2,,16247,16247
3617,FBXL7,,14492,14492
3618,MCUB,,74,74
3619,DHRS12,,2620,2620
3620,DUSP12,,1495,1495
3621,AC027449.1,,20508,-1
3622,HOXA5,,3137,3137
3623,MAP3K12,,7560,7560
3624,TMEM35B,,17755,17755
3625,SLC35A2,,2547,2547
3626,AL158156.1,,20509,-1
3627,AP002360.1,,18854,-1
3628,SLC23A3,,17079,17079
3629,AP003555.3,,20510,-1
3630,ACBD6,,17452,17452
3631,C10orf55,,17337,17337
3632,LGALS3BP,,3455,3455
3633,POU3F3,,16439,16439
3634,CTSB,,10962,10962
3635,MYO1B,,5837,5837
3636,AL355482.2,,20511,-1
3637,ATXN3,,946,946
3638,CPNE1,,17110,17110
3639,SLC27A3,,8111,8111
3640,TTYH1,,11636,11636
3641,TFPI2,,3099,3099
3642,KAT14,,8856,8856
3643,AC105129.2,,20512,-1
3644,USP45,,5218,5218
3645,AC106795.1,,20513,-1
3646,RIT1,,8123,8123
3647,NORAD,,19051,-1
3648,AC016588.2,,20514,-1
3649,ZNF414,,6483,6483
3650,LINC01647,,20515,-1
3651,DFFB,,12095,12095
3652,MTMR7,,42,42
3653,SKA1,,9429,9429
3654,SERPINA5,,15454,15454
3655,POM121L9P,,20516,-1
3656,AP001324.1,,20517,-1
3657,RBMXL1,,17043,17043
3658,TPRG1L,,9784,9784
3659,OR5BA1P,,20518,-1
3660,APC2,,4254,4254
3661,WRAP73,,4406,4406
3662,MGAT2,,11810,11810
3663,ATP6V1G1,,7089,7089
3664,PDRG1,,1717,1717
3665,ADAMTS13,,10062,10062
3666,CCNB2,,9710,9710
3667,SGPL1,,11317,11317
3668,AC012065.4,,20519,-1
3669,HHLA3,,16047,16047
3670,GEM,,11022,11022
3671,SNORA71D,,20520,-1
3672,AC007513.1,,20521,-1
3673,HBE1,,17089,17089
3674,ZNF823,,16139,16139
3675,AC021439.1,,20522,-1
3676,PP2D1,,14578,14578
3677,CNNM4,,9789,9789
3678,GATM,,12566,12566
3679,ZNF814,,16656,16656
3680,NRG4,,12128,12128
3681,TDO2,,9091,9091
3682,ANAPC13,,5881,5881
3683,CFTR,,15,15
3684,AC096531.2,,20523,-1
3685,GVQW2,,20524,-1
3686,AC020915.5,,20525,-1
3687,MELK,,11103,11103
3688,TMEM175,,5706,5706
3689,DNAJC30,,13394,13394
3690,AC005281.1,,20526,-1
3691,AC104986.2,,20527,-1
3692,B4GALNT3,,7471,7471
3693,RNF114,,5304,5304
3694,COA1,,3225,3225
3695,GAS6-AS1,,20528,-1
3696,ERVH-1,,20529,-1
3697,TRIM21,,6292,6292
3698,PTPN11,,13837,13837
3699,IL17RC,,10657,10657
3700,OMP,,17925,17925
3701,SIKE1,,682,682
3702,AC120057.2,,20530,-1
3703,KLHL24,,4191,4191
3704,LY6G5C,,16634,16634
3705,HDDC2,,3851,3851
3706,AC025566.1,,20531,-1
3707,AC114400.1,,20532,-1
3708,HS6ST3,,14849,14849
3709,CR381653.1,,19060,-1
3710,RINL,,15356,15356
3711,COX7B2,,12297,12297
3712,SORT1,,6598,6598
3713,IZUMO4,,2058,2058
3714,SENP8,,11310,11310
3715,AC026464.3,,20533,-1
3716,RBMS2,,1293,1293
3717,TIE1,,930,930
3718,NONO,,8590,8590
3719,LINC02215,,20534,-1
3720,AC123768.3,,20535,-1
3721,NDRG3,,2357,2357
3722,AL137847.1,,20536,-1
3723,EIF3FP1,,20537,-1
3724,AC005005.4,,20538,-1
3725,AC020704.1,,20539,-1
3726,RAB2A,,2824,2824
3727,APBA1,,3297,3297
3728,GPR85,,10929,10929
3729,DNTT,,3310,3310
3730,EXTL3,,309,309
3731,CLDN19,,10747,10747
3732,PLSCR2,,10671,10671
3733,AC004034.1,,20540,-1
3734,YAP1,,7227,7227
3735,GABRG1,,10523,10523
3736,AL590093.1,,20541,-1
3737,FOSL2,,1268,1268
3738,FAM171A1,,8749,8749
3739,QPRT,,2734,2734
3740,TMEM25,,8880,8880
3741,RPL35AP31,,20542,-1
3742,ONECUT2,,4759,4759
3743,AC093904.4,,20543,-1
3744,CCDC171,,11034,11034
3745,SGK494,,20544,-1
3746,HDAC6,,1942,1942
3747,SORBS1,,1977,1977
3748,CNBD1,,13418,13418
3749,SPTSSA,,11117,11117
3750,CCDC30,,15068,15068
3751,AC211433.1,,20545,-1
3752,AC233296.1,,20546,-1
3753,LAMTOR3,,3535,3535
3754,ERO1B,,1649,1649
3755,PEX3,,501,501
3756,GSTM3,,6591,6591
3757,FAM213A,,20547,-1
3758,CARMIL2,,9978,9978
3759,GREM2,,14043,14043
3760,TCP10L2,,11508,11508
3761,IPO4,,15780,15780
3762,IL17RD,,8287,8287
3763,AC004223.3,,20548,-1
3764,AC106798.1,,20549,-1
3765,CD83,,3880,3880
3766,DCTD,,5895,5895
3767,DUSP3,,3486,3486
3768,AC091167.6,,20550,-1
3769,AC012594.1,,20551,-1
3770,CSMD2,,5043,5043
3771,ARHGEF10,,2861,2861
3772,AC037487.4,,20552,-1
3773,ERC1,,1532,1532
3774,CXCL10,,12027,12027
3775,GRB7,,7866,7866
3776,IL23A,,3711,3711
3777,PKIG,,11906,11906
3778,PSMD12,,15955,15955
3779,MED21,,9226,9226
3780,AC017079.1,,20553,-1
3781,PDE4D,,4049,4049
3782,EIF4A3,,7835,7835
3783,ABHD4,,2237,2237
3784,ACOT9,,5168,5168
3785,AC025043.1,,20554,-1
3786,PRMT2,,10059,10059
3787,EIF3E,,2825,2825
3788,AC023794.5,,20555,-1
3789,RPL3L,,20556,-1
3790,CNTD1,,13415,13415
3791,AL035401.1,,20557,-1
3792,AC009088.2,,20558,-1
3793,LINC01087,,20559,-1
3794,CACNG8,,7922,7922
3795,RBX1,,2219,2219
3796,SDC3,,10322,10322
3797,TMEM191C,,16912,16912
3798,FAU,,18840,-1
3799,RPS6KA3,,19090,-1
3800,AP001029.2,,20560,-1
3801,AC104135.1,,20561,-1
3802,AL589642.1,,20562,-1
3803,SNHG16,,19001,-1
3804,AC012173.1,,20563,-1
3805,AC104958.1,,20564,-1
3806,UFC1,,8032,8032
3807,TFDP2,,4124,4124
3808,GPANK1,,16636,16636
3809,CCS,,13005,13005
3810,AL451007.1,,20565,-1
3811,LINC00351,,20566,-1
3812,AC019186.1,,20567,-1
3813,SAMD11,,15282,15282
3814,RPL36AP13,,20568,-1
3815,PIGV,,794,794
3816,STRN3,,15859,15859
3817,TCEA3,,16575,16575
3818,LIPT1,,8211,8211
3819,AC243960.2,,20569,-1
3820,AC092957.1,,20570,-1
3821,AOC2,,6222,6222
3822,AC107983.2,,20571,-1
3823,AC010422.6,,20572,-1
3824,TUSC3,,2860,2860
3825,KRT80,,11689,11689
3826,VRK2,,455,455
3827,HELZ2,,6065,6065
3828,MFSD4B,,12862,12862
3829,AC012413.1,,20573,-1
3830,NANOGP6,,20574,-1
3831,AC007923.1,,20575,-1
3832,DND1,,17989,17989
3833,PTRHD1,,14748,14748
3834,MEMO1,,10441,10441
3835,TIMM23B,,18814,-1
3836,PWRN1,,20576,-1
3837,RNLS,,14715,14715
3838,PLCL2,,9427,9427
3839,STK24,,2602,2602
3840,GTF2F1,,5484,5484
3841,AGPAT2,,12114,12114
3842,SPDYE3,,20577,-1
3843,AC016987.1,,20578,-1
3844,TNFRSF11B,,10974,10974
3845,AL031282.1,,20579,-1
3846,ATP5ME,,11973,11973
3847,TTLL11,,13289,13289
3848,PCED1B,,13887,13887
3849,OR8G5,,17952,17952
3850,NDUFC1,,3543,3543
3851,AC009065.4,,20580,-1
3852,MEF2D,,4438,4438
3853,SLFN14,,17567,17567
3854,BRPF1,,9654,9654
3855,AC097493.4,,20581,-1
3856,SLC26A11,,14081,14081
3857,PCDHB14,,4878,4878
3858,CD37,,2902,2902
3859,HMCES,,14498,14498
3860,LACTB,,2755,2755
3861,CACYBPP2,,20582,-1
3862,PITPNA-AS1,,18963,-1
3863,RIF1,,1448,1448
3864,NLRC5,,7731,7731
3865,KLK13,,11687,11687
3866,ADAMTS7,,6994,6994
3867,TRAK1,,14312,14312
3868,AL031429.1,,20583,-1
3869,NLRP6,,13135,13135
3870,AC004381.1,,20584,-1
3871,GPR52,,20585,-1
3872,AC012354.1,,20586,-1
3873,PTPRO,,9046,9046
3874,MEIS2,,6580,6580
3875,DNAAF4,,17978,17978
3876,UST,,3857,3857
3877,AC120193.1,,20587,-1
3878,MIGA1,,13999,13999
3879,AC138904.3,,20588,-1
3880,AL133268.3,,20589,-1
3881,MYO3B,,1129,1129
3882,TAX1BP1,,3149,3149
3883,RECK,,5126,5126
3884,C13orf46,,18423,18423
3885,APOBEC3D,,17756,17756
3886,C1GALT1P1,,20590,-1
3887,GULP1,,8235,8235
3888,RNU1-47P,,20591,-1
3889,HOXB-AS3,,20592,-1
3890,LINC02087,,20593,-1
3891,AC096637.1,,20594,-1
3892,ADAMTS1,,9416,9416
3893,DSCC1,,7111,7111
3894,KCNK15-AS1,,20595,-1
3895,KIAA1549,,5134,5134
3896,ARL4D,,13314,13314
3897,P2RX5,,1546,1546
3898,C16orf74,,9343,9343
3899,SNAI3-AS1,,20596,-1
3900,CACNB3,,11613,11613
3901,SPHK2,,829,829
3902,ZNF687,,8064,8064
3903,CSPG4,,12926,12926
3904,AC009060.1,,20597,-1
3905,PDF,,18032,18032
3906,SPOCK3,,15659,15659
3907,PRR5,,15116,15116
3908,AC016727.1,,20598,-1
3909,TFPT,,3050,3050
3910,IL5,,4057,4057
3911,AC138646.1,,20599,-1
3912,FKBP5,,1990,1990
3913,WDR13,,2514,2514
3914,SLC14A1,,7818,7818
3915,TRNAU1AP,,13945,13945
3916,EVI5L,,7927,7927
3917,LINC02204,,20600,-1
3918,LINC02516,,20601,-1
3919,AC069061.2,,20602,-1
3920,HBA2,,15462,15462
3921,SOD2,,3871,3871
3922,PIGL,,3421,3421
3923,PLEKHG3,,5655,5655
3924,TMED10,,12251,12251
3925,COMMD9,,3659,3659
3926,HACD1,,11259,11259
3927,BHLHE40,,6575,6575
3928,CREBBP,,89,89
3929,LINC01435,,20603,-1
3930,AC105219.4,,20604,-1
3931,AC104423.1,,20605,-1
3932,AC002070.1,,20606,-1
3933,NCAPG2,,8560,8560
3934,TASP1,,1763,1763
3935,PRR11,,1015,1015
3936,AL157938.2,,20607,-1
3937,ACSBG1,,2763,2763
3938,LGALS3,,6280,6280
3939,BRK1,,17941,17941
3940,EBF3,,3372,3372
3941,AC068987.3,,20608,-1
3942,AC026725.1,,20609,-1
3943,GNG11,,5750,5750
3944,CEP120,,11960,11960
3945,NDUFB1,,14506,14506
3946,MAP4K4,,1107,1107
3947,AC009126.1,,20610,-1
3948,PRKAB1,,3814,3814
3949,TCAP,,13004,13004
3950,OGN,,3258,3258
3951,LINC01770,,20611,-1
3952,CIT,,5154,5154
3953,RARRES3,,20612,-1
3954,CIDEB,,6988,6988
3955,STT3A-AS1,,20613,-1
3956,LINC01331,,20614,-1
3957,LURAP1L,,9298,9298
3958,SMIM22,,18164,18164
3959,HSPA5,,591,591
3960,WNT2,,3131,3131
3961,UQCRQ,,10891,10891
3962,AP005059.2,,20615,-1
3963,ING5,,11836,11836
3964,AC073912.3,,20616,-1
3965,FGD1,,2574,2574
3966,AC024270.1,,20617,-1
3967,HIST1H2BF,,19134,-1
3968,MZT2B,,9119,9119
3969,AC008906.1,,20618,-1
3970,SAMD9L,,13542,13542
3971,LPAR1,,16194,16194
3972,AL353747.2,,20619,-1
3973,TLK1,,16300,16300
3974,CHMP1A,,6180,6180
3975,P4HB,,14896,14896
3976,RNF138,,6687,6687
3977,NPSR1,,15234,15234
3978,KNOP1,,2751,2751
3979,PRSS53,,8986,8986
3980,DBP,,3028,3028
3981,BLOC1S6,,2793,2793
3982,TAS2R4,,5700,5700
3983,LINC00536,,20620,-1
3984,LINC01146,,20621,-1
3985,FNDC3CP,,20622,-1
3986,ATP5MF,,17682,17682
3987,GAR1,,3555,3555
3988,INTS5,,14791,14791
3989,LINC02154,,20623,-1
3990,BCAR1,,669,669
3991,CAB39L,,2600,2600
3992,AC127024.5,,20624,-1
3993,ETV3,,4511,4511
3994,CTTNBP2NL,,7998,7998
3995,ERAP1,,10862,10862
3996,PORCN,,2576,2576
3997,RN7SL672P,,20625,-1
3998,SGMS1-AS1,,20626,-1
3999,AP001767.3,,20627,-1
4000,ATP11A-AS1,,20628,-1
4001,CCT6P3,,20629,-1
4002,ZNF653,,10228,10228
4003,INHBB,,10475,10475
4004,LAPTM4B,,2814,2814
4005,NUP188,,1963,1963
4006,MPZL3,,10090,10090
4007,SNX29,,626,626
4008,AC131649.2,,20630,-1
4009,AC008080.1,,20631,-1
4010,CLP1,,18836,-1
4011,KIAA1549L,,3655,3655
4012,AC005332.7,,20632,-1
4013,LIFR,,4068,4068
4014,AL157911.1,,20633,-1
4015,MRPS18C,,18664,-1
4016,MIR99AHG,,20634,-1
4017,AP003049.2,,20635,-1
4018,FZD4,,13124,13124
4019,AL050343.1,,20636,-1
4020,SOX15,,5896,5896
4021,DPH7,,8740,8740
4022,RYK,,10678,10678
4023,AC024600.1,,20637,-1
4024,CDA,,9871,9871
4025,GRIN2B,,18239,18239
4026,LRRC37A,,20638,-1
4027,LRRC58,,10558,10558
4028,ADH5,,16130,16130
4029,CDKN1A,,5382,5382
4030,PPP1R18,,8473,8473
4031,ELOA,,269,269
4032,MAN1C1,,4594,4594
4033,ADCY3,,7301,7301
4034,TMEM255B,,14674,14674
4035,SPATA9,,8413,8413
4036,AP001972.5,,20639,-1
4037,ABCC8,,119,119
4038,PLB1,,10685,10685
4039,BCL2,,12572,12572
4040,AC091153.3,,20640,-1
4041,LINC00520,,20641,-1
4042,NPM1P19,,20642,-1
4043,SLC1A5,,2974,2974
4044,ANKDD1A,,11461,11461
4045,AC018467.1,,20643,-1
4046,AC109460.4,,20644,-1
4047,FRMD4B,,4162,4162
4048,RDH13,,10076,10076
4049,CEP170B,,2053,2053
4050,LINC02069,,20645,-1
4051,AL390728.6,,18590,-1
4052,HSDL1,,2685,2685
4053,PRB1,,17878,17878
4054,TCHP,,7536,7536
4055,ADGRE1,,13128,13128
4056,NENF,,4597,4597
4057,VOPP1,,9442,9442
4058,KF456478.1,,20646,-1
4059,HSPB1,,3166,3166
4060,SUCO,,1952,1952
4061,FER1L4,,20647,-1
4062,AC010210.1,,20648,-1
4063,RN7SL678P,,20649,-1
4064,HERC2P8,,20650,-1
4065,ADGRD1,,3777,3777
4066,PEA15,,10385,10385
4067,AC006547.2,,20651,-1
4068,AC074033.1,,20652,-1
4069,IL2RG,,8598,8598
4070,ODF2L,,5088,5088
4071,ITGA5,,10198,10198
4072,CD74,,383,383
4073,AC067852.1,,20653,-1
4074,AC009229.1,,20654,-1
4075,AP005131.5,,20655,-1
4076,CELSR3,,209,209
4077,TMOD2,,5860,5860
4078,PAPPA,,14337,14337
4079,TRIM54,,7322,7322
4080,LRRC63,,13003,13003
4081,TNRC6B,,2206,2206
4082,AL359762.1,,20656,-1
4083,WRN,,11118,11118
4084,AC016597.1,,20657,-1
4085,BZW2,,6977,6977
4086,DCHS2,,16006,16006
4087,FIS1,,17126,17126
4088,MT1A,,16819,16819
4089,LINC00570,,20658,-1
4090,YBEY,,14269,14269
4091,MAP3K2,,12174,12174
4092,KCNQ1-AS1,,20659,-1
4093,AC022634.2,,20660,-1
4094,AC007599.1,,20661,-1
4095,AL513329.1,,20662,-1
4096,PRR3,,16677,16677
4097,SORL1,,7218,7218
4098,AC092164.1,,20663,-1
4099,AC108002.1,,20664,-1
4100,LRRC75A,,14109,14109
4101,CEBPZ,,4344,4344
4102,BBOF1,,4768,4768
4103,AL158212.1,,20665,-1
4104,OR5V1,,17754,17754
4105,AKAP17A,,16153,16153
4106,CDK20,,9584,9584
4107,BTBD6,,14737,14737
4108,NR2F1,,13287,13287
4109,VASH2,,8095,8095
4110,AP006621.4,,20666,-1
4111,ITM2A,,1387,1387
4112,SACS-AS1,,20667,-1
4113,ZNF141,,6174,6174
4114,GRIK4,,8850,8850
4115,TSPAN13,,3216,3216
4116,TUBGCP6,,5774,5774
4117,DEPDC5,,2133,2133
4118,TMEFF2,,8230,8230
4119,AC019209.3,,20668,-1
4120,SHANK3,,17874,17874
4121,POU4F1,,9131,9131
4122,U2AF1,,19191,-1
4123,P3H1,,4547,4547
4124,LRP1B,,11902,11902
4125,LIMK2,,14295,14295
4126,SLIT3,,14640,14640
4127,JMJD7,,20669,-1
4128,APH1A,,4546,4546
4129,ARHGAP36,,8611,8611
4130,AL160269.1,,18502,18502
4131,GPN3,,3738,3738
4132,MZT1,,16740,16740
4133,FUNDC2,,11207,11207
4134,PLSCR1,,15423,15423
4135,BCL2L14,,20670,-1
4136,CLCN6,,271,271
4137,LINC00612,,20671,-1
4138,BCAP31,,14942,14942
4139,B3GNT10,,17158,17158
4140,SGSM1,,11517,11517
4141,NRCAM,,1856,1856
4142,CCDC183-AS1,,20672,-1
4143,FAM238A,,20673,-1
4144,PDP2,,12797,12797
4145,AC073335.2,,20674,-1
4146,HNF4G,,10969,10969
4147,ABCB10P4,,20675,-1
4148,GOLGA6B,,17204,17204
4149,MAL2-AS1,,20676,-1
4150,AL162727.1,,20677,-1
4151,FSTL4,,688,688
4152,TAP1,,11835,11835
4153,ERC2,,15287,15287
4154,AC008687.8,,20678,-1
4155,SOX7,,12410,12410
4156,EIF3F,,13234,13234
4157,PIK3IP1,,2118,2118
4158,SELENOP,,17864,17864
4159,ZNF841,,16059,16059
4160,GRHL2,,1543,1543
4161,ELMO3,,2633,2633
4162,CHCHD4,,10595,10595
4163,LIN7B,,2888,2888
4164,LHX1-DT,,20679,-1
4165,AL031848.2,,20680,-1
4166,ZNF850,,18151,18151
4167,ECT2L,,16487,16487
4168,ZNF155,,16743,16743
4169,CAPN3,,1917,1917
4170,TIGD6,,10855,10855
4171,NOMO2,,20681,-1
4172,RNF43,,3403,3403
4173,LINC00452,,20682,-1
4174,CDK5RAP3,,3418,3418
4175,VAT1L,,12559,12559
4176,CCDC138,,10456,10456
4177,AC092115.3,,20683,-1
4178,LRP2BP,,3580,3580
4179,GFPT1,,16249,16249
4180,UBXN6,,11659,11659
4181,AC010207.1,,20684,-1
4182,USP14,,2470,2470
4183,PRC1-AS1,,20685,-1
4184,LRMP,,4645,4645
4185,AC112484.2,,20686,-1
4186,AC069277.1,,18627,-1
4187,RPS6KA6,,20687,-1
4188,LINC00526,,20688,-1
4189,RALGAPA2,,15467,15467
4190,SPATA21,,15212,15212
4191,PRMT8,,3735,3735
4192,HDAC2,,15810,15810
4193,AL161908.1,,20689,-1
4194,VWA2,,11220,11220
4195,TRIM68,,11579,11579
4196,SPIN3,,16587,16587
4197,RUSC1-AS1,,20690,-1
4198,NFATC2,,2360,2360
4199,PPP1R1C,,8961,8961
4200,SIRPB3P,,20691,-1
4201,ZNF98,,15991,15991
4202,AC090001.1,,20692,-1
4203,RPL13AP20,,20693,-1
4204,SOCS3,,14685,14685
4205,UBXN1,,10268,10268
4206,SENP2,,10721,10721
4207,AC093151.3,,20694,-1
4208,GPI,,2959,2959
4209,AL807742.1,,20695,-1
4210,CDS1,,10627,10627
4211,AP2B1,,122,122
4212,EYA2,,865,865
4213,LAMB1,,1857,1857
4214,HNRNPA1P23,,20696,-1
4215,SEMA6D,,7274,7274
4216,SNHG8,,18667,-1
4217,TRUB2,,11535,11535
4218,HDAC4,,999,999
4219,FEZ1,,8874,8874
4220,AC092651.2,,20697,-1
4221,CASC2,,20698,-1
4222,TMED2,,1648,1648
4223,AC012435.1,,20699,-1
4224,LINC01440,,20700,-1
4225,PALM,,2061,2061
4226,PKNOX2,,11140,11140
4227,AC079385.1,,20701,-1
4228,AC244669.1,,20702,-1
4229,CD177,,16748,16748
4230,IL34,,9700,9700
4231,SCAMP5,,16372,16372
4232,AC018553.2,,20703,-1
4233,HJV,,11865,11865
4234,AC024592.2,,20704,-1
4235,INTS6-AS1,,20705,-1
4236,ZNF276,,9866,9866
4237,NUP133,,1038,1038
4238,GBP7,,17042,17042
4239,PROS1,,14675,14675
4240,MBLAC2,,13332,13332
4241,EAF1-AS1,,20706,-1
4242,AC124016.2,,20707,-1
4243,CSKMT,,17171,17171
4244,GLI2,,1209,1209
4245,CEACAM8,,5340,5340
4246,SYK,,11037,11037
4247,ZBTB39,,11469,11469
4248,MTHFD1,,2299,2299
4249,RFX1,,6285,6285
4250,POMZP3,,8538,8538
4251,SEPSECS,,3562,3562
4252,ITCH,,1394,1394
4253,MAP4K2,,11767,11767
4254,FDXR,,10186,10186
4255,LINC00534,,20708,-1
4256,IL18,,8971,8971
4257,GTF2IP4,,20709,-1
4258,KRT86,,12274,12274
4259,SHISA2,,14021,14021
4260,NINJ1,,6238,6238
4261,AC006262.2,,20710,-1
4262,TSHR,,11120,11120
4263,SHB,,3302,3302
4264,LINC01896,,20711,-1
4265,STRA6,,7271,7271
4266,MED31,,3441,3441
4267,HRAS,,13116,13116
4268,MED4,,6951,6951
4269,PTPRN2,,9453,9453
4270,TIMM17B,,5643,5643
4271,ARMCX4,,15765,15765
4272,KPNA7,,14865,14865
4273,WDR18,,890,890
4274,CMAHP,,20712,-1
4275,FMO2,,1951,1951
4276,AL589678.1,,20713,-1
4277,SMOC1,,16346,16346
4278,SIRT1,,2003,2003
4279,SHCBP1,,12457,12457
4280,AC009387.1,,20714,-1
4281,KIAA2013,,4449,4449
4282,ICA1,,34,34
4283,AC018462.1,,20715,-1
4284,AC131956.1,,20716,-1
4285,HECW2,,7374,7374
4286,PRSS42,,20717,-1
4287,CTGF,,20718,-1
4288,FMR1,,2544,2544
4289,CIRBP-AS1,,20719,-1
4290,CDYL2,,11377,11377
4291,AC011447.6,,20720,-1
4292,RPF1,,4520,4520
4293,KHK,,7300,7300
4294,LRRC39,,5092,5092
4295,AP001107.9,,20721,-1
4296,A4GALT,,5789,5789
4297,SCPEP1,,4968,4968
4298,UNC5B-AS1,,20722,-1
4299,AC012313.2,,20723,-1
4300,AL450423.1,,20724,-1
4301,ISY1,,17655,17655
4302,PDPN,,10317,10317
4303,AL589740.1,,20725,-1
4304,DNAJC24,,12384,12384
4305,AC124854.1,,20726,-1
4306,LINC02052,,20727,-1
4307,MICE,,20728,-1
4308,ATP2A2,,13065,13065
4309,AL356805.1,,20729,-1
4310,AC025283.2,,18503,18503
4311,TFF3,,10020,10020
4312,AP000924.1,,20730,-1
4313,KLRG1,,7494,7494
4314,AC104984.4,,20731,-1
4315,AL049820.1,,20732,-1
4316,AL031674.1,,20733,-1
4317,LINC01538,,20734,-1
4318,ENPP5,,3977,3977
4319,TGFB3,,4784,4784
4320,BCKDHB,,1539,1539
4321,IGF2BP3,,6968,6968
4322,LZTFL1,,10695,10695
4323,FBXO7,,2153,2153
4324,FAM86FP,,20735,-1
4325,AC005156.1,,20736,-1
4326,ZNF671,,1558,1558
4327,SCNM1,,10493,10493
4328,PLP2,,2528,2528
4329,ADAM20,,6559,6559
4330,HELLPAR,,18880,-1
4331,PPIEL,,20737,-1
4332,RARS2,,8495,8495
4333,ABLIM2,,10745,10745
4334,TUBD1,,3413,3413
4335,BIRC2,,3648,3648
4336,RNF152,,13427,13427
4337,FAM186B,,6812,6812
4338,IQGAP1,,7702,7702
4339,GUSBP1,,20738,-1
4340,HSP90AA2P,,20739,-1
4341,KLF4P1,,20740,-1
4342,PGBD4,,14276,14276
4343,AP001267.3,,20741,-1
4344,MAPK4,,7853,7853
4345,SPINK5,,6527,6527
4346,AL669831.4,,20742,-1
4347,BTK,,263,263
4348,CLN6,,5873,5873
4349,MACROD2,,12678,12678
4350,AC010168.1,,20743,-1
4351,SRP54-AS1,,20744,-1
4352,AL591895.1,,20745,-1
4353,ST3GAL4,,3624,3624
4354,AL031590.1,,20746,-1
4355,LINC02144,,20747,-1
4356,HIST1H2AB,,19129,-1
4357,VPS37D,,13396,13396
4358,SERPIND1,,2069,2069
4359,SSH3,,12795,12795
4360,TSPYL1,,15614,15614
4361,ZNF182,,8581,8581
4362,AC011468.4,,20748,-1
4363,MIER3,,9492,9492
4364,NEK7,,9034,9034
4365,ZNF433-AS1,,19021,-1
4366,TOX4,,1907,1907
4367,PRIM1,,16175,16175
4368,AC020931.1,,20749,-1
4369,BICC1,,5145,5145
4370,FAM178B,,11909,11909
4371,KIF13B,,16128,16128
4372,ZDHHC7,,9303,9303
4373,SULF2,,15799,15799
4374,CAMK2B,,767,767
4375,XYLT2,,354,354
4376,GNA13,,4842,4842
4377,SERINC3,,6412,6412
4378,CCER2,,18102,18102
4379,OR7E38P,,20750,-1
4380,LIMS3,,20751,-1
4381,AC022601.1,,20752,-1
4382,AHRR,,835,835
4383,CFL2,,11121,11121
4384,LIX1-AS1,,20753,-1
4385,CYFIP1,,18250,18250
4386,AL109910.2,,20754,-1
4387,CDR2L,,3511,3511
4388,EPM2AIP1,,13718,13718
4389,AL669831.3,,20755,-1
4390,TBC1D23,,513,513
4391,TAPBPL,,7496,7496
4392,AC007998.2,,20756,-1
4393,MFSD2B,,16849,16849
4394,AC005324.5,,20757,-1
4395,CCDC167,,16452,16452
4396,TMEM145,,11640,11640
4397,TMTC1,,6523,6523
4398,AC091544.4,,20758,-1
4399,PITX2,,10786,10786
4400,IGSF3,,7996,7996
4401,AC105402.3,,20759,-1
4402,AL513497.1,,20760,-1
4403,CHRM3-AS2,,20761,-1
4404,MTND2P12,,20762,-1
4405,AC005915.1,,20763,-1
4406,MGAT4D,,16806,16806
4407,PTPN13,,10630,10630
4408,MYOCOS,,18449,18449
4409,AP005482.1,,20764,-1
4410,SCHLAP1,,20765,-1
4411,AL109955.1,,20766,-1
4412,ZNF44,,16115,16115
4413,TMPRSS5,,11427,11427
4414,TRIM34,,18037,18037
4415,RETREG3,,7864,7864
4416,OSBPL10,,8274,8274
4417,OTUD3,,12162,12162
4418,AC055764.1,,20767,-1
4419,LINC00615,,20768,-1
4420,GLUL,,6882,6882
4421,KLK14,,5919,5919
4422,AC005332.4,,20769,-1
4423,AC060766.7,,20770,-1
4424,SNORD3B-1,,20771,-1
4425,THBS3,,12023,12023
4426,MCU,,9544,9544
4427,AL451064.2,,20772,-1
4428,C10orf71,,13535,13535
4429,SRGAP3,,15693,15693
4430,RNF144A,,9074,9074
4431,AL137025.1,,20773,-1
4432,AC015911.6,,20774,-1
4433,TBX15,,1919,1919
4434,PARD3B,,4386,4386
4435,WDR33,,7043,7043
4436,SPANXA2-OT1,,20775,-1
4437,AL031275.1,,20776,-1
4438,SORD2P,,20777,-1
4439,MEF2B,,17101,17101
4440,XIST,,19093,-1
4441,ZMYM4-AS1,,20778,-1
4442,UBE2Q2P2,,20779,-1
4443,VEPH1,,16007,16007
4444,ARHGAP32,,6719,6719
4445,TGFB1,,2983,2983
4446,H3F3B,,6348,6348
4447,AC016526.2,,20780,-1
4448,CNTN4,,8270,8270
4449,EPHA6,,1445,1445
4450,LINC02580,,20781,-1
4451,XAB2,,1317,1317
4452,AC100768.1,,20782,-1
4453,DNAH12,,13132,13132
4454,AC019211.1,,20783,-1
4455,SMARCB1,,2075,2075
4456,AC015712.5,,20784,-1
4457,DCAF11,,2326,2326
4458,CA11,,830,830
4459,FOXP2,,5821,5821
4460,C1QBP,,3435,3435
4461,WASHC2C,,18813,-1
4462,RWDD1,,3834,3834
4463,RNASEH1,,12597,12597
4464,ZNF429,,15909,15909
4465,VPS45,,7031,7031
4466,KATNB1,,7732,7732
4467,UBAP2,,7121,7121
4468,AL391811.1,,20785,-1
4469,CHRNA6,,8628,8628
4470,RNF157,,7846,7846
4471,AL117382.1,,20786,-1
4472,ADAMTS2,,1671,1671
4473,TMEM116,,16227,16227
4474,PPP1R2C,,2540,2540
4475,SLC25A30,,13013,13013
4476,CST3,,2447,2447
4477,LINC01515,,19248,-1
4478,FBXO17,,18188,18188
4479,MTX1,,12852,12852
4480,KIF28P,,20787,-1
4481,CAT,,5017,5017
4482,MYO7A,,20788,-1
4483,TRIO,,536,536
4484,TOMM20L,,15874,15874
4485,CTU1,,7938,7938
4486,CDC42EP2,,8902,8902
4487,TXNDC12-AS1,,20789,-1
4488,AL137077.2,,20790,-1
4489,ALPK1,,1185,1185
4490,IGLV5-52,,20791,-1
4491,AC109361.1,,20792,-1
4492,MED10,,6497,6497
4493,TMEM40,,1726,1726
4494,SORBS3,,4946,4946
4495,SYN2,,9675,9675
4496,LRIG1,,8293,8293
4497,AL359915.2,,20793,-1
4498,FOXA2,,5511,5511
4499,AC018552.2,,20794,-1
4500,GADD45B,,2060,2060
4501,MORC4,,6470,6470
4502,ITPK1,,2282,2282
4503,SNHG19,,18946,-1
4504,AC108471.2,,20795,-1
4505,AC016730.1,,20796,-1
4506,ZNF358,,16384,16384
4507,DCLRE1B,,4680,4680
4508,Z86062.1,,20797,-1
4509,GTPBP10,,3094,3094
4510,AP003900.1,,19061,-1
4511,AC098679.2,,20798,-1
4512,AC092171.2,,20799,-1
4513,AC106744.2,,20800,-1
4514,EPHA5-AS1,,20801,-1
4515,MS4A2,,8869,8869
4516,OLA1,,7376,7376
4517,PER3,,640,640
4518,ZNF846,,19195,-1
4519,PBX3,,11522,11522
4520,EFCAB10,,14787,14787
4521,ATXN7L2,,10363,10363
4522,LINC01919,,20802,-1
4523,TRAPPC12,,12591,12591
4524,ACTG1,,14582,14582
4525,ZBTB40,,14708,14708
4526,USHBP1,,6019,6019
4527,C11orf42,,14044,14044
4528,AC004949.1,,20803,-1
4529,OPA1,,16395,16395
4530,STS,,2497,2497
4531,FAM126A,,5111,5111
4532,AOX1,,7360,7360
4533,CLCN7,,2701,2701
4534,FCMR,,10427,10427
4535,AL445209.1,,20804,-1
4536,AL079303.1,,20805,-1
4537,SP140L,,14856,14856
4538,CUL2,,3381,3381
4539,SDK1,,8525,8525
4540,TRPS1,,2834,2834
4541,TFCP2L1,,4226,4226
4542,STK33,,6037,6037
4543,PWWP2B,,12581,12581
4544,MTOR,,16371,16371
4545,DPAGT1,,12679,12679
4546,POLA1,,2501,2501
4547,AHNAK,,5409,5409
4548,ANG,,17127,17127
4549,LINC01277,,20806,-1
4550,ILF2,,8122,8122
4551,AL161431.1,,19270,-1
4552,HOXA1,,3132,3132
4553,AL355312.3,,20807,-1
4554,HIST1H2BG,,18252,18252
4555,LYPLAL1-DT,,20808,-1
4556,GOLGA8VP,,20809,-1
4557,HPDL,,15108,15108
4558,BPNT1,,10407,10407
4559,CCDC126,,12010,12010
4560,YY2,,17466,17466
4561,VWA3A,,13211,13211
4562,FLNC,,5826,5826
4563,GIN1,,8405,8405
4564,CCDC43,,13973,13973
4565,MFSD1,,4695,4695
4566,AL049830.3,,20810,-1
4567,USP43,,9434,9434
4568,AC010997.3,,20811,-1
4569,FO681491.1,,20812,-1
4570,ITFG1,,5945,5945
4571,TMEM70,,13273,13273
4572,CTHRC1,,11014,11014
4573,DBF4P1,,20813,-1
4574,AFDN,,6035,6035
4575,PSMG1,,14480,14480
4576,ST6GALNAC5,,4513,4513
4577,FAM210A,,13505,13505
4578,NEAT1,,18842,-1
4579,HDLBP,,4330,4330
4580,BOD1L1,,532,532
4581,HRK,,6754,6754
4582,ULK4P2,,20814,-1
4583,C1orf35,,8150,8150
4584,AC015813.2,,20815,-1
4585,ARPC1B,,6040,6040
4586,NDUFA4L2,,14899,14899
4587,PLAGL2,,5574,5574
4588,NCF2,,4454,4454
4589,LINC01556,,20816,-1
4590,PTX3,,10646,10646
4591,PLPPR5,,4584,4584
4592,TMEM256-PLSCR3,,20817,-1
4593,LOXHD1,,11557,11557
4594,UGT1A4,,17782,17782
4595,AL645608.8,,20818,-1
4596,MAPK1,,2097,2097
4597,LMNA,,10117,10117
4598,AC007406.5,,20819,-1
4599,RTL10,,17192,17192
4600,GLB1L2,,8846,8846
4601,DOK2,,8631,8631
4602,ATF6B,,17061,17061
4603,VPS52,,17341,17341
4604,CCDC22,,2525,2525
4605,STMN3,,16020,16020
4606,ATP13A5,,15255,15255
4607,RNGTT,,3847,3847
4608,AL445471.1,,20820,-1
4609,IQCJ,,17123,17123
4610,AC112196.1,,20821,-1
4611,TRIM7,,8462,8462
4612,TBRG4,,6979,6979
4613,RHEBL1,,11618,11618
4614,ZBED5-AS1,,19252,-1
4615,GSTM5,,20822,-1
4616,PCBP4,,1808,1808
4617,AL139289.2,,20823,-1
4618,SLC9A5,,6871,6871
4619,ANKRD13D,,12809,12809
4620,STOML2,,11100,11100
4621,AKAP7,,4664,4664
4622,AC034213.1,,20824,-1
4623,AL136298.1,,20825,-1
4624,AL450327.1,,20826,-1
4625,UPK2,,3651,3651
4626,HIST1H2BD,,18709,-1
4627,LINC01201,,20827,-1
4628,GABARAPL2,,18529,18529
4629,AL031731.1,,20828,-1
4630,MBP,,16152,16152
4631,ESPN,,15186,15186
4632,TUT4,,6683,6683
4633,RPP25,,13738,13738
4634,CDC25A,,10759,10759
4635,PTPRK,,9218,9218
4636,ERP29,,1775,1775
4637,ARMCX3-AS1,,20829,-1
4638,RAB5IF,,2359,2359
4639,IRF2BP1,,12313,12313
4640,TERB1,,17843,17843
4641,DSCAML1,,13497,13497
4642,ARHGAP22,,5855,5855
4643,PODN,,13056,13056
4644,TBCE.1,,20830,-1
4645,AC068533.3,,20831,-1
4646,PEG10,,17710,17710
4647,CFAP20,,1094,1094
4648,CTBP1-AS,,20832,-1
4649,INKA1,,14892,14892
4650,SLC12A3,,1102,1102
4651,TYSND1,,9608,9608
4652,AC243830.2,,20833,-1
4653,AP002490.2,,20834,-1
4654,UBE3A,,4116,4116
4655,ZNF876P,,20835,-1
4656,BTG2,,9942,9942
4657,KIF5C,,11809,11809
4658,ETFB,,2996,2996
4659,AC060780.1,,18983,-1
4660,AMPH,,1363,1363
4661,RPS3AP39,,20836,-1
4662,AC103760.1,,20837,-1
4663,SGCB,,10469,10469
4664,PRDX2,,11705,11705
4665,ID2-AS1,,20838,-1
4666,TNPO1P2,,20839,-1
4667,BIRC7,,2388,2388
4668,ZNF586,,1560,1560
4669,AFAP1-AS1,,20840,-1
4670,AKAP5,,13901,13901
4671,RAB42,,15374,15374
4672,SLC38A5,,365,365
4673,AC097467.3,,20841,-1
4674,USP32,,12354,12354
4675,NIFKP8,,20842,-1
4676,TGFA,,10513,10513
4677,HTATIP2,,3591,3591
4678,AC067852.2,,20843,-1
4679,AC104211.1,,20844,-1
4680,AL353759.1,,20845,-1
4681,C1orf198,,4725,4725
4682,AC007861.1,,20846,-1
4683,AC010487.3,,20847,-1
4684,KBTBD7,,4919,4919
4685,ADAM19,,6743,6743
4686,SDCBP2-AS1,,20848,-1
4687,AGR2,,3218,3218
4688,CFLAR-AS1,,20849,-1
4689,AP3B2,,2762,2762
4690,BX649567.1,,20850,-1
4691,AC110769.2,,20851,-1
4692,ZNF622,,12925,12925
4693,TEX14,,4973,4973
4694,PLPPR2,,3031,3031
4695,AC092066.1,,20852,-1
4696,SIX1,,5647,5647
4697,ARHGAP9,,5189,5189
4698,MLLT6,,18283,18283
4699,FAM47E,,15598,15598
4700,FMNL3,,10213,10213
4701,PRSS54,,2660,2660
4702,ELAC1,,7854,7854
4703,FCGR1A,,8928,8928
4704,TARBP2,,7548,7548
4705,NAT1,,12487,12487
4706,AC097059.2,,20853,-1
4707,AL356481.1,,20854,-1
4708,MAST2,,1629,1629
4709,SMG1P4,,20855,-1
4710,AC079062.1,,19012,-1
4711,PSMD6-AS2,,20856,-1
4712,RNF166,,9856,9856
4713,HSPA1L,,16622,16622
4714,GALNT5,,7023,7023
4715,AJ003147.2,,20857,-1
4716,AC004775.1,,20858,-1
4717,XPO5,,5358,5358
4718,BAX,,1668,1668
4719,AC104118.1,,20859,-1
4720,TTLL5,,4779,4779
4721,KDM5C,,5577,5577
4722,AC108067.1,,20860,-1
4723,AL662844.4,,20861,-1
4724,RUNDC1,,16414,16414
4725,SEMA6C,,8081,8081
4726,B3GALT5,,14542,14542
4727,CAPRIN2,,3702,3702
4728,LYRM2,,1538,1538
4729,AC133552.5,,20862,-1
4730,CAP1,,6189,6189
4731,AC022075.1,,18862,-1
4732,LINC01197,,20863,-1
4733,DLEU2,,18897,-1
4734,C3orf62,,15424,15424
4735,PACSIN1,,5347,5347
4736,ANKLE2,,13466,13466
4737,SLC35B2,,9725,9725
4738,PQLC2,,20864,-1
4739,CD3EAP,,4610,4610
4740,KLHDC7A,,13791,13791
4741,STOM,,8705,8705
4742,AL731575.1,,20865,-1
4743,AC011611.3,,20866,-1
4744,AC108517.1,,20867,-1
4745,AL121790.1,,20868,-1
4746,ALKBH2,,15575,15575
4747,PLD6,,13871,13871
4748,CRB1,,6634,6634
4749,LINC01804,,20869,-1
4750,RCN1,,645,645
4751,LINC01655,,20870,-1
4752,LINC01764,,20871,-1
4753,ECHS1,,5747,5747
4754,UAP1,,4522,4522
4755,LIN7C,,8802,8802
4756,FTX,,19094,-1
4757,AP000346.1,,20872,-1
4758,CFAP36,,10454,10454
4759,ZEB2,,12086,12086
4760,AC027117.1,,20873,-1
4761,TCF12,,7636,7636
4762,AP1B1,,2170,2170
4763,AL731577.1,,20874,-1
4764,TAS2R8,,4986,4986
4765,VDR,,3773,3773
4766,VPS13B,,6359,6359
4767,AMHR2,,6806,6806
4768,BAP1,,10726,10726
4769,TNFSF10,,5033,5033
4770,HMGB1P6,,20875,-1
4771,ALDH3A2,,1146,1146
4772,MCL1,,8070,8070
4773,DAD1,,5940,5940
4774,KLHL4,,2571,2571
4775,PRKCQ,,915,915
4776,AC078962.4,,20876,-1
4777,CCNB2P1,,20877,-1
4778,Z98752.1,,20878,-1
4779,TMEM221,,15372,15372
4780,RILPL1,,15364,15364
4781,SSH1,,1573,1573
4782,LINC01935,,20879,-1
4783,OXER1,,10421,10421
4784,CMTM6,,1865,1865
4785,DHRS7,,2283,2283
4786,HLA-B,,19147,-1
4787,TSIX,,20880,-1
4788,ZNF252P,,20881,-1
4789,ARVCF,,2064,2064
4790,SLC25A21-AS1,,20882,-1
4791,AL355488.1,,20883,-1
4792,NWD2,,13026,13026
4793,KMT5C,,6482,6482
4794,AC087286.2,,20884,-1
4795,AC008969.1,,19294,-1
4796,GPM6A,,8948,8948
4797,RN7SL442P,,20885,-1
4798,NDUFS6P1,,20886,-1
4799,LNCPRESS2,,20887,-1
4800,PEX11B,,6254,6254
4801,GVQW3,,13828,13828
4802,PYCARD,,2736,2736
4803,MRPL13,,18784,-1
4804,SLC29A3,,16223,16223
4805,CTXND1,,18052,18052
4806,RNF217,,8500,8500
4807,KCNK5,,10936,10936
4808,AL080276.2,,20888,-1
4809,AC025419.1,,20889,-1
4810,LINC01340,,20890,-1
4811,ZDHHC24,,13029,13029
4812,GAN,,18086,18086
4813,SHC1,,10102,10102
4814,AC078865.1,,20891,-1
4815,PADI1,,7951,7951
4816,CAMK2D,,8361,8361
4817,STARD6,,13068,13068
4818,LINC00887,,20892,-1
4819,PRRC2B,,6092,6092
4820,C17orf78,,18370,18370
4821,TMA16P2,,20893,-1
4822,OBSCN-AS1,,20894,-1
4823,SNX32,,12789,12789
4824,TARDBP,,4956,4956
4825,AP001432.1,,20895,-1
4826,THOC2,,5489,5489
4827,AIMP2,,3180,3180
4828,AC007383.3,,20896,-1
4829,GNG4,,11798,11798
4830,NPW,,14577,14577
4831,KIRREL3,,8876,8876
4832,TRMT61B,,12417,12417
4833,FAM84B,,20897,-1
4834,AC007066.2,,20898,-1
4835,AL031008.1,,20899,-1
4836,PEX11G,,2895,2895
4837,MTRF1,,4910,4910
4838,GCH1,,6279,6279
4839,AC011503.1,,20900,-1
4840,AL137127.1,,20901,-1
4841,AL512353.3,,20902,-1
4842,DES,,13175,13175
4843,MALT1,,12659,12659
4844,MIRLET7BHG,,19298,-1
4845,SLA2,,2358,2358
4846,CCDC192,,17460,17460
4847,KAT8,,2742,2742
4848,AC005324.4,,20903,-1
4849,ZNF114,,13661,13661
4850,SH3RF2,,9595,9595
4851,HPSE,,12837,12837
4852,AL022323.1,,20904,-1
4853,AL445472.1,,20905,-1
4854,TACR3,,12139,12139
4855,PQLC1,,20906,-1
4856,AC073333.1,,20907,-1
4857,AKT3,,4510,4510
4858,SYTL5,,8571,8571
4859,AC004241.1,,20908,-1
4860,RUSC2,,16407,16407
4861,CENPQ,,477,477
4862,AL158070.2,,20909,-1
4863,AC012513.3,,20910,-1
4864,AC244021.1,,20911,-1
4865,PRKD1,,14632,14632
4866,AL355987.3,,20912,-1
4867,ADAMTS5,,9417,9417
4868,ABLIM3,,12859,12859
4869,TBL1XR1,,13573,13573
4870,ARMH3,,4835,4835
4871,KLHL29,,4797,4797
4872,HBZ,,6076,6076
4873,AP000442.2,,20913,-1
4874,HIST1H2BJ,,18713,-1
4875,OR2W6P,,20914,-1
4876,C6orf223,,14134,14134
4877,AC135586.2,,20915,-1
4878,TLE4,,3261,3261
4879,ARHGAP11B,,18495,18495
4880,HMGN2P35,,20916,-1
4881,AC010754.1,,20917,-1
4882,APCDD1L-DT,,20918,-1
4883,AL590822.1,,20919,-1
4884,AC007402.1,,20920,-1
4885,AC004704.1,,20921,-1
4886,HGD,,4105,4105
4887,RALYL,,14706,14706
4888,POU1F1,,872,872
4889,SMYD4,,15100,15100
4890,NLRP2,,406,406
4891,GSDMB,,1193,1193
4892,SUGT1P3,,20922,-1
4893,LINC01768,,20923,-1
4894,FAM192BP,,20924,-1
4895,MUC20-OT1,,20925,-1
4896,UFL1-AS1,,20926,-1
4897,LINC01830,,20927,-1
4898,AC007382.1,,20928,-1
4899,AC008764.2,,20929,-1
4900,RXFP1,,12519,12519
4901,POPDC2,,5006,5006
4902,LINC00032,,20930,-1
4903,FBXO33,,11111,11111
4904,DGKA,,895,895
4905,AD000090.1,,20931,-1
4906,AL139042.1,,20932,-1
4907,AC016394.2,,20933,-1
4908,AC004012.1,,20934,-1
4909,AAGAB,,2753,2753
4910,COX7C,,5686,5686
4911,CHRNB4,,4613,4613
4912,AC018730.2,,20935,-1
4913,RELB,,2886,2886
4914,AC068647.2,,20936,-1
4915,BAMBI,,1979,1979
4916,AC016738.1,,20937,-1
4917,CRYZL1,,16864,16864
4918,LINC01861,,20938,-1
4919,FAM173A,,20939,-1
4920,PRSS48,,15587,15587
4921,KCNK17,,5386,5386
4922,AC006529.1,,20940,-1
4923,FAM102A,,11532,11532
4924,LINC01234,,20941,-1
4925,TSC22D3,,9716,9716
4926,GMNC,,16873,16873
4927,MAGEA11,,14822,14822
4928,PTPRM,,12916,12916
4929,MARC1,,15034,15034
4930,AC022395.1,,20942,-1
4931,KCNJ6,,9719,9719
4932,U73166.1,,20943,-1
4933,TACC1P1,,20944,-1
4934,PTDSS1,,9599,9599
4935,AC005394.1,,20945,-1
4936,AC004801.4,,20946,-1
4937,CEP126,,3644,3644
4938,DNASE2,,3046,3046
4939,KLC1,,5586,5586
4940,ARMC9,,6910,6910
4941,LINC02021,,20947,-1
4942,AP2S1,,573,573
4943,AC007216.4,,20948,-1
4944,ELK4,,9852,9852
4945,FP671120.1,,20949,-1
4946,ALKBH8,,7243,7243
4947,QRFPR,,15153,15153
4948,MSX1,,10487,10487
4949,SMIM31,,17823,17823
4950,ATP2A1,,15715,15715
4951,AC111188.1,,20950,-1
4952,LMX1B,,7108,7108
4953,AL445647.1,,20951,-1
4954,FGFR2,,948,948
4955,TACR1,,4273,4273
4956,OAS1,,1764,1764
4957,FIGNL1,,6338,6338
4958,JMJD6,,1083,1083
4959,AL139424.3,,20952,-1
4960,LPAR3,,12520,12520
4961,BICD1,,9085,9085
4962,SCAND1,,12451,12451
4963,CYS1,,16868,16868
4964,AC005487.1,,20953,-1
4965,LY6G6F,,16632,16632
4966,CCNE1,,2949,2949
4967,VEZT,,457,457
4968,AC010547.3,,20954,-1
4969,MOV10L1,,1181,1181
4970,LINC01733,,20955,-1
4971,PTMAP3,,20956,-1
4972,USP19,,12635,12635
4973,GFPT2,,6214,6214
4974,AC016583.1,,20957,-1
4975,SRD5A3,,5768,5768
4976,SERINC2,,11869,11869
4977,CHD9,,13515,13515
4978,SPTA1,,10604,10604
4979,PDS5B,,1551,1551
4980,ELOVL2,,16154,16154
4981,LINC02328,,20958,-1
4982,NDUFA6,,14759,14759
4983,CARNMT1,,9543,9543
4984,SLC25A15,,2611,2611
4985,NRIP3,,13229,13229
4986,UBE2V2,,12000,12000
4987,KRT18,,3721,3721
4988,AC025188.1,,20959,-1
4989,THSD1,,6946,6946
4990,ZBTB20,,14154,14154
4991,ALG3,,17119,17119
4992,AL357500.1,,20960,-1
4993,AL022068.1,,20961,-1
4994,ASF1A,,3844,3844
4995,C16orf91,,13019,13019
4996,HIST1H2BI,,20962,-1
4997,MNT,,18964,-1
4998,APTX,,7122,7122
4999,COPS8,,16307,16307
5000,NUTM2A,,14747,14747
5001,AC027644.4,,20963,-1
5002,RAF1,,6297,6297
5003,AC145285.3,,20964,-1
5004,CERK,,2231,2231
5005,AL450332.1,,20965,-1
5006,ZFP36L2,,9180,9180
5007,KTN1-AS1,,20966,-1
5008,AC103810.2,,20967,-1
5009,AC013652.1,,20968,-1
5010,MX1,,9727,9727
5011,TBPL2,,14293,14293
5012,DNASE1L2,,11733,11733
5013,AL355994.2,,20969,-1
5014,ABHD17B,,3304,3304
5015,FERMT1,,2417,2417
5016,GMNN,,3916,3916
5017,SGCZ,,14786,14786
5018,PRSS2,,18311,18311
5019,CTSD,,4615,4615
5020,SMIM33,,18429,18429
5021,PFN1P2,,20970,-1
5022,FAM131B,,9981,9981
5023,HOXB-AS1,,18988,-1
5024,AC078778.1,,20971,-1
5025,ELL,,3059,3059
5026,CUL1,,725,725
5027,AC013643.3,,20972,-1
5028,NRGN,,9353,9353
5029,LIF,,5803,5803
5030,AL035410.1,,20973,-1
5031,AL023755.1,,20974,-1
5032,ARHGAP25,,10510,10510
5033,KIAA0319,,7159,7159
5034,OR51E2,,11578,11578
5035,CYP4B1,,7988,7988
5036,AC010326.4,,20975,-1
5037,RASA4,,3095,3095
5038,HCCS,,68,68
5039,BAG3,,9108,9108
5040,AC092653.1,,20976,-1
5041,HK3,,10134,10134
5042,PPIG,,7371,7371
5043,AL158801.3,,20977,-1
5044,AP000640.2,,20978,-1
5045,PBK,,11771,11771
5046,MEI1,,11520,11520
5047,OASL2P,,20979,-1
5048,AP3M1,,14771,14771
5049,SEC61A1,,764,764
5050,AL355075.5,,20980,-1
5051,LINC01293,,20981,-1
5052,NSMCE3,,14798,14798
5053,ALKBH4,,10151,10151
5054,AC020763.1,,20982,-1
5055,CFAP69,,3093,3093
5056,MGST2,,1623,1623
5057,NRP1,,2018,2018
5058,LINC01942,,20983,-1
5059,ZDHHC4,,6975,6975
5060,AC118754.1,,20984,-1
5061,PLRG1,,12531,12531
5062,WDR78,,9206,9206
5063,PLP1,,5219,5219
5064,NES,,6388,6388
5065,CYP2D6,,2142,2142
5066,AL358942.1,,20985,-1
5067,CR381653.2,,20986,-1
5068,PLOD2,,9227,9227
5069,SLC18B1,,8508,8508
5070,AC131182.1,,20987,-1
5071,PITRM1,,3368,3368
5072,CFAP54,,15474,15474
5073,AC010099.4,,20988,-1
5074,TMEM132E,,14104,14104
5075,TFG,,4142,4142
5076,FANCF,,14419,14419
5077,UPP1,,14519,14519
5078,AC069503.2,,20989,-1
5079,RAPGEF1,,3295,3295
5080,RRNAD1,,8044,8044
5081,HAS2-AS1,,20990,-1
5082,POLR2K,,8664,8664
5083,DISC1FP1,,20991,-1
5084,ARNTL,,6534,6534
5085,RPP14,,10651,10651
5086,TGIF2LX,,9302,9302
5087,AP003716.1,,20992,-1
5088,SHROOM2,,8563,8563
5089,SLC24A2,,9523,9523
5090,HOXD-AS2,,20993,-1
5091,KIAA1614,,6887,6887
5092,AC023024.1,,20994,-1
5093,AC105411.1,,20995,-1
5094,EHD4,,2773,2773
5095,CFAP161,,9565,9565
5096,AL691447.2,,20996,-1
5097,GDAP1,,2823,2823
5098,RNU5B-1,,20997,-1
5099,NFYAP1,,20998,-1
5100,AL355493.1,,20999,-1
5101,CEP295,,11262,11262
5102,HSBP1,,17468,17468
5103,LAP3P2,,21000,-1
5104,LRRC4B,,6210,6210
5105,PRKG1-AS1,,21001,-1
5106,NT5C2,,1311,1311
5107,WDR88,,11356,11356
5108,CCDC13,,17789,17789
5109,AL139294.1,,21002,-1
5110,IFITM10,,17774,17774
5111,ZSCAN20,,5042,5042
5112,BCO2,,16050,16050
5113,TFE3,,1008,1008
5114,ZNF592,,11433,11433
5115,ANKS6,,11064,11064
5116,LTBR,,3757,3757
5117,ZSCAN2,,13381,13381
5118,TTC28,,2135,2135
5119,AC099518.4,,21003,-1
5120,CSTB,,10037,10037
5121,AP000977.1,,21004,-1
5122,AL512506.3,,21005,-1
5123,AL157871.4,,21006,-1
5124,AP002807.1,,21007,-1
5125,AC114316.2,,21008,-1
5126,LINC01448,,21009,-1
5127,MARCH2,,2046,2046
5128,AC233976.1,,21010,-1
5129,NRP2,,4637,4637
5130,ZNF526,,11641,11641
5131,SMYD3,,14858,14858
5132,TBX20,,19188,-1
5133,C1orf122,,16156,16156
5134,CPA5,,9833,9833
5135,ZNF295-AS1,,21011,-1
5136,PHBP16,,21012,-1
5137,UTP6,,3450,3450
5138,FGF19,,10280,10280
5139,AC107032.2,,21013,-1
5140,AC112206.2,,21014,-1
5141,CRYBB2P1,,21015,-1
5142,FAM83D,,2455,2455
5143,AC016065.1,,18772,-1
5144,DEPDC1-AS1,,21016,-1
5145,BBIP1,,17139,17139
5146,SESN2,,6107,6107
5147,FUT4,,15738,15738
5148,ZNF428,,6172,6172
5149,ZNF200,,260,260
5150,SMG1P1,,21017,-1
5151,SPDEF,,5371,5371
5152,NR2F1-AS1,,19224,-1
5153,AC092656.1,,21018,-1
5154,AC106799.1,,21019,-1
5155,TMEM135,,11410,11410
5156,PLCG2,,16143,16143
5157,PARP1,,8152,8152
5158,KDM4A,,933,933
5159,AC008758.5,,21020,-1
5160,AC023796.1,,21021,-1
5161,MPLKIP,,11819,11819
5162,CYP4F8,,15098,15098
5163,PRDM16,,7947,7947
5164,OLMALINC,,21022,-1
5165,ZNF221,,9992,9992
5166,AC008957.1,,21023,-1
5167,RAP2A,,5426,5426
5168,HLA-DMB,,21024,-1
5169,TXLNG,,1652,1652
5170,AC006058.1,,21025,-1
5171,CNNM2,,8794,8794
5172,IFT57,,4152,4152
5173,PTGR1,,3263,3263
5174,P4HA3,,8849,8849
5175,LIMA1,,661,661
5176,AP000893.2,,21026,-1
5177,MARCKS,,18346,18346
5178,PXN-AS1,,18884,-1
5179,GALNT11,,13679,13679
5180,ACOT11,,10292,10292
5181,RNF112,,5810,5810
5182,SH3GL3,,7705,7705
5183,UBA52P8,,21027,-1
5184,ZNF77,,13279,13279
5185,TTLL12,,2184,2184
5186,AL031670.1,,21028,-1
5187,SEMA6B,,11662,11662
5188,MRPS30-DT,,21029,-1
5189,OPTC,,15515,15515
5190,ADIPOR2,,157,157
5191,ZCCHC4,,11794,11794
5192,MORN1,,19154,-1
5193,NPIPB4,,21030,-1
5194,HACD3,,1230,1230
5195,NFE2L1,,1528,1528
5196,DHFR,,17431,17431
5197,LCN12,,14749,14749
5198,NDOR1,,15468,15468
5199,SUB1P4,,21031,-1
5200,RPIA,,9295,9295
5201,AL591846.2,,21032,-1
5202,ABCA4,,16328,16328
5203,DNHD1,,13863,13863
5204,ST8SIA4,,4058,4058
5205,ACYP1,,4770,4770
5206,SNCB,,1217,1217
5207,SLC25A32,,11015,11015
5208,AL009179.1,,21033,-1
5209,SPON1-AS1,,21034,-1
5210,TMEM132B,,7528,7528
5211,SWT1,,4444,4444
5212,AL049637.2,,21035,-1
5213,AC073332.1,,21036,-1
5214,AC013643.2,,21037,-1
5215,LDB2,,12126,12126
5216,UNC13A,,6044,6044
5217,LINC01748,,21038,-1
5218,Z84488.2,,21039,-1
5219,NMU,,3533,3533
5220,WRAP53,,7822,7822
5221,MT-TP,,21040,-1
5222,NEB,,14405,14405
5223,LINC02141,,21041,-1
5224,IL11,,1980,1980
5225,AL359258.1,,21042,-1
5226,PYY,,6168,6168
5227,RGS11,,1300,1300
5228,USP46-AS1,,21043,-1
5229,AC012485.3,,21044,-1
5230,ADCY5,,12853,12853
5231,RAD1,,4050,4050
5232,ATP1B1,,8010,8010
5233,SSX3,,11160,11160
5234,ANKRD39,,17022,17022
5235,HEATR4,,15204,15204
5236,ETFA,,7657,7657
5237,ZBTB34,,13502,13502
5238,KIN,,9069,9069
5239,SLFN12,,12647,12647
5240,CPPED1,,2726,2726
5241,C10orf111,,21045,-1
5242,CASZ1,,6135,6135
5243,FSCN3,,3182,3182
5244,GPS2P2,,21046,-1
5245,HBG2,,15800,15800
5246,CR382285.1,,21047,-1
5247,FGFBP1,,7186,7186
5248,KCNC3,,6207,6207
5249,IMP4,,7047,7047
5250,JAKMIP2,,13331,13331
5251,LINC02133,,21048,-1
5252,LINC01969,,21049,-1
5253,MARCO,,378,378
5254,FGR,,5,5
5255,CFAP58,,4837,4837
5256,YPEL2,,13187,13187
5257,AC005258.1,,21050,-1
5258,OTOA,,9504,9504
5259,AC009084.1,,21051,-1
5260,HTRA2,,4268,4268
5261,PDE8A,,1187,1187
5262,AC079760.1,,21052,-1
5263,AL355075.4,,21053,-1
5264,MXRA5,,2493,2493
5265,S100Z,,12546,12546
5266,AC019117.3,,21054,-1
5267,Z96074.1,,21055,-1
5268,NLE1,,1189,1189
5269,ENO3,,3427,3427
5270,CRTC3,,7703,7703
5271,ADAMTS17,,7676,7676
5272,PKMYT1,,5726,5726
5273,MRPL19,,18600,-1
5274,RTN2,,5501,5501
5275,PSMG2,,5853,5853
5276,CST9,,12888,12888
5277,PAFAH1B1,,165,165
5278,SEMA3E,,12260,12260
5279,NSMCE2,,9633,9633
5280,AL137002.1,,21056,-1
5281,FAM216A,,16730,16730
5282,SPP1,,4691,4691
5283,TRERF1,,5346,5346
5284,PKN3,,10079,10079
5285,AL121906.2,,21057,-1
5286,IFIH1,,4255,4255
5287,IDH1-AS1,,21058,-1
5288,NOXO1,,15750,15750
5289,AC078980.1,,21059,-1
5290,KLF4,,7064,7064
5291,MEX3D,,14136,14136
5292,MAP4K3,,297,297
5293,COPS6,,11774,11774
5294,PARD6B,,5283,5283
5295,AC097515.1,,21060,-1
5296,AC068724.3,,21061,-1
5297,LINC01003,,18764,-1
5298,ZNF813,,16241,16241
5299,C6orf89,,16317,16317
5300,ANKRD54,,2126,2126
5301,GREB1L,,7814,7814
5302,TLE1,,15856,15856
5303,AP003128.1,,21062,-1
5304,LMOD1,,10560,10560
5305,AC116050.1,,21063,-1
5306,CTDSPL2,,7247,7247
5307,AL136295.3,,21064,-1
5308,FAM69B,,21065,-1
5309,FER1L6,,17174,17174
5310,GREM1,,11488,11488
5311,PIN1,,5708,5708
5312,C16orf45,,21066,-1
5313,SMIM11A,,21067,-1
5314,OVAAL,,21068,-1
5315,PRAG1,,18292,18292
5316,DDIT4-AS1,,21069,-1
5317,JAK1,,10307,10307
5318,NDUFA11,,13136,13136
5319,AC018523.2,,21070,-1
5320,AC005943.1,,21071,-1
5321,INSL3,,17809,17809
5322,CDC20,,4550,4550
5323,CCNYL1,,10515,10515
5324,NPAS3,,9020,9020
5325,THAP2,,12907,12907
5326,GCA,,4256,4256
5327,BIRC6,,4339,4339
5328,CHMP1B2P,,21072,-1
5329,ZNF573,,15597,15597
5330,FAM122A,,15337,15337
5331,WDR7,,1861,1861
5332,AC009271.1,,21073,-1
5333,SENCR,,21074,-1
5334,VPS28,,10140,10140
5335,AC015802.4,,21075,-1
5336,RAPGEFL1,,3402,3402
5337,FAM3D,,16313,16313
5338,CYB5RL,,17244,17244
5339,LINC01206,,21076,-1
5340,WSB2,,13455,13455
5341,AC007529.2,,21077,-1
5342,AL391069.3,,21078,-1
5343,TAF7L,,2586,2586
5344,AL137247.1,,21079,-1
5345,WLS,,4461,4461
5346,PHC3,,12985,12985
5347,AKAP6,,9019,9019
5348,AC073349.2,,21080,-1
5349,UBE2T,,1329,1329
5350,RFC2,,647,647
5351,CADPS2,,1499,1499
5352,LINC02100,,21081,-1
5353,ATP6V1F,,5816,5816
5354,ULK2,,1542,1542
5355,NXPE3,,8298,8298
5356,C11orf97,,18006,18006
5357,PTGES3,,3713,3713
5358,RALA,,131,131
5359,TCEANC,,13461,13461
5360,AC016168.2,,21082,-1
5361,AL589765.4,,21083,-1
5362,PLEKHN1,,15270,15270
5363,AP002990.1,,21084,-1
5364,AL160408.6,,21085,-1
5365,AC025265.1,,21086,-1
5366,AC128688.2,,21087,-1
5367,UQCC1,,2350,2350
5368,PKIB,,6841,6841
5369,ABCA13,,13906,13906
5370,HLA-DRA,,21088,-1
5371,UBE2D2,,6228,6228
5372,OGFRP1,,21089,-1
5373,SS18L2,,212,212
5374,SERPINB6,,5357,5357
5375,KRBA2,,14698,14698
5376,AC073569.2,,21090,-1
5377,FANCI,,7690,7690
5378,GULOP,,21091,-1
5379,TSPEAR-AS1,,21092,-1
5380,SASH1,,3856,3856
5381,B4GALT3,,9873,9873
5382,NAB2,,11476,11476
5383,SDR9C7,,12271,12271
5384,TC2N,,11244,11244
5385,RANBP3,,479,479
5386,MYLK4,,8447,8447
5387,GNG2,,15083,15083
5388,TRNP1,,17892,17892
5389,CHD3,,12182,12182
5390,OR2AT4,,12529,12529
5391,AP002383.2,,21093,-1
5392,AC011481.2,,21094,-1
5393,AC023200.1,,21095,-1
5394,NUDT21,,11513,11513
5395,ZBTB8OS,,13371,13371
5396,AC090971.2,,21096,-1
5397,SEPT4,,21097,-1
5398,AL138737.1,,21098,-1
5399,CCDC50,,9177,9177
5400,PIK3CD,,12539,12539
5401,NFKB2,,1328,1328
5402,EEF1A1P12,,21099,-1
5403,MYD88,,12811,12811
5404,BATF,,9556,9556
5405,LINC02175,,21100,-1
5406,SMUG1,,5205,5205
5407,HIST1H3C,,21101,-1
5408,AR,,11986,11986
5409,AC110079.1,,21102,-1
5410,PTGER3,,665,665
5411,ALKBH7,,5485,5485
5412,TACC1,,8642,8642
5413,FAM133A,,13802,13802
5414,PGPEP1,,6050,6050
5415,MRPS25,,18631,-1
5416,LINC02210-CRHR1,,21103,-1
5417,SRM,,4440,4440
5418,ITPKA,,7263,7263
5419,TMEM92,,11531,11531
5420,AF117829.1,,18780,-1
5421,AC099778.1,,21104,-1
5422,CCDC103,,21105,-1
5423,ABHD15-AS1,,21106,-1
5424,PLXND1,,47,47
5425,KLF9,,4717,4717
5426,C14orf119,,13921,13921
5427,AC073071.1,,21107,-1
5428,AC072061.1,,21108,-1
5429,PIK3R3,,4560,4560
5430,ASXL3,,7806,7806
5431,BRCA1,,302,302
5432,SLC7A2,,43,43
5433,SLC12A5-AS1,,21109,-1
5434,TRAF2,,5687,5687
5435,ANKRD20A1,,18070,18070
5436,FAM227B,,11327,11327
5437,AP001099.1,,21110,-1
5438,LINC01726,,21111,-1
5439,AC006369.1,,21112,-1
5440,AC026470.2,,21113,-1
5441,ZNF304,,6262,6262
5442,ADAMTS19,,8420,8420
5443,AC020915.1,,21114,-1
5444,AC010245.2,,21115,-1
5445,CACNG4,,1270,1270
5446,TLX2,,4264,4264
5447,RBM15-AS1,,21116,-1
5448,VTN,,3507,3507
5449,PPP2CB,,2857,2857
5450,OCLN,,16108,16108
5451,SNRPG,,8183,8183
5452,FAM129A,,21117,-1
5453,RN7SL4P,,21118,-1
5454,TESPA1,,6811,6811
5455,GRAMD2A,,13220,13220
5456,AL450338.1,,21119,-1
5457,CYP2E1,,6074,6074
5458,CLSPN,,1926,1926
5459,POC1A,,10782,10782
5460,AC087190.1,,21120,-1
5461,PPP1R12A-AS1,,21121,-1
5462,HAUS8,,6196,6196
5463,PLEKHG4,,15675,15675
5464,AC096921.2,,21122,-1
5465,DMTF1,,6760,6760
5466,IL6,,6974,6974
5467,EFCAB14-AS1,,21123,-1
5468,LINC02108,,21124,-1
5469,SNHG25,,18996,-1
5470,TYMP,,436,436
5471,ATP1B3,,1054,1054
5472,STARD3NL,,247,247
5473,ATG4D,,6098,6098
5474,ARHGAP8,,17683,17683
5475,WNT2B,,6599,6599
5476,PKP3,,14646,14646
5477,PLLP,,2646,2646
5478,AKAP11,,418,418
5479,ZMIZ1-AS1,,21125,-1
5480,HMOX1,,2176,2176
5481,RASA3,,14983,14983
5482,AC116535.1,,21126,-1
5483,PYM1,,12285,12285
5484,ADCY10P1,,21127,-1
5485,RDH10,,4963,4963
5486,HFM1,,10366,10366
5487,AL354893.1,,21128,-1
5488,AC002463.1,,21129,-1
5489,OSER1-DT,,21130,-1
5490,COQ6,,4793,4793
5491,AC138811.1,,21131,-1
5492,TMCC2,,6454,6454
5493,ZNF732,,15130,15130
5494,SYNPO2,,12712,12712
5495,AC124861.1,,21132,-1
5496,AEN,,14074,14074
5497,GAREM1,,7810,7810
5498,AL359232.1,,21133,-1
5499,CD3D,,11570,11570
5500,ING4,,3794,3794
5501,SLC10A5,,17898,17898
5502,PIP4K2A,,8974,8974
5503,FLCN,,9424,9424
5504,KLF8,,2580,2580
5505,AC008764.4,,21134,-1
5506,JCAD,,11205,11205
5507,DACT3-AS1,,21135,-1
5508,ST6GALNAC4,,7070,7070
5509,ANXA11,,5081,5081
5510,FAM208A,,21136,-1
5511,LINC01186,,21137,-1
5512,PPM1B,,7302,7302
5513,CFAP70,,9546,9546
5514,SGCG,,2608,2608
5515,AC087392.4,,21138,-1
5516,LRRC17,,5832,5832
5517,CCSAP,,9385,9385
5518,PLSCR3,,15330,15330
5519,AC013429.2,,21139,-1
5520,TSPEAR-AS2,,21140,-1
5521,EIF3C,,18954,-1
5522,NCKAP1L,,5190,5190
5523,ZBTB17,,4478,4478
5524,PCDHGB5,,21141,-1
5525,RPS26P49,,21142,-1
5526,AC002996.1,,21143,-1
5527,SLC29A1,,3970,3970
5528,ZNF112,,817,817
5529,GTPBP2,,12718,12718
5530,MSRB1,,16348,16348
5531,AC091057.5,,21144,-1
5532,AL160411.1,,21145,-1
5533,ZNF878,,18016,18016
5534,AC069222.1,,21146,-1
5535,PSPC1P1,,21147,-1
5536,AC046195.2,,21148,-1
5537,LRP10,,15986,15986
5538,LINC02055,,18787,-1
5539,ARMS2,,17928,17928
5540,AL354702.2,,21149,-1
5541,AC091178.1,,21150,-1
5542,R3HDM1,,633,633
5543,PSMG3-AS1,,21151,-1
5544,AC092683.1,,19208,-1
5545,AC108002.3,,21152,-1
5546,KLF10,,9452,9452
5547,AC011462.1,,21153,-1
5548,C17orf49,,18029,18029
5549,ZNF670-ZNF695,,21154,-1
5550,ITGB8,,3106,3106
5551,PRKG1,,14882,14882
5552,DAXX,,16573,16573
5553,AC125494.1,,21155,-1
5554,SLC22A23,,7161,7161
5555,MIAT,,21156,-1
5556,PDIK1L,,13176,13176
5557,GLS,,4284,4284
5558,FAM111A,,11449,11449
5559,RBM28,,3188,3188
5560,AC012363.1,,21157,-1
5561,RNF213,,12976,12976
5562,FGF6,,3740,3740
5563,AC011700.1,,21158,-1
5564,AC122694.1,,21159,-1
5565,SLC39A13,,11240,11240
5566,KIZ-AS1,,21160,-1
5567,TUBB2A,,7162,7162
5568,AC006538.2,,21161,-1
5569,CSAG1,,16447,16447
5570,AC012560.1,,21162,-1
5571,RBFA,,2469,2469
5572,LIN28B,,15311,15311
5573,KDM4A-AS1,,18556,-1
5574,SMOX,,1733,1733
5575,SLCO2B1,,7195,7195
5576,FAF2,,4011,4011
5577,MARVELD3,,7726,7726
5578,RAB5B,,3783,3783
5579,NDUFC2,,9029,9029
5580,UBLCP1,,10873,10873
5581,ESF1,,1753,1753
5582,SALL3,,17990,17990
5583,AFF1,,12733,12733
5584,KCP,,6774,6774
5585,ATP9A,,715,715
5586,IFT22,,5823,5823
5587,TLDC2,,2425,2425
5588,EAPP,,5934,5934
5589,PLCG1,,5286,5286
5590,POU3F1,,14909,14909
5591,ZNF546,,15222,15222
5592,AC144450.1,,21163,-1
5593,LINC01035,,21164,-1
5594,CLNS1A,,1212,1212
5595,AC006547.1,,21165,-1
5596,PIM1,,7146,7146
5597,FREM2,,8976,8976
5598,OTX2,,11161,11161
5599,AC084357.2,,21166,-1
5600,AC008938.1,,21167,-1
5601,AC129507.3,,21168,-1
5602,LINC01470,,21169,-1
5603,RPL7AP65,,21170,-1
5604,RNF182,,14003,14003
5605,ZNF639,,5034,5034
5606,GTF2IRD1,,148,148
5607,AC090627.1,,21171,-1
5608,ZNF32-AS1,,21172,-1
5609,SEPT4-AS1,,21173,-1
5610,SFT2D3,,12890,12890
5611,AP1S3,,9115,9115
5612,CAB39P1,,21174,-1
5613,ATP6V1B2,,8624,8624
5614,IL18R1,,4320,4320
5615,AP001775.2,,21175,-1
5616,C4orf19,,9371,9371
5617,AC090124.2,,21176,-1
5618,AC005674.2,,21177,-1
5619,GRK5,,16417,16417
5620,R3HDM2,,13912,13912
5621,APOL1,,2197,2197
5622,FBXO5,,3859,3859
5623,ARMC3,,11104,11104
5624,AL049812.2,,21178,-1
5625,PPP1R35,,10124,10124
5626,AC011479.1,,21179,-1
5627,EHD2,,428,428
5628,TNFSF11,,4909,4909
5629,EFNA1,,12026,12026
5630,SEC13P1,,21180,-1
5631,SPATS2,,5193,5193
5632,DDX42,,16222,16222
5633,FAM189B,,10113,10113
5634,SLC41A2,,6936,6936
5635,FGF1,,4064,4064
5636,AL359643.3,,21181,-1
5637,AC108058.1,,21182,-1
5638,NCK1-DT,,21183,-1
5639,FNBP4,,3598,3598
5640,SPOCK1,,9156,9156
5641,FAM184B,,21184,-1
5642,VPS37A,,9538,9538
5643,ZNF691,,10749,10749
5644,LAMP3,,1366,1366
5645,BORCS8-MEF2B,,21185,-1
5646,SEC14L6,,17144,17144
5647,ODF3B,,13635,13635
5648,AL157392.3,,21186,-1
5649,CXCL5,,10665,10665
5650,YIPF2,,6097,6097
5651,AC004982.2,,21187,-1
5652,GPHB5,,13872,13872
5653,RRAGA,,9522,9522
5654,AP005229.1,,21188,-1
5655,LINC02347,,21189,-1
5656,AC008735.2,,21190,-1
5657,CFAP300,,7225,7225
5658,ZNF714,,10068,10068
5659,SPEF2,,9186,9186
5660,DLG1,,1279,1279
5661,MHENCR,,19057,-1
5662,MCRS1,,15314,15314
5663,HSP90B1,,11418,11418
5664,AP001783.1,,21191,-1
5665,RASL11A,,5058,5058
5666,CDON,,854,854
5667,AF241725.1,,21192,-1
5668,MMP14,,9687,9687
5669,DMXL2,,2785,2785
5670,ZFP69B,,15321,15321
5671,RAG1,,11353,11353
5672,LOXL3,,4269,4269
5673,SIRT2,,1027,1027
5674,AF064858.3,,21193,-1
5675,C9orf41-AS1,,21194,-1
5676,SH2D3A,,5494,5494
5677,AC019072.1,,21195,-1
5678,SETD9,,9491,9491
5679,RRAD,,11415,11415
5680,CERS3-AS1,,21196,-1
5681,MASP2,,232,232
5682,MIPOL1,,9023,9023
5683,ATP5MC3,,9395,9395
5684,CEACAM1,,1419,1419
5685,LRRC1,,7163,7163
5686,PCBP2,,15936,15936
5687,TMEM178A,,9130,9130
5688,TWIST1,,5121,5121
5689,AL117335.1,,21197,-1
5690,MAFG-DT,,21198,-1
5691,SSFA2,,21199,-1
5692,ACD,,2652,2652
5693,LINC02195,,21200,-1
5694,EHMT2-AS1,,21201,-1
5695,FLOT1,,7172,7172
5696,DSCAS,,21202,-1
5697,AXIN2,,11891,11891
5698,MFN1,,12419,12419
5699,RAB6C,,17332,17332
5700,AC025809.1,,21203,-1
5701,MIGA2,,8729,8729
5702,AC104035.1,,21204,-1
5703,TMEM217,,12772,12772
5704,AL357052.1,,21205,-1
5705,GHR,,3991,3991
5706,ASPHD1,,13147,13147
5707,AC004691.2,,21206,-1
5708,MAP2K7,,1320,1320
5709,NFS1,,17762,17762
5710,AC022400.7,,21207,-1
5711,SBSPON,,10975,10975
5712,FBXL13,,10160,10160
5713,MAMDC4,,21208,-1
5714,CEP131,,7847,7847
5715,AL133368.2,,21209,-1
5716,AC009086.3,,21210,-1
5717,C19orf12,,6274,6274
5718,PAX3,,6897,6897
5719,AC113383.1,,19222,-1
5720,C19orf25,,4760,4760
5721,KIF15,,10688,10688
5722,LINC01699,,21211,-1
5723,AC008397.1,,18490,18490
5724,LINC00973,,19212,-1
5725,MTCO1P12,,21212,-1
5726,MMP1,,15814,15814
5727,MFSD4A,,13082,13082
5728,LINC01432,,21213,-1
5729,EMC3-AS1,,21214,-1
5730,RAB3A,,3056,3056
5731,TNNI1,,9904,9904
5732,MRPS17P1,,21215,-1
5733,NOL4,,2486,2486
5734,ENPP7P14,,21216,-1
5735,AL590560.2,,17974,17974
5736,PRSS23,,8959,8959
5737,ENDOD1,,8830,8830
5738,KPTN,,4627,4627
5739,AC092153.1,,21217,-1
5740,ARHGDIB,,3765,3765
5741,AC078845.1,,21218,-1
5742,PAK1,,8837,8837
5743,ZNF460-AS1,,21219,-1
5744,SWSAP1,,12996,12996
5745,AC012404.1,,21220,-1
5746,AF279873.3,,18773,-1
5747,CEP164P1,,21221,-1
5748,AL359265.1,,21222,-1
5749,WDR87,,12577,12577
5750,AC010976.1,,21223,-1
5751,LINC02267,,21224,-1
5752,RAP2C,,5240,5240
5753,RSAD2,,6621,6621
5754,LINC02391,,21225,-1
5755,AP001005.3,,21226,-1
5756,AC097658.1,,21227,-1
5757,TMEM79,,10572,10572
5758,MYLIP,,191,191
5759,FBXW10,,12607,12607
5760,LZTS2,,3344,3344
5761,CHN2,,3151,3151
5762,SLCO1C1,,7485,7485
5763,C19orf71,,14460,14460
5764,EFNA5,,14641,14641
5765,AC121761.1,,21228,-1
5766,CNN1,,5995,5995
5767,AL160408.2,,21229,-1
5768,NKX3-1,,11516,11516
5769,RELL1,,14173,14173
5770,ARL14,,13883,13883
5771,AL109930.1,,21230,-1
5772,THTPA,,19190,-1
5773,PELI2,,7606,7606
5774,AC104958.2,,21231,-1
5775,SOX12,,13608,13608
5776,AC021237.1,,21232,-1
5777,ADAT3,,17056,17056
5778,LSM2,,16623,16623
5779,ELP4,,3595,3595
5780,BEND4,,15536,15536
5781,GPR158,,8990,8990
5782,DNPEP,,5256,5256
5783,C6orf99,,21233,-1
5784,LYN,,17911,17911
5785,NUP37,,1248,1248
5786,ZNF674,,17871,17871
5787,ENKD1,,5262,5262
5788,SLC35A1,,10894,10894
5789,AL160279.1,,21234,-1
5790,LINC02044,,21235,-1
5791,DYNLT3,,11070,11070
5792,RCSD1,,16362,16362
5793,TOMM6,,17169,17169
5794,ZNF367,,11090,11090
5795,AC127459.3,,21236,-1
5796,ISM1,,2400,2400
5797,HACE1,,1602,1602
5798,AC138305.1,,21237,-1
5799,SLC16A3,,7831,7831
5800,AL034418.1,,21238,-1
5801,AC011481.1,,21239,-1
5802,AC046130.2,,21240,-1
5803,OTX1,,4299,4299
5804,ALDH16A1,,10196,10196
5805,RELL2,,10935,10935
5806,RF02123,,21241,-1
5807,AC099669.1,,21242,-1
5808,OTX2-AS1,,21243,-1
5809,CHST3,,5144,5144
5810,STAG3L4,,21244,-1
5811,AC099850.1,,21245,-1
5812,SDHAF3,,15819,15819
5813,AC108516.2,,21246,-1
5814,PRELP,,15520,15520
5815,B4GALNT1,,6821,6821
5816,ACAP1,,1167,1167
5817,MST1,,12921,12921
5818,NKD2,,8383,8383
5819,AC106874.1,,21247,-1
5820,MTUS2,,6430,6430
5821,PNPO,,3416,3416
5822,PMEPA1,,5303,5303
5823,CDKL5,,197,197
5824,AL050403.2,,21248,-1
5825,SATL1,,21249,-1
5826,SMIM14,,10650,10650
5827,OR8B9P,,21250,-1
5828,AC092435.1,,21251,-1
5829,GREB1,,15689,15689
5830,ZNF658,,18266,18266
5831,PDE10A,,3944,3944
5832,FAM110C,,14718,14718
5833,AC106864.1,,21252,-1
5834,TLN2,,12604,12604
5835,AC083967.1,,21253,-1
5836,A2MP1,,21254,-1
5837,SLC1A1,,3243,3243
5838,STIM1,,11576,11576
5839,POLR1B,,5479,5479
5840,PLAGL1,,4661,4661
5841,RBM44,,13559,13559
5842,HSPG2,,7975,7975
5843,KRTAP2-3,,16977,16977
5844,CHEK2,,14538,14538
5845,LINC00596,,21255,-1
5846,HBA1,,16914,16914
5847,AC104389.4,,21256,-1
5848,RGS6,,14333,14333
5849,ZNF425,,16751,16751
5850,TYW5,,10443,10443
5851,CLOCK,,6706,6706
5852,THOP1,,12629,12629
5853,NGRN,,14339,14339
5854,ZNF137P,,21257,-1
5855,TPTE2P2,,21258,-1
5856,HPS6,,11309,11309
5857,EFCAB8,,17228,17228
5858,MAP1LC3B,,7741,7741
5859,MTND2P28,,21259,-1
5860,GOLGA7,,8643,8643
5861,TNIP1,,8437,8437
5862,UCHL3,,4701,4701
5863,AC231533.1,,21260,-1
5864,DDX60L,,14112,14112
5865,UPP2,,159,159
5866,STXBP3,,4411,4411
5867,ACOX1,,10188,10188
5868,SYNM,,14246,14246
5869,ULK4,,11759,11759
5870,SLAIN2,,3523,3523
5871,SLC14A2,,6422,6422
5872,GABARAP,,12240,12240
5873,JRKL-AS1,,21261,-1
5874,AL358334.2,,21262,-1
5875,TRIAP1,,12362,12362
5876,HBEGF,,4000,4000
5877,TGIF1,,13545,13545
5878,IQCE,,3140,3140
5879,LINC00393,,21263,-1
5880,BSCL2,,11748,11748
5881,PDX1,,7543,7543
5882,AP005264.1,,21264,-1
5883,AL606763.1,,21265,-1
5884,ST7-AS2,,21266,-1
5885,C8orf86,,21267,-1
5886,CD38,,48,48
5887,AGAP13P,,21268,-1
5888,CICP16,,21269,-1
5889,RPRD2,,10484,10484
5890,AC087564.1,,21270,-1
5891,CTSA,,861,861
5892,AARS2,,5364,5364
5893,DRP2,,2585,2585
5894,DCAF16,,10518,10518
5895,ZMYND19,,11199,11199
5896,C9orf152,,15555,15555
5897,L3MBTL2,,2221,2221
5898,AC012254.1,,21271,-1
5899,AL845331.2,,18057,18057
5900,TUBA3E,,9120,9120
5901,CNEP1R1,,16825,16825
5902,ALG14,,12693,12693
5903,CBX2,,12987,12987
5904,IDH3G,,991,991
5905,GAS2,,8800,8800
5906,FCHSD2,,7193,7193
5907,AC022400.5,,21272,-1
5908,ALOX5,,312,312
5909,SIRPB1,,2415,2415
5910,LMCD1-AS1,,21273,-1
5911,ACBD5,,3359,3359
5912,AC138904.1,,21274,-1
5913,AC093001.1,,21275,-1
5914,MACF1,,5732,5732
5915,CYP2C19,,11226,11226
5916,AC093726.1,,21276,-1
5917,JDP2,,7622,7622
5918,PGM2L1,,11125,11125
5919,RMND1,,9528,9528
5920,LINC00479,,21277,-1
5921,ABO,,13189,13189
5922,MKL2,,21278,-1
5923,TULP4,,6024,6024
5924,TXNDC15,,4073,4073
5925,CSGALNACT1,,8623,8623
5926,LINC02331,,21279,-1
5927,PRKCZ,,986,986
5928,SPATA25,,21280,-1
5929,CHST11,,12467,12467
5930,IKZF2,,473,473
5931,AL360270.1,,21281,-1
5932,LINC02360,,21282,-1
5933,SIGLEC9,,5920,5920
5934,NET1,,12981,12981
5935,CRKL,,2071,2071
5936,PLAT,,2819,2819
5937,AC011416.3,,21283,-1
5938,PHLDB3,,13408,13408
5939,LINC01441,,21284,-1
5940,GPRC5C,,12265,12265
5941,ABTB2,,11265,11265
5942,MAF1,,13879,13879
5943,MAP6D1,,14039,14039
5944,NEURL4,,17196,17196
5945,MCM3AP,,10054,10054
5946,CBLN4,,717,717
5947,RICTOR,,10869,10869
5948,AC010226.1,,21285,-1
5949,FOXI1,,11806,11806
5950,VASH1-AS1,,21286,-1
5951,FGF9,,2607,2607
5952,DEDD2,,10088,10088
5953,KCNIP4,,21287,-1
5954,PPT1,,6190,6190
5955,RBM17,,6642,6642
5956,TMEM14A,,1994,1994
5957,MRC2,,272,272
5958,C9,,4071,4071
5959,ALK,,12413,12413
5960,INPP5A,,1011,1011
5961,FOLR3,,3636,3636
5962,MIR4713HG,,21288,-1
5963,CEP83,,12936,12936
5964,LINC02236,,21289,-1
5965,AC000068.1,,21290,-1
5966,GLB1L,,10593,10593
5967,HNRNPA1P64,,21291,-1
5968,APLP1,,2977,2977
5969,CENPN,,11380,11380
5970,TMEM178B,,18075,18075
5971,EEF1A1,,18731,-1
5972,HIST1H2APS4,,21292,-1
5973,LRRC15,,12639,12639
5974,METTL11B,,16488,16488
5975,SLC37A4,,7229,7229
5976,RNF149,,10497,10497
5977,ZNF567,,15572,15572
5978,LYST,,8133,8133
5979,FAM161A,,12228,12228
5980,FUBP3,,3285,3285
5981,AC068700.1,,21293,-1
5982,FAM104A,,6476,6476
5983,AC245297.1,,21294,-1
5984,AC098820.1,,21295,-1
5985,AC002550.1,,21296,-1
5986,AFMID,,19003,-1
5987,MACROD1,,6489,6489
5988,EFCAB3,,12714,12714
5989,TSPAN4,,17109,17109
5990,PTPN22,,6597,6597
5991,BBOX1,,5888,5888
5992,AC020663.1,,21297,-1
5993,LINC02307,,21298,-1
5994,MTND1P32,,21299,-1
5995,AL844908.1,,21300,-1
5996,EYA1,,2806,2806
5997,LINC02384,,21301,-1
5998,AC007091.1,,21302,-1
5999,MAGEB1,,17114,17114
6000,FOXE1,,13766,13766
6001,MOBP,,11823,11823
6002,SLC29A2,,13103,13103
6003,CSNK1E,,17085,17085
6004,ZFYVE21,,2298,2298
6005,CPAMD8,,10012,10012
6006,BBS7,,7425,7425
6007,AIG1,,8512,8512
6008,LINC01772,,21303,-1
6009,BPIFC,,14665,14665
6010,PBLD,,3387,3387
6011,AP002449.1,,21304,-1
6012,LINC01495,,21305,-1
6013,CFL1P1,,21306,-1
6014,UBE2D4,,1402,1402
6015,MYO16-AS1,,21307,-1
6016,FASN,,12117,12117
6017,PET100,,17444,17444
6018,CR1L,,16083,16083
6019,NSL1,,4598,4598
6020,CSPP1,,2797,2797
6021,AMZ1,,13150,13150
6022,AC023043.1,,21308,-1
6023,AAK1,,4369,4369
6024,LINC01980,,21309,-1
6025,RNH1,,412,412
6026,LINC01932,,21310,-1
6027,AMPD2,,4417,4417
6028,ZP1,,8864,8864
6029,AC011511.2,,21311,-1
6030,LARP1B,,7429,7429
6031,TMOD3,,7395,7395
6032,AUTS2,,9808,9808
6033,AC011451.3,,21312,-1
6034,AC015909.5,,21313,-1
6035,AP001453.2,,21314,-1
6036,WNK1,,789,789
6037,RABL2B,,1438,1438
6038,C2orf81,,18466,18466
6039,AC135983.2,,21315,-1
6040,ACSF2,,11533,11533
6041,AC097468.2,,21316,-1
6042,FAM53A,,13025,13025
6043,SLC16A9,,11127,11127
6044,CGNL1,,5859,5859
6045,SMAD6,,7265,7265
6046,DR1,,4569,4569
6047,REPIN1,,17104,17104
6048,FHL3,,14456,14456
6049,NELFB,,15559,15559
6050,MMP16,,9553,9553
6051,TLX1,,3342,3342
6052,KPNA2P1,,21317,-1
6053,TMEM232,,15172,15172
6054,LINC01225,,21318,-1
6055,FAF1,,14795,14795
6056,BRCC3,,14876,14876
6057,C7orf25,,6964,6964
6058,PRKRA,,13960,13960
6059,ZKSCAN4,,15280,15280
6060,AC019118.2,,21319,-1
6061,ST13P4,,21320,-1
6062,AC006486.1,,21321,-1
6063,MEGF6,,10337,10337
6064,ZNF165,,15977,15977
6065,ZNF267,,14969,14969
6066,AP003059.2,,21322,-1
6067,AC211476.1,,21323,-1
6068,POLR2J4.1,,21324,-1
6069,CPLANE1,,16058,16058
6070,DNAJC22,,13700,13700
6071,SF3B6,,4227,4227
6072,BAIAP2L1,,132,132
6073,NHSL1,,6838,6838
6074,KCND3,,12478,12478
6075,PLCE1-AS1,,21325,-1
6076,AC093495.1,,21326,-1
6077,PALM2,,21327,-1
6078,AC105935.1,,21328,-1
6079,ENPP3,,9370,9370
6080,CCDC8,,12081,12081
6081,AC022146.2,,21329,-1
6082,SAMD9,,16823,16823
6083,GCN1,,1765,1765
6084,RBM25,,4787,4787
6085,AC073655.1,,21330,-1
6086,AL020995.1,,21331,-1
6087,SOX9-AS1,,21332,-1
6088,FOXD2-AS1,,21333,-1
6089,GPX6,,16332,16332
6090,C11orf49,,8824,8824
6091,ZNF836,,15708,15708
6092,AC010333.2,,21334,-1
6093,HES1,,4136,4136
6094,AC080129.2,,21335,-1
6095,XKR5,,18301,18301
6096,AC069439.2,,21336,-1
6097,FOXF2,,7165,7165
6098,AC087516.2,,21337,-1
6099,DDAH2,,17066,17066
6100,IFT52,,2353,2353
6101,CCDC58,,10015,10015
6102,TEAD4,,16132,16132
6103,RIPPLY1,,8604,8604
6104,ZBTB20-AS5,,21338,-1
6105,COA3,,14579,14579
6106,CEP128,,2288,2288
6107,SIGMAR1,,8691,8691
6108,AC010185.1,,21339,-1
6109,C2orf68,,11941,11941
6110,AL591485.1,,21340,-1
6111,Z97832.2,,21341,-1
6112,MSRB3,,13017,13017
6113,ENO1,,1234,1234
6114,DNAI1,,5131,5131
6115,DUSP19,,10453,10453
6116,PNN,,2335,2335
6117,GLRX3,,3373,3373
6118,DCLK1,,6455,6455
6119,LINC00926,,21342,-1
6120,NCL,,4219,4219
6121,NMRAL1,,9282,9282
6122,ANAPC5,,1755,1755
6123,AASDHPPT,,8845,8845
6124,TREML3P,,21343,-1
6125,KLHL26,,11603,11603
6126,UBQLN2,,15363,15363
6127,AQR,,400,400
6128,KIAA0513,,6866,6866
6129,SLC35C1,,14175,14175
6130,NPAS2,,12290,12290
6131,GCSAM,,13079,13079
6132,AC000068.3,,21344,-1
6133,BAIAP2,,13305,13305
6134,AC005532.1,,21345,-1
6135,SAT1,,5984,5984
6136,MRPS31,,18894,-1
6137,TAZ,,2552,2552
6138,ZNF195,,101,101
6139,BRWD3,,11101,11101
6140,AC016687.2,,21346,-1
6141,RNF38,,7123,7123
6142,LSMEM1,,14071,14071
6143,MZT2A,,12878,12878
6144,AC009506.1,,21347,-1
6145,ESYT1,,7566,7566
6146,GRHL3,,9776,9776
6147,MDFIC,,6776,6776
6148,AL355500.1,,21348,-1
6149,PCDHGC5,,17659,17659
6150,FLVCR2,,4780,4780
6151,TRAPPC2L,,11607,11607
6152,FAM230C,,21349,-1
6153,PTPN5,,3688,3688
6154,MAGOH,,10291,10291
6155,AL121972.1,,21350,-1
6156,AC009120.1,,21351,-1
6157,MCM4,,2863,2863
6158,COMMD4,,7654,7654
6159,RBM43,,14740,14740
6160,AC027031.2,,19240,-1
6161,ACTL7B,,8703,8703
6162,CASQ2,,4687,4687
6163,AL356108.1,,21352,-1
6164,AC087072.2,,21353,-1
6165,PREX2,,597,597
6166,LINC02573,,19062,-1
6167,CENPS,,13213,13213
6168,PAQR4,,10256,10256
6169,SMG9,,3090,3090
6170,AC068987.1,,21354,-1
6171,AP003717.1,,21355,-1
6172,CDH9,,4004,4004
6173,POR,,5755,5755
6174,CD7,,12968,12968
6175,LARGE1,,6500,6500
6176,AC093388.1,,21356,-1
6177,GRIK3,,10709,10709
6178,EP300,,2220,2220
6179,ARRDC2,,3054,3054
6180,AC022509.2,,21357,-1
6181,DEK,,5395,5395
6182,PAICS,,5771,5771
6183,RIMS3,,4509,4509
6184,STARD4,,10833,10833
6185,OLFM3,,4688,4688
6186,PANX2,,1182,1182
6187,NDUFA7,,18166,18166
6188,AC104009.1,,21358,-1
6189,PPP1R3D,,6413,6413
6190,AC119868.2,,21359,-1
6191,MUT,,21360,-1
6192,AC103746.1,,21361,-1
6193,SNAI2,,382,382
6194,CCDC71,,13534,13534
6195,ACTR1A,,7324,7324
6196,AC022730.3,,21362,-1
6197,CBX8,,7844,7844
6198,AC010619.1,,21363,-1
6199,NEXN-AS1,,21364,-1
6200,PLXNA2,,1302,1302
6201,CAND1,,3780,3780
6202,TIGD5,,13908,13908
6203,TTC39B,,9460,9460
6204,PPP1R36,,11218,11218
6205,ZCCHC7,,8689,8689
6206,AC097641.1,,21365,-1
6207,ZSWIM7,,17184,17184
6208,MUTYH,,6405,6405
6209,AC009133.5,,21366,-1
6210,NUDT14,,14555,14555
6211,AC069185.1,,21367,-1
6212,EID3,,17945,17945
6213,SRRM2-AS1,,21368,-1
6214,SOCS2-AS1,,21369,-1
6215,ZKSCAN7,,15726,15726
6216,PMS2P10,,21370,-1
6217,MAP1A,,11503,11503
6218,PRKAA2,,10300,10300
6219,GSEC,,21371,-1
6220,WT1,,14751,14751
6221,AL356417.3,,21372,-1
6222,ALDH1A3,,14622,14622
6223,AC005336.1,,21373,-1
6224,COA5,,14478,14478
6225,AL672142.1,,21374,-1
6226,ZFAS1,,19054,-1
6227,DET1,,7695,7695
6228,MTFP1,,17702,17702
6229,AC009518.1,,21375,-1
6230,NCBP2-AS2,,21376,-1
6231,ESRRG,,15779,15779
6232,RAB11FIP2,,3317,3317
6233,OCA2,,2778,2778
6234,UTP18,,281,281
6235,GOLGA2P10,,21377,-1
6236,ABI1P1,,21378,-1
6237,FBXO45,,13009,13009
6238,MYL12BP1,,21379,-1
6239,UNC5D,,9622,9622
6240,UGT1A6,,21380,-1
6241,AP003041.1,,21381,-1
6242,AL023806.3,,21382,-1
6243,CACNG2,,11470,11470
6244,ZNF365,,7354,7354
6245,MIOX,,2164,2164
6246,C11orf24,,12412,12412
6247,HNRNPC,,1904,1904
6248,ZBED2,,13562,13562
6249,BIK,,2175,2175
6250,KLHDC9,,10394,10394
6251,CASP2,,3163,3163
6252,CYB5B,,2658,2658
6253,KCNMB4,,6857,6857
6254,C6orf120,,14800,14800
6255,AL359399.1,,21383,-1
6256,IKZF1,,14937,14937
6257,AHSA2P,,21384,-1
6258,LRRC57,,14063,14063
6259,DPEP1,,351,351
6260,AGAP7P,,21385,-1
6261,HSPE1-MOB4,,21386,-1
6262,HDAC9,,619,619
6263,PM20D1,,10419,10419
6264,AFF3,,8215,8215
6265,C2orf72,,16555,16555
6266,LINC01227,,21387,-1
6267,MUC5B,,4614,4614
6268,Z82173.1,,21388,-1
6269,MBNL1,,9191,9191
6270,PNLIPRP3,,16505,16505
6271,AC078883.2,,21389,-1
6272,GPS2,,6355,6355
6273,SPTLC1,,1805,1805
6274,IDH2,,14205,14205
6275,RHOA,,984,984
6276,NTRK1,,16255,16255
6277,AQP10,,8118,8118
6278,TMED9,,14731,14731
6279,AC024896.1,,21390,-1
6280,SNRPGP17,,21391,-1
6281,AC116634.1,,21392,-1
6282,AC091435.2,,21393,-1
6283,BAIAP2L2,,5795,5795
6284,AL592435.1,,21394,-1
6285,LDLRAP1,,9765,9765
6286,AC004584.1,,21395,-1
6287,ASIC2,,3456,3456
6288,KLHL5,,3583,3583
6289,ZNF25,,13235,13235
6290,CMPK1,,10284,10284
6291,DUSP10,,8099,8099
6292,FAR2P1,,21396,-1
6293,NUP205,,9493,9493
6294,MFAP3,,526,526
6295,CCR7,,5608,5608
6296,RNU5A-1,,21397,-1
6297,LINC01221,,21398,-1
6298,SCOC-AS1,,21399,-1
6299,AL442663.4,,21400,-1
6300,MAN2B1,,2869,2869
6301,ITGBL1,,16286,16286
6302,MANSC1,,3746,3746
6303,AC011824.2,,21401,-1
6304,SPOUT1,,16441,16441
6305,PPP1R14A,,11647,11647
6306,SEC61G,,6336,6336
6307,AL390728.5,,21402,-1
6308,CASC1,,4644,4644
6309,VPS33A,,7579,7579
6310,DDX19A,,11934,11934
6311,BLVRA,,3226,3226
6312,AL034417.4,,21403,-1
6313,AC016205.1,,21404,-1
6314,BCS1L,,1224,1224
6315,USP31,,2727,2727
6316,RPL23AP53,,21405,-1
6317,LARP1,,9487,9487
6318,LINC02404,,21406,-1
6319,KIAA0753,,16443,16443
6320,HTR7,,8771,8771
6321,CRBN,,4101,4101
6322,C2orf80,,15492,15492
6323,RIN2,,6381,6381
6324,LIN37,,18165,18165
6325,AL590282.2,,21407,-1
6326,ANK3,,9004,9004
6327,PHF5A,,2225,2225
6328,LINC00491,,21408,-1
6329,CAPSL,,9192,9192
6330,PTPRR,,9263,9263
6331,HIST1H4A,,19139,-1
6332,AC004943.1,,21409,-1
6333,PHF13,,4412,4412
6334,PPM1H,,3725,3725
6335,CAPN10-DT,,21410,-1
6336,SLC25A28,,9470,9470
6337,SLC13A3,,9805,9805
6338,KRT16P6,,21411,-1
6339,STK4,,2363,2363
6340,YBX1,,925,925
6341,AL359644.1,,21412,-1
6342,SEPT5,,21413,-1
6343,GPR153,,9804,9804
6344,CD84,,939,939
6345,KDELR1,,3012,3012
6346,AC008121.3,,21414,-1
6347,EXOC3-AS1,,18671,-1
6348,NR2C2AP,,14602,14602
6349,IFT140,,15258,15258
6350,DUSP13,,1421,1421
6351,CNN3,,4570,4570
6352,SEMA3C,,1251,1251
6353,UNC5CL,,5363,5363
6354,AP003396.3,,21415,-1
6355,BIRC6-AS2,,21416,-1
6356,AC092059.1,,21417,-1
6357,SIDT2,,8879,8879
6358,AC111000.4,,21418,-1
6359,THPO,,1826,1826
6360,FBXO3,,3656,3656
6361,LACTB2-AS1,,21419,-1
6362,ABHD17A,,5967,5967
6363,ZDHHC19,,10737,10737
6364,THYN1,,9049,9049
6365,THAP10,,5878,5878
6366,TMEM8B,,7133,7133
6367,NOL4L-DT,,21420,-1
6368,SERGEF,,5890,5890
6369,AC012146.3,,21421,-1
6370,LINC00449,,21422,-1
6371,TRIM24,,5135,5135
6372,PRRT3,,21423,-1
6373,CPB2-AS1,,21424,-1
6374,NIPA2,,7632,7632
6375,CLSTN2,,9800,9800
6376,CALCB,,13306,13306
6377,RPARP-AS1,,18821,-1
6378,AF165147.1,,21425,-1
6379,MT-ND5,,16367,16367
6380,AL078581.3,,21426,-1
6381,AC114878.1,,21427,-1
6382,RHEBP3,,21428,-1
6383,CPNE7,,13747,13747
6384,LINC01090,,21429,-1
6385,AC078846.1,,21430,-1
6386,TNFAIP3,,4663,4663
6387,MBNL1-AS1,,19214,-1
6388,U62317.4,,21431,-1
6389,A2ML1-AS1,,21432,-1
6390,PSMD6,,10637,10637
6391,C8B,,402,402
6392,SATB2,,4713,4713
6393,MINPP1,,3339,3339
6394,GNRH1,,8629,8629
6395,CHPF,,5255,5255
6396,SMARCA2,,1451,1451
6397,MPG,,2683,2683
6398,SYT9,,12336,12336
6399,AC138956.1,,21433,-1
6400,METTL21EP,,21434,-1
6401,XRCC6,,15755,15755
6402,ABHD16B,,14432,14432
6403,AC002480.1,,21435,-1
6404,ARID5A,,15870,15870
6405,C1orf52,,10360,10360
6406,BCL2L10,,7275,7275
6407,GUCY1B1,,809,809
6408,LINC01941,,21436,-1
6409,NSG2,,12197,12197
6410,AC011603.2,,21437,-1
6411,IFT74,,18792,-1
6412,PLD1,,1276,1276
6413,AC092650.1,,21438,-1
6414,GPC3,,8612,8612
6415,MUC20P1,,21439,-1
6416,AC027290.1,,21440,-1
6417,BBS10,,13923,13923
6418,PCOLCE-AS1,,21441,-1
6419,AL627309.1,,21442,-1
6420,ARL13B,,12053,12053
6421,COL20A1,,2392,2392
6422,LINC01336,,21443,-1
6423,RAI1,,3433,3433
6424,AC005096.1,,21444,-1
6425,QSOX1,,4410,4410
6426,C21orf2,,21445,-1
6427,AC005540.1,,21446,-1
6428,GARNL3,,7091,7091
6429,TRAM1,,971,971
6430,GPR55,,6894,6894
6431,WISP2,,21447,-1
6432,MRPL15,,18775,-1
6433,AL354892.1,,21448,-1
6434,MICALL1,,2129,2129
6435,TMEM254,,6522,6522
6436,DGKD,,1322,1322
6437,RBM11,,14831,14831
6438,AC019183.1,,21449,-1
6439,POU2AF1,,3687,3687
6440,MEF2C,,1485,1485
6441,ARSD,,154,154
6442,UBE2K,,1370,1370
6443,RBPJ,,11792,11792
6444,AC109927.1,,21450,-1
6445,TMEM159,,300,300
6446,LINC00866,,21451,-1
6447,AMIGO1,,14159,14159
6448,FAHD2CP,,21452,-1
6449,CRNKL1,,2426,2426
6450,MNDA,,10606,10606
6451,CYP17A1,,8783,8783
6452,AIP,,3679,3679
6453,EID2,,13388,13388
6454,ZC4H2,,5674,5674
6455,LAMC1,,6892,6892
6456,TM2D3,,14627,14627
6457,AL035413.1,,21453,-1
6458,RPA1,,6327,6327
6459,AC117834.1,,21454,-1
6460,AL139011.2,,21455,-1
6461,CYFIP2,,727,727
6462,NDUFA2,,6224,6224
6463,AL357079.1,,21456,-1
6464,AC020663.2,,21457,-1
6465,SPRR2D,,10507,10507
6466,SCARNA2,,21458,-1
6467,C2orf50,,8975,8975
6468,LINC01194,,21459,-1
6469,AC009237.3,,21460,-1
6470,RNF5,,16597,16597
6471,AL365277.1,,21461,-1
6472,SLC22A5,,15997,15997
6473,ADCY6,,13039,13039
6474,PUS10,,10433,10433
6475,SNX5,,1749,1749
6476,AC132825.4,,21462,-1
6477,ZXDB,,16266,16266
6478,CCDC162P,,21463,-1
6479,GEMIN8,,593,593
6480,LINC00383,,21464,-1
6481,ATF3,,10400,10400
6482,COL1A1,,3474,3474
6483,TLCD2,,14885,14885
6484,AP001025.1,,21465,-1
6485,OLFM4,,2624,2624
6486,FITM2,,15979,15979
6487,AP3S2,,9747,9747
6488,AC138969.1,,21466,-1
6489,ZBTB20-AS1,,21467,-1
6490,KRT89P,,21468,-1
6491,AC078788.2,,21469,-1
6492,HS6ST1,,7048,7048
6493,AL355916.3,,21470,-1
6494,NAB1,,7369,7369
6495,AMTN,,15292,15292
6496,AC023813.4,,21471,-1
6497,AC090114.2,,21472,-1
6498,AC008050.1,,21473,-1
6499,SLC26A6,,17373,17373
6500,ARHGEF34P,,21474,-1
6501,SDHAP3,,21475,-1
6502,AC106771.1,,21476,-1
6503,SAT2,,7824,7824
6504,AC004674.2,,21477,-1
6505,PROSER2-AS1,,21478,-1
6506,GUSBP2,,21479,-1
6507,AC005920.1,,21480,-1
6508,TK2,,11404,11404
6509,ABCF3,,10171,10171
6510,PABPC1L,,2362,2362
6511,RRM2,,12590,12590
6512,AC015849.3,,21481,-1
6513,CCZ1B,,8526,8526
6514,AC105118.1,,21482,-1
6515,FAM168A,,719,719
6516,CEBPB,,12668,12668
6517,C2orf48,,21483,-1
6518,PUS7,,1854,1854
6519,ATP5PO,,17693,17693
6520,FBXO27,,10173,10173
6521,AC016582.1,,21484,-1
6522,RAB39A,,13841,13841
6523,SEMA6A-AS2,,21485,-1
6524,AC005165.1,,21486,-1
6525,LINC01350,,21487,-1
6526,AC010655.4,,21488,-1
6527,PAK2,,13982,13982
6528,PCCA,,13197,13197
6529,CCDC85C,,16833,16833
6530,KLHL3,,8457,8457
6531,AC091588.2,,21489,-1
6532,AC026347.1,,21490,-1
6533,MDM2,,6861,6861
6534,RPPH1,,21491,-1
6535,DROSHA,,4037,4037
6536,CEP68,,296,296
6537,ZC3H10,,6828,6828
6538,RPS7P4,,21492,-1
6539,SEPT2,,21493,-1
6540,METTL2B,,11042,11042
6541,OR8A1,,15664,15664
6542,AC025165.4,,21494,-1
6543,AL080317.3,,21495,-1
6544,PPM1F,,2099,2099
6545,AC092040.1,,21496,-1
6546,DDAH1,,9319,9319
6547,AP001341.1,,21497,-1
6548,KIF6,,10937,10937
6549,DUSP8,,14684,14684
6550,AC092835.1,,17512,17512
6551,AP3S1,,13621,13621
6552,ERBB4,,13719,13719
6553,AL033530.1,,21498,-1
6554,KLK15,,13087,13087
6555,AP001825.1,,21499,-1
6556,ZNF324,,1557,1557
6557,PPP1R15A,,1662,1662
6558,CAVIN1,,13556,13556
6559,NKAIN2,,15470,15470
6560,CCDC47,,3440,3440
6561,STRN4,,1815,1815
6562,ADRA1A,,4949,4949
6563,CD96,,9270,9270
6564,DLGAP1,,12310,12310
6565,LINC01337,,21500,-1
6566,APOL4,,2195,2195
6567,AL009031.1,,21501,-1
6568,AL450306.1,,21502,-1
6569,NDUFAF8,,17360,17360
6570,AL117378.1,,21503,-1
6571,EPB41L3,,1520,1520
6572,PXK,,11815,11815
6573,AL139300.2,,21504,-1
6574,TRIM23,,4069,4069
6575,SRL,,14923,14923
6576,SYNJ2,,1375,1375
6577,LMBR1L,,7564,7564
6578,AC099850.2,,21505,-1
6579,AC079296.1,,21506,-1
6580,DCAF12L2,,16243,16243
6581,NME6,,12644,12644
6582,NT5DC4,,8206,8206
6583,FAM156A,,19123,-1
6584,ZNF471,,15707,15707
6585,AC025946.1,,21507,-1
6586,KIRREL3-AS2,,21508,-1
6587,DLEU7-AS1,,21509,-1
6588,C20orf194,,1738,1738
6589,RN7SKP255,,21510,-1
6590,RCC2,,13796,13796
6591,GPRC5D-AS1,,18863,-1
6592,FOXK2,,7842,7842
6593,SMG6,,1075,1075
6594,TRIM60P18,,21511,-1
6595,PTCHD1-AS,,21512,-1
6596,AC005828.1,,21513,-1
6597,AC011450.1,,21514,-1
6598,LINC02027,,21515,-1
6599,ZNF24,,12726,12726
6600,AL592148.3,,21516,-1
6601,ARHGAP29,,7289,7289
6602,CREB3L2,,14223,14223
6603,AL136309.2,,21517,-1
6604,CRTC1,,3060,3060
6605,AL645941.2,,21518,-1
6606,AL137002.2,,21519,-1
6607,ZNF404,,13361,13361
6608,ANKRD20A11P,,21520,-1
6609,SH3BP2,,1683,1683
6610,TMEM87A,,2774,2774
6611,AC079917.1,,21521,-1
6612,WAS,,350,350
6613,MAN2B2,,319,319
6614,AL022097.1,,21522,-1
6615,DIO3,,16004,16004
6616,AC005696.2,,21523,-1
6617,SPESP1,,18036,18036
6618,CRLS1,,1729,1729
6619,ABCC5,,4186,4186
6620,KLHL23,,17005,17005
6621,LINC02359,,21524,-1
6622,KCTD12,,13736,13736
6623,SGIP1,,4657,4657
6624,CASP3,,10860,10860
6625,PDGFC,,8376,8376
6626,ELMO2,,820,820
6627,RPS19BP1,,19083,-1
6628,YOD1,,14017,14017
6629,AL096677.1,,21525,-1
6630,CKAP2L,,12099,12099
6631,GABRR2,,3849,3849
6632,PPFIA3,,13539,13539
6633,DCTN6,,2852,2852
6634,TUBA4A,,5741,5741
6635,OS9,,6831,6831
6636,ZNF333,,10146,10146
6637,AC004870.2,,21526,-1
6638,MLKL,,11839,11839
6639,AKAP13,,12341,12341
6640,FIBP,,12735,12735
6641,HINT3,,3853,3853
6642,PAFAH2,,9769,9769
6643,Z93930.2,,21527,-1
6644,GGTLC2,,2124,2124
6645,MTCYBP32,,21528,-1
6646,RORA,,1049,1049
6647,AL359922.2,,21529,-1
6648,LTBP1,,644,644
6649,RBM45,,9498,9498
6650,CMC4,,14331,14331
6651,AC026316.5,,21530,-1
6652,KCTD18,,9505,9505
6653,NSMAF,,508,508
6654,AC025271.4,,21531,-1
6655,CBLL1,,3112,3112
6656,NUP153,,5394,5394
6657,TPM4,,11597,11597
6658,LINC01637,,21532,-1
6659,UBALD2,,14826,14826
6660,ORAI2,,10150,10150
6661,AC136604.3,,21533,-1
6662,FAM25G,,21534,-1
6663,PA2G4,,12296,12296
6664,PPP2R2B,,9600,9600
6665,AC107973.1,,21535,-1
6666,AC020915.3,,21536,-1
6667,FICD,,16409,16409
6668,CLDN18,,944,944
6669,CCT4,,4295,4295
6670,TMEM72-AS1,,21537,-1
6671,CLEC9A,,16157,16157
6672,CDH7,,1481,1481
6673,TENT5B,,9799,9799
6674,CDC5L,,1999,1999
6675,PEX16,,5015,5015
6676,AP4B1-AS1,,21538,-1
6677,PPP1R26-AS1,,21539,-1
6678,TMUB2,,11882,11882
6679,CCDC116,,10168,10168
6680,DNM1P35,,21540,-1
6681,NIPSNAP1,,14594,14594
6682,PRDX4,,5169,5169
6683,PDIA5,,901,901
6684,POLD2,,3232,3232
6685,ZNF84,,16169,16169
6686,AC027288.3,,21541,-1
6687,AP000756.2,,21542,-1
6688,WNK3,,15818,15818
6689,PLEKHH1,,714,714
6690,NPIPB5,,18952,-1
6691,HCN3,,8126,8126
6692,HSPBAP1,,11989,11989
6693,AC097480.1,,21543,-1
6694,RMI2,,13275,13275
6695,PRDM6,,805,805
6696,FHDC1,,7189,7189
6697,THBD,,13740,13740
6698,COX8A,,13379,13379
6699,FOXF1,,2698,2698
6700,EXOC8,,4491,4491
6701,PCAT1,,21544,-1
6702,RPL23AP7,,21545,-1
6703,SH3RF3,,12821,12821
6704,SCAPER,,7660,7660
6705,HMGA1,,7170,7170
6706,TERF1,,8654,8654
6707,SH3GL2,,3299,3299
6708,ZNF273,,16168,16168
6709,CANT1,,12464,12464
6710,ITGB1,,8920,8920
6711,BMP2,,5531,5531
6712,NRXN2,,3621,3621
6713,CARMIL3,,15114,15114
6714,ZNF138,,15908,15908
6715,PODXL2,,4168,4168
6716,SMIM1,,17543,17543
6717,GRM8,,13873,13873
6718,SMAD3,,11499,11499
6719,AOC3,,6218,6218
6720,AC092747.2,,21546,-1
6721,NKAPD1,,8969,8969
6722,AC215522.2,,21547,-1
6723,KRT10,,15065,15065
6724,ETFRF1,,18864,-1
6725,LINC01467,,21548,-1
6726,AC125232.1,,21549,-1
6727,SLC9B1P2,,21550,-1
6728,SERINC4,,14714,14714
6729,ERICH6-AS1,,21551,-1
6730,RB1,,7575,7575
6731,TAGLN3,,8303,8303
6732,GLRA4,,15534,15534
6733,F7,,753,753
6734,AL390962.1,,21552,-1
6735,SPATA12,,15078,15078
6736,PCBD1,,11320,11320
6737,B4GALT6,,4641,4641
6738,AL354718.2,,21553,-1
6739,CDC7,,2010,2010
6740,UBE2E2,,14245,14245
6741,AL732323.1,,21554,-1
6742,PRELID3B,,2377,2377
6743,COPS7B,,8255,8255
6744,LGALS9,,11965,11965
6745,PLAUR,,289,289
6746,LINC01667,,21555,-1
6747,SLC4A1,,66,66
6748,AL391832.2,,21556,-1
6749,CCDC113,,2659,2659
6750,SLIRP,,4786,4786
6751,WDR4,,10028,10028
6752,IL23R,,10339,10339
6753,AL138733.1,,21557,-1
6754,FAM19A2,,21558,-1
6755,LAMC2,,762,762
6756,AC015845.1,,21559,-1
6757,SRGAP2,,18139,18139
6758,C2orf76,,15014,15014
6759,LINC02343,,21560,-1
6760,RRAS2,,6539,6539
6761,FO704657.1,,21561,-1
6762,DCLRE1A,,16444,16444
6763,AF127577.2,,21562,-1
6764,TERT,,10880,10880
6765,E2F3,,3899,3899
6766,COLGALT2,,16356,16356
6767,PARGP1,,21563,-1
6768,AMBN,,13713,13713
6769,ITGA4,,4245,4245
6770,AKAP9,,5749,5749
6771,RIPOR1,,544,544
6772,SCN1A,,8225,8225
6773,AC009133.1,,21564,-1
6774,AL592043.1,,21565,-1
6775,ARHGEF38,,17577,17577
6776,BTBD9-AS1,,21566,-1
6777,ZNF668,,11590,11590
6778,MRPS31P5,,21567,-1
6779,DDX18P3,,21568,-1
6780,AC008868.1,,21569,-1
6781,ABCD4,,4781,4781
6782,ALS2CR12,,21570,-1
6783,C6orf52,,7185,7185
6784,ENDOV,,12975,12975
6785,LINC01121,,21571,-1
6786,MARCH3,,12995,12995
6787,AC104667.2,,21572,-1
6788,LINC02403,,21573,-1
6789,AP003119.3,,21574,-1
6790,AC092755.1,,21575,-1
6791,RNF215,,2088,2088
6792,AC072062.1,,21576,-1
6793,AC025159.1,,18875,-1
6794,SPRYD3,,11696,11696
6795,OR7E91P,,21577,-1
6796,DHX40,,3411,3411
6797,BPIFB1,,5572,5572
6798,SNHG27,,21578,-1
6799,PELI3,,13083,13083
6800,VDAC2P2,,21579,-1
6801,IGSF11,,8307,8307
6802,FAM50A,,1126,1126
6803,CSNK2A3,,17927,17927
6804,AC092916.1,,21580,-1
6805,PPP1R13L,,2894,2894
6806,AC244453.2,,21581,-1
6807,VAV2,,10053,10053
6808,AL683813.1,,21582,-1
6809,RTL5,,17721,17721
6810,SMARCA1,,2535,2535
6811,ZZEF1,,1232,1232
6812,ABCA12,,8246,8246
6813,USP9X,,5342,5342
6814,TTTY14,,21583,-1
6815,NFIB,,8679,8679
6816,TSPAN32,,848,848
6817,EVI2B,,14947,14947
6818,AC011497.2,,21584,-1
6819,CMTM4,,14525,14525
6820,NEMF,,11148,11148
6821,NR4A3,,4751,4751
6822,PNPLA3,,2198,2198
6823,MT-RNR2,,21585,-1
6824,FMN2,,9513,9513
6825,KCNH7,,14696,14696
6826,AC135506.1,,21586,-1
6827,LRRC40,,949,949
6828,PPP5C,,295,295
6829,EMP1,,6653,6653
6830,ANKRD36BP2,,21587,-1
6831,INTS7,,8094,8094
6832,AL122058.1,,21588,-1
6833,CYBC1,,13769,13769
6834,SPDYE18,,21589,-1
6835,DNAJB14,,10752,10752
6836,DPYSL2,,1930,1930
6837,ZNF154,,13911,13911
6838,LINC00662,,19026,-1
6839,SLC9A9,,14171,14171
6840,ANKUB1,,16918,16918
6841,MRGBP,,2383,2383
6842,AC093677.2,,21590,-1
6843,MUC13,,12959,12959
6844,CACNA2D3,,9708,9708
6845,LINC02325,,21591,-1
6846,GINS4,,8645,8645
6847,SLC35D1,,4456,4456
6848,PRRG2,,5616,5616
6849,ZNF547,,9165,9165
6850,COX5BP3,,21592,-1
6851,PPP4R3A,,2309,2309
6852,KCNH6,,12978,12978
6853,MYO5C,,5858,5858
6854,PARVB,,15494,15494
6855,GTPBP8,,10621,10621
6856,ERCC6L,,15155,15155
6857,DAPK1,,15844,15844
6858,TRPC4,,6461,6461
6859,ME3,,9030,9030
6860,LINC02082,,21593,-1
6861,VWA7,,16625,16625
6862,CLCN2,,4199,4199
6863,AL109613.1,,21594,-1
6864,OPRL1,,5467,5467
6865,NALCN-AS1,,21595,-1
6866,PLCXD3,,14351,14351
6867,POSTN,,6462,6462
6868,AC008440.2,,21596,-1
6869,AL160290.2,,21597,-1
6870,TSC22D4,,11490,11490
6871,AL021546.1,,21598,-1
6872,NONOP2,,21599,-1
6873,AP003733.4,,21600,-1
6874,PRKCG,,5629,5629
6875,ACOXL,,9246,9246
6876,AC134312.3,,21601,-1
6877,ATRX,,1596,1596
6878,MAP2K2,,5668,5668
6879,AC104534.1,,21602,-1
6880,AC069281.1,,21603,-1
6881,AC096631.1,,21604,-1
6882,LIMS1,,12129,12129
6883,INCENP,,8863,8863
6884,NXPH4,,14272,14272
6885,IGSF10,,21605,-1
6886,AC104109.3,,21606,-1
6887,ATP5PF,,9414,9414
6888,KCNMA1-AS3,,21607,-1
6889,LINC00370,,21608,-1
6890,LINC00243,,21609,-1
6891,MRPL17,,18827,-1
6892,AC091045.1,,21610,-1
6893,IGF2BP2,,1202,1202
6894,AC090114.3,,21611,-1
6895,SCLT1,,9041,9041
6896,VASN,,11783,11783
6897,SF3B4,,8062,8062
6898,AC005355.2,,21612,-1
6899,PAN2,,6825,6825
6900,HSPD1,,8237,8237
6901,ATOX1,,13571,13571
6902,AC004884.2,,21613,-1
6903,DACH2,,5636,5636
6904,UQCR10,,14590,14590
6905,IL1R1,,4316,4316
6906,HDDC3,,14678,14678
6907,TRIM63,,9773,9773
6908,BUB1,,12108,12108
6909,USP12-AS1,,21614,-1
6910,CUL9,,3958,3958
6911,RASSF3,,9257,9257
6912,OR2F1,,17014,17014
6913,CASK,,8572,8572
6914,AL161909.1,,21615,-1
6915,CWC22,,10584,10584
6916,KRTAP5-AS1,,21616,-1
6917,AC004637.1,,21617,-1
6918,ZRANB3,,5051,5051
6919,PPP1R13B,,1731,1731
6920,PPP1R37,,2889,2889
6921,AC019197.1,,21618,-1
6922,MANF,,8329,8329
6923,CCNDBP1,,11496,11496
6924,CA8,,13716,13716
6925,SUSD6,,2291,2291
6926,MARK1,,4393,4393
6927,AC005332.8,,21619,-1
6928,RPL23AP2,,21620,-1
6929,GLMP,,16335,16335
6930,TTN-AS1,,18621,-1
6931,PTPMT1,,3667,3667
6932,PAQR5,,7259,7259
6933,AL137003.2,,21621,-1
6934,FPR1,,12406,12406
6935,C1orf61,,5458,5458
6936,ACPP,,342,342
6937,TRIM5,,6306,6306
6938,AC011447.3,,21622,-1
6939,TRIB2,,1121,1121
6940,AL158835.1,,21623,-1
6941,TBCCD1,,4099,4099
6942,ZNF543,,13677,13677
6943,POLR2J,,18758,-1
6944,C8orf87,,21624,-1
6945,ARHGAP12,,11106,11106
6946,LINC02228,,21625,-1
6947,NINL,,2348,2348
6948,RAET1L,,9529,9529
6949,YWHAE,,3494,3494
6950,LINC01534,,21626,-1
6951,BRD3,,12165,12165
6952,C16orf95,,18068,18068
6953,TTC31,,4259,4259
6954,AC007114.2,,21627,-1
6955,SMC5,,16425,16425
6956,SETBP1,,9137,9137
6957,AC022872.1,,21628,-1
6958,DANT2,,21629,-1
6959,CDHR3,,5818,5818
6960,BCKDK,,2741,2741
6961,TIGAR,,1373,1373
6962,MAP7D3,,5952,5952
6963,DGCR2,,1080,1080
6964,RHBDF2,,5949,5949
6965,ELP2,,6688,6688
6966,RHOBTB1,,1153,1153
6967,COL9A1,,3904,3904
6968,MIPEPP3,,21630,-1
6969,AC025524.2,,21631,-1
6970,DTX4,,3611,3611
6971,AL133485.1,,21632,-1
6972,SH2D3C,,1965,1965
6973,SUMO4,,13595,13595
6974,LINC01625,,21633,-1
6975,PA2G4P4,,21634,-1
6976,ARHGEF35,,17013,17013
6977,AC078889.1,,21635,-1
6978,SLC6A9,,15789,15789
6979,AC013489.1,,21636,-1
6980,FAM69A,,21637,-1
6981,GCDH,,3043,3043
6982,RIMKLA,,13510,13510
6983,CDH26,,5299,5299
6984,PCLO,,15086,15086
6985,ITPA,,5545,5545
6986,DPPA2P4,,21638,-1
6987,TVP23A,,11425,11425
6988,SLC37A1,,10026,10026
6989,SCIMP,,10231,10231
6990,SAMD12,,13574,13574
6991,AC016903.2,,21639,-1
6992,CACNG6,,6041,6041
6993,RERE,,7944,7944
6994,FSCN1,,1273,1273
6995,MYH15,,8300,8300
6996,FAM234B,,1576,1576
6997,TNFSF15,,14143,14143
6998,AC024601.1,,21640,-1
6999,KDM8,,9502,9502
7000,XAF1,,6356,6356
7001,GPR146,,10991,10991
7002,MIS12,,11709,11709
7003,C4orf46,,16795,16795
7004,GSK3B,,1530,1530
7005,ESPNL,,8253,8253
7006,QKI,,3942,3942
7007,SLFN13,,9419,9419
7008,ZNF513,,10683,10683
7009,GRPEL1,,3554,3554
7010,POLR3GL,,5031,5031
7011,PRPS2,,2509,2509
7012,AL121594.1,,21641,-1
7013,SYP,,2527,2527
7014,AL161804.1,,21642,-1
7015,GAGE2E,,21643,-1
7016,CTIF,,6564,6564
7017,LAPTM5,,10321,10321
7018,ACSBG2,,6031,6031
7019,AC093512.2,,21644,-1
7020,LRRC7,,488,488
7021,HR,,11849,11849
7022,CALM1,,16318,16318
7023,HIGD2A,,8464,8464
7024,FDFT1,,1424,1424
7025,CYP27B1,,3717,3717
7026,SVEP1,,11061,11061
7027,AC090227.1,,21645,-1
7028,ZNF223,,13697,13697
7029,WISP3,,21646,-1
7030,KIAA1614-AS1,,21647,-1
7031,RPS21,,19056,-1
7032,AC005695.1,,21648,-1
7033,BTBD8,,15610,15610
7034,AC002480.4,,21649,-1
7035,JMJD4,,1494,1494
7036,MTAP,,2051,2051
7037,MAP3K5,,16014,16014
7038,RET,,11201,11201
7039,CD24,,18229,18229
7040,DLGAP2,,16162,16162
7041,LYNX1,,13950,13950
7042,AC110011.1,,21650,-1
7043,AC106799.2,,21651,-1
7044,C15orf41,,14996,14996
7045,PLXNB2,,15803,15803
7046,MAP1LC3B2,,21652,-1
7047,ASPH,,16246,16246
7048,AC018618.1,,21653,-1
7049,SCARA5,,11772,11772
7050,KMT5A,,14574,14574
7051,AC124045.1,,21654,-1
7052,MMRN2,,12877,12877
7053,AC005520.2,,21655,-1
7054,LINC00339,,18543,-1
7055,FAM174A,,13023,13023
7056,SPRR1B,,12070,12070
7057,AL357060.1,,21656,-1
7058,DGKB,,6978,6978
7059,GMPR,,7147,7147
7060,WDR59,,2676,2676
7061,ENTPD5,,15202,15202
7062,LINC02320,,21657,-1
7063,AL355838.1,,21658,-1
7064,MAPK13,,9626,9626
7065,MFSD2A,,11833,11833
7066,MAPK3,,2631,2631
7067,ATP6V0A2,,14846,14846
7068,SETP14,,21659,-1
7069,FUT7,,14005,14005
7070,ACTN2,,1348,1348
7071,AL359682.1,,21660,-1
7072,FRG1JP,,21661,-1
7073,CCL5,,18220,18220
7074,BTBD2,,6480,6480
7075,PIGR,,10428,10428
7076,ELN-AS1,,21662,-1
7077,LINC02035,,21663,-1
7078,ZNF683,,13335,13335
7079,AJ009632.2,,21664,-1
7080,BMS1P21,,21665,-1
7081,KIF2C,,7984,7984
7082,AC104126.1,,21666,-1
7083,AC093865.1,,21667,-1
7084,SNRNP200,,8190,8190
7085,NAXD,,17099,17099
7086,CHODL,,9407,9407
7087,CSF1,,14648,14648
7088,TCEA2,,12553,12553
7089,PPM1L,,10614,10614
7090,NECTIN3,,13603,13603
7091,TSSC2,,21668,-1
7092,EPOP,,18247,18247
7093,SLC25A11,,3430,3430
7094,AC006064.2,,21669,-1
7095,FAM196B,,21670,-1
7096,AC096649.1,,21671,-1
7097,CREM,,1983,1983
7098,ATAD2,,9631,9631
7099,AC006213.3,,21672,-1
7100,C14orf39,,13788,13788
7101,AL365356.1,,21673,-1
7102,AC063952.1,,21674,-1
7103,CDC42EP4,,13874,13874
7104,PRKCE,,12426,12426
7105,MINOS1,,21675,-1
7106,WNT3,,3404,3404
7107,CDK10,,18962,-1
7108,RUNX3,,391,391
7109,AC116347.1,,21676,-1
7110,DALRD3,,13660,13660
7111,ICAM1,,1814,1814
7112,NHSL2,,16557,16557
7113,LINC01771,,21677,-1
7114,AC026904.1,,21678,-1
7115,TRAF1,,743,743
7116,ZNF227,,6171,6171
7117,AC130304.1,,21679,-1
7118,PALM3,,15338,15338
7119,ADRA2A,,8947,8947
7120,AL021920.2,,21680,-1
7121,AC025449.1,,21681,-1
7122,LAG3,,1791,1791
7123,KCNIP3,,4217,4217
7124,AL162377.1,,21682,-1
7125,AC023906.4,,21683,-1
7126,HCG27,,21684,-1
7127,SNAPC2,,2926,2926
7128,DMGDH,,6414,6414
7129,AC016629.2,,19048,-1
7130,AC011468.2,,21685,-1
7131,TMEM19,,7514,7514
7132,PLSCR4,,4176,4176
7133,CEP290,,16333,16333
7134,MPRIP,,6446,6446
7135,AC015819.1,,21686,-1
7136,EGLN2,,18203,18203
7137,RPS3AP23,,21687,-1
7138,RPS12,,18734,-1
7139,PMPCB,,3097,3097
7140,CYP2A7,,16180,16180
7141,AC005304.3,,21688,-1
7142,AC068633.1,,21689,-1
7143,RPUSD4,,11149,11149
7144,EVI2A,,5659,5659
7145,HEATR5B,,225,225
7146,SPATS2L,,15670,15670
7147,AC090192.2,,21690,-1
7148,CHRD,,1827,1827
7149,TCP1P3,,21691,-1
7150,MIR762HG,,21692,-1
7151,EPHA7,,6786,6786
7152,SLC39A10,,15896,15896
7153,OAZ2,,13969,13969
7154,MRPS21P9,,21693,-1
7155,C12orf40,,13948,13948
7156,HHAT,,709,709
7157,UGT1A9,,17667,17667
7158,HOXA-AS2,,21694,-1
7159,LIX1L,,18221,18221
7160,ELOVL7,,10824,10824
7161,ANO7L1,,21695,-1
7162,MTIF3,,5056,5056
7163,AC107959.5,,21696,-1
7164,MOAP1,,11247,11247
7165,TP53I13,,11615,11615
7166,APEH,,10769,10769
7167,DDR2,,10384,10384
7168,CCDC3,,9042,9042
7169,ZSCAN31,,17540,17540
7170,DUSP11,,8198,8198
7171,HIST1H2AC,,14006,14006
7172,SMG1P2,,21697,-1
7173,DZIP1,,6711,6711
7174,AL672167.1,,21698,-1
7175,KIT,,9704,9704
7176,LINC00845,,21699,-1
7177,LMO7,,6954,6954
7178,VSIG10,,13451,13451
7179,MYCBP2,,102,102
7180,RPRD1B,,2441,2441
7181,WASH2P,,21700,-1
7182,TSHZ3,,4984,4984
7183,ZNF219,,11215,11215
7184,AC008676.1,,21701,-1
7185,SLC22A3,,8521,8521
7186,SMIM10L1,,17992,17992
7187,C4orf3,,10787,10787
7188,AL121603.2,,21702,-1
7189,PLEK,,4365,4365
7190,FCER2,,2911,2911
7191,FUT1,,13154,13154
7192,PLIN2,,8681,8681
7193,AL034550.1,,21703,-1
7194,AC244035.2,,21704,-1
7195,ADAM20P1,,21705,-1
7196,IFNAR1,,7898,7898
7197,CCDC174,,9422,9422
7198,AL035530.2,,21706,-1
7199,AL357054.3,,21707,-1
7200,AC023825.2,,21708,-1
7201,AC006372.3,,21709,-1
7202,AC012645.1,,21710,-1
7203,AP003481.1,,21711,-1
7204,ADGRV1,,10831,10831
7205,FAHD2A,,4218,4218
7206,PLXNA1,,4165,4165
7207,C9orf135-DT,,21712,-1
7208,EFCAB6,,15178,15178
7209,AP001486.2,,21713,-1
7210,IRS4,,6469,6469
7211,NPPA-AS1,,21714,-1
7212,NNAT,,693,693
7213,CPT2,,9678,9678
7214,LINC01356,,21715,-1
7215,HMGA2,,8912,8912
7216,ARF4P2,,21716,-1
7217,AC114810.1,,21717,-1
7218,EEF1G,,17934,17934
7219,LINC01278,,19300,-1
7220,AC099811.4,,21718,-1
7221,DM1-AS,,21719,-1
7222,ANKRD36BP1,,21720,-1
7223,FER,,9036,9036
7224,SMCO2,,11246,11246
7225,GRINA,,13739,13739
7226,SAMD12-AS1,,21721,-1
7227,AC140479.5,,21722,-1
7228,C3P1,,21723,-1
7229,SLC30A4,,2792,2792
7230,GNL2,,6678,6678
7231,TOB2,,14565,14565
7232,RNF14,,330,330
7233,ZNF461,,16105,16105
7234,AC010998.1,,21724,-1
7235,RPL35,,18800,-1
7236,TRMT10A,,8356,8356
7237,XYLB,,1941,1941
7238,ZNF184,,2001,2001
7239,NUP214,,5664,5664
7240,PYGL,,2253,2253
7241,HS3ST3A1,,9327,9327
7242,NEMP2,,15635,15635
7243,PI4KAP2,,21725,-1
7244,AC046195.1,,21726,-1
7245,AL356585.3,,21727,-1
7246,AP006222.1,,21728,-1
7247,BRF2,,2799,2799
7248,MAP3K14,,118,118
7249,PRELID2,,15051,15051
7250,NOS1AP,,16446,16446
7251,LINC01040,,21729,-1
7252,IL24,,10426,10426
7253,POLR3D,,11860,11860
7254,KCNAB3,,12191,12191
7255,MSH4,,752,752
7256,FAM83H,,14055,14055
7257,IRF9,,17087,17087
7258,LRRC14,,10145,10145
7259,POLR2G,,11749,11749
7260,DGAT1,,14768,14768
7261,AP002495.2,,21730,-1
7262,AP002989.1,,21731,-1
7263,TOM1,,2172,2172
7264,ZNF862,,3209,3209
7265,AC024597.1,,21732,-1
7266,PRTFDC1,,2019,2019
7267,MMP28,,18219,18219
7268,MBD3,,1123,1123
7269,AC116609.2,,21733,-1
7270,OTUD5,,1007,1007
7271,CNTNAP3P5,,21734,-1
7272,ANKRD30B,,14029,14029
7273,GNAI2,,4141,4141
7274,FOXN4,,7538,7538
7275,LINC01282,,21735,-1
7276,AC025627.1,,21736,-1
7277,MIR4697HG,,21737,-1
7278,ADGRF4,,9273,9273
7279,ATG2B,,956,956
7280,LINC01344,,21738,-1
7281,RDM1,,18362,18362
7282,LSAMP,,14886,14886
7283,NOC4L,,14757,14757
7284,AC009120.4,,21739,-1
7285,AC012355.1,,21740,-1
7286,PLA2G4E,,15379,15379
7287,WDR89,,7616,7616
7288,C10orf25,,21741,-1
7289,AK4,,10306,10306
7290,TH2LCRR,,21742,-1
7291,HOXA7,,5112,5112
7292,PCDHB2,,3983,3983
7293,LINC02178,,21743,-1
7294,ZNF329,,14182,14182
7295,SNORA22C,,21744,-1
7296,U2AF1L5,,21745,-1
7297,B9D2,,5243,5243
7298,STK31,,15721,15721
7299,RASSF5,,18141,18141
7300,HOXC5,,12786,12786
7301,AL669831.1,,21746,-1
7302,CST4,,2449,2449
7303,DPYSL5,,9751,9751
7304,LINC02385,,21747,-1
7305,IRS2,,14970,14970
7306,PRIMPOL,,10861,10861
7307,RASAL3,,2939,2939
7308,FBXW9,,6284,6284
7309,PTPN20,,16568,16568
7310,AP001627.1,,21748,-1
7311,AC025048.4,,21749,-1
7312,ABCG1,,10019,10019
7313,SLC8A1-AS1,,21750,-1
7314,GAGE2A,,21751,-1
7315,AC005523.1,,21752,-1
7316,NKAIN4,,2389,2389
7317,AC010422.2,,21753,-1
7318,SLC35B3,,5391,5391
7319,DERL2,,1170,1170
7320,SPA17,,847,847
7321,PXYLP1,,9525,9525
7322,OXLD1,,16580,16580
7323,WDR97,,13885,13885
7324,LAMTOR4,,15400,15400
7325,EBF1,,10871,10871
7326,GFY,,18097,18097
7327,NAALADL2-AS3,,21754,-1
7328,TMEM177,,8205,8205
7329,ACTR3,,4223,4223
7330,RPRD1A,,7803,7803
7331,CBX7,,2185,2185
7332,KDELR2,,6972,6972
7333,AC016168.3,,21755,-1
7334,AF233439.1,,21756,-1
7335,SLC25A39,,322,322
7336,UMPS,,4158,4158
7337,NFKB1,,3537,3537
7338,HEXIM1,,15145,15145
7339,MAP4,,615,615
7340,DHRS2,,2320,2320
7341,TJP2,,4718,4718
7342,AK9,,9450,9450
7343,DNAL4,,2162,2162
7344,BVES-AS1,,21757,-1
7345,CYP51A1-AS1,,21758,-1
7346,VCL,,505,505
7347,OR5AU1,,12044,12044
7348,FDX2,,18161,18161
7349,BX322639.1,,21759,-1
7350,AP001273.2,,21760,-1
7351,LYPD6,,15208,15208
7352,TANC1,,4237,4237
7353,AC007846.2,,21761,-1
7354,AP003352.1,,21762,-1
7355,TUFT1,,8061,8061
7356,UBE2D3,,3540,3540
7357,AC005840.2,,21763,-1
7358,AL807761.4,,21764,-1
7359,SLC27A2,,7643,7643
7360,AC104365.1,,21765,-1
7361,PRELID1,,12022,12022
7362,AC138393.1,,21766,-1
7363,AC108463.3,,21767,-1
7364,GPR75,,21768,-1
7365,SEC61A2,,914,914
7366,MT-TL2,,21769,-1
7367,DYNLL1,,1747,1747
7368,AC036108.1,,21770,-1
7369,ARRDC4,,7669,7669
7370,LIF-AS1,,21771,-1
7371,PDLIM5,,10480,10480
7372,AC137770.1,,21772,-1
7373,AL353811.1,,21773,-1
7374,RPS15A,,18950,-1
7375,ANKRD45,,14556,14556
7376,HIC2,,12104,12104
7377,LAMA2,,15801,15801
7378,GP6,,1707,1707
7379,FOXN3-AS2,,21774,-1
7380,MED18,,6110,6110
7381,LAMC3,,664,664
7382,AC015853.3,,21775,-1
7383,MAP2,,1361,1361
7384,SH2D2A,,454,454
7385,AC104986.1,,21776,-1
7386,AL136529.1,,21777,-1
7387,TOB1,,7778,7778
7388,COL8A1,,8297,8297
7389,PSMD5,,1961,1961
7390,ARFIP1,,10811,10811
7391,LINC00486,,21778,-1
7392,AC107871.2,,21779,-1
7393,MED30,,10973,10973
7394,CNOT6,,4028,4028
7395,GGT7,,6161,6161
7396,CBLN2,,7860,7860
7397,AC007652.1,,21780,-1
7398,AC006372.2,,21781,-1
7399,CAPRIN1,,6800,6800
7400,SMIM4,,11807,11807
7401,IBSP,,466,466
7402,NDUFS8,,3681,3681
7403,TAF6,,3176,3176
7404,CDH11,,7739,7739
7405,FAM173B,,21782,-1
7406,STAG3L5P,,21783,-1
7407,LINC01707,,21784,-1
7408,CYP4F2,,15010,15010
7409,SEMA3F-AS1,,21785,-1
7410,VSIG4,,9500,9500
7411,TRIM46,,10566,10566
7412,WFDC3,,5271,5271
7413,LINC01505.1,,21786,-1
7414,AC131392.1,,21787,-1
7415,ADCY1,,10965,10965
7416,AP001469.1,,21788,-1
7417,RHBDD2,,98,98
7418,BMX,,2529,2529
7419,MTCO1P14,,21789,-1
7420,SEPT10,,21790,-1
7421,NRXN3,,398,398
7422,DNAJA1,,1630,1630
7423,TRPC1,,8318,8318
7424,C4orf17,,7459,7459
7425,PRDX3P1,,21791,-1
7426,PCDHGA11,,17907,17907
7427,FBXL17,,8412,8412
7428,AL513165.2,,21792,-1
7429,DUOXA1,,7634,7634
7430,LMO2,,6794,6794
7431,TAS2R14,,16969,16969
7432,SLC24A5,,21793,-1
7433,AL139023.1,,21794,-1
7434,TMED5,,4567,4567
7435,WIZ,,291,291
7436,AC006480.1,,21795,-1
7437,ARHGAP33,,56,56
7438,ABCB11,,1198,1198
7439,PAXIP1-AS2,,21796,-1
7440,RAB30,,7202,7202
7441,ASB8,,13633,13633
7442,AC104411.1,,21797,-1
7443,MYB,,4666,4666
7444,PLEKHG4B,,9281,9281
7445,KLC2,,13163,13163
7446,ABL2,,8050,8050
7447,CCL22,,2648,2648
7448,PSMG4,,14037,14037
7449,FAM189A1,,2781,2781
7450,AL445430.1,,21798,-1
7451,C5orf58,,17526,17526
7452,GNAQ,,9549,9549
7453,SPATA5L1,,12565,12565
7454,MMP26,,11580,11580
7455,AC092053.3,,21799,-1
7456,OPRM1,,3862,3862
7457,SVIL,,15984,15984
7458,ABCA10,,9368,9368
7459,TRIP11,,2315,2315
7460,WDR82,,10785,10785
7461,LRCH4,,1343,1343
7462,CCDC58P3,,21800,-1
7463,AC010320.4,,21801,-1
7464,NBEA,,12806,12806
7465,IL36B,,7039,7039
7466,C1QTNF3,,1514,1514
7467,BDH1,,10176,10176
7468,OSTM1,,1480,1480
7469,FLT3,,5055,5055
7470,TFAP2C,,1697,1697
7471,PPP1R1B,,6252,6252
7472,NFE2L3,,659,659
7473,KRT8P31,,21802,-1
7474,NUDCD2,,12312,12312
7475,GSPT2,,15638,15638
7476,CSTF3,,13340,13340
7477,PPL,,4698,4698
7478,TMEM184B,,16370,16370
7479,LINC01031,,21803,-1
7480,SSR4,,14045,14045
7481,CACNB4,,14273,14273
7482,DPYS,,8659,8659
7483,NCAPG,,3585,3585
7484,AC006449.3,,21804,-1
7485,TSHZ1,,13929,13929
7486,AC140912.1,,21805,-1
7487,BAG1,,3294,3294
7488,MAFA,,14338,14338
7489,AC005324.3,,21806,-1
7490,LINC02102,,21807,-1
7491,AC005865.1,,21808,-1
7492,ANGPTL4,,11694,11694
7493,DICER1-AS1,,21809,-1
7494,WNK4,,5627,5627
7495,EPHB1,,9437,9437
7496,STX10,,2909,2909
7497,BLOC1S1,,6815,6815
7498,RPS11,,19038,-1
7499,AC104836.1,,21810,-1
7500,AKR1C1,,15209,15209
7501,RAB7B,,18331,18331
7502,PGR-AS1,,21811,-1
7503,MEIOC,,13975,13975
7504,AL662820.1,,21812,-1
7505,NCOA3,,5278,5278
7506,LINC02356,,21813,-1
7507,AC012313.8,,21814,-1
7508,AC009690.2,,21815,-1
7509,LINC01492,,21816,-1
7510,C1QTNF1,,12994,12994
7511,AC006160.1,,21817,-1
7512,RNF7,,4123,4123
7513,AC022335.1,,21818,-1
7514,AL807752.4,,21819,-1
7515,LINC02429,,21820,-1
7516,BST1,,3576,3576
7517,ZNF574,,3084,3084
7518,HLA-DRB5,,21821,-1
7519,AC025575.1,,21822,-1
7520,SEL1L3,,1871,1871
7521,CFAP45,,16999,16999
7522,GCC2,,6919,6919
7523,FREM1,,11021,11021
7524,AC036101.1,,21823,-1
7525,NHP2,,8440,8440
7526,CCT6B,,6295,6295
7527,LINC02097,,21824,-1
7528,NRXN1,,13915,13915
7529,EFHD2,,7954,7954
7530,ARID3A,,4376,4376
7531,AFG3L2,,7798,7798
7532,GNA14,,9547,9547
7533,NBPF7,,21825,-1
7534,AC078795.1,,21826,-1
7535,CFAP77,,15460,15460
7536,BPGM,,12691,12691
7537,ADCY10,,8029,8029
7538,MAP3K7,,6790,6790
7539,PPP3CA,,7460,7460
7540,RPL37,,18677,-1
7541,LINC01126,,21827,-1
7542,SAXO1,,9521,9521
7543,AC073957.1,,21828,-1
7544,MTMR3,,2193,2193
7545,LBR,,8155,8155
7546,CCDC102A,,6870,6870
7547,BUD31,,3168,3168
7548,TMEM219,,8911,8911
7549,TNFRSF10B,,4945,4945
7550,TSSC4,,14628,14628
7551,AC245054.1,,21829,-1
7552,PLXDC2,,4903,4903
7553,AC080112.1,,21830,-1
7554,PCP4,,14395,14395
7555,FAM72B,,15476,15476
7556,SLC6A18,,10881,10881
7557,NCKAP1,,808,808
7558,ZNF704,,10950,10950
7559,BBS5,,10477,10477
7560,IVNS1ABP,,4448,4448
7561,MGAT5,,9125,9125
7562,HIF1A-AS2,,21831,-1
7563,KCTD15,,9315,9315
7564,ANKRD19P,,21832,-1
7565,LINC00535,,21833,-1
7566,AC016152.1,,21834,-1
7567,TAF5L,,6881,6881
7568,AC093297.1,,21835,-1
7569,AC110491.2,,21836,-1
7570,DCST2,,10540,10540
7571,LINC00523,,21837,-1
7572,LRP11,,4866,4866
7573,NEURL2,,5315,5315
7574,PNMA3,,14558,14558
7575,SMLR1,,17980,17980
7576,AL021392.1,,21838,-1
7577,PPFIA2,,7505,7505
7578,PLEK2,,2263,2263
7579,BNIP3,,18822,-1
7580,AMZ2,,15838,15838
7581,LRRC37A5P,,21839,-1
7582,AL365205.1,,21840,-1
7583,FAM200B,,17605,17605
7584,TMEM169,,10564,10564
7585,SLC36A2,,15056,15056
7586,AL450226.1,,21841,-1
7587,RPL27,,18981,-1
7588,GLIPR1L1,,12896,12896
7589,DOK5,,2367,2367
7590,NME9,,14106,14106
7591,PLAC8,,8352,8352
7592,MOGS,,4258,4258
7593,MATR3.1,,21842,-1
7594,CUEDC1,,14048,14048
7595,ARHGEF37,,14408,14408
7596,ZNF300,,8438,8438
7597,SPAG17,,9511,9511
7598,CPSF2,,11245,11245
7599,LINC00326,,21843,-1
7600,LINGO2,,13075,13075
7601,ALG5,,4920,4920
7602,LINC00909,,19290,-1
7603,ANKRD20A9P,,21844,-1
7604,NOS1,,1776,1776
7605,PNPLA7,,6075,6075
7606,NECTIN4,,8031,8031
7607,AXL,,11631,11631
7608,AP005329.3,,21845,-1
7609,AC011933.3,,21846,-1
7610,PCM1,,1390,1390
7611,GPC6,,14407,14407
7612,METTL23,,14080,14080
7613,AC139491.2,,21847,-1
7614,S100A2,,15850,15850
7615,LINC01488,,21848,-1
7616,RAPGEF3,,1418,1418
7617,KRT79,,14901,14901
7618,AL355816.2,,21849,-1
7619,AP4S1,,2247,2247
7620,TSSK2,,16919,16919
7621,CGREF1,,7298,7298
7622,GIPC3,,13903,13903
7623,HCN2,,2056,2056
7624,HELQ,,10530,10530
7625,SPATA3,,12958,12958
7626,SH2B1,,13669,13669
7627,MLLT3,,12588,12588
7628,HIST1H4L,,21850,-1
7629,AK8,,11192,11192
7630,CXCL2,,1476,1476
7631,SLC12A6,,7633,7633
7632,AC006065.3,,21851,-1
7633,AP000974.1,,21852,-1
7634,LINC02269,,21853,-1
7635,AC087286.3,,21854,-1
7636,TMEM99,,11725,11725
7637,HSPD1P10,,21855,-1
7638,SIGLEC15,,15919,15919
7639,AC114730.1,,21856,-1
7640,TM9SF2,,5431,5431
7641,ZNF532,,1227,1227
7642,PXDC1,,11967,11967
7643,TULP2,,2871,2871
7644,PROM2,,9449,9449
7645,FAM9C,,15236,15236
7646,FOXO3,,4682,4682
7647,UQCRB,,9597,9597
7648,AL121985.1,,21857,-1
7649,ZIC2,,581,581
7650,ANO3,,6627,6627
7651,ATP5IF1,,6109,6109
7652,Z83818.2,,21858,-1
7653,AC007221.1,,21859,-1
7654,MORC2-AS1,,21860,-1
7655,DMD,,16457,16457
7656,EFHC2,,14516,14516
7657,LINC00511,,19288,-1
7658,ZNF486,,17983,17983
7659,AL022238.1,,21861,-1
7660,TRDN,,15073,15073
7661,PKP4,,8224,8224
7662,OSGIN1,,7747,7747
7663,ACAT2,,4887,4887
7664,GALT,,17088,17088
7665,CRYM,,2713,2713
7666,RPS10P7,,21862,-1
7667,LEMD1,,14985,14985
7668,AP002433.1,,21863,-1
7669,TAB2-AS1,,21864,-1
7670,FAAP100,,14873,14873
7671,IKZF3,,10184,10184
7672,AC083964.2,,21865,-1
7673,FRAS1,,7440,7440
7674,AC013470.2,,17394,17394
7675,DTX2P1,,21866,-1
7676,ALG10B,,13260,13260
7677,PIGA,,11080,11080
7678,STMN2,,2832,2832
7679,ZDHHC11B,,16904,16904
7680,AL162414.1,,21867,-1
7681,RNF126,,1081,1081
7682,DHX36,,13155,13155
7683,EPS8L1,,6152,6152
7684,AC025031.5,,21868,-1
7685,UGT1A7,,21869,-1
7686,ZNF213-AS1,,18948,-1
7687,UBL5,,16225,16225
7688,ADGRD1-AS1,,21870,-1
7689,FAM240A,,18439,18439
7690,HAPLN1,,8396,8396
7691,SRSF5,,2292,2292
7692,LINC00589,,21871,-1
7693,NUDT3,,18226,18226
7694,YTHDC1,,1564,1564
7695,NDST1,,1089,1089
7696,AACS,,1496,1496
7697,CBLB,,4150,4150
7698,SEC63P1,,21872,-1
7699,COL27A1,,15846,15846
7700,AC022540.1,,21873,-1
7701,AC099329.3,,21874,-1
7702,NLRP3P1,,21875,-1
7703,JRK,,17530,17530
7704,RPL21,,18891,-1
7705,TFCP2,,6822,6822
7706,ZNF254,,17001,17001
7707,XACT,,19097,-1
7708,FNTA,,11868,11868
7709,INSIG1,,15089,15089
7710,RNF167,,3429,3429
7711,ORMDL3,,12637,12637
7712,SLC6A3,,7917,7917
7713,AP005203.1,,21876,-1
7714,UGCG,,8702,8702
7715,AC003002.2,,21877,-1
7716,RBM47,,10655,10655
7717,PTPRF,,7985,7985
7718,SLC15A1,,1719,1719
7719,CLINT1,,4026,4026
7720,LY6E,,10139,10139
7721,RNF139-AS1,,21878,-1
7722,SSBP4,,6048,6048
7723,AP002981.1,,21879,-1
7724,AC100803.1,,21880,-1
7725,HSD11B2,,13385,13385
7726,PHF6,,9609,9609
7727,AC007003.1,,21881,-1
7728,LINC00685,,21882,-1
7729,CRTC2,,10109,10109
7730,KDM1A,,50,50
7731,NLGN1,,12131,12131
7732,NBPF1,,17267,17267
7733,AC073343.2,,21883,-1
7734,LINC01695,,21884,-1
7735,AC027612.2,,21885,-1
7736,FAM83E,,3032,3032
7737,SLC4A5,,15495,15495
7738,USF3,,13412,13412
7739,AC011498.7,,21886,-1
7740,AC008764.8,,21887,-1
7741,LINC01600,,21888,-1
7742,PRPSAP2,,7771,7771
7743,HPF1,,738,738
7744,ATP5F1D,,2039,2039
7745,MFSD3,,11667,11667
7746,CBR4,,8377,8377
7747,MRTO4,,692,692
7748,USP54,,11352,11352
7749,WASHC2A,,2023,2023
7750,CXXC5,,12537,12537
7751,CPXM2,,5040,5040
7752,TBL1X,,2498,2498
7753,LINC00472,,19227,-1
7754,ASTN2,,8712,8712
7755,BCL11B,,5685,5685
7756,SYT1,,989,989
7757,NKX2-5,,14402,14402
7758,SUCLA2P1,,21889,-1
7759,RXRB,,16579,16579
7760,ZNF725P,,21890,-1
7761,TMEM126A,,12444,12444
7762,SH3TC1,,5413,5413
7763,MINCR,,18788,-1
7764,AC034229.4,,21891,-1
7765,CDKL2,,7445,7445
7766,ZNF530,,14505,14505
7767,C21orf62,,21892,-1
7768,DNAJB3,,21893,-1
7769,LCNL1,,17138,17138
7770,CCND1,,3626,3626
7771,AC046130.1,,21894,-1
7772,HOGA1,,17697,17697
7773,MRPL18,,18737,-1
7774,IFI27L1,,11248,11248
7775,GRM5,,11964,11964
7776,AL118505.1,,21895,-1
7777,BPTF,,12545,12545
7778,MRPL46,,18936,-1
7779,AC016722.2,,21896,-1
7780,IGF2BP2-AS1,,21897,-1
7781,PPIF,,3386,3386
7782,KLHL30,,11844,11844
7783,IPO9-AS1,,21898,-1
7784,ZNF511,,16287,16287
7785,AL441992.1,,19242,-1
7786,ACAA2,,11575,11575
7787,PSG8,,21899,-1
7788,JPH1,,2820,2820
7789,LRR1,,11141,11141
7790,HOTAIR,,21900,-1
7791,HTR5BP,,21901,-1
7792,CCDC163,,18410,18410
7793,SCNN1A,,3756,3756
7794,CACNA1C,,8994,8994
7795,CDK17,,782,782
7796,TBX4,,4972,4972
7797,AC106900.1,,21902,-1
7798,KIAA0825,,14825,14825
7799,NUBP2,,1984,1984
7800,LATS1,,6151,6151
7801,ZNF738,,12762,12762
7802,AL139220.2,,21903,-1
7803,RTN4R,,554,554
7804,AL355574.1,,21904,-1
7805,MIR31HG,,19241,-1
7806,GJC1,,14376,14376
7807,AC078923.1,,21905,-1
7808,C1orf185,,16534,16534
7809,RFX5,,8072,8072
7810,C1orf158,,9694,9694
7811,TERC,,18205,18205
7812,AL354751.2,,21906,-1
7813,AL160236.2,,21907,-1
7814,HOXA-AS3,,21908,-1
7815,SYS1-DBNDD2,,21909,-1
7816,ASNSP1,,21910,-1
7817,PID1,,9311,9311
7818,CBX1,,3419,3419
7819,NEDD1,,7524,7524
7820,AC097662.1,,21911,-1
7821,LAMA3,,696,696
7822,HDGFL3,,11392,11392
7823,LINC00623,,18565,-1
7824,AL034549.1,,21912,-1
7825,AP001979.2,,21913,-1
7826,HNRNPA3P3,,21914,-1
7827,AC079340.2,,21915,-1
7828,ACP1,,8136,8136
7829,PSMB5,,2311,2311
7830,AP000911.2,,21916,-1
7831,BSN,,10768,10768
7832,AC025171.3,,21917,-1
7833,AC009022.1,,21918,-1
7834,ZIC1,,9231,9231
7835,AC015813.5,,21919,-1
7836,DDX17,,2143,2143
7837,PNMT,,7868,7868
7838,DDX27,,5306,5306
7839,AL021368.4,,21920,-1
7840,AC005288.1,,21921,-1
7841,TAS2R3,,21922,-1
7842,GPRIN2,,16565,16565
7843,ZNF767P,,21923,-1
7844,C7orf69,,21924,-1
7845,H2AFY2,,2022,2022
7846,SERPINB1,,394,394
7847,PDE4C,,3057,3057
7848,CSAG4,,21925,-1
7849,AKAP8L,,279,279
7850,DUSP8P5,,21926,-1
7851,CABP7,,2187,2187
7852,LINC01681,,21927,-1
7853,AP000472.1,,21928,-1
7854,CXXC4-AS1,,21929,-1
7855,AP001528.1,,21930,-1
7856,CDC37L1,,3271,3271
7857,LCMT1,,16848,16848
7858,PUS3,,3616,3616
7859,TSPO,,2182,2182
7860,AC109830.1,,21931,-1
7861,AC092952.1,,21932,-1
7862,RAB32,,4665,4665
7863,AC012370.2,,21933,-1
7864,PRSS55,,14702,14702
7865,RWDD4,,14299,14299
7866,MYPOP,,13353,13353
7867,MT-ATP8,,19100,-1
7868,RAP1B,,18874,-1
7869,AC100793.2,,21934,-1
7870,PCGF1,,4261,4261
7871,RBM27,,1849,1849
7872,PNKP,,19039,-1
7873,AC091198.1,,21935,-1
7874,AL021328.1,,21936,-1
7875,SAYSD1,,3883,3883
7876,AL391117.1,,21937,-1
7877,AC098617.1,,21938,-1
7878,FBXO21,,6751,6751
7879,CFHR5,,6635,6635
7880,CD47,,15854,15854
7881,PCDHGB2,,17908,17908
7882,MEIG1,,16126,16126
7883,DNAH9,,167,167
7884,CEP85L,,3842,3842
7885,CHRDL1,,2513,2513
7886,NEK5,,21939,-1
7887,BRICD5,,14326,14326
7888,KHDRBS3,,6253,6253
7889,CTRL,,7767,7767
7890,CBL,,3652,3652
7891,BUB1B,,9651,9651
7892,AC009404.1,,21940,-1
7893,FAM20A,,3493,3493
7894,NFU1,,12096,12096
7895,ATP5MDP1,,21941,-1
7896,AC244669.2,,21942,-1
7897,POF1B,,5334,5334
7898,FAT3,,11107,11107
7899,ATXN1,,5393,5393
7900,AC023906.5,,21943,-1
7901,RPH3AL,,14077,14077
7902,MCPH1-AS1,,21944,-1
7903,SPTLC3,,12684,12684
7904,PPFIBP1,,3692,3692
7905,EIF4G1,,4201,4201
7906,AC139530.1,,19004,-1
7907,AC092567.1,,21945,-1
7908,C17orf100,,18000,18000
7909,CALHM5,,13644,13644
7910,ARF5,,44,44
7911,GYPE,,16022,16022
7912,ATP6V1C2,,8170,8170
7913,MED1,,5490,5490
7914,GLIDR,,21946,-1
7915,AC073610.3,,21947,-1
7916,AC138150.1,,21948,-1
7917,AF254983.1,,21949,-1
7918,RUNX1T1,,1404,1404
7919,KCNMB3,,12422,12422
7920,KLC4,,7143,7143
7921,ACTR10,,6277,6277
7922,DHODH,,2649,2649
7923,CLIP3,,2972,2972
7924,TEC,,6848,6848
7925,AL596220.1,,21950,-1
7926,FAM160A1,,10810,10810
7927,TRMT61A,,11300,11300
7928,ZNF736,,17523,17523
7929,FYCO1,,10696,10696
7930,C15orf61,,15612,15612
7931,LINC01705,,21951,-1
7932,PDE6G,,14881,14881
7933,TSEN2,,9418,9418
7934,EXOSC1,,12468,12468
7935,AC091114.1,,21952,-1
7936,TNNI3,,5970,5970
7937,BEX4,,2590,2590
7938,UBE2A,,1354,1354
7939,LINC01339,,21953,-1
7940,CASC11,,21954,-1
7941,CR936218.1,,21955,-1
7942,NECTIN1,,3653,3653
7943,HGH1,,17544,17544
7944,TLE2,,916,916
7945,LINC02109,,21956,-1
7946,MEG9,,21957,-1
7947,RASGEF1A,,16440,16440
7948,MAPKAPK5-AS1,,18881,-1
7949,CCDC151,,16161,16161
7950,HIST1H4C,,15924,15924
7951,AL160313.1,,21958,-1
7952,BMS1P12,,21959,-1
7953,BEX5,,14679,14679
7954,TDGF1P6,,21960,-1
7955,GPX1,,21961,-1
7956,LAMA4,,3973,3973
7957,FRK,,3832,3832
7958,UBE2Q2P12,,21962,-1
7959,RPL34P21,,21963,-1
7960,DNAJC27-AS1,,21964,-1
7961,POLR3F,,6380,6380
7962,AL138789.1,,21965,-1
7963,PMEL,,14907,14907
7964,EPB41,,9889,9889
7965,INAFM2,,18050,18050
7966,ME1,,919,919
7967,OGDHL,,16015,16015
7968,LMNB1,,4039,4039
7969,BGLT3,,21966,-1
7970,AKR1C2,,9064,9064
7971,LTF,,308,308
7972,PTPRG-AS1,,21967,-1
7973,AL136295.1,,21968,-1
7974,AC098591.1,,21969,-1
7975,MYH16,,21970,-1
7976,PLCD3,,10212,10212
7977,AAR2,,6154,6154
7978,INPP4B,,3547,3547
7979,PMS2P4,,21971,-1
7980,C4orf54,,17820,17820
7981,AC245140.2,,21972,-1
7982,SUV39H1,,2515,2515
7983,FAXDC2,,12232,12232
7984,ADAMTS6,,637,637
7985,LINC01099,,21973,-1
7986,AL928654.1,,21974,-1
7987,OXCT1,,1552,1552
7988,HMMR,,1157,1157
7989,AL365226.2,,21975,-1
7990,PAAF1,,13266,13266
7991,AC020687.1,,21976,-1
7992,NUPL2,,21977,-1
7993,TGIF2,,4686,4686
7994,MDC1,,7174,7174
7995,HYI,,13768,13768
7996,SUZ12,,13734,13734
7997,PRKX-AS1,,21978,-1
7998,TXNRD2,,14667,14667
7999,PTPRQ,,7516,7516
8000,POMGNT2,,8275,8275
8001,BTG3,,9405,9405
8002,LINC01001,,21979,-1
8003,AC009948.3,,21980,-1
8004,AL136320.1,,21981,-1
8005,ABRAXAS1,,10532,10532
8006,LEKR1,,16155,16155
8007,AC136352.4,,21982,-1
8008,ZPLD1,,12190,12190
8009,ZNF706,,4959,4959
8010,KCTD5,,11737,11737
8011,C12orf42,,13804,13804
8012,RF00017.118,,21983,-1
8013,C22orf39,,17709,17709
8014,AL355303.1,,21984,-1
8015,DPH6-DT,,21985,-1
8016,ZNF302,,1780,1780
8017,AC092802.1,,21986,-1
8018,DCAF4L2,,13416,13416
8019,PLEKHA8,,3156,3156
8020,KIF23,,7253,7253
8021,DMAC1,,7116,7116
8022,MARS2,,17806,17806
8023,GRIP1,,9537,9537
8024,CISD2,,8362,8362
8025,TEX22,,17386,17386
8026,PDIA2,,14893,14893
8027,C1orf189,,10519,10519
8028,AC044797.1,,21987,-1
8029,PDCL3,,4306,4306
8030,NCALD,,2837,2837
8031,MIR4453HG,,21988,-1
8032,IRF2BP2,,11803,11803
8033,SNRNP35,,14614,14614
8034,LAMTOR5,,6601,6601
8035,NF1,,15841,15841
8036,NBPF3,,7974,7974
8037,AC093620.1,,21989,-1
8038,GBP4,,10364,10364
8039,LINC02341,,21990,-1
8040,EIF5,,2294,2294
8041,AC007182.1,,21991,-1
8042,AC108010.1,,21992,-1
8043,AC093330.1,,21993,-1
8044,AC022400.4,,21994,-1
8045,AC115837.2,,21995,-1
8046,HIBADH,,3148,3148
8047,MIR122HG,,21996,-1
8048,SLC45A2,,10821,10821
8049,LINC01934,,21997,-1
8050,SLC41A1,,6452,6452
8051,AL645465.1,,21998,-1
8052,FAM222A,,7537,7537
8053,PRSS3,,259,259
8054,AC007563.1,,21999,-1
8055,LINC00240,,22000,-1
8056,RYR2,,16310,16310
8057,SYCP2L,,9254,9254
8058,COG7,,11845,11845
8059,LINC02038,,22001,-1
8060,FHL2,,4323,4323
8061,RN7SL1,,22002,-1
8062,AL596218.1,,22003,-1
8063,SEMA3D,,9330,9330
8064,HNRNPDL,,9214,9214
8065,SULF1,,7212,7212
8066,AL353807.3,,22004,-1
8067,LINC01127,,22005,-1
8068,AC096558.1,,22006,-1
8069,TACC3,,337,337
8070,AGER,,16596,16596
8071,HSD17B11,,16214,16214
8072,AFF2,,9535,9535
8073,AC009403.1,,18766,-1
8074,AL133410.1,,22007,-1
8075,GSG1L,,12006,12006
8076,SLC12A9-AS1,,22008,-1
8077,TNFRSF25,,17239,17239
8078,MAPKBP1,,7250,7250
8079,SMN2,,19181,-1
8080,MTND6P21,,22009,-1
8081,LINC01307,,22010,-1
8082,MIIP,,4452,4452
8083,SPIN2B,,15131,15131
8084,EBAG9,,8662,8662
8085,AC017033.1,,22011,-1
8086,GLUD1P2,,22012,-1
8087,AC090004.1,,22013,-1
8088,HMGXB3,,4082,4082
8089,RAD54B,,15976,15976
8090,HDC,,7645,7645
8091,FLRT1,,5620,5620
8092,MUM1,,22014,-1
8093,DCLK3,,10648,10648
8094,LAMB2,,12634,12634
8095,ST6GAL2,,8199,8199
8096,GRAMD1C,,13650,13650
8097,AL139241.1,,22015,-1
8098,N6AMT1,,9571,9571
8099,WASHC3,,4941,4941
8100,TP53I11,,13212,13212
8101,PCDHB11,,16026,16026
8102,AL589684.1,,22016,-1
8103,TMEM30CP,,22017,-1
8104,JUNB,,12452,12452
8105,AL109918.1,,22018,-1
8106,C15orf53,,22019,-1
8107,ADH1A,,15308,15308
8108,ZNF549,,4995,4995
8109,AC004053.1,,22020,-1
8110,EDN1,,1381,1381
8111,CLTB,,13238,13238
8112,AL118558.1,,22021,-1
8113,ANPEP,,11457,11457
8114,DIRC2,,22022,-1
8115,ADHFE1,,8650,8650
8116,TSC1,,11194,11194
8117,TTLL9,,6155,6155
8118,ALOX12P1,,22023,-1
8119,AC245297.3,,18568,-1
8120,AC010789.1,,22024,-1
8121,HSD17B12,,8812,8812
8122,ILK,,11345,11345
8123,DEPTOR,,9512,9512
8124,HIST2H2BF,,19143,-1
8125,ANKRD33B,,10837,10837
8126,ZNF688,,17443,17443
8127,AP003555.2,,22025,-1
8128,PYGB,,2344,2344
8129,H3F3A,,10464,10464
8130,AL035681.1,,22026,-1
8131,ACYP2,,12325,12325
8132,AC026202.2,,22027,-1
8133,ADCK2,,6510,6510
8134,ZADH2,,13932,13932
8135,MR1,,18580,-1
8136,RAB25,,6392,6392
8137,MRPL34,,19023,-1
8138,BMPR1A,,3338,3338
8139,NDUFS3,,17053,17053
8140,LINC02540,,22028,-1
8141,LINC02484,,22029,-1
8142,THEM6,,5998,5998
8143,ATP5F1E,,5284,5284
8144,ZFAND2A,,13695,13695
8145,HOTAIRM1,,18741,-1
8146,CORO1C,,3699,3699
8147,PCDHA1,,16762,16762
8148,AC023302.1,,22030,-1
8149,AL583836.1,,22031,-1
8150,SLC2A8,,7074,7074
8151,MPPED2,,943,943
8152,OARD1,,5362,5362
8153,LINC01775,,22032,-1
8154,CCDC40,,7828,7828
8155,CRAMP1,,186,186
8156,EZH1,,3471,3471
8157,AC006329.1,,18756,-1
8158,AC025211.1,,22033,-1
8159,ABCE1,,10814,10814
8160,AC005304.1,,22034,-1
8161,AC019294.1,,22035,-1
8162,AC113382.2,,22036,-1
8163,SERPINA3,,15668,15668
8164,LRRK1,,9364,9364
8165,BRD9,,459,459
8166,ATG12,,8418,8418
8167,LILRB4,,15142,15142
8168,FHOD1,,6869,6869
8169,TAPT1-AS1,,22037,-1
8170,SIX4,,2285,2285
8171,AL121890.2,,22038,-1
8172,PINK1,,9872,9872
8173,OCIAD2,,8348,8348
8174,FADD,,11760,11760
8175,TNS1,,1414,1414
8176,AC092720.1,,22039,-1
8177,DENND4B,,16396,16396
8178,VPS18,,2790,2790
8179,LINC01511,,22040,-1
8180,FGF18,,9593,9593
8181,ICK,,3878,3878
8182,PCK2,,2324,2324
8183,TACO1,,7007,7007
8184,NR3C2,,9063,9063
8185,COQ8A,,10466,10466
8186,AL158151.1,,22041,-1
8187,AP002992.1,,22042,-1
8188,AC019205.1,,22043,-1
8189,BOK,,13436,13436
8190,ABCA2,,3301,3301
8191,GCLC,,8,8
8192,AC091078.3,,22044,-1
8193,CTU2,,13032,13032
8194,BMP2K,,7437,7437
8195,RAB3GAP1,,4348,4348
8196,PDPK2P,,22045,-1
8197,NBEAL1,,8243,8243
8198,AC138028.2,,22046,-1
8199,RAB9B,,5223,5223
8200,DHRS9,,1199,1199
8201,TLR2,,7190,7190
8202,LINC01912,,22047,-1
8203,RPAP2,,5096,5096
8204,BCOR,,14449,14449
8205,AC012640.2,,22048,-1
8206,CYP1B1-AS1,,22049,-1
8207,PSMC1,,2307,2307
8208,QTRT1,,17023,17023
8209,PRKCH,,450,450
8210,TMEM245,,3250,3250
8211,FGF2,,7424,7424
8212,LINC01798,,22050,-1
8213,SLC30A10,,15827,15827
8214,AC138356.1,,22051,-1
8215,AC092811.2,,22052,-1
8216,PDCD1LG2,,16068,16068
8217,USP2,,520,520
8218,NKIRAS1,,16123,16123
8219,SLC25A21,,14392,14392
8220,AL590637.1,,22053,-1
8221,AP005329.1,,22054,-1
8222,MUC4,,8334,8334
8223,AL390066.1,,22055,-1
8224,TINCR,,17346,17346
8225,CEP97,,14288,14288
8226,AC027808.2,,22056,-1
8227,BEX3,,11426,11426
8228,C17orf97,,15279,15279
8229,CROCCP2,,22057,-1
8230,AC120036.1,,22058,-1
8231,ARNT,,8082,8082
8232,PRRT1,,16600,16600
8233,ATP1A1,,10553,10553
8234,SPHK1,,13351,13351
8235,BEND6,,9106,9106
8236,AC245884.10,,22059,-1
8237,VIM,,441,441
8238,AP000266.1,,22060,-1
8239,KCTD7,,17735,17735
8240,YME1L1,,7054,7054
8241,ANXA6,,15916,15916
8242,LMLN,,14895,14895
8243,HTRA1,,11268,11268
8244,NTSR1,,2382,2382
8245,ZBTB46,,6064,6064
8246,ATF1,,5186,5186
8247,HDAC2-AS2,,22061,-1
8248,ASCC3,,3901,3901
8249,AC026894.1,,22062,-1
8250,AC106047.1,,22063,-1
8251,SLC25A5,,73,73
8252,FXYD4,,8921,8921
8253,AC016493.1,,22064,-1
8254,ADGRE3,,6197,6197
8255,DOPEY1,,22065,-1
8256,MRPL49,,18841,-1
8257,ARAP1-AS2,,22066,-1
8258,PDZPH1P,,22067,-1
8259,HMGB1P40,,22068,-1
8260,LY86-AS1,,22069,-1
8261,CD55,,15728,15728
8262,MICB,,16657,16657
8263,PPIL4,,6146,6146
8264,CSE1L,,5295,5295
8265,TLL2,,22070,-1
8266,GTSCR1,,22071,-1
8267,DCUN1D5,,7226,7226
8268,SLC35E2A,,17240,17240
8269,ZNF566,,14988,14988
8270,CERS4,,1835,1835
8271,AL603840.1,,22072,-1
8272,SNX8,,3173,3173
8273,BAZ2B,,5234,5234
8274,AC011445.1,,22073,-1
8275,AC084816.1,,22074,-1
8276,HPN,,3077,3077
8277,FRMD6-AS2,,22075,-1
8278,SSX6,,22076,-1
8279,LINC01503,,22077,-1
8280,RAB17,,5402,5402
8281,AF241726.2,,22078,-1
8282,STARD13,,6468,6468
8283,AC036222.1,,22079,-1
8284,ETV7,,241,241
8285,AC105265.3,,22080,-1
8286,AC234782.3,,22081,-1
8287,COQ10B,,4301,4301
8288,STARD13-AS,,22082,-1
8289,MSS51,,11350,11350
8290,AC013640.1,,22083,-1
8291,RGL3,,16838,16838
8292,LGALS8,,4497,4497
8293,AC090589.2,,22084,-1
8294,AP005717.1,,22085,-1
8295,TEX15,,6542,6542
8296,MAP3K10,,6104,6104
8297,RABEP1,,468,468
8298,GCC2-AS1,,22086,-1
8299,COPZ2,,86,86
8300,AC018647.2,,18743,-1
8301,LINC01701,,22087,-1
8302,HTR3C,,13652,13652
8303,PMM1,,2229,2229
8304,HS3ST5,,17839,17839
8305,SEC23B,,2416,2416
8306,KAT2B,,4126,4126
8307,AL121760.1,,22088,-1
8308,DCLK2,,12263,12263
8309,CYB561,,207,207
8310,SEC24B-AS1,,22089,-1
8311,AKAP8,,2940,2940
8312,ACSL4,,1010,1010
8313,MIR4300HG,,22090,-1
8314,AC021054.1,,22091,-1
8315,SAR1AP3,,22092,-1
8316,UBE2Q2P1,,22093,-1
8317,AC245052.1,,22094,-1
8318,PSME1,,1891,1891
8319,AL360181.1,,22095,-1
8320,CNTRL,,4738,4738
8321,DOCK5,,8634,8634
8322,CCDC149,,14196,14196
8323,SPRR3,,10505,10505
8324,TRIM39,,16682,16682
8325,ERLEC1,,1028,1028
8326,RABGGTA,,2336,2336
8327,IFI35,,1002,1002
8328,AL034347.1,,22096,-1
8329,AP000721.2,,22097,-1
8330,ERCC1,,303,303
8331,FAT1,,1563,1563
8332,TMEM161B-AS1,,18689,-1
8333,ANKRD34A,,18224,18224
8334,CELSR1,,1255,1255
8335,AL353743.4,,22098,-1
8336,BCRP3,,22099,-1
8337,AC007529.1,,22100,-1
8338,AC007728.1,,22101,-1
8339,ZDHHC1,,9974,9974
8340,LINC02399,,22102,-1
8341,SMIM3,,17984,17984
8342,IL1A,,4214,4214
8343,FEM1B,,11971,11971
8344,PGBD2,,14816,14816
8345,CPNE8,,7477,7477
8346,CEP192,,2479,2479
8347,LINC00877,,22103,-1
8348,IRF3,,5613,5613
8349,ZNRF2,,13961,13961
8350,NECTIN3-AS1,,22104,-1
8351,AL513478.2,,22105,-1
8352,RASGRF2-AS1,,22106,-1
8353,BIN3,,8630,8630
8354,KRBA1,,6513,6513
8355,AL158212.2,,22107,-1
8356,KRT6A,,16824,16824
8357,OASL,,6753,6753
8358,ZFAND6,,1650,1650
8359,ZNF185,,8621,8621
8360,HIVEP1,,18706,-1
8361,ZFAT,,959,959
8362,TSPAN14,,3388,3388
8363,WDR24,,5728,5728
8364,AC006487.2,,22108,-1
8365,TNFRSF13B,,17651,17651
8366,POP7,,12692,12692
8367,CPLX1,,11966,11966
8368,AL049543.1,,22109,-1
8369,AC079801.1,,19058,-1
8370,YLPM1,,18914,-1
8371,CEBPA,,17799,17799
8372,PRAL,,22110,-1
8373,LINC01611,,22111,-1
8374,HLA-F-AS1,,22112,-1
8375,B4GALNT2,,11521,11521
8376,ERLIN2,,8637,8637
8377,GPR68,,4789,4789
8378,POLR3A,,8764,8764
8379,SH2B2,,10153,10153
8380,AC007448.2,,22113,-1
8381,CLDN1,,10536,10536
8382,LCA5,,6789,6789
8383,NKAP,,2503,2503
8384,AC010967.1,,22114,-1
8385,DENND3,,2984,2984
8386,RHPN1,,9783,9783
8387,AC090630.1,,22115,-1
8388,AMN,,11284,11284
8389,AC105999.2,,22116,-1
8390,SP140,,1412,1412
8391,AC008060.3,,22117,-1
8392,OTP,,12524,12524
8393,ALDH1A1,,11052,11052
8394,PIK3C2B,,6449,6449
8395,SEPT3,,22118,-1
8396,AMY2B,,17638,17638
8397,C6orf132,,15384,15384
8398,ADAP2,,14589,14589
8399,F2RL1,,10841,10841
8400,MREG,,4634,4634
8401,LEMD3,,13018,13018
8402,RHOBTB3,,10853,10853
8403,UPK1B,,4169,4169
8404,CPNE2,,7730,7730
8405,AC010615.4,,22119,-1
8406,RASSF7,,2059,2059
8407,NXPH1,,5109,5109
8408,MARCH4,,8265,8265
8409,POLR2M,,17963,17963
8410,FNBP1L,,7282,7282
8411,RAB11FIP5,,6852,6852
8412,SIK2,,12206,12206
8413,GOLGA4,,18633,-1
8414,AC100861.1,,22120,-1
8415,EPB41L4B,,1959,1959
8416,IL4R,,1333,1333
8417,AP000911.1,,22121,-1
8418,ALDH1A2,,5867,5867
8419,TWISTNB,,3102,3102
8420,STOML3,,6465,6465
8421,SGPP2,,10474,10474
8422,AC019068.1,,22122,-1
8423,AC062004.1,,22123,-1
8424,SMG1,,9668,9668
8425,SMN1,,22124,-1
8426,NDEL1,,11412,11412
8427,UBE2S,,3383,3383
8428,OMD,,5680,5680
8429,CXXC4,,11914,11914
8430,CTNND1,,16292,16292
8431,AC010343.3,,22125,-1
8432,LINC01029,,22126,-1
8433,TAF3,,11171,11171
8434,URAHP,,22127,-1
8435,SSR2,,10573,10573
8436,PGLYRP4,,10509,10509
8437,NMI,,5231,5231
8438,AC013451.2,,22128,-1
8439,AC093297.2,,22129,-1
8440,GRM4,,5345,5345
8441,AC073210.1,,22130,-1
8442,AC078785.1,,22131,-1
8443,IGSF8,,10383,10383
8444,ATXN10,,6071,6071
8445,FAM41C,,22132,-1
8446,AC131009.2,,22133,-1
8447,SRRM3,,22134,-1
8448,AC093535.2,,22135,-1
8449,EXOC3L4,,16827,16827
8450,ATXN7,,10636,10636
8451,AC015912.1,,22136,-1
8452,PEBP1,,1772,1772
8453,AL096828.3,,22137,-1
8454,HILPDA,,6770,6770
8455,SLC26A4,,1858,1858
8456,AF241728.1,,22138,-1
8457,AL138963.3,,22139,-1
8458,BROX,,10410,10410
8459,OR13A1,,17993,17993
8460,H1FX,,14739,14739
8461,CACNA2D4,,8992,8992
8462,RERGL,,3770,3770
8463,LPGAT1,,5236,5236
8464,SCHIP1,,9112,9112
8465,MOB3B,,4856,4856
8466,AL133523.1,,22140,-1
8467,TRMT112,,12841,12841
8468,AP001010.1,,22141,-1
8469,RNF183,,11077,11077
8470,TMEM189,,17661,17661
8471,AC040162.1,,22142,-1
8472,PIK3IP1-AS1,,22143,-1
8473,OXNAD1,,9426,9426
8474,AC092535.3,,22144,-1
8475,SLC18A1,,519,519
8476,FAM120AOS,,15553,15553
8477,SSSCA1,,22145,-1
8478,TDRD6,,13947,13947
8479,BZW1,,1512,1512
8480,AL512413.1,,22146,-1
8481,ADGRG1,,16815,16815
8482,PTCSC3,,22147,-1
8483,POLG,,7688,7688
8484,SNX17,,4247,4247
8485,AURKAIP1,,13288,13288
8486,LINC01905,,22148,-1
8487,SLC9C2,,10393,10393
8488,EIF2S2,,5568,5568
8489,OCEL1,,2026,2026
8490,AC004771.1,,22149,-1
8491,RAD51B,,14232,14232
8492,LINC01415,,22150,-1
8493,CREG2,,13307,13307
8494,INO80E,,12093,12093
8495,C2orf54,,22151,-1
8496,TBXAS1,,776,776
8497,AC004160.1,,22152,-1
8498,AKR1C3,,15669,15669
8499,SLC9B1P4,,22153,-1
8500,COL12A1,,3829,3829
8501,ZNF226,,11587,11587
8502,MOCS1,,5367,5367
8503,AC090791.1,,22154,-1
8504,CECR2,,2074,2074
8505,ASH1L-AS1,,18574,-1
8506,ST18,,8640,8640
8507,AC005476.2,,22155,-1
8508,AC046185.3,,22156,-1
8509,AC116003.1,,22157,-1
8510,TMEM265,,18414,18414
8511,PTPN2,,13230,13230
8512,AC010638.1,,22158,-1
8513,AL138885.3,,22159,-1
8514,DNAJC19P9,,22160,-1
8515,SHLD2,,5084,5084
8516,ZNRF3-AS1,,22161,-1
8517,PRPF38A,,6684,6684
8518,MSL1,,15543,15543
8519,SP4,,3109,3109
8520,LINC00972,,22162,-1
8521,KIAA1324,,4415,4415
8522,LNX1,,1145,1145
8523,DUBR,,19213,-1
8524,CD300LB,,13749,13749
8525,CARD8-AS1,,19035,-1
8526,APPBP2,,823,823
8527,TAF4,,6081,6081
8528,TBL2,,3237,3237
8529,AC008946.1,,22163,-1
8530,AL583722.4,,22164,-1
8531,MCM3,,3874,3874
8532,RNPEP,,13387,13387
8533,AC068533.4,,22165,-1
8534,ACTR8,,4098,4098
8535,AL513314.2,,22166,-1
8536,AC000099.1,,22167,-1
8537,AC093162.2,,22168,-1
8538,DECR1,,2810,2810
8539,AL021707.2,,22169,-1
8540,AF121898.1,,22170,-1
8541,IL7,,2831,2831
8542,ATP1B4,,2507,2507
8543,UFSP2,,3581,3581
8544,OSM,,2082,2082
8545,OSTN-AS1,,22171,-1
8546,SMAD9,,4917,4917
8547,AC073834.1,,22172,-1
8548,TNKS,,12879,12879
8549,CREB3,,3287,3287
8550,CYP4F26P,,22173,-1
8551,NDUFA3,,12374,12374
8552,AL136295.2,,22174,-1
8553,NOP58,,722,722
8554,MCOLN1,,1836,1836
8555,TPCN1,,15141,15141
8556,DPF1,,285,285
8557,FKBP6,,1356,1356
8558,NRSN2,,5528,5528
8559,PDHA1,,6259,6259
8560,DHX57,,10506,10506
8561,AC006159.2,,22175,-1
8562,CCDC71L,,17886,17886
8563,AC105446.1,,22176,-1
8564,PGAM1P5,,22177,-1
8565,GCNT1,,15225,15225
8566,RNF26,,12909,12909
8567,MAML3,,15857,15857
8568,LINC02518,,22178,-1
8569,RBBP6,,5077,5077
8570,DRAM1,,6934,6934
8571,SCO2,,18463,18463
8572,CREG1,,8015,8015
8573,AL499605.1,,22179,-1
8574,KIAA0930,,2210,2210
8575,AC022182.1,,22180,-1
8576,MTND1P8,,22181,-1
8577,NLRP1,,1877,1877
8578,DDX5,,3451,3451
8579,AC010809.1,,22182,-1
8580,MYH14,,2988,2988
8581,AC012349.1,,22183,-1
8582,NUDT13,,11341,11341
8583,AC244154.1,,22184,-1
8584,AL132655.1,,22185,-1
8585,ACSS2,,6163,6163
8586,ARHGEF39,,7137,7137
8587,WWTR1,,370,370
8588,BCL6B,,10232,10232
8589,DPP10,,13250,13250
8590,EHF,,6797,6797
8591,TIMM44,,2928,2928
8592,KCNK13,,9152,9152
8593,APBB1IP,,1342,1342
8594,DGAT2,,816,816
8595,NFIL3,,11040,11040
8596,PTBP3,,4728,4728
8597,MUC2,,16368,16368
8598,GATA1,,2554,2554
8599,PRPF4B,,3968,3968
8600,TACSTD2,,14629,14629
8601,AC005291.1,,22186,-1
8602,RN7SL395P,,22187,-1
8603,CCDC34,,3593,3593
8604,AC068599.1,,22188,-1
8605,OR51B5,,11581,11581
8606,MMGT1,,12069,12069
8607,RHD,,15185,15185
8608,GSTA10P,,22189,-1
8609,FOXO4,,14670,14670
8610,DHX34,,6699,6699
8611,ACSS1,,9438,9438
8612,KIAA1217,,4901,4901
8613,STK32B,,9228,9228
8614,ZNF615,,16061,16061
8615,LSM8,,5817,5817
8616,MSC-AS1,,19239,-1
8617,INTS6,,2618,2618
8618,SCMH1,,265,265
8619,ZNF847P,,22190,-1
8620,TSNAXIP1,,2640,2640
8621,GCM2,,5400,5400
8622,TSC2,,2693,2693
8623,AC011389.2,,22191,-1
8624,SYT14,,8089,8089
8625,ARGLU1,,6713,6713
8626,AC087500.1,,22192,-1
8627,CTTNBP2,,1323,1323
8628,KLHL22,,2067,2067
8629,TAF7,,13764,13764
8630,C2orf74,,17602,17602
8631,C3orf79,,22193,-1
8632,LINC00092,,22194,-1
8633,ANGEL1,,329,329
8634,FAM96B,,22195,-1
8635,NPIPB12,,22196,-1
8636,RNASEH1-AS1,,18591,-1
8637,DGKG,,775,775
8638,GTF2IRD2B,,13063,13063
8639,N4BP3,,8439,8439
8640,VAV3,,6593,6593
8641,AC007952.3,,22197,-1
8642,AL590705.1,,22198,-1
8643,AC005208.1,,22199,-1
8644,C12orf65,,6132,6132
8645,AC097634.1,,22200,-1
8646,EIF1B-AS1,,22201,-1
8647,LINC01876,,22202,-1
8648,PLK2,,8392,8392
8649,CELSR2,,8006,8006
8650,MAMLD1,,335,335
8651,AC136475.1,,22203,-1
8652,AC006017.1,,22204,-1
8653,AC020916.1,,19292,-1
8654,TIMM8B,,8970,8970
8655,AC005746.2,,22205,-1
8656,SPDYE2,,19183,-1
8657,C2orf83,,568,568
8658,AC138649.5,,22206,-1
8659,ATPAF1,,5211,5211
8660,CCNB1IP1,,2314,2314
8661,SPG11,,2788,2788
8662,GSTM2,,17026,17026
8663,AC092979.1,,22207,-1
8664,ATP6AP1L,,16832,16832
8665,CCT2,,11319,11319
8666,ANTXR2,,10529,10529
8667,AC010615.2,,22208,-1
8668,SLC45A3,,9854,9854
8669,SERPINB13,,16067,16067
8670,MAN1A2,,16204,16204
8671,TDGF1P5,,22209,-1
8672,SERBP1P5,,22210,-1
8673,LINC01287,,22211,-1
8674,DIO2,,16940,16940
8675,AC002091.1,,22212,-1
8676,HS3ST1,,23,23
8677,CHD7,,12470,12470
8678,SFRP4,,3210,3210
8679,KRT36,,5606,5606
8680,PTMAP5,,22213,-1
8681,SOCS2,,4939,4939
8682,GEMIN6,,9129,9129
8683,TRPV3,,11676,11676
8684,PSMD10,,2495,2495
8685,MUS81,,12770,12770
8686,IMPACT,,9337,9337
8687,OACYLP,,22214,-1
8688,WWC2-AS2,,22215,-1
8689,BEST3,,5695,5695
8690,RUNX1,,9917,9917
8691,CFL1P6,,22216,-1
8692,LRRC45,,12110,12110
8693,MED7,,9520,9520
8694,PROX1,,4599,4599
8695,DSG4,,13171,13171
8696,CD48,,4515,4515
8697,FADS1,,8860,8860
8698,LINC02506,,18656,-1
8699,VTRNA1-3,,22217,-1
8700,MRPS31P2,,22218,-1
8701,AC009107.2,,19283,-1
8702,DDX10,,13656,13656
8703,IARS,,15716,15716
8704,SLC43A2,,11670,11670
8705,AP003306.1,,22219,-1
8706,AC106864.2,,22220,-1
8707,SLC25A22,,13568,13568
8708,SMC1B,,1357,1357
8709,GFOD1,,8451,8451
8710,CRIP2,,14346,14346
8711,AP002754.1,,22221,-1
8712,AL591845.1,,22222,-1
8713,AC107068.1,,22223,-1
8714,ANGPTL5,,15214,15214
8715,AC126323.1,,22224,-1
8716,IFT20,,3509,3509
8717,HEATR6,,1003,1003
8718,SLC16A2,,8578,8578
8719,SULT4A1,,6057,6057
8720,DUSP28,,15463,15463
8721,AC126474.1,,22225,-1
8722,CCDC130,,2918,2918
8723,MORF4L1P5,,22226,-1
8724,PKN2-AS1,,22227,-1
8725,FAM169A,,16364,16364
8726,SALL2,,11222,11222
8727,AC234771.2,,22228,-1
8728,PCSK2,,5535,5535
8729,SLC39A6,,7802,7802
8730,FBXW4,,3347,3347
8731,STAG3L5P-PVRIG2P-PILRB,,22229,-1
8732,LINC02137,,22230,-1
8733,AC009779.2,,22231,-1
8734,KCNA2,,13529,13529
8735,SNRPD3,,2095,2095
8736,LINC01049,,22232,-1
8737,RPL9P9,,22233,-1
8738,PCDHGA9,,18096,18096
8739,AL592164.1,,22234,-1
8740,IGSF11-AS1,,22235,-1
8741,CCDC144B,,22236,-1
8742,AL603839.3,,22237,-1
8743,PDE4B,,14692,14692
8744,AL132780.1,,22238,-1
8745,CLDN16,,4106,4106
8746,LEPROT,,17054,17054
8747,CARD10,,2106,2106
8748,LTB4R2,,17081,17081
8749,FAM122C,,9602,9602
8750,AF127936.1,,22239,-1
8751,ESR1,,1885,1885
8752,IQUB,,10948,10948
8753,LINC01117,,22240,-1
8754,FP565260.1,,18298,18298
8755,GPRIN1,,12034,12034
8756,AC013452.1,,22241,-1
8757,AC078883.1,,22242,-1
8758,GALK1,,3422,3422
8759,PRR7-AS1,,22243,-1
8760,ROCK2,,6620,6620
8761,KMT2D,,11616,11616
8762,AC009292.2,,22244,-1
8763,FAM86EP,,22245,-1
8764,SPATA32,,14645,14645
8765,NLRX1,,10104,10104
8766,CRADD,,12051,12051
8767,GNPTAB,,3799,3799
8768,SYN3,,14908,14908
8769,PFDN6,,16576,16576
8770,BMPR2,,16574,16574
8771,AC051619.6,,22246,-1
8772,AL049649.1,,22247,-1
8773,ZNF280A,,12083,12083
8774,PRTG,,11379,11379
8775,AC079340.1,,22248,-1
8776,RPUSD2,,11287,11287
8777,SRPRB,,8311,8311
8778,AL035071.2,,22249,-1
8779,RANBP6,,7117,7117
8780,AC008467.1,,22250,-1
8781,RRM2B,,623,623
8782,AC003006.1,,22251,-1
8783,TADA2B,,12826,12826
8784,CREB3L1,,9728,9728
8785,PTOV1-AS2,,22252,-1
8786,CPT1A,,3625,3625
8787,HHATL,,249,249
8788,AL139353.1,,22253,-1
8789,SLC30A3,,4238,4238
8790,AP002478.1,,22254,-1
8791,LINC00613,,22255,-1
8792,MRM1,,18378,18378
8793,THBS2,,15057,15057
8794,CMIP,,9308,9308
8795,ALG1L2,,22256,-1
8796,XYLT1,,2735,2735
8797,NFKBIZ,,8296,8296
8798,ERVMER61-1,,18581,-1
8799,PPP1R12A,,765,765
8800,COL11A2,,16582,16582
8801,AL357507.1,,22257,-1
8802,LINC02426,,22258,-1
8803,KIZ,,1746,1746
8804,AL355102.2,,22259,-1
8805,DOK1,,4270,4270
8806,LINC01559,,22260,-1
8807,AL122035.2,,22261,-1
8808,MZF1,,2025,2025
8809,MT-ATP6,,16432,16432
8810,BICD2,,14975,14975
8811,AC007639.1,,22262,-1
8812,GPRC5A,,334,334
8813,LINC00663,,22263,-1
8814,POU6F1,,14625,14625
8815,ZWINT,,5151,5151
8816,LINC01712,,22264,-1
8817,LRRC36,,9972,9972
8818,NDUFV2-AS1,,22265,-1
8819,AP000317.2,,22266,-1
8820,ZRANB2,,6351,6351
8821,MCUR1,,660,660
8822,NPRL2,,4146,4146
8823,ARID1B,,648,648
8824,PEX5,,7499,7499
8825,ZNF343,,1739,1739
8826,RPP25L,,11026,11026
8827,AC100858.3,,22267,-1
8828,SP2-AS1,,22268,-1
8829,ACSM5P1,,22269,-1
8830,DNAJC27,,4229,4229
8831,RETREG2,,8262,8262
8832,FDPS,,10111,10111
8833,CBR1,,9920,9920
8834,AC109460.2,,22270,-1
8835,AC087521.3,,22271,-1
8836,STEAP4,,5758,5758
8837,AC091057.2,,22272,-1
8838,AC006333.1,,22273,-1
8839,TRMT2A,,2065,2065
8840,SYF2,,4588,4588
8841,AC120114.1,,22274,-1
8842,SEMA7A,,7405,7405
8843,AC090833.1,,22275,-1
8844,NDUFC2-KCTD14,,22276,-1
8845,TDH,,22277,-1
8846,CRIP3,,8481,8481
8847,PCDHA10,,17846,17846
8848,NKD1,,7723,7723
8849,MYO15B,,18147,18147
8850,FAM86DP,,22278,-1
8851,NCOA7,,3854,3854
8852,AC095032.1,,22279,-1
8853,CARM1P1,,22280,-1
8854,AC079466.1,,19028,-1
8855,PEX7,,3924,3924
8856,AC105233.4,,22281,-1
8857,PPP2R2A,,17304,17304
8858,CCNT2-AS1,,22282,-1
8859,LINC02043,,22283,-1
8860,HSPA12A,,11229,11229
8861,WASH7P,,22284,-1
8862,NAXE,,10548,10548
8863,GSDMC,,8671,8671
8864,LINC01518,,22285,-1
8865,NAT9,,3505,3505
8866,AC006449.6,,18977,-1
8867,OAS3,,3760,3760
8868,UGT2B4,,9551,9551
8869,EHHADH,,4094,4094
8870,AC073464.1,,22286,-1
8871,CRYGN,,5701,5701
8872,TNFRSF6B,,17742,17742
8873,ENC1,,12542,12542
8874,TSR3,,184,184
8875,SYT13,,381,381
8876,MTSS1,,12365,12365
8877,DAGLB,,10918,10918
8878,AP005061.1,,22287,-1
8879,GRAMD2B,,9474,9474
8880,LINC00896,,22288,-1
8881,MPP2,,3484,3484
8882,FAM155A,,16638,16638
8883,PDCD5,,2951,2951
8884,AC009262.1,,22289,-1
8885,AC012184.2,,22290,-1
8886,AC025181.2,,18675,-1
8887,TTC32,,14570,14570
8888,SMIM11B,,22291,-1
8889,AC009065.6,,22292,-1
8890,C18orf54,,11463,11463
8891,TJP1,,2783,2783
8892,CDC27,,65,65
8893,CD302,,17680,17680
8894,TFP1,,22293,-1
8895,GTF2H4,,17070,17070
8896,LINC01792,,22294,-1
8897,HIST3H2BB,,15882,15882
8898,ADAMTS16,,8385,8385
8899,SLCO5A1,,7211,7211
8900,AC112497.1,,22295,-1
8901,AC048382.2,,22296,-1
8902,AC005070.3,,22297,-1
8903,AL606468.1,,22298,-1
8904,PTGES,,8730,8730
8905,CCDC28A,,430,430
8906,ECT2,,4139,4139
8907,IKBIP,,11286,11286
8908,SLC30A1,,12262,12262
8909,TECTA,,3599,3599
8910,SPN,,16024,16024
8911,ANKFN1,,9321,9321
8912,TRAPPC11,,11871,11871
8913,AC007298.1,,22299,-1
8914,AC060809.1,,22300,-1
8915,RRBP1,,5530,5530
8916,RTN4IP1,,6026,6026
8917,AC091133.1,,22301,-1
8918,PRICKLE3,,307,307
8919,NUDT19P5,,22302,-1
8920,LIPC,,11269,11269
8921,BLMH,,3437,3437
8922,NR1H4,,310,310
8923,AC103591.3,,22303,-1
8924,ERG28,,6548,6548
8925,LHFPL6,,14524,14524
8926,AC135050.2,,22304,-1
8927,AC005329.1,,22305,-1
8928,EPHA4,,4385,4385
8929,NDUFA8,,4745,4745
8930,VEGFC,,8951,8951
8931,PCDHGA5,,17894,17894
8932,AL390957.1,,22306,-1
8933,SLC7A6,,2672,2672
8934,PLD2,,5901,5901
8935,IFFO1,,251,251
8936,AC109466.1,,22307,-1
8937,TMEM132D-AS1,,22308,-1
8938,LRPPRC,,7321,7321
8939,AC087280.1,,22309,-1
8940,DHX9,,6886,6886
8941,FAM219B,,13744,13744
8942,AL161757.4,,22310,-1
8943,TIMM22,,13537,13537
8944,AC092620.1,,22311,-1
8945,NUDT12,,3985,3985
8946,AL358232.1,,22312,-1
8947,MROH5,,22313,-1
8948,PSKH1,,9983,9983
8949,KLHDC3,,5375,5375
8950,FNBP1P1,,22314,-1
8951,DLD,,1860,1860
8952,GLT8D1,,362,362
8953,GALNS,,7756,7756
8954,PHB2,,17194,17194
8955,AC007342.4,,22315,-1
8956,H2AFZ,,10753,10753
8957,SIPA1L1,,16039,16039
8958,NEGR1,,12676,12676
8959,CRYZL2P,,22316,-1
8960,AC084033.3,,22317,-1
8961,AC125611.3,,22318,-1
8962,CDH18,,8384,8384
8963,GRXCR2,,16746,16746
8964,AL049629.2,,22319,-1
8965,HARBI1,,13987,13987
8966,BAG6,,16642,16642
8967,FAM49B,,9275,9275
8968,LINC02050,,22320,-1
8969,GPR87,,7349,7349
8970,FAM213B,,22321,-1
8971,ATP8B4,,2777,2777
8972,AL391840.1,,22322,-1
8973,EFCAB13,,13758,13758
8974,AL023754.1,,22323,-1
8975,PYROXD1,,4989,4989
8976,BRD1,,2232,2232
8977,AC027018.1,,22324,-1
8978,HIPK2,,856,856
8979,AC004830.1,,22325,-1
8980,CCPG1,,18074,18074
8981,COL6A4P1,,22326,-1
8982,MTMR11,,345,345
8983,KCNK2,,1523,1523
8984,UQCRH,,12950,12950
8985,CAPN13,,10439,10439
8986,TNRC6C,,1391,1391
8987,AC017083.3,,22327,-1
8988,AC106786.2,,22328,-1
8989,AF064860.1,,22329,-1
8990,ATIC,,7361,7361
8991,DNM2,,1433,1433
8992,SCML4,,8496,8496
8993,ATP6V0E2-AS1,,22330,-1
8994,COMMD7,,8884,8884
8995,PCDHGA10,,17906,17906
8996,TRPM1,,6584,6584
8997,ITGAL,,104,104
8998,SLC5A8,,18002,18002
8999,AC105460.1,,22331,-1
9000,SMIM15,,15503,15503
9001,SHISA3,,13691,13691
9002,PTCHD3P2,,22332,-1
9003,ZCRB1,,7488,7488
9004,TTC39C,,11796,11796
9005,AC005280.1,,22333,-1
9006,MPP6,,3117,3117
9007,DPM2,,7092,7092
9008,MDN1,,3881,3881
9009,STEAP2-AS1,,22334,-1
9010,AC092691.1,,22335,-1
9011,KIF3B,,2430,2430
9012,B3GALT6,,13326,13326
9013,SYNPO,,12624,12624
9014,FAM120B,,3950,3950
9015,PUSL1,,12175,12175
9016,PRPF39,,14821,14821
9017,SELPLG,,3698,3698
9018,AC116049.2,,22336,-1
9019,TAF8,,7183,7183
9020,AL035658.1,,22337,-1
9021,NUP62CL,,16184,16184
9022,HES4,,15417,15417
9023,WASH6P,,22338,-1
9024,PARP12,,777,777
9025,AC008937.2,,22339,-1
9026,RGS4,,4525,4525
9027,NFATC2IP,,13473,13473
9028,AC005515.1,,22340,-1
9029,MKRN2,,1289,1289
9030,WSB1,,3500,3500
9031,AC011092.2,,22341,-1
9032,LOXL1,,5879,5879
9033,CYB561D2,,4147,4147
9034,PLS3-AS1,,22342,-1
9035,SRA1,,17044,17044
9036,C19orf81,,17537,17537
9037,GAPLINC,,22343,-1
9038,NABP2,,7553,7553
9039,SMPD1,,11338,11338
9040,AC103923.1,,22344,-1
9041,GLB1,,12230,12230
9042,MMP7,,7222,7222
9043,AC104758.3,,22345,-1
9044,NAP1L2,,15082,15082
9045,USP3,,7671,7671
9046,SUPT3H,,15712,15712
9047,ZSCAN12P1,,22346,-1
9048,ZNF594,,14011,14011
9049,SPAG1,,2835,2835
9050,TMEM8A,,5962,5962
9051,TRIM44,,11343,11343
9052,VGF,,5819,5819
9053,UBE3D,,4653,4653
9054,TRIM29,,7228,7228
9055,DDX12P,,22347,-1
9056,AP001029.1,,22348,-1
9057,AL928654.3,,22349,-1
9058,RPN1,,10720,10720
9059,CLSTN3,,7493,7493
9060,CYP1B1,,7307,7307
9061,SCIN,,153,153
9062,FAM20C,,13602,13602
9063,RCAN3,,4587,4587
9064,AL132765.1,,22350,-1
9065,PTPRH,,1441,1441
9066,AC129510.2,,22351,-1
9067,FAM86C2P,,22352,-1
9068,MVD,,11605,11605
9069,GCHFR,,7279,7279
9070,C6orf141,,15972,15972
9071,DNAJB1P1,,22353,-1
9072,AC114284.1,,22354,-1
9073,ZNF778,,12200,12200
9074,SFN,,13297,13297
9075,OLFML3,,4472,4472
9076,AC012645.2,,22355,-1
9077,CLDN11,,321,321
9078,TBC1D9,,3545,3545
9079,AC008555.8,,22356,-1
9080,IFNL1,,14274,14274
9081,CLEC12A,,12689,12689
9082,AL513165.1,,22357,-1
9083,TMEM206,,22358,-1
9084,MEIKIN,,17622,17622
9085,C8orf37-AS1,,22359,-1
9086,CTNS,,553,553
9087,SMAD5,,4080,4080
9088,REC114,,14448,14448
9089,TMEM266,,12130,12130
9090,CDC42EP5,,11638,11638
9091,UBE2V2P4,,22360,-1
9092,LINC02045,,22361,-1
9093,AC073254.1,,22362,-1
9094,SAPCD1,,17432,17432
9095,PM20D2,,8494,8494
9096,ADPRHL2,,4486,4486
9097,SLC29A4,,10939,10939
9098,MMEL1,,7945,7945
9099,PEX1,,5760,5760
9100,AC012158.1,,22363,-1
9101,CENPH,,9238,9238
9102,SEPT1,,22364,-1
9103,LINC01521,,22365,-1
9104,AL139353.2,,22366,-1
9105,RPL35AP35,,22367,-1
9106,EMX2OS,,22368,-1
9107,DCUN1D1,,579,579
9108,AL033504.1,,22369,-1
9109,NRIP1,,14000,14000
9110,NPIPA1,,22370,-1
9111,AC087623.2,,22371,-1
9112,PCTP,,7773,7773
9113,CSRP2,,13193,13193
9114,CYBA,,676,676
9115,TPTE2P3,,22372,-1
9116,SLC7A5,,2704,2704
9117,PDGFRL,,2796,2796
9118,RTL6,,15484,15484
9119,THAP8,,10178,10178
9120,AC108047.1,,22373,-1
9121,FBP2,,6140,6140
9122,VPS50,,54,54
9123,ARHGEF6,,5951,5951
9124,TCF19,,7171,7171
9125,CRIM1,,8978,8978
9126,AC006449.2,,22374,-1
9127,AC010894.3,,22375,-1
9128,FSD1,,2969,2969
9129,ZCCHC3,,17803,17803
9130,DDHD1,,2257,2257
9131,PHF7,,18638,-1
9132,LINC02028,,22376,-1
9133,AL163540.1,,22377,-1
9134,CSPG5,,4170,4170
9135,LINC00865,,22378,-1
9136,AL139246.4,,22379,-1
9137,CSDE1,,227,227
9138,CEP70,,4118,4118
9139,C14orf93,,2310,2310
9140,ZNF19,,9707,9707
9141,MYO18A,,15791,15791
9142,MAP3K3,,16435,16435
9143,HYAL3,,15134,15134
9144,AC069368.1,,22380,-1
9145,AC069503.1,,22381,-1
9146,AL050344.1,,22382,-1
9147,RNA5S9,,22383,-1
9148,AC104581.2,,22384,-1
9149,ANKRD62,,14141,14141
9150,ASB6,,8723,8723
9151,MLLT11,,17009,17009
9152,ARL16,,17111,17111
9153,AL391684.1,,22385,-1
9154,ZFHX2-AS1,,22386,-1
9155,UXT,,5640,5640
9156,OXR1,,10989,10989
9157,LINC00368,,22387,-1
9158,LINC01510,,22388,-1
9159,DCDC1,,12392,12392
9160,SAMSN1-AS1,,22389,-1
9161,GTF2H3,,3766,3766
9162,LINC02505,,22390,-1
9163,SKAP2,,72,72
9164,C17orf80,,7777,7777
9165,COX20,,16475,16475
9166,PRSS12,,10788,10788
9167,CNGA3,,8212,8212
9168,RAB4B,,11626,11626
9169,HCG4,,22391,-1
9170,KLF7,,4639,4639
9171,CXorf40A,,16062,16062
9172,AC016831.5,,19236,-1
9173,UBE2V1P6,,22392,-1
9174,PIK3CA,,5036,5036
9175,CNN2,,866,866
9176,LINC00305,,22393,-1
9177,HELZ,,16226,16226
9178,GMPPB,,12923,12923
9179,GDF3,,14638,14638
9180,C15orf48,,11486,11486
9181,ALPG,,10524,10524
9182,SRRM2,,11738,11738
9183,AL356218.1,,22394,-1
9184,PLEKHM2,,4475,4475
9185,PRKN,,14847,14847
9186,CTDNEP1,,13301,13301
9187,DNAL1,,4773,4773
9188,LMF2,,2165,2165
9189,WDR11-AS1,,22395,-1
9190,HMCN1,,8055,8055
9191,AC097451.1,,22396,-1
9192,PLPP5,,8644,8644
9193,GGCX,,4296,4296
9194,ZNF256,,9168,9168
9195,MKS1,,276,276
9196,PTTG1,,10932,10932
9197,AC073342.1,,22397,-1
9198,GSDME,,3118,3118
9199,PPM1E,,13191,13191
9200,AC010326.2,,22398,-1
9201,LINC00470,,19007,-1
9202,EPGN,,14308,14308
9203,CCND2,,4706,4706
9204,AC096576.2,,22399,-1
9205,AC090527.3,,22400,-1
9206,ATP10D,,8347,8347
9207,IQSEC1,,8284,8284
9208,AC009113.1,,22401,-1
9209,PRDX3,,11183,11183
9210,LRRC37A2,,17607,17607
9211,FZD6,,11013,11013
9212,AC011337.1,,22402,-1
9213,ZNF641,,11611,11611
9214,TMEM269,,18267,18267
9215,TMEM35A,,5671,5671
9216,GXYLT1P4,,22403,-1
9217,NR4A1,,5195,5195
9218,AF127577.1,,22404,-1
9219,MT-TV,,22405,-1
9220,BOP1,,18078,18078
9221,RBM18,,4747,4747
9222,CD99,,22,22
9223,PRKACB,,7980,7980
9224,SCN1B,,3079,3079
9225,FNDC4,,4244,4244
9226,ALOX12P2,,22406,-1
9227,NIT2,,4111,4111
9228,UBE3C,,228,228
9229,ZNF16,,12322,12322
9230,LILRA2,,17636,17636
9231,CNBD2,,19115,-1
9232,TIMM13,,2049,2049
9233,COL22A1,,12066,12066
9234,RANBP1,,19075,-1
9235,AC004076.1,,22407,-1
9236,IQGAP2,,8401,8401
9237,FRMD5,,12601,12601
9238,AL109918.3,,22408,-1
9239,JPH3,,9345,9345
9240,ZNF529,,14989,14989
9241,GAS8,,7757,7757
9242,AC093155.2,,22409,-1
9243,VIM-AS1,,22410,-1
9244,CD109,,9610,9610
9245,FOLH1B,,22411,-1
9246,LINC01926,,22412,-1
9247,RAN,,18888,-1
9248,CSTF2T,,13581,13581
9249,SCN8A,,15880,15880
9250,TM6SF2,,17100,17100
9251,AF130359.1,,22413,-1
9252,PSAP,,16087,16087
9253,NOTUM,,14829,14829
9254,AC009314.1,,22414,-1
9255,AKIP1,,11381,11381
9256,MORF4L2,,5221,5221
9257,NIPSNAP3A,,7056,7056
9258,GJC2,,16394,16394
9259,DEFB116,,17229,17229
9260,AMMECR1,,2512,2512
9261,EYS,,15383,15383
9262,RNU4-25P,,22415,-1
9263,HLA-H,,22416,-1
9264,AL020996.1,,22417,-1
9265,RPS5,,19047,-1
9266,AL133325.3,,22418,-1
9267,TTBK1,,8482,8482
9268,GAST,,14676,14676
9269,ADAMTSL5,,14929,14929
9270,MAFB,,16551,16551
9271,BCL2L11,,9247,9247
9272,AP003472.1,,22419,-1
9273,AC130469.1,,22420,-1
9274,LRRC27,,8786,8786
9275,PPP4R3B,,18284,18284
9276,TRAF3IP3,,235,235
9277,ACAD9,,13585,13585
9278,TPH2,,7512,7512
9279,AL121655.1,,22421,-1
9280,SACS,,9095,9095
9281,AL807752.6,,22422,-1
9282,AC027559.1,,22423,-1
9283,AP000446.1,,22424,-1
9284,PGM5,,9378,9378
9285,HAUS1,,9142,9142
9286,KHDC1,,6780,6780
9287,LUCAT1,,19223,-1
9288,ZBTB10,,16794,16794
9289,AC112722.1,,22425,-1
9290,SKAP1,,7783,7783
9291,C2orf66,,15346,15346
9292,AC114550.2,,22426,-1
9293,MPC2,,8014,8014
9294,TRMT10C,,13030,13030
9295,EDAR,,6917,6917
9296,ZNF451,,3889,3889
9297,MTFR1L,,4593,4593
9298,RRP15,,983,983
9299,CRIP1,,17004,17004
9300,ANKS4B,,13218,13218
9301,RASSF6,,12065,12065
9302,ZNF883,,18505,18505
9303,COCH,,2246,2246
9304,LRRC8C-DT,,22427,-1
9305,PLAC8L1,,12873,12873
9306,AC008663.1,,22428,-1
9307,IL6ST,,6628,6628
9308,ZNF621,,12802,12802
9309,GPRC5B,,11550,11550
9310,TBC1D10A,,2084,2084
9311,ABHD11,,3153,3153
9312,MME,,15796,15796
9313,IQANK1,,16470,16470
9314,CELA3A,,7973,7973
9315,MIR2117HG,,22429,-1
9316,NAA40,,3668,3668
9317,GAGE1,,16866,16866
9318,SPATA17,,10408,10408
9319,INO80-AS1,,22430,-1
9320,AC015936.1,,22431,-1
9321,USP35,,4648,4648
9322,PUS1,,13514,13514
9323,AC008764.1,,22432,-1
9324,DSCAM,,12533,12533
9325,PHOSPHO2,,8234,8234
9326,ERI1,,2848,2848
9327,ANKRD18DP,,22433,-1
9328,CAPNS1,,5596,5596
9329,AP003396.1,,22434,-1
9330,AL122125.1,,22435,-1
9331,LRFN4,,12944,12944
9332,HIGD1A,,14082,14082
9333,KLRC1,,6658,6658
9334,NXN,,11664,11664
9335,UQCC3,,16744,16744
9336,DMRTA2,,7966,7966
9337,AC104333.3,,22436,-1
9338,SMG1P6,,22437,-1
9339,CREB5,,8529,8529
9340,TOB1-AS1,,22438,-1
9341,TENM1,,230,230
9342,EP400P1,,22439,-1
9343,ZC3H18,,9836,9836
9344,AC135178.2,,22440,-1
9345,SNRPA,,1338,1338
9346,AL592114.3,,22441,-1
9347,RPS14P4,,22442,-1
9348,LINC01788,,22443,-1
9349,AC018521.1,,22444,-1
9350,AC010531.5,,22445,-1
9351,TRGV9,,22446,-1
9352,KCNQ5,,14928,14928
9353,TMEM134,,12757,12757
9354,AC010503.4,,22447,-1
9355,AC104852.1,,22448,-1
9356,RUNDC3A-AS1,,22449,-1
9357,ZNF385B,,8229,8229
9358,KRT78,,12269,12269
9359,PHB,,11524,11524
9360,TRPM6,,4715,4715
9361,NPIPB13,,22450,-1
9362,OR6A2,,14750,14750
9363,WSCD2,,1241,1241
9364,AC127029.2,,22451,-1
9365,ITGB7,,7561,7561
9366,TAB2,,728,728
9367,NOP2,,3790,3790
9368,PCDH17,,4702,4702
9369,SSH2,,7786,7786
9370,FNDC7,,8002,8002
9371,ACVR1C,,5233,5233
9372,ST8SIA2,,7699,7699
9373,LRIT3,,14463,14463
9374,C5orf66,,22452,-1
9375,PDE4A,,926,926
9376,RHOD,,12848,12848
9377,CERNA1,,22453,-1
9378,UGT2B7,,12455,12455
9379,LMNB2,,13423,13423
9380,ORC6,,1880,1880
9381,CDK12,,11563,11563
9382,LRP1,,5199,5199
9383,CHMP2B,,1565,1565
9384,ZBTB46-AS1,,22454,-1
9385,EFNB1,,1838,1838
9386,PACRGL,,10488,10488
9387,RFK,,6731,6731
9388,DTWD2,,12090,12090
9389,EIF2S2P4,,22455,-1
9390,FEZF1-AS1,,22456,-1
9391,DBIP2,,22457,-1
9392,LTB4R,,17080,17080
9393,OXCT1-AS1,,22458,-1
9394,PPM1G,,4249,4249
9395,GRK1,,14979,14979
9396,CCDC102B,,8952,8952
9397,CCDC170,,4867,4867
9398,DNAAF3,,11651,11651
9399,ZNF576,,5336,5336
9400,ATP11C,,2521,2521
9401,TSHZ2,,14282,14282
9402,AL139383.1,,22459,-1
9403,GNAS-AS1,,22460,-1
9404,PLEKHA4,,3038,3038
9405,PLA2G4A,,4457,4457
9406,PFKFB1,,9841,9841
9407,HCFC1,,12740,12740
9408,EXOC3,,13946,13946
9409,STX5,,10273,10273
9410,AC018742.1,,22461,-1
9411,CA9,,3284,3284
9412,COQ2,,12838,12838
9413,PADI2,,4517,4517
9414,LINC01399,,22462,-1
9415,TRIM47,,6350,6350
9416,AC007731.2,,22463,-1
9417,SNX19P2,,22464,-1
9418,CORO2B,,2756,2756
9419,EPOR,,19020,-1
9420,RSPH3,,6029,6029
9421,SMIM27,,17550,17550
9422,DUSP5,,7338,7338
9423,AC060765.1,,22465,-1
9424,GLYR1,,7708,7708
9425,ADPRM,,12219,12219
9426,MARK2,,1156,1156
9427,RPL29P30,,22466,-1
9428,AL162258.2,,22467,-1
9429,PDGFD,,12394,12394
9430,SAMD3,,10906,10906
9431,ST6GALNAC6,,10074,10074
9432,GAA,,12463,12463
9433,S1PR2,,18159,18159
9434,SLC34A1,,6183,6183
9435,GABRA5,,15046,15046
9436,B4GALT1,,1631,1631
9437,ZNF296,,12332,12332
9438,PHGDH,,1920,1920
9439,LINC02241,,22468,-1
9440,TLR4,,7080,7080
9441,GBP3,,4532,4532
9442,GABRB1,,10525,10525
9443,AKAP12,,6148,6148
9444,RPL23AP43,,22469,-1
9445,AL731563.3,,22470,-1
9446,VGLL3,,16932,16932
9447,FBF1,,15540,15540
9448,ENTPD1-AS1,,18819,-1
9449,L1CAM,,16436,16436
9450,DMAC2,,2985,2985
9451,FOXO1,,8977,8977
9452,SPTBN1,,4265,4265
9453,AL132796.3,,22471,-1
9454,KBTBD8,,10545,10545
9455,ACSM6,,12844,12844
9456,SOX21-AS1,,22472,-1
9457,MTR,,4500,4500
9458,NDUFB9,,8668,8668
9459,SOSTDC1,,12458,12458
9460,ZBTB32,,298,298
9461,TTC28-AS1,,19079,-1
9462,AC021180.1,,22473,-1
9463,KCTD9,,2865,2865
9464,CELF1,,8826,8826
9465,ZYX,,9984,9984
9466,ZNF516,,2466,2466
9467,HSD17B8,,16578,16578
9468,BTN2A2,,5348,5348
9469,FOSB,,5498,5498
9470,AC009630.1,,22474,-1
9471,RAB36,,2156,2156
9472,CORO1B,,12767,12767
9473,REEP6,,4251,4251
9474,AC074091.1,,22475,-1
9475,KMT2C,,732,732
9476,IL7R,,11900,11900
9477,AC110597.1,,22476,-1
9478,AC245033.1,,22477,-1
9479,MAK16,,16170,16170
9480,MARCH1,,8373,8373
9481,P2RY6,,12544,12544
9482,AP000561.1,,22478,-1
9483,SNORA26,,22479,-1
9484,LINC00471,,22480,-1
9485,TPD52,,1305,1305
9486,LINC01134,,22481,-1
9487,FBXW12,,10762,10762
9488,RFX4,,3824,3824
9489,PRDX1,,4559,4559
9490,NPHS2,,4407,4407
9491,AMDHD2,,10253,10253
9492,ARAP3,,4875,4875
9493,RILP,,11671,11671
9494,RAD54L,,1628,1628
9495,AC137810.1,,22482,-1
9496,PHLDB1,,377,377
9497,ANO4,,9055,9055
9498,BOLA2,,18956,-1
9499,AC092343.1,,22483,-1
9500,C1orf159,,6231,6231
9501,LINC02263,,22484,-1
9502,GRID2,,9134,9134
9503,AC092295.1,,22485,-1
9504,AL035587.1,,22486,-1
9505,AC010325.3,,22487,-1
9506,LINC01549,,22488,-1
9507,AL021707.1,,22489,-1
9508,HECTD2,,11109,11109
9509,AL133367.1,,22490,-1
9510,C9orf24,,11028,11028
9511,UROD,,5582,5582
9512,PLEKHF1,,11335,11335
9513,AC105052.3,,22491,-1
9514,AL357033.3,,22492,-1
9515,ZFP62,,15831,15831
9516,ZNF449,,12880,12880
9517,AC012184.3,,22493,-1
9518,EPB41L1,,1718,1718
9519,DSC3,,6690,6690
9520,SP6,,15590,15590
9521,BBOX1-AS1,,18834,-1
9522,CGAS,,10896,10896
9523,POLR2D,,8221,8221
9524,AL592078.1,,22494,-1
9525,AC008074.1,,22495,-1
9526,AL138828.1,,22496,-1
9527,ZIC5,,7590,7590
9528,HERC2,,5851,5851
9529,USP26,,6665,6665
9530,AC115622.1,,22497,-1
9531,SH2D4B,,13674,13674
9532,GTF2IP23,,22498,-1
9533,TMEM155,,10795,10795
9534,SOX2-OT,,22499,-1
9535,PHYH,,3314,3314
9536,MKRN3,,13856,13856
9537,ZNF571,,13996,13996
9538,MTF2,,7994,7994
9539,MLX,,3468,3468
9540,BHMT2,,6415,6415
9541,IQCN,,6051,6051
9542,SERPINB8,,11364,11364
9543,ZNF197,,15077,15077
9544,PWRN4,,22500,-1
9545,DARS-AS1,,22501,-1
9546,AL031316.1,,22502,-1
9547,MT-CO2,,16334,16334
9548,CWF19L1,,1970,1970
9549,MAGEF1,,13540,13540
9550,SNORD3B-2,,22503,-1
9551,FBXO44,,6423,6423
9552,SPRYD4,,13395,13395
9553,TRMT6,,1770,1770
9554,MEOX1,,77,77
9555,CRAT,,1964,1964
9556,MYL2,,3741,3741
9557,AC027644.3,,18753,-1
9558,AL137145.2,,22504,-1
9559,TMEM56,,22505,-1
9560,KRT5,,14999,14999
9561,AP001207.3,,22506,-1
9562,BCAT1,,802,802
9563,AC011442.1,,22507,-1
9564,PCBP1-AS1,,18597,-1
9565,DUS3L,,7887,7887
9566,EPHX3,,2941,2941
9567,AC007785.3,,22508,-1
9568,ITGA9,,8280,8280
9569,AC026803.2,,22509,-1
9570,LINC00592,,22510,-1
9571,MATN1,,10320,10320
9572,NT5E,,6784,6784
9573,CBX4,,7850,7850
9574,ALKBH3,,11312,11312
9575,AVIL,,6805,6805
9576,FTL,,1666,1666
9577,PHLDA3,,13049,13049
9578,LFNG,,3136,3136
9579,FBXL12,,5709,5709
9580,WDR83,,5174,5174
9581,PLCB2,,7266,7266
9582,OR8B8,,15943,15943
9583,DNAH17-AS1,,22511,-1
9584,ISG20,,12661,12661
9585,GPR162,,17859,17859
9586,EDIL3,,10822,10822
9587,COA4,,14187,14187
9588,GPD1L,,9194,9194
9589,HTR2A,,2594,2594
9590,PAQR3,,10526,10526
9591,PFN2,,1068,1068
9592,UCK2,,8020,8020
9593,ABI1,,7053,7053
9594,SUCLG2P2,,22512,-1
9595,PAK3,,1335,1335
9596,APBA3,,19107,-1
9597,AC007620.2,,22513,-1
9598,MAMDC2,,11048,11048
9599,GHRLOS,,22514,-1
9600,AC009133.3,,22515,-1
9601,TRIM3,,3632,3632
9602,PGBD5,,13582,13582
9603,XKR6,,12403,12403
9604,RPS6KA4,,19174,-1
9605,PPP2R5C,,1377,1377
9606,PDK3,,997,997
9607,ZGLP1,,17272,17272
9608,PCDHGB3,,22516,-1
9609,MANEA,,12727,12727
9610,UBXN11,,9777,9777
9611,AC007271.1,,22517,-1
9612,MTFR2,,8509,8509
9613,GSKIP,,2305,2305
9614,THSD7A,,78,78
9615,DHRS4L2,,15281,15281
9616,DHRS1,,9701,9701
9617,HIST2H2BE,,14709,14709
9618,MKLN1,,5824,5824
9619,NME2,,17749,17749
9620,LINC02444,,22518,-1
9621,LINC00907,,22519,-1
9622,DAND5,,13835,13835
9623,RGL4,,9955,9955
9624,LINC00598,,22520,-1
9625,CPEB2,,7188,7188
9626,FLYWCH1,,19127,-1
9627,AC004980.3,,22521,-1
9628,PTGER4,,12521,12521
9629,PLEKHO1,,425,425
9630,PANCR,,22522,-1
9631,POLR2C,,2653,2653
9632,IRAK4,,16160,16160
9633,ANK1,,465,465
9634,PSENEN,,16791,16791
9635,AC138123.1,,22523,-1
9636,CCDC157,,15335,15335
9637,TNFRSF10C,,12922,12922
9638,WARS,,7629,7629
9639,RWDD3,,5093,5093
9640,OGFOD2,,3758,3758
9641,GSTA9P,,22524,-1
9642,ORAI1,,18317,18317
9643,AC002310.2,,22525,-1
9644,LRTOMT,,14598,14598
9645,TMEM117,,7489,7489
9646,AC067930.3,,22526,-1
9647,HELLS,,4829,4829
9648,KLF16,,5961,5961
9649,AC131888.1,,22527,-1
9650,LAMTOR1,,8848,8848
9651,RBCK1,,5523,5523
9652,ZNF658B,,22528,-1
9653,PRKRIP1,,18757,-1
9654,NUB1,,324,324
9655,AC139720.1,,22529,-1
9656,PPP2R2C,,1213,1213
9657,AP002518.2,,22530,-1
9658,ACVR1,,4236,4236
9659,RPS3,,18853,-1
9660,AK1,,3270,3270
9661,THBS1,,7249,7249
9662,NFYA,,9,9
9663,NPAS1,,6102,6102
9664,CRX,,2999,2999
9665,KAZN-AS1,,22531,-1
9666,CCDC82,,8831,8831
9667,EBP,,8593,8593
9668,FOXM1,,3734,3734
9669,AL603832.1,,22532,-1
9670,SERINC5,,10857,10857
9671,AL033519.2,,22533,-1
9672,SGF29,,13404,13404
9673,KCMF1,,13393,13393
9674,BATF3,,5237,5237
9675,GCNT7,,5264,5264
9676,AC124944.1,,22534,-1
9677,GALC,,721,721
9678,PCMT1,,4868,4868
9679,IBA57-DT,,22535,-1
9680,RETSAT,,571,571
9681,FLNB,,6938,6938
9682,STON1,,17731,17731
9683,CIDECP,,22536,-1
9684,LINC01951,,22537,-1
9685,ALAS2,,9842,9842
9686,PACS1,,13182,13182
9687,MED19,,9616,9616
9688,TAC4,,13380,13380
9689,ZMAT2,,8455,8455
9690,APCDD1,,9431,9431
9691,AC010480.1,,22538,-1
9692,AC011447.7,,22539,-1
9693,AL158212.3,,22540,-1
9694,LINC01550,,22541,-1
9695,CCDC28B,,10002,10002
9696,GRIA3,,5488,5488
9697,AL138713.1,,22542,-1
9698,HAO2,,4489,4489
9699,MSTO2P,,22543,-1
9700,CLPP,,5486,5486
9701,CHST15,,14200,14200
9702,TMPRSS13,,7240,7240
9703,LINC02296,,22544,-1
9704,RAC3,,12127,12127
9705,SP100,,967,967
9706,EIF4A2,,9653,9653
9707,AC144548.1,,22545,-1
9708,CHRNA10,,5957,5957
9709,CASC8,,22546,-1
9710,ZNF689,,9634,9634
9711,AC137767.1,,22547,-1
9712,HOMER2,,2772,2772
9713,AL049569.1,,22548,-1
9714,SNX16,,2838,2838
9715,KCNRG,,16289,16289
9716,TMEM123,,9184,9184
9717,AC011825.3,,22549,-1
9718,SLC35F4,,9093,9093
9719,POU2F3,,7231,7231
9720,PARPBP,,14869,14869
9721,RASA1,,8403,8403
9722,VCAN,,537,537
9723,ARHGAP11A,,16390,16390
9724,ALDH7A1,,11007,11007
9725,IFI44L,,7287,7287
9726,TWNK,,3343,3343
9727,PRKXP1,,22550,-1
9728,AC092813.1,,22551,-1
9729,CFHR3,,4474,4474
9730,RAB20,,7592,7592
9731,CAMKMT,,8173,8173
9732,PPP1R14B,,12910,12910
9733,TNNT1,,2932,2932
9734,NDUFS6,,8381,8381
9735,ATG16L1,,1625,1625
9736,GCNA,,8599,8599
9737,TMEM39B,,5028,5028
9738,NBEAL2,,10119,10119
9739,ADAD1,,10796,10796
9740,AC005537.1,,22552,-1
9741,AL445231.1,,22553,-1
9742,RNFT2,,6755,6755
9743,KCTD8,,14545,14545
9744,ADGRL3,,8939,8939
9745,AC104073.2,,22554,-1
9746,ZKSCAN2,,9494,9494
9747,MYO9A,,963,963
9748,STK39,,16315,16315
9749,RPS29,,18910,-1
9750,SLC38A6,,7610,7610
9751,EEF1DP4,,22555,-1
9752,UTP4,,7765,7765
9753,HMGB2,,10790,10790
9754,TNFSF12,,17624,17624
9755,AC008569.1,,22556,-1
9756,CISD3,,18361,18361
9757,AC211486.2,,22557,-1
9758,FTH1P1,,22558,-1
9759,TMEM199,,17766,17766
9760,SMIM8,,3840,3840
9761,GABRG3,,14248,14248
9762,SEC13,,9659,9659
9763,RBM12,,17781,17781
9764,PDCD1,,15442,15442
9765,FBLN7,,8209,8209
9766,AC006305.1,,22559,-1
9767,AF107885.2,,22560,-1
9768,AC022364.1,,22561,-1
9769,IMPDH2,,13645,13645
9770,ZNF354A,,11998,11998
9771,SKP1,,4061,4061
9772,TMX2-CTNND1,,22562,-1
9773,TEX21P,,22563,-1
9774,EPHB6,,3161,3161
9775,RN7SL487P,,22564,-1
9776,RFXANK,,858,858
9777,CCDC69,,16308,16308
9778,AL139095.4,,22565,-1
9779,NUBPL,,9033,9033
9780,ULK3,,7678,7678
9781,ECI1,,11734,11734
9782,AC079834.2,,22566,-1
9783,TMEM198B,,22567,-1
9784,AC090844.2,,22568,-1
9785,ID3,,4542,4542
9786,NLN,,5182,5182
9787,UBTD1,,11231,11231
9788,HDAC5,,3480,3480
9789,PDXDC1,,13909,13909
9790,AC021086.1,,22569,-1
9791,CHST14,,11992,11992
9792,PLCE1,,7345,7345
9793,FAM114A2,,726,726
9794,FAM172A,,4044,4044
9795,FAM83G,,15459,15459
9796,MTND4P34,,22570,-1
9797,AC009302.1,,22571,-1
9798,XPO4,,6433,6433
9799,AC048337.1,,22572,-1
9800,PPP2CA,,4063,4063
9801,MUC17,,12148,12148
9802,CELA1,,7555,7555
9803,AC093821.1,,22573,-1
9804,SEMA3F,,14,14
9805,AC103876.1,,22574,-1
9806,AL162431.4,,22575,-1
9807,KDELC1,,22576,-1
9808,RCC1L,,18270,18270
9809,PMF1,,10115,10115
9810,AC137761.1,,22577,-1
9811,MAD1L1,,27,27
9812,HNF4A,,2356,2356
9813,VCAM1,,10371,10371
9814,LINC02098,,22578,-1
9815,PNPT1,,7303,7303
9816,RIC3,,11366,11366
9817,HYLS1,,16238,16238
9818,AC010186.3,,22579,-1
9819,NR2F6,,10013,10013
9820,NRIP2,,22580,-1
9821,DCK,,9557,9557
9822,FAM76A,,234,234
9823,LINC01569,,22581,-1
9824,RPL22P14,,22582,-1
9825,NUDT2,,11031,11031
9826,SS18L1,,14656,14656
9827,PKM,,977,977
9828,TLR5,,15263,15263
9829,NEU1,,16618,16618
9830,TSC22D1-AS1,,22583,-1
9831,DRC3,,12618,12618
9832,FGL1,,2866,2866
9833,HEBP1,,333,333
9834,LINC02172,,22584,-1
9835,CARM1,,7926,7926
9836,AC018629.1,,22585,-1
9837,AC011477.1,,22586,-1
9838,GALNTL6,,13074,13074
9839,AL049650.1,,22587,-1
9840,OSBP2,,14725,14725
9841,SRF,,3957,3957
9842,MAPK9,,667,667
9843,AC022031.2,,22588,-1
9844,VIPR1-AS1,,22589,-1
9845,LINC00456,,22590,-1
9846,NR4A2,,9264,9264
9847,ARMH4,,7608,7608
9848,AL606490.8,,22591,-1
9849,TTI2,,5955,5955
9850,RPS27A,,18596,-1
9851,AP003486.1,,22592,-1
9852,AGAP5,,12756,12756
9853,HLF,,3489,3489
9854,PHLDA1,,7513,7513
9855,PUF60,,13925,13925
9856,AL031281.2,,22593,-1
9857,C11orf74,,11355,11355
9858,IKZF4,,5204,5204
9859,SEMA4D,,15309,15309
9860,CTDSP1,,8263,8263
9861,COX18,,10629,10629
9862,SLC13A1,,1498,1498
9863,LHPP,,3360,3360
9864,PRSS22,,70,70
9865,AC107464.2,,22594,-1
9866,AL022323.4,,22595,-1
9867,EEF1AKMT3,,5207,5207
9868,MTERF1,,5761,5761
9869,EIPR1,,481,481
9870,BZW1P1,,22596,-1
9871,IGLON5,,7940,7940
9872,LYPLA2P1,,22597,-1
9873,DRICH1,,15618,15618
9874,CDH8,,8931,8931
9875,LINC01215,,18642,-1
9876,ADAR,,10105,10105
9877,GET4,,19128,-1
9878,AC104596.1,,22598,-1
9879,AC093249.6,,22599,-1
9880,PSMC5,,1675,1675
9881,AC005037.1,,22600,-1
9882,NDRG1,,2829,2829
9883,MTCO1P40,,22601,-1
9884,ADAMTSL1,,13643,13643
9885,COPS4,,7416,7416
9886,SATB1,,14302,14302
9887,AC098484.3,,22602,-1
9888,TMEM128,,6332,6332
9889,RSF1,,629,629
9890,AKAP3,,3745,3745
9891,AC073130.1,,22603,-1
9892,TBX5,,1773,1773
9893,AC092920.1,,22604,-1
9894,MSL2,,13092,13092
9895,SPATA1,,5090,5090
9896,ZNF441,,15917,15917
9897,SLC38A4,,7501,7501
9898,ANXA1,,6735,6735
9899,RFX3-AS1,,22605,-1
9900,CNTNAP1,,3469,3469
9901,AC004990.1,,22606,-1
9902,AP001972.1,,22607,-1
9903,RAPH1,,12851,12851
9904,RN7SKP163,,22608,-1
9905,HNRNPA1P48,,18958,-1
9906,GSTP1,,1574,1574
9907,USP50,,12222,12222
9908,ANKRD44,,898,898
9909,UCKL1,,16229,16229
9910,AC106886.5,,22609,-1
9911,LINC00893,,22610,-1
9912,DDX60,,7216,7216
9913,AL359706.1,,22611,-1
9914,ZNF467,,14119,14119
9915,ASIP,,2448,2448
9916,AC104971.2,,22612,-1
9917,GRAPL,,22613,-1
9918,PFKM,,9183,9183
9919,FAM92A,,15433,15433
9920,RFC4,,10725,10725
9921,ROBO1,,12142,12142
9922,NGDN,,5923,5923
9923,FAM118B,,16104,16104
9924,TCF7,,1479,1479
9925,PHF19,,4741,4741
9926,PTCSC2,,22614,-1
9927,ZHX2,,13745,13745
9928,FAHD2B,,8213,8213
9929,AC103702.2,,22615,-1
9930,PPEF1,,1653,1653
9931,MAP2K3,,496,496
9932,RNU4-1,,22616,-1
9933,INSR,,12418,12418
9934,AC025154.2,,22617,-1
9935,AL592430.1,,22618,-1
9936,RFX2,,1702,1702
9937,ATG10,,9154,9154
9938,PYURF,,8359,8359
9939,TTC30B,,15826,15826
9940,AC010601.1,,22619,-1
9941,AC003092.2,,22620,-1
9942,ZNF559-ZNF177,,22621,-1
9943,STX1B,,2032,2032
9944,ITGA6,,1866,1866
9945,POU5F1P3,,22622,-1
9946,AC005394.2,,22623,-1
9947,EPHA5,,8345,8345
9948,ARL10,,13237,13237
9949,ABCC3,,3481,3481
9950,LINC02547,,22624,-1
9951,AC009779.5,,22625,-1
9952,AC010325.1,,18081,18081
9953,CYC1,,13805,13805
9954,CCDC144A,,12208,12208
9955,OR4N2,,13376,13376
9956,SPDYE22P,,22626,-1
9957,DEFB133,,17156,17156
9958,AC096887.1,,22627,-1
9959,MAP3K1,,1954,1954
9960,AL450322.2,,22628,-1
9961,CPEB1-AS1,,22629,-1
9962,AL358472.4,,22630,-1
9963,UTRN,,9216,9216
9964,MAP1B,,6241,6241
9965,GNA15,,792,792
9966,WSCD1,,13840,13840
9967,STAT4,,7364,7364
9968,CCDC88C,,347,347
9969,AC037459.3,,22631,-1
9970,RAB37,,12787,12787
9971,ARG2,,1484,1484
9972,AL355482.1,,22632,-1
9973,RHOU,,4434,4434
9974,RTTN,,13362,13362
9975,AC007368.1,,22633,-1
9976,MBNL2,,7588,7588
9977,TROAP,,6819,6819
9978,AC093890.1,,22634,-1
9979,PKHD1,,12381,12381
9980,LINC02005,,22635,-1
9981,C1orf50,,18555,-1
9982,COL5A1,,6070,6070
9983,ZNF772,,15944,15944
9984,PNLDC1,,8516,8516
9985,BX255925.2,,22636,-1
9986,AL080317.2,,22637,-1
9987,MSANTD4,,12373,12373
9988,AL356356.1,,22638,-1
9989,SLC12A8,,17317,17317
9990,FBXO28,,8142,8142
9991,HSPB8,,9128,9128
9992,MT-ND4L,,16984,16984
9993,AL450322.1,,22639,-1
9994,AC140847.2,,22640,-1
9995,RNF219-AS1,,22641,-1
9996,FAM111B,,15579,15579
9997,THAP12,,7196,7196
9998,ZMAT5,,2188,2188
9999,CAMK4,,9178,9178
10000,ACAN,,9742,9742
10001,RPL7AP14,,22642,-1
10002,NAPA-AS1,,22643,-1
10003,AP001831.1,,22644,-1
10004,LINC00863,,19249,-1
10005,FAM222A-AS1,,22645,-1
10006,NUTM2E,,17426,17426
10007,YBX3,,787,787
10008,CABLES1,,6651,6651
10009,AC023421.2,,22646,-1
10010,AC002553.2,,22647,-1
10011,AL354920.1,,22648,-1
10012,PSMC1P9,,22649,-1
10013,AL122035.1,,22650,-1
10014,PIGF,,9070,9070
10015,ERCC5,,6715,6715
10016,DNM3,,16148,16148
10017,LENG8,,11637,11637
10018,BMP5,,3884,3884
10019,EEF1A1P25,,22651,-1
10020,LINC002481,,22652,-1
10021,COX19,,17645,17645
10022,CNKSR1,,7959,7959
10023,SH3RF1,,9387,9387
10024,MSMO1,,685,685
10025,NTHL1,,883,883
10026,SND1,,15952,15952
10027,AC116353.4,,22653,-1
10028,LINC00539,,22654,-1
10029,AC003681.1,,22655,-1
10030,PKDCC,,10420,10420
10031,DPH2,,6402,6402
10032,AL024474.2,,22656,-1
10033,CCDC144NL-AS1,,22657,-1
10034,WWC1,,4076,4076
10035,PRICKLE1,,7490,7490
10036,C1orf56,,8084,8084
10037,COL23A1,,668,668
10038,AL356056.2,,22658,-1
10039,SEMA5B,,1529,1529
10040,MYNN,,1598,1598
10041,STK19,,16605,16605
10042,LINC02085,,22659,-1
10043,MOXD1,,1436,1436
10044,ANAPC15,,3635,3635
10045,CCDC39,,18493,18493
10046,AC074044.1,,22660,-1
10047,AC004922.1,,22661,-1
10048,ZNF205,,5086,5086
10049,KIF17,,4534,4534
10050,RPS6KL1,,19175,-1
10051,DNAJB5,,7129,7129
10052,SIRT6,,1345,1345
10053,GOLGA2P11,,22662,-1
10054,CDH1,,540,540
10055,AC139720.2,,22663,-1
10056,AP001372.4,,22664,-1
10057,ROR2,,11985,11985
10058,CYP20A1,,4710,4710
10059,PTMA,,18625,-1
10060,AL353604.1,,22665,-1
10061,SLC2A6,,10064,10064
10062,AC109826.1,,22666,-1
10063,CCDC14,,13242,13242
10064,FAM3C,,15892,15892
10065,CECR7,,22667,-1
10066,ANKRD20A8P,,22668,-1
10067,MACC1,,14532,14532
10068,TBC1D31,,9629,9629
10069,CCDC190,,14946,14946
10070,AC009078.2,,22669,-1
10071,AL021408.1,,22670,-1
10072,CYP2J2,,6681,6681
10073,MAN2A1,,3987,3987
10074,FMC1,,11004,11004
10075,AP006621.2,,22671,-1
10076,FAM57B,,22672,-1
10077,AC023908.2,,22673,-1
10078,VTI1A,,9052,9052
10079,SPSB4,,13177,13177
10080,TAF13,,16099,16099
10081,SERPINB2,,16065,16065
10082,AQP1,,17653,17653
10083,LINC01482,,22674,-1
10084,LINC01720,,22675,-1
10085,CAST,,9249,9249
10086,RAI1-AS1,,22676,-1
10087,AL133215.2,,22677,-1
10088,AL353742.1,,22678,-1
10089,AC010235.1,,22679,-1
10090,AC105094.2,,22680,-1
10091,DEC1,,12835,12835
10092,ATP2C2,,852,852
10093,KLHL31,,5380,5380
10094,PMVK,,10534,10534
10095,ZNF233,,9993,9993
10096,AL391516.1,,22681,-1
10097,IL17D,,12721,12721
10098,AC010969.2,,22682,-1
10099,FAM35DP,,22683,-1
10100,AC005534.1,,22684,-1
10101,ZFPM2,,12168,12168
10102,AL138760.1,,22685,-1
10103,IPO7,,18829,-1
10104,PCDH11Y,,2041,2041
10105,NMD3,,12031,12031
10106,RNASEL,,6885,6885
10107,AC008741.2,,22686,-1
10108,ENOPH1,,8353,8353
10109,UTP25,,4583,4583
10110,CUTALP,,22687,-1
10111,AL121722.1,,22688,-1
10112,CFAP53,,12701,12701
10113,ZFPM1,,18960,-1
10114,ZMYND10,,60,60
10115,CTNNA2,,928,928
10116,DIAPH2-AS1,,22689,-1
10117,OSBPL1A,,7812,7812
10118,LYSMD2,,7642,7642
10119,ARHGEF1,,1318,1318
10120,SLCO3A1,,13401,13401
10121,AL078612.1,,22690,-1
10122,LINC00431,,22691,-1
10123,MAD2L2,,4445,4445
10124,ANKRD33,,11634,11634
10125,CEACAM6,,1645,1645
10126,AC009533.1,,22692,-1
10127,AL583810.1,,22693,-1
10128,MPV17L2,,17937,17937
10129,AL049833.3,,22694,-1
10130,AC015923.1,,22695,-1
10131,LINC02288,,22696,-1
10132,DNAH1,,4194,4194
10133,PSAT1,,6741,6741
10134,LINC02487,,22697,-1
10135,AC092807.2,,22698,-1
10136,WDR31,,8713,8713
10137,RGS16,,8052,8052
10138,AL139021.2,,22699,-1
10139,GGPS1,,9219,9219
10140,TTLL2,,4889,4889
10141,LRMDA,,8766,8766
10142,CES3,,12794,12794
10143,LINC00939,,22700,-1
10144,AC004805.1,,22701,-1
10145,FZD1,,9688,9688
10146,MOK,,1466,1466
10147,KIF7,,11451,11451
10148,HTRA3,,12349,12349
10149,POP1,,2816,2816
10150,PKIA,,12402,12402
10151,METTL13,,22702,-1
10152,SNX12,,8596,8596
10153,SRPK1,,1991,1991
10154,ZNF18,,9440,9440
10155,AC105384.2,,22703,-1
10156,MALAT1,,18843,-1
10157,TNFAIP8,,8415,8415
10158,TIAF1,,17328,17328
10159,TMEM179B,,14866,14866
10160,TRIQK,,16788,16788
10161,ULBP1,,3858,3858
10162,SAE1,,7911,7911
10163,ANKRD36C,,13080,13080
10164,MYPN,,7359,7359
10165,TCTE3,,14723,14723
10166,SV2A,,9901,9901
10167,SLFNL1,,12571,12571
10168,METTL27,,11071,11071
10169,AC139493.2,,18700,-1
10170,SPATA13,,14375,14375
10171,GPHN,,12558,12558
10172,AC023632.2,,22704,-1
10173,ZNF90P1,,22705,-1
10174,TENM3,,17258,17258
10175,ZBTB33,,13560,13560
10176,MYL5,,17221,17221
10177,AP002986.1,,22706,-1
10178,ST14,,8851,8851
10179,SEMA4C,,11910,11910
10180,IK,,4008,4008
10181,BX255925.3,,18497,18497
10182,NR2F2,,14883,14883
10183,AZIN1,,9454,9454
10184,DNAH7,,4709,4709
10185,SCD,,2013,2013
10186,AC007842.1,,22707,-1
10187,YPEL1,,2094,2094
10188,IPO5,,886,886
10189,DSP,,2002,2002
10190,AC087632.1,,22708,-1
10191,LATS2,,8937,8937
10192,AC008415.1,,22709,-1
10193,SPTBN4,,10080,10080
10194,LINC02577,,22710,-1
10195,TP53INP2,,1396,1396
10196,AL157371.2,,22711,-1
10197,AL451074.2,,22712,-1
10198,APOL2,,5801,5801
10199,ANKRD18B,,17456,17456
10200,AL512791.1,,22713,-1
10201,ADA,,15869,15869
10202,LINC00301,,22714,-1
10203,AL049634.2,,22715,-1
10204,CFL1,,12776,12776
10205,LINC01226,,22716,-1
10206,AC091057.1,,22717,-1
10207,CBY1,,2147,2147
10208,SPATA2L,,9863,9863
10209,ERVK3-1,,7920,7920
10210,BNIP3P11,,22718,-1
10211,AC004233.4,,22719,-1
10212,TENM4,,8833,8833
10213,AL450998.2,,18542,-1
10214,PANK2,,5507,5507
10215,SERPING1,,8819,8819
10216,AC012313.1,,22720,-1
10217,MMP24,,5562,5562
10218,AC019117.1,,22721,-1
10219,HIP1,,5753,5753
10220,RCAN2,,12697,12697
10221,MAGI1-AS1,,22722,-1
10222,PTPN18,,1141,1141
10223,LINC00894,,22723,-1
10224,TCF3,,1120,1120
10225,CHAF1B,,9925,9925
10226,ASIC1,,3700,3700
10227,AC079140.5,,22724,-1
10228,ABHD8,,5688,5688
10229,PCNX1,,2303,2303
10230,AC107959.1,,22725,-1
10231,ITGAE,,18965,-1
10232,UGT1A8,,17711,17711
10233,CD58,,4479,4479
10234,DACT1,,11165,11165
10235,CARMIL1,,1430,1430
10236,AC117386.2,,22726,-1
10237,PINK1-AS,,22727,-1
10238,SLC39A14,,2849,2849
10239,TMEM223,,11878,11878
10240,CPXM1,,1741,1741
10241,ADTRP,,3843,3843
10242,DPT,,8027,8027
10243,RAB33B,,12628,12628
10244,SLC16A13,,13052,13052
10245,AL023284.3,,22728,-1
10246,GPR78,,9468,9468
10247,UBA6,,490,490
10248,LHFPL3,,15244,15244
10249,DLSTP1,,22729,-1
10250,POLR2J2,,17417,17417
10251,RPSAP19,,22730,-1
10252,CFAP97D2,,18433,18433
10253,FAM71D,,12765,12765
10254,MED16,,13205,13205
10255,DKK2,,9445,9445
10256,SBDSP1,,22731,-1
10257,AL691442.1,,22732,-1
10258,TCAIM,,13818,13818
10259,ELF3,,10561,10561
10260,AC012435.2,,22733,-1
10261,MAPK11,,14855,14855
10262,SFPQ,,4433,4433
10263,NEDD9,,3841,3841
10264,CEP112,,9365,9365
10265,CHST7,,8582,8582
10266,ARAP2,,604,604
10267,AHNAK2,,14887,14887
10268,CALCOCO1,,314,314
10269,GIMAP2,,3221,3221
10270,STAT1,,4283,4283
10271,FTLP6,,22734,-1
10272,PPP1R21,,10417,10417
10273,CTH,,4470,4470
10274,AL356320.2,,22735,-1
10275,NFIC,,7877,7877
10276,IFT46,,4622,4622
10277,MIR3945HG,,22736,-1
10278,FAM71F2,,16778,16778
10279,FAM206A,,22737,-1
10280,TTC39A,,1620,1620
10281,MOB3A,,12642,12642
10282,CBWD5,,18795,-1
10283,LINC01347,,22738,-1
10284,HBD,,17347,17347
10285,ETF1P1,,22739,-1
10286,AC105460.2,,22740,-1
10287,SYNGR2,,3448,3448
10288,FAM98C,,6008,6008
10289,CD160,,4538,4538
10290,GALNT13,,8223,8223
10291,PAWR,,13544,13544
10292,DUSP22,,3960,3960
10293,UCK1,,6090,6090
10294,EMC3,,5410,5410
10295,HAPLN3,,7686,7686
10296,AC007032.1,,22741,-1
10297,RGS3,,7465,7465
10298,LRRN2,,12261,12261
10299,FH,,1870,1870
10300,SCARB2,,7441,7441
10301,XIAP,,2519,2519
10302,CPNE5,,5385,5385
10303,CD274,,4860,4860
10304,NACA,,18872,-1
10305,TBC1D13,,3275,3275
10306,FRMPD4,,12167,12167
10307,DGCR5,,22742,-1
10308,RTN4,,4267,4267
10309,ITM2B,,6956,6956
10310,PCDH10,,7412,7412
10311,ASPRV1,,17790,17790
10312,INKA2,,16114,16114
10313,ANKRD37,,15059,15059
10314,PGS1,,1674,1674
10315,TIMM9P2,,22743,-1
10316,MTA1,,14380,14380
10317,AIMP1,,10750,10750
10318,DLEU7,,14992,14992
10319,AC011462.2,,22744,-1
10320,PTK6,,2395,2395
10321,ETS1,,6723,6723
10322,GGACT,,6708,6708
10323,MID1IP1,,11072,11072
10324,DLEU1,,18898,-1
10325,CECR3,,22745,-1
10326,DDX51,,14807,14807
10327,CLIP2,,3239,3239
10328,AC008147.4,,22746,-1
10329,OR8B7P,,22747,-1
10330,AC010655.2,,22748,-1
10331,AL352979.2,,22749,-1
10332,TPMT,,7177,7177
10333,TBC1D2B,,11554,11554
10334,TKFC,,8857,8857
10335,AL391988.1,,22750,-1
10336,AC013275.1,,22751,-1
10337,CAPN6,,1336,1336
10338,AL136084.2,,22752,-1
10339,NAA10,,2532,2532
10340,DPP6,,6005,6005
10341,LDHAP2,,22753,-1
10342,AC093909.1,,22754,-1
10343,HSP90AB1,,1997,1997
10344,AC005280.2,,22755,-1
10345,AL354989.1,,22756,-1
10346,LINC00446,,22757,-1
10347,TMEM140,,8556,8556
10348,SLC35B1,,4971,4971
10349,STUB1,,2707,2707
10350,NWD1,,15369,15369
10351,NOVA1,,7601,7601
10352,AC011330.3,,22758,-1
10353,AL162586.1,,22759,-1
10354,RFLNB,,14515,14515
10355,AL360091.3,,22760,-1
10356,GATAD2B,,8121,8121
10357,VIL1,,5742,5742
10358,RPS29P29,,22761,-1
10359,SUCLG2,,12694,12694
10360,C8orf33,,14255,14255
10361,MYOSLID,,22762,-1
10362,AC034187.1,,22763,-1
10363,NCBP2,,4159,4159
10364,AC007192.2,,22764,-1
10365,AL137856.1,,22765,-1
10366,PBX2,,16595,16595
10367,SCAMP2,,7683,7683
10368,WNT10B,,12150,12150
10369,LINC00458,,22766,-1
10370,FBXO36,,9313,9313
10371,UACA,,7264,7264
10372,WDPCP,,8178,8178
10373,GPX7,,4395,4395
10374,CASP6,,7453,7453
10375,WDR53,,14933,14933
10376,TMCO6,,4006,4006
10377,RF02156,,22767,-1
10378,SPOCK2,,3334,3334
10379,PRR16,,14730,14730
10380,ZNF608,,11950,11950
10381,AC099520.1,,22768,-1
10382,AL157823.2,,22769,-1
10383,LRRC37A3,,13450,13450
10384,AC098829.1,,22770,-1
10385,CEMIP2,,6737,6737
10386,BRWD1-AS1,,22771,-1
10387,LINC01164,,22772,-1
10388,SEC16B,,4884,4884
10389,LINC00595,,22773,-1
10390,GLIPR1,,7511,7511
10391,JOSD1,,2152,2152
10392,GNB3,,3795,3795
10393,LGALS1,,2116,2116
10394,LAMP2,,108,108
10395,PI15,,7208,7208
10396,AC005261.4,,22774,-1
10397,BCL2L1,,12526,12526
10398,RPL23AP11,,22775,-1
10399,GMFG,,6103,6103
10400,RAET1E,,10916,10916
10401,AC004039.1,,22776,-1
10402,CXCR2,,14041,14041
10403,MT1F,,16257,16257
10404,HAGHL,,2702,2702
10405,ACO2,,2226,2226
10406,BMPR1B,,7427,7427
10407,RSRC1,,13137,13137
10408,VPS11,,10103,10103
10409,UBA7,,14230,14230
10410,PPP4R1L,,22777,-1
10411,SHTN1,,15215,15215
10412,RGPD8,,22778,-1
10413,DRGX,,11163,11163
10414,CD101,,6606,6606
10415,TRMT12,,14510,14510
10416,PXDN,,6047,6047
10417,TCN2,,14844,14844
10418,ARGFX,,15004,15004
10419,GM2A,,15847,15847
10420,DDHD2,,1619,1619
10421,ZDHHC8P1,,22779,-1
10422,TMOD1,,7071,7071
10423,DOK4,,5421,5421
10424,AL359815.1,,22780,-1
10425,TSPAN12,,3143,3143
10426,CEP89,,4983,4983
10427,ADGRA3,,9232,9232
10428,GPR180,,9204,9204
10429,AL357314.1,,22781,-1
10430,GRHL1,,6619,6619
10431,GBAP1,,22782,-1
10432,ABCF2.1,,22783,-1
10433,TRPC6,,7221,7221
10434,AC243964.2,,22784,-1
10435,FAM104B,,14292,14292
10436,AL355365.1,,22785,-1
10437,FAM183A,,15177,15177
10438,AC239868.3,,22786,-1
10439,SCAP,,4172,4172
10440,RHBDF1,,180,180
10441,MGAT4C,,14203,14203
10442,ACSM5,,14483,14483
10443,IGFL4,,16733,16733
10444,LAMB4,,1855,1855
10445,NPM1,,18698,-1
10446,CCNB1IP1P1,,22787,-1
10447,NRAS,,17020,17020
10448,YWHAZ,,11011,11011
10449,AC078880.5,,22788,-1
10450,AL158209.1,,22789,-1
10451,LRRC43,,9785,9785
10452,AC009690.1,,22790,-1
10453,MIEF2,,13546,13546
10454,GSTA3,,13028,13028
10455,AP003119.2,,22791,-1
10456,LRAT,,4976,4976
10457,AP003084.1,,22792,-1
10458,OSR1,,8166,8166
10459,COQ9,,1725,1725
10460,PARD6G,,13667,13667
10461,ZNF30,,11894,11894
10462,MCFD2,,13986,13986
10463,NOS3,,10995,10995
10464,PARP8,,9102,9102
10465,CCDC93,,5480,5480
10466,AL137024.1,,22793,-1
10467,SIK3,,10089,10089
10468,GTF3C6,,9459,9459
10469,DENND1B,,16995,16995
10470,AC133550.1,,22794,-1
10471,TCF20,,2145,2145
10472,KLHL17,,15352,15352
10473,SPATA24,,12283,12283
10474,YJU2,,2966,2966
10475,HK2,,9944,9944
10476,MRPS12,,19031,-1
10477,OCLM,,22795,-1
10478,CNTNAP3B,,9396,9396
10479,LINC01963,,22796,-1
10480,PRKCA,,9363,9363
10481,MIR181A2HG,,22797,-1
10482,OR7E100P,,22798,-1
10483,CNTNAP3,,3247,3247
10484,OVCH1,,15347,15347
10485,AL590787.1,,22799,-1
10486,DNMT3B,,1714,1714
10487,AC006581.2,,22800,-1
10488,TMEM167B,,17237,17237
10489,MTFR1,,960,960
10490,TP53I3,,4228,4228
10491,AC024909.1,,22801,-1
10492,OCM2,,6761,6761
10493,CAPZA1,,4426,4426
10494,PSMA2P2,,22802,-1
10495,RNF223,,17589,17589
10496,AL121820.2,,22803,-1
10497,CYBRD1,,1130,1130
10498,TTF2,,4482,4482
10499,ALDH5A1,,3908,3908
10500,KIF12,,7088,7088
10501,NIPSNAP2,,8539,8539
10502,LRP12,,8661,8661
10503,SPRY1,,10767,10767
10504,CYB5R4,,911,911
10505,LGALS12,,6491,6491
10506,AC009495.3,,22804,-1
10507,NEK10,,10577,10577
10508,ITIH6,,2577,2577
10509,BTNL9,,19110,-1
10510,AC022384.1,,22805,-1
10511,NUAK2,,10603,10603
10512,BCAM,,15232,15232
10513,LPP,,8321,8321
10514,LINC01122,,22806,-1
10515,SERP1,,4930,4930
10516,DIP2B,,931,931
10517,MLIP,,8476,8476
10518,TMTC2,,13808,13808
10519,MPZL1,,16150,16150
10520,AL049712.1,,22807,-1
10521,RNF135,,14125,14125
10522,KHDC4,,6386,6386
10523,MED12L,,8314,8314
10524,LRRC4C,,8803,8803
10525,CRYBG1,,3909,3909
10526,DAPK2,,507,507
10527,DCTN3,,7131,7131
10528,MTMR12,,8960,8960
10529,RPA3,,3198,3198
10530,UBXN8,,2856,2856
10531,AC067930.4,,22808,-1
10532,FRS3,,7154,7154
10533,AC022167.5,,22809,-1
10534,DIXDC1,,8966,8966
10535,Z93241.1,,22810,-1
10536,PRKG2,,7418,7418
10537,KIF18A,,5010,5010
10538,KAT2A,,3464,3464
10539,AL162584.1,,22811,-1
10540,AL669918.1,,22812,-1
10541,CCHCR1,,16664,16664
10542,Z93403.1,,22813,-1
10543,AC007000.3,,22814,-1
10544,RAB35,,3821,3821
10545,A1BG-AS1,,22815,-1
10546,RPL27A,,18828,-1
10547,BEND7,,11168,11168
10548,LGR4,,16798,16798
10549,CARD8,,3019,3019
10550,CHADL,,2222,2222
10551,ABHD2,,7691,7691
10552,SRP14-AS1,,22816,-1
10553,FAT4,,15677,15677
10554,AL139423.1,,22817,-1
10555,AL646090.1,,22818,-1
10556,PANX1,,3637,3637
10557,SAFB2,,6009,6009
10558,ATP6V0E2,,12425,12425
10559,KCTD21-AS1,,22819,-1
10560,NFKBIB,,2878,2878
10561,AC102953.2,,22820,-1
10562,NOX4,,1659,1659
10563,LINC02323,,22821,-1
10564,HMGB1P23,,22822,-1
10565,AC008040.5,,22823,-1
10566,SDC1,,4355,4355
10567,Z99756.1,,22824,-1
10568,LINC02522,,22825,-1
10569,ADAM33,,8854,8854
10570,RTL8A,,16524,16524
10571,AC003070.2,,22826,-1
10572,SLC6A19,,13057,13057
10573,WDR17,,8949,8949
10574,LINC00482,,22827,-1
10575,ARL17B,,17430,17430
10576,MRPS34,,18943,-1
10577,PMS2P1,,22828,-1
10578,SMARCA5,,9253,9253
10579,RNF187,,11788,11788
10580,AL121612.2,,22829,-1
10581,CLIP1,,6112,6112
10582,EEF1A2,,2394,2394
10583,NOVA2,,2921,2921
10584,LINC01273,,22830,-1
10585,MYO1F,,7919,7919
10586,ATRIP,,10765,10765
10587,SLCO4A1-AS1,,22831,-1
10588,HIST1H4F,,22832,-1
10589,SH3KBP1,,8568,8568
10590,SYNGAP1-AS1,,22833,-1
10591,AL445483.1,,22834,-1
10592,GRIK1,,12440,12440
10593,TICAM1,,5735,5735
10594,RBM7,,1292,1292
10595,PDE11A,,5841,5841
10596,NPIPB2,,17531,17531
10597,LINC02545,,22835,-1
10598,IL6R,,10106,10106
10599,SERPINB3,,749,749
10600,ATP13A1,,3083,3083
10601,AQP3,,11096,11096
10602,APOBEC3A,,5805,5805
10603,AC009502.2,,22836,-1
10604,ABT1P1,,22837,-1
10605,AC021683.2,,22838,-1
10606,AGR3,,12913,12913
10607,LINC00944,,22839,-1
10608,SLC46A1,,1301,1301
10609,AC007556.1,,22840,-1
10610,KRR1,,3789,3789
10611,C11orf44,,22841,-1
10612,PSMA6,,18908,-1
10613,DOCK1,,8965,8965
10614,CFTR-AS1,,22842,-1
10615,SUMF1,,8247,8247
10616,KHDC1L,,18003,18003
10617,LINC00964,,22843,-1
10618,AC138304.1,,22844,-1
10619,KCNMA1,,9555,9555
10620,MYHAS,,22845,-1
10621,PFKFB4,,4132,4132
10622,LCN2,,8731,8731
10623,WDR1,,1109,1109
10624,RHOV,,2789,2789
10625,AL163952.1,,22846,-1
10626,CA13,,14774,14774
10627,HMGN2,,18547,-1
10628,RAD17,,9225,9225
10629,SLC39A11,,6477,6477
10630,MCMDC2,,13707,13707
10631,OSCP1,,4490,4490
10632,ZBTB21,,12881,12881
10633,TUBA3FP,,22847,-1
10634,MAOB,,1048,1048
10635,MYO18B,,6502,6502
10636,CCNG2,,7442,7442
10637,AC138811.2,,22848,-1
10638,ABHD6,,10652,10652
10639,PTP4A3,,14672,14672
10640,GRAMD4,,1254,1254
10641,AC068631.1,,22849,-1
10642,AC090568.2,,22850,-1
10643,ZNF584,,12532,12532
10644,CNTN6,,6578,6578
10645,PTH,,9147,9147
10646,AC005702.1,,22851,-1
10647,AL121845.1,,22852,-1
10648,ELOF1,,5991,5991
10649,HERC6,,7410,7410
10650,CCDC73,,15124,15124
10651,FBXO43,,9605,9605
10652,ZNF487,,17747,17747
10653,AL109615.2,,22853,-1
10654,TCEAL3,,15786,15786
10655,NMB,,16076,16076
10656,UBALD1,,9283,9283
10657,HNF1B,,18297,18297
10658,AL354733.3,,22854,-1
10659,CWC15,,8927,8927
10660,ACTC1,,9923,9923
10661,ACBD3-AS1,,22855,-1
10662,SHMT1,,13477,13477
10663,IDO1,,6187,6187
10664,IFNAR2,,9896,9896
10665,ZBTB11,,945,945
10666,SDCBP,,7214,7214
10667,FXR2,,5906,5906
10668,C5orf64,,22856,-1
10669,DMXL1,,12800,12800
10670,PHACTR3,,1695,1695
10671,KBTBD11,,13419,13419
10672,RPL8,,18790,-1
10673,ANKRD30A,,8756,8756
10674,GAS5,,18577,-1
10675,AC005154.5,,22857,-1
10676,GPR18,,5423,5423
10677,POLQ,,674,674
10678,PELI1,,15987,15987
10679,OSGEPL1,,5844,5844
10680,COPS7A,,3793,3793
10681,AC006530.1,,22858,-1
10682,EPHB2,,6478,6478
10683,MFSD13A,,7326,7326
10684,AC079313.1,,22859,-1
10685,BACE1-AS,,22860,-1
10686,HIST1H4I,,18322,18322
10687,GALE,,4541,4541
10688,FUS,,1777,1777
10689,SYNE3,,13398,13398
10690,GLYATL1B,,17946,17946
10691,KLK6,,11685,11685
10692,LDLR,,5990,5990
10693,NPHP4,,6240,6240
10694,AP000866.3,,22861,-1
10695,AP005328.1,,22862,-1
10696,SIAH1,,15776,15776
10697,C3orf58,,22863,-1
10698,MRPL57,,18890,-1
10699,P3H2,,1825,1825
10700,ATXN7L1,,8544,8544
10701,HYAL2,,998,998
10702,SOGA3,,17133,17133
10703,PLEKHB2,,4341,4341
10704,RBM20,,16508,16508
10705,AC044839.5,,22864,-1
10706,ZNRF2P2,,22865,-1
10707,KCNJ10,,13612,13612
10708,AC110079.2,,22866,-1
10709,TGFBI,,4923,4923
10710,SLC2A14,,12874,12874
10711,MRPL52,,18904,-1
10712,TYRO3,,1915,1915
10713,NTAN1,,9661,9661
10714,ARHGAP27P1-BPTFP1-KPNA2P3,,22867,-1
10715,LRRC20,,12769,12769
10716,MRPS14,,18579,-1
10717,LINC01801,,22868,-1
10718,ZNF540,,12583,12583
10719,AC016757.1,,22869,-1
10720,ITGB6,,4243,4243
10721,MYBL2,,2354,2354
10722,HPX,,3631,3631
10723,AC090502.1,,22870,-1
10724,SIPA1L2,,4503,4503
10725,CACNA1I,,2200,2200
10726,FUCA1,,13819,13819
10727,GLDN,,15070,15070
10728,RAI14,,546,546
10729,AC025244.1,,22871,-1
10730,TRPT1,,8898,8898
10731,ERCC2,,2896,2896
10732,AC006116.8,,22872,-1
10733,WASHC1,,14115,14115
10734,AL133352.1,,22873,-1
10735,PHKB,,2635,2635
10736,ATP23,,11480,11480
10737,NPHP3,,4108,4108
10738,WHRN,,1968,1968
10739,C11orf80,,12963,12963
10740,SYNPR-AS1,,22874,-1
10741,FAM213AP2,,22875,-1
10742,CYP2D8P,,22876,-1
10743,KIF2A,,1023,1023
10744,EPAS1,,4375,4375
10745,RABAC1,,3005,3005
10746,THAP11,,11812,11812
10747,ZNF572,,14058,14058
10748,HEY1,,10949,10949
10749,AC009495.2,,22877,-1
10750,Z69733.1,,22878,-1
10751,APP,,7905,7905
10752,NAV1,,6631,6631
10753,TEAD1,,15198,15198
10754,AP002954.1,,22879,-1
10755,PCDHGA2,,1502,1502
10756,EIF3J-DT,,18923,-1
10757,CLN3,,15475,15475
10758,AC137630.2,,22880,-1
10759,CLDN2,,11114,11114
10760,ATAD3A,,16101,16101
10761,ARHGAP23,,18309,18309
10762,GABRQ,,18171,18171
10763,HSPH1,,4918,4918
10764,AC007405.3,,18619,-1
10765,TMEM131L,,4977,4977
10766,P2RY1,,12145,12145
10767,SAP30L-AS1,,22881,-1
10768,ENO2,,3801,3801
10769,TLR8,,2510,2510
10770,AC002472.1,,22882,-1
10771,KCNH1,,8090,8090
10772,ADD3-AS1,,22883,-1
10773,LINC01235,,22884,-1
10774,AL512380.2,,22885,-1
10775,LCMT2,,11923,11923
10776,AC090061.1,,22886,-1
10777,AC022960.3,,22887,-1
10778,NT5C1B-RDH14,,22888,-1
10779,PTAFR,,12059,12059
10780,TEX29,,9287,9287
10781,NDUFV2P1,,22889,-1
10782,SPTB,,1070,1070
10783,UBL4A,,2558,2558
10784,AP001372.1,,22890,-1
10785,AC004656.1,,22891,-1
10786,TM4SF19-AS1,,22892,-1
10787,AC011483.2,,22893,-1
10788,C8orf59,,22894,-1
10789,LINC02006,,22895,-1
10790,MTHFSD,,2700,2700
10791,HNF4A-AS1,,22896,-1
10792,AL137129.1,,22897,-1
10793,CD69,,3694,3694
10794,VEGFA,,3967,3967
10795,MET,,3128,3128
10796,AC073346.1,,22898,-1
10797,FAR2,,871,871
10798,POLR3K,,10239,10239
10799,LINC00992,,22899,-1
10800,LPAR2,,860,860
10801,SRXN1,,18216,18216
10802,NOSTRIN,,10471,10471
10803,RCBTB2,,6960,6960
10804,AC002064.2,,22900,-1
10805,CEMIP,,2770,2770
10806,HIST1H2AM,,19132,-1
10807,NXT2,,2505,2505
10808,TXK,,1240,1240
10809,CHCHD2,,3164,3164
10810,NUDT1,,3174,3174
10811,PEX10,,9760,9760
10812,MED13L,,5159,5159
10813,GGH,,7210,7210
10814,SYCE2,,10222,10222
10815,BCL9L,,15023,15023
10816,PPP6R3,,3620,3620
10817,ZSWIM9,,14864,14864
10818,DNAJC25,,783,783
10819,CAPZB,,1349,1349
10820,ESR2,,19122,-1
10821,XRCC2,,15806,15806
10822,RNF113A,,5436,5436
10823,DENND2C,,13321,13321
10824,NXT1,,6379,6379
10825,U52111.1,,22901,-1
10826,FBXL3,,103,103
10827,AREG,,3538,3538
10828,SLC2A9,,3565,3565
10829,AC024681.2,,22902,-1
10830,BMP4,,5442,5442
10831,AL160272.2,,22903,-1
10832,FGD5P1,,22904,-1
10833,ARL2-SNX15,,22905,-1
10834,AC093607.1,,22906,-1
10835,IFITM2,,14813,14813
10836,LUZP2,,15243,15243
10837,AK7,,7623,7623
10838,LINC02211,,22907,-1
10839,GLUD1,,8769,8769
10840,DNAJC1,,7055,7055
10841,AL121936.1,,22908,-1
10842,PPP4R4,,4783,4783
10843,FYB1,,1509,1509
10844,NEUROG2,,13701,13701
10845,HOXB9,,12333,12333
10846,ZNF623,,14442,14442
10847,TBC1D32,,8497,8497
10848,UBE2I,,2710,2710
10849,PIEZO1,,2716,2716
10850,UCN2,,8327,8327
10851,AC011476.2,,22909,-1
10852,TANK,,7025,7025
10853,CITED2,,10900,10900
10854,MRPS33,,18763,-1
10855,PLA2G16,,22910,-1
10856,AC010205.1,,22911,-1
10857,LMTK3,,7912,7912
10858,AC008013.1,,22912,-1
10859,AC083843.3,,22913,-1
10860,ADM2,,5775,5775
10861,RCN2,,4612,4612
10862,RELN,,15578,15578
10863,SFR1,,9587,9587
10864,ASAP1,,9276,9276
10865,ZNF569,,15764,15764
10866,LINC01149,,22914,-1
10867,PROM1,,162,162
10868,TPD52L2,,2371,2371
10869,DLGAP4-AS1,,22915,-1
10870,TSPAN7,,9580,9580
10871,AC135178.3,,22916,-1
10872,FBXO15,,7859,7859
10873,XBP1,,2150,2150
10874,SPATA7,,569,569
10875,TECTB,,4816,4816
10876,COA6,,11808,11808
10877,AC004224.1,,22917,-1
10878,LINC02254,,22918,-1
10879,COL6A6,,16922,16922
10880,C8orf89,,18269,18269
10881,HMBOX1,,8626,8626
10882,SNHG7,,18806,-1
10883,ADAM22,,205,205
10884,SLC9A6,,16326,16326
10885,LRRC75B,,13641,13641
10886,AC020911.2,,22919,-1
10887,DENND6B,,16846,16846
10888,SYNGAP1,,15978,15978
10889,DNAJB2,,6905,6905
10890,AL596223.2,,22920,-1
10891,AC009403.2,,22921,-1
10892,GLT8D2,,4937,4937
10893,TNK2,,811,811
10894,AC005550.2,,22922,-1
10895,NOX3,,1233,1233
10896,CUZD1,,7336,7336
10897,MAML2,,14652,14652
10898,SPTBN5,,7277,7277
10899,CADM3,,10376,10376
10900,AP000845.1,,22923,-1
10901,FMNL2,,9748,9748
10902,AP000426.1,,22924,-1
10903,RBM5,,41,41
10904,ZNF234,,18110,18110
10905,RFPL2,,5784,5784
10906,SLC44A1,,1073,1073
10907,AC026464.1,,22925,-1
10908,CXCL12,,3318,3318
10909,PANX3,,9351,9351
10910,EPG5,,9139,9139
10911,AC090159.1,,22926,-1
10912,AC005104.1,,22927,-1
10913,AP000221.1,,22928,-1
10914,TIAL1,,9107,9107
10915,LINC02066,,22929,-1
10916,ZNF703,,14543,14543
10917,SLC38A1,,3769,3769
10918,LYRM1,,2636,2636
10919,AC126615.1,,22930,-1
10920,AL157413.1,,22931,-1
10921,CD244,,5074,5074
10922,AC015712.6,,22932,-1
10923,AC017007.3,,22933,-1
10924,LINC00376,,22934,-1
10925,AL353796.1,,22935,-1
10926,AC093720.1,,22936,-1
10927,CFD,,16092,16092
10928,SCAMP1-AS1,,18687,-1
10929,DOK3,,8471,8471
10930,PIF1,,7670,7670
10931,GMDS,,3964,3964
10932,HSPE1P2,,22937,-1
10933,AC106739.1,,22938,-1
10934,AL162431.1,,22939,-1
10935,AC007773.1,,22940,-1
10936,ADAMTS20,,12849,12849
10937,ESPL1,,6826,6826
10938,AC063977.3,,22941,-1
10939,LDHB,,3813,3813
10940,SNN,,14695,14695
10941,TRIML2,,13795,13795
10942,C13orf42,,17399,17399
10943,TRAM2-AS1,,19226,-1
10944,CBX5,,1950,1950
10945,ZNF563,,15538,15538
10946,LINC01920,,22942,-1
10947,SNTB1,,12656,12656
10948,AC095031.1,,22943,-1
10949,HIST1H4E,,18335,18335
10950,RMC1,,7815,7815
10951,ARNTL2,,462,462
10952,RPS26P30,,22944,-1
10953,ALG2,,4755,4755
10954,RUSC1,,10112,10112
10955,TRIM74,,22945,-1
10956,DIAPH3-AS1,,22946,-1
10957,AC073896.1,,22947,-1
10958,LCLAT1,,12816,12816
10959,JAGN1,,12428,12428
10960,NIPAL1,,10527,10527
10961,AL359636.2,,22948,-1
10962,TAOK3,,6746,6746
10963,SLC5A3,,16352,16352
10964,ADGRB3,,6778,6778
10965,ILKAP,,6316,6316
10966,ZNF345,,17872,17872
10967,AC007364.1,,22949,-1
10968,KIF9,,1727,1727
10969,AL008723.1,,22950,-1
10970,LINC02330,,22951,-1
10971,AC090907.2,,22952,-1
10972,COQ3,,6333,6333
10973,AC007906.2,,18355,18355
10974,UNC93B1,,3615,3615
10975,TAF1A-AS1,,22953,-1
10976,RARA-AS1,,22954,-1
10977,TMIE,,14135,14135
10978,CLEC4D,,11399,11399
10979,GABRP,,1944,1944
10980,CARD19,,11087,11087
10981,CLNK,,3569,3569
10982,LINC00680,,22955,-1
10983,AC104461.1,,22956,-1
10984,AC244131.2,,22957,-1
10985,C8orf58,,17695,17695
10986,SLC6A16,,827,827
10987,RPL21P1,,22958,-1
10988,IFI44,,7290,7290
10989,WTIP,,7915,7915
10990,AL031282.2,,22959,-1
10991,RPF2P1,,22960,-1
10992,PIGG,,13037,13037
10993,AC007563.2,,22961,-1
10994,MS4A3,,8866,8866
10995,CNP,,12970,12970
10996,AC112178.1,,22962,-1
10997,RASGRP3,,9201,9201
10998,PTPRZ1,,3175,3175
10999,AL138688.2,,22963,-1
11000,TMEM156,,5038,5038
11001,LIN7A,,3720,3720
11002,NCDN,,386,386
11003,PGLYRP3,,9957,9957
11004,PLEKHS1,,8780,8780
11005,SOX6,,3676,3676
11006,MID2,,1454,1454
11007,LMNTD2,,14879,14879
11008,FBXO30,,4662,4662
11009,MXI1,,4826,4826
11010,VPS9D1-AS1,,22964,-1
11011,TAOK2,,8910,8910
11012,AC083841.2,,22965,-1
11013,SLC27A1,,6017,6017
11014,GNAI3,,885,885
11015,ATP8A1,,5332,5332
11016,LOXL1-AS1,,19279,-1
11017,TOMM7,,15833,15833
11018,RGS14,,12017,12017
11019,KPNB1,,3414,3414
11020,PPP2R1B,,7233,7233
11021,NT5DC2,,11805,11805
11022,ZSCAN18,,4996,4996
11023,OSBPL3,,1100,1100
11024,NBEAP1,,22966,-1
11025,SMIM19,,13359,13359
11026,H1F0,,15581,15581
11027,CXXC1,,9428,9428
11028,VPS33B,,14587,14587
11029,ARHGAP1,,13204,13204
11030,TMEM150A,,11942,11942
11031,PDZRN4,,11252,11252
11032,AC103794.1,,22967,-1
11033,AC004596.1,,22968,-1
11034,RBM26-AS1,,22969,-1
11035,PADI6,,18333,18333
11036,SPTAN1,,16075,16075
11037,AL049836.1,,22970,-1
11038,C9orf66,,22971,-1
11039,GSE1,,6178,6178
11040,SH3BP5-AS1,,22972,-1
11041,URB2,,6875,6875
11042,ZNF2,,18287,18287
11043,PRELID3A,,7799,7799
11044,NHLRC1,,15267,15267
11045,AC007688.2,,22973,-1
11046,AC073111.5,,22974,-1
11047,AL451164.3,,22975,-1
11048,DSCAM-AS1,,22976,-1
11049,TDRD5,,10404,10404
11050,FAM96AP2,,22977,-1
11051,DNASE1L1,,331,331
11052,AKR1C7P,,22978,-1
11053,FAM200A,,17302,17302
11054,MAP3K4,,1608,1608
11055,CIITA,,13869,13869
11056,C9orf84,,22979,-1
11057,AL358781.2,,22980,-1
11058,GLI3,,3223,3223
11059,CENPS-CORT,,22981,-1
11060,USP27X,,18253,18253
11061,MT-CYB,,16342,16342
11062,AP000866.1,,22982,-1
11063,PANK4,,9756,9756
11064,LIMCH1,,843,843
11065,LYPD1,,8944,8944
11066,ERFE,,13743,13743
11067,ADARB2,,14921,14921
11068,SIN3B,,5715,5715
11069,CSRP1,,9905,9905
11070,GPBP1,,815,815
11071,TMPOP1,,22983,-1
11072,NT5C,,5456,5456
11073,AL390334.1,,22984,-1
11074,AC113935.1,,22985,-1
11075,AC098934.1,,22986,-1
11076,USP20,,7086,7086
11077,TMEM216,,15194,15194
11078,MS4A4E,,17173,17173
11079,ARSG,,7789,7789
11080,HLA-L,,22987,-1
11081,AC023669.2,,22988,-1
11082,UQCRC2,,7717,7717
11083,LINC02016,,22989,-1
11084,CLDN9,,17091,17091
11085,NOB1,,7770,7770
11086,PREX1,,5273,5273
11087,ATP2C1,,363,363
11088,TMEM9B-AS1,,22990,-1
11089,MAPRE2,,11506,11506
11090,AC073529.1,,22991,-1
11091,LINC01088,,22992,-1
11092,ACKR3,,8250,8250
11093,BPIFA4P,,22993,-1
11094,ADARB1,,15999,15999
11095,OR10K2,,14020,14020
11096,AL132780.2,,22994,-1
11097,C6orf222,,22995,-1
11098,SYNJ1,,9894,9894
11099,RF00091.3,,22996,-1
11100,ULBP3,,6150,6150
11101,AC069236.1,,22997,-1
11102,AC010504.1,,22998,-1
11103,GNG14,,18458,18458
11104,AC004542.2,,22999,-1
11105,HAX1,,8115,8115
11106,SUMF2,,5885,5885
11107,SERPINI1,,10600,10600
11108,IRF2BPL,,4774,4774
11109,CASS4,,1699,1699
11110,CETN2,,8622,8622
11111,AGO1,,1924,1924
11112,DPYSL4,,9065,9065
11113,EEF1A1P30,,23000,-1
11114,LINC02438,,23001,-1
11115,SAR1A,,1416,1416
11116,CCNQ,,18108,18108
11117,MUC1,,14872,14872
11118,FCGR1B,,16164,16164
11119,DPYSL3,,4079,4079
11120,MDGA2,,7603,7603
11121,BCL2L12,,5612,5612
11122,KCNJ14,,14259,14259
11123,PFDN1,,3999,3999
11124,DNAH6,,4286,4286
11125,OMG,,5660,5660
11126,KAZALD1,,3346,3346
11127,FAM35BP,,23002,-1
11128,AC026746.1,,23003,-1
11129,ZNF861P,,23004,-1
11130,MOSPD1,,2511,2511
11131,USP6NL,,8745,8745
11132,FHOD3,,6693,6693
11133,IGSF9,,1610,1610
11134,TNFAIP2,,14814,14814
11135,ANKRD9,,9586,9586
11136,AGK,,135,135
11137,ANKRD26,,3358,3358
11138,UBA6-AS1,,18660,-1
11139,ADAM5,,23005,-1
11140,EHBP1,,4298,4298
11141,NEK2,,4595,4595
11142,U2SURP,,10661,10661
11143,PHPT1,,702,702
11144,SIDT1,,1171,1171
11145,RPL36A-HNRNPH2,,23006,-1
11146,PDIA4,,9501,9501
11147,GEMIN7-AS1,,23007,-1
11148,MEI4,,18204,18204
11149,RGS10,,8797,8797
11150,HOXB2,,12993,12993
11151,HIST1H2BN,,17514,17514
11152,TMEM243,,6762,6762
11153,LINC02238,,23008,-1
11154,ASNS,,19109,-1
11155,MYOZ1,,13611,13611
11156,POU5F1,,16662,16662
11157,AC114956.1,,23009,-1
11158,TCN1,,6703,6703
11159,HAT1,,5846,5846
11160,FAM135A,,1518,1518
11161,SLC44A3-AS1,,23010,-1
11162,ZNF433,,16069,16069
11163,AP001505.1,,23011,-1
11164,AL035685.1,,23012,-1
11165,NCEH1,,8319,8319
11166,AC011247.1,,23013,-1
11167,CADPS,,10625,10625
11168,THRA,,5607,5607
11169,AC007179.2,,23014,-1
11170,GNRH2,,5509,5509
11171,SERTAD1,,15911,15911
11172,KCTD14,,9027,9027
11173,DIAPH3,,7583,7583
11174,ABI2,,7382,7382
11175,CRIP1P3,,23015,-1
11176,PARP4,,2609,2609
11177,GTF2IRD2,,15710,15710
11178,AC009961.1,,23016,-1
11179,EID2B,,13390,13390
11180,AC136759.1,,23017,-1
11181,GTF2IP6,,23018,-1
11182,KLHDC1,,16097,16097
11183,AP001992.1,,23019,-1
11184,PRKAA1,,6321,6321
11185,TUBA1A,,11619,11619
11186,AL138694.1,,23020,-1
11187,PRSS16,,3979,3979
11188,LINC00648,,23021,-1
11189,NCS1,,3281,3281
11190,GMPS,,10643,10643
11191,DCDC2,,8458,8458
11192,PLEKHM1P1,,23022,-1
11193,DNAH3,,9828,9828
11194,CDK18,,4536,4536
11195,PDCL3P4,,23023,-1
11196,PPM1N,,17077,17077
11197,SNU13,,2128,2128
11198,AC116366.2,,23024,-1
11199,ZNF101P2,,23025,-1
11200,TEX41,,23026,-1
11201,TRUB1,,11224,11224
11202,C1orf116,,14344,14344
11203,NOP16,,621,621
11204,SPATA6L,,3242,3242
11205,GNAT2,,6585,6585
11206,PINCR,,23027,-1
11207,LINC01686,,23028,-1
11208,AL589990.1,,23029,-1
11209,PTPRG,,8286,8286
11210,DUOX2,,7641,7641
11211,AC025165.2,,23030,-1
11212,YWHAZP1,,23031,-1
11213,EPB41L4A,,5942,5942
11214,HSPA2,,5651,5651
11215,NACC1,,10132,10132
11216,ZNF699,,15661,15661
11217,IDUA,,5704,5704
11218,CKAP5,,13203,13203
11219,IFI6,,5635,5635
11220,C3orf33,,13144,13144
11221,FGF20,,1385,1385
11222,DHFR2,,13737,13737
11223,AC009061.2,,23032,-1
11224,MMAA,,9059,9059
11225,RAP1GAP,,1316,1316
11226,ZBBX,,11983,11983
11227,AL139807.1,,23033,-1
11228,C17orf75,,3452,3452
11229,ZNF844,,17343,17343
11230,DCAF15,,6288,6288
11231,TCEA1,,18774,-1
11232,PCAT14,,19078,-1
11233,ADAMTS3,,9558,9558
11234,GABRB3,,11314,11314
11235,AC092839.1,,23034,-1
11236,TMEM38A,,1174,1174
11237,AL031963.1,,23035,-1
11238,KLHL35,,8832,8832
11239,LINC01925,,23036,-1
11240,LINC02421,,23037,-1
11241,SEPT9,,23038,-1
11242,AL159166.1,,23039,-1
11243,C1QTNF6,,6504,6504
11244,FAM189A2,,6740,6740
11245,AL159163.1,,23040,-1
11246,CNTNAP3P2,,23041,-1
11247,NEDD4L,,650,650
11248,RUFY2,,16556,16556
11249,AP001107.1,,23042,-1
11250,C19orf73,,17305,17305
11251,PET117,,17500,17500
11252,PFKFB3,,12300,12300
11253,MSI2,,9324,9324
11254,AC008770.1,,23043,-1
11255,OGG1,,4113,4113
11256,CDAN1,,7651,7651
11257,ITGA1,,17092,17092
11258,TMC3-AS1,,23044,-1
11259,CFDP1,,9301,9301
11260,B2M,,11432,11432
11261,ARHGEF28,,17186,17186
11262,FSTL5,,11933,11933
11263,NPM1P39,,23045,-1
11264,AC098936.1,,23046,-1
11265,PRR25,,23047,-1
11266,RPL39,,19098,-1
11267,NRG3,,14922,14922
11268,AP003181.1,,23048,-1
11269,SHC4,,14900,14900
11270,PTPN1,,15746,15746
11271,AC018697.1,,23049,-1
11272,ZNHIT3,,18975,-1
11273,EPSTI1,,6460,6460
11274,TRIM38,,3923,3923
11275,TSSK3,,10327,10327
11276,AL139125.1,,23050,-1
11277,BCL2L2,,5927,5927
11278,AC090527.2,,23051,-1
11279,LIPA,,3341,3341
11280,RSPRY1,,9959,9959
11281,HEIH,,18702,-1
11282,SCAMP1,,1600,1600
11283,AC018755.1,,23052,-1
11284,DNTTIP1,,2458,2458
11285,CLECL1,,14630,14630
11286,S100A13,,15603,15603
11287,AC125611.4,,23053,-1
11288,RAB40B,,7834,7834
11289,RBM6,,51,51
11290,SUMO3,,14741,14741
11291,GID4,,7761,7761
11292,ABCA9,,9366,9366
11293,CDCP1,,10692,10692
11294,CCER1,,16070,16070
11295,AC079777.1,,23054,-1
11296,TARBP1,,779,779
11297,RN7SL43P,,23055,-1
11298,SYT8,,8809,8809
11299,PSRC1,,6595,6595
11300,PCSK6,,7680,7680
11301,SCUBE3,,8480,8480
11302,AC124947.1,,23056,-1
11303,PTPRC,,1486,1486
11304,AC004975.2,,23057,-1
11305,AP002358.1,,23058,-1
11306,AP003733.1,,23059,-1
11307,B3GALT5-AS1,,23060,-1
11308,NPC2,,4772,4772
11309,EHD1,,3613,3613
11310,RAD50,,4056,4056
11311,TXNIP,,18138,18138
11312,AL031709.1,,23061,-1
11313,GPKOW,,1012,1012
11314,LINC02561,,23062,-1
11315,AP001189.5,,23063,-1
11316,DTNB,,7323,7323
11317,CLU,,4944,4944
11318,CDK4,,6817,6817
11319,NUCB1-AS1,,23064,-1
11320,CLTRN,,8567,8567
11321,CLASP1,,1210,1210
11322,LINC02550,,23065,-1
11323,MYEOV,,12808,12808
11324,NBPF15,,18144,18144
11325,AC034229.2,,23066,-1
11326,AC068051.1,,23067,-1
11327,PIP4P2,,9456,9456
11328,F2R,,14088,14088
11329,PTGS1,,1962,1962
11330,AC000078.1,,23068,-1
11331,AC136489.1,,23069,-1
11332,ICA1L,,10615,10615
11333,NCBP2-AS1,,23070,-1
11334,AC023510.1,,23071,-1
11335,DANCR,,18659,-1
11336,GPBP1L1,,9961,9961
11337,ERRFI1,,4413,4413
11338,WEE1,,11389,11389
11339,CRTAC1,,1978,1978
11340,RPL32P34,,23072,-1
11341,CHMP7,,8633,8633
11342,ARMCX5-GPRASP2,,23073,-1
11343,ZNF853,,17575,17575
11344,CDCA3,,3796,3796
11345,AC005775.1,,23074,-1
11346,AC245884.1,,23075,-1
11347,PLXNA4,,17290,17290
11348,MBOAT1,,12663,12663
11349,AC009446.1,,23076,-1
11350,LINC01722,,23077,-1
11351,TMOD4,,10494,10494
11352,CCND3,,3948,3948
11353,SPC25,,9144,9144
11354,BRWD1,,14905,14905
11355,CBWD4P,,23078,-1
11356,UBR4,,5712,5712
11357,CPM,,6860,6860
11358,AC037487.3,,23079,-1
11359,TBRG1,,9352,9352
11360,OR4F15,,14353,14353
11361,DUT,,5871,5871
11362,ZNRF3,,14491,14491
11363,RASSF1,,1000,1000
11364,PPP1R32,,10265,10265
11365,AP003469.2,,23080,-1
11366,BDKRB2,,11838,11838
11367,AL390879.1,,23081,-1
11368,AC046158.1,,23082,-1
11369,ITGAM,,12155,12155
11370,AP001157.1,,23083,-1
11371,AC132938.3,,23084,-1
11372,CLEC1B,,11186,11186
11373,SYNDIG1,,2460,2460
11374,TLL1,,534,534
11375,RAPGEF4-AS1,,23085,-1
11376,HOXC9,,14033,14033
11377,CHKB-CPT1B,,23086,-1
11378,HSD17B6,,434,434
11379,LINC01658,,23087,-1
11380,AP000350.6,,23088,-1
11381,SSUH2,,5411,5411
11382,LONRF3,,13262,13262
11383,AC025575.2,,23089,-1
11384,BBC3,,2982,2982
11385,REEP3,,11134,11134
11386,MED15,,2068,2068
11387,MCM10,,894,894
11388,AC129507.2,,23090,-1
11389,TRPM4,,6055,6055
11390,TBC1D3L,,23091,-1
11391,LINC00842,,23092,-1
11392,ABHD14A,,17818,17818
11393,OSBPL9,,4607,4607
11394,LINC02221,,23093,-1
11395,PLD5,,13968,13968
11396,AL162727.2,,23094,-1
11397,SNX11,,29,29
11398,AC005865.2,,23095,-1
11399,AL354740.1,,23096,-1
11400,APOPT1,,23097,-1
11401,MYBL1,,14915,14915
11402,DMTN,,9874,9874
11403,KXD1,,3074,3074
11404,TMBIM1,,6907,6907
11405,MRAP2,,6785,6785
11406,KRT17,,5808,5808
11407,TIMP1,,2570,2570
11408,AC112721.1,,23098,-1
11409,TESK1,,3282,3282
11410,MOCS3,,5301,5301
11411,SCGB2B2,,16796,16796
11412,AC007622.2,,23099,-1
11413,AL160291.1,,23100,-1
11414,LINC02465,,23101,-1
11415,MAPK8,,3325,3325
11416,PP7080,,23102,-1
11417,RNF170,,4953,4953
11418,GLIS2,,5631,5631
11419,AL035461.2,,23103,-1
11420,CNMD,,6944,6944
11421,IFT172,,7296,7296
11422,KRTCAP3,,9767,9767
11423,UBR5,,2840,2840
11424,TP73,,1400,1400
11425,ITIH5,,5185,5185
11426,AL365275.1,,23104,-1
11427,SYT10,,3714,3714
11428,STK11,,4619,4619
11429,CES1,,16405,16405
11430,CARD11,,16231,16231
11431,VPS39,,11477,11477
11432,HLX,,7030,7030
11433,LINC01033,,23105,-1
11434,SPARCL1,,9187,9187
11435,AC093323.1,,12358,12358
11436,LINC02163,,23106,-1
11437,AC009088.1,,23107,-1
11438,AC174065.1,,23108,-1
11439,GNAS,,19055,-1
11440,HOOK2,,1956,1956
11441,MRPL36,,18672,-1
11442,EPHA10,,14445,14445
11443,TSPAN6,,0,0
11444,TMEM164,,9726,9726
11445,SPNS2,,14387,14387
11446,AC034102.3,,23109,-1
11447,NPM2,,9867,9867
11448,TP53RK,,12686,12686
11449,DDX3X,,17216,17216
11450,PCDHGA1,,16755,16755
11451,AL021937.4,,23110,-1
11452,GOLGA3,,1832,1832
11453,ZNF749,,19044,-1
11454,LINC02086,,23111,-1
11455,MEF2C-AS1,,23112,-1
11456,AC242988.1,,23113,-1
11457,YEATS2-AS1,,23114,-1
11458,UHRF2,,8678,8678
11459,RETREG1,,9354,9354
11460,AC004009.1,,23115,-1
11461,NECAP1,,1796,1796
11462,AC068768.1,,23116,-1
11463,LPCAT2,,1680,1680
11464,LIFR-AS1,,23117,-1
11465,RNA5SP437,,23118,-1
11466,SRP14,,18918,-1
11467,POLG2,,17991,17991
11468,GALNT12,,4753,4753
11469,SDCCAG8,,707,707
11470,AC098824.1,,23119,-1
11471,RTCA-AS1,,23120,-1
11472,FMN1,,17824,17824
11473,TPBG,,8486,8486
11474,LRRFIP2,,1939,1939
11475,IFRD2,,17165,17165
11476,NPHP3-ACAD11,,23121,-1
11477,AC107956.2,,23122,-1
11478,MINDY1,,8076,8076
11479,CMTM7,,9290,9290
11480,TAF6L,,10271,10271
11481,EFHB,,10610,10610
11482,AL592295.4,,23123,-1
11483,HAL,,1572,1572
11484,AP005131.1,,23124,-1
11485,C12orf43,,9759,9759
11486,AL121772.3,,23125,-1
11487,SH3BP5,,6198,6198
11488,COMMD8,,11972,11972
11489,CYP4V2,,8379,8379
11490,FUT9,,12723,12723
11491,ZNF675,,15996,15996
11492,ZNF174,,2718,2718
11493,ATP11B,,761,761
11494,CCDC144CP,,23126,-1
11495,AC008966.1,,23127,-1
11496,CARF,,7366,7366
11497,GRPR,,5576,5576
11498,AFAP1L1,,9715,9715
11499,AC018690.1,,23128,-1
11500,ZNF785,,15953,15953
11501,TANC2,,12378,12378
11502,ACSL1,,9082,9082
11503,AC107463.1,,23129,-1
11504,OGFOD3,,14114,14114
11505,ACOT8,,2463,2463
11506,LINC02257,,23130,-1
11507,PINX1.1,,23131,-1
11508,LINC00310,,23132,-1
11509,AC244258.1,,23133,-1
11510,AL135999.1,,23134,-1
11511,AC136475.3,,23135,-1
11512,TFPI,,39,39
11513,AL732314.6,,23136,-1
11514,INHBA,,5113,5113
11515,UBE2J1,,16393,16393
11516,GATA4,,7027,7027
11517,TAF9,,18254,18254
11518,MIR503HG,,23137,-1
11519,ISL2,,9958,9958
11520,MAP3K20-AS1,,23138,-1
11521,LINC01004,,23139,-1
11522,SLC25A27,,9271,9271
11523,ZNF887P,,23140,-1
11524,ZNF527,,15600,15600
11525,CYP27A1,,6908,6908
11526,AC091489.2,,23141,-1
11527,RAB26,,11730,11730
11528,RF00017.73,,23142,-1
11529,TVP23C,,13181,13181
11530,GOLGA8T,,23143,-1
11531,NANP,,12216,12216
11532,AC100763.1,,23144,-1
11533,PCGF5,,14012,14012
11534,UBA5,,1489,1489
11535,SLC4A4,,1450,1450
11536,TOX2,,5287,5287
11537,AC046185.1,,23145,-1
11538,GOLM1,,6739,6739
11539,ADGRG6,,3931,3931
11540,METRN,,2705,2705
11541,RGS2,,4463,4463
11542,ECE1,,4539,4539
11543,AC005921.2,,23146,-1
11544,SUGCT,,13271,13271
11545,USP39,,11939,11939
11546,ISY1-RAB43,,23147,-1
11547,PPT2,,17325,17325
11548,GNAZ,,5785,5785
11549,CHPF2,,487,487
11550,AL139246.2,,23148,-1
11551,AP000866.2,,23149,-1
11552,DYNC2LI1,,7304,7304
11553,EI24,,8871,8871
11554,LGR5,,7515,7515
11555,XG,,5324,5324
11556,ITPR3,,2000,2000
11557,GALNT17,,14832,14832
11558,DNA2,,7358,7358
11559,AC073486.1,,23150,-1
11560,HOXC6,,16090,16090
11561,TAF1A,,8096,8096
11562,NUDT22,,8899,8899
11563,SELENOM,,16392,16392
11564,PRICKLE2,,10638,10638
11565,LINC02284,,23151,-1
11566,ACADS,,5156,5156
11567,ARHGAP42,,11234,11234
11568,AC108863.1,,23152,-1
11569,AC016831.1,,19235,-1
11570,SLFN5,,11439,11439
11571,AC113386.1,,23153,-1
11572,SLC7A9,,396,396
11573,UMAD1,,17268,17268
11574,HYI-AS1,,23154,-1
11575,AC119403.1,,23155,-1
11576,MYOCD,,7763,7763
11577,HSF1,,14799,14799
11578,MFSD14A,,9639,9639
11579,SLC38A2,,6616,6616
11580,APOL6,,17318,17318
11581,AL162430.1,,23156,-1
11582,WDR74,,6490,6490
11583,C19orf33,,11649,11649
11584,MT-ND4,,16424,16424
11585,NUCB1,,2872,2872
11586,TMEM17,,15158,15158
11587,CLN5,,2623,2623
11588,GRK4,,5445,5445
11589,WNT7B,,15375,15375
11590,MAD2L1BP,,5373,5373
11591,ARHGAP17,,7720,7720
11592,SDSL,,7532,7532
11593,TMEM173,,14691,14691
11594,NDUFA4,,15573,15573
11595,DCAKD,,12824,12824
11596,NDUFAF2,,10825,10825
11597,AC005154.6,,23157,-1
11598,ADAMTSL4,,8069,8069
11599,AC005833.2,,23158,-1
11600,EFS,,2317,2317
11601,DCT,,1442,1442
11602,ANKRD29,,9338,9338
11603,AC104162.2,,23159,-1
11604,AC027020.2,,23160,-1
11605,G6PD,,10036,10036
11606,NOL4L,,15959,15959
11607,MIA2,,8942,8942
11608,GPAA1,,16116,16116
11609,AC007879.3,,23161,-1
11610,THAP1,,6272,6272
11611,RBM5-AS1,,23162,-1
11612,ZNF580,,16990,16990
11613,AC025576.2,,23163,-1
11614,GARS,,3159,3159
11615,SLC47A2,,14013,14013
11616,ZNF558,,11699,11699
11617,SPEN,,904,904
11618,SNX13,,1110,1110
11619,N4BP2L1,,7554,7554
11620,COPS5,,4962,4962
11621,SDHAF4,,9339,9339
11622,IMPA1P1,,23164,-1
11623,TOX,,16404,16404
11624,GOLGA8UP,,23165,-1
11625,ZNF644,,5094,5094
11626,PRB2,,4988,4988
11627,RAD51-AS1,,18919,-1
11628,ALOXE3,,13816,13816
11629,GALNT10,,10922,10922
11630,MGAT1,,6213,6213
11631,HMBS,,17985,17985
11632,AC107081.2,,23166,-1
11633,CEACAM19,,15103,15103
11634,VSIR,,3333,3333
11635,CCNO,,9196,9196
11636,LHFPL3-AS2,,23167,-1
11637,POM121C,,18228,18228
11638,AC006547.3,,23168,-1
11639,AC092821.1,,23169,-1
11640,DDT,,2081,2081
11641,CLDN4,,15596,15596
11642,MYO5B,,11573,11573
11643,LINC00467,,18582,-1
11644,HIST1H3J,,15951,15951
11645,NDUFA9,,7492,7492
11646,PASD1,,11272,11272
11647,CDH18-AS1,,23170,-1
11648,APOBEC3G,,17626,17626
11649,AC010486.1,,23171,-1
11650,RIMS1,,1435,1435
11651,NBPF18P,,23172,-1
11652,SMIM15-AS1,,23173,-1
11653,IGDCC3,,13078,13078
11654,XKR9,,17315,17315
11655,AC239868.1,,23174,-1
11656,ANXA5,,10794,10794
11657,MT-TL1,,23175,-1
11658,AC080162.1,,23176,-1
11659,LIPI,,15561,15561
11660,AL354751.3,,23177,-1
11661,MTG1,,8787,8787
11662,PPP1R15B,,9844,9844
11663,EMC2,,2826,2826
11664,UTP15,,10875,10875
11665,VBP1,,9532,9532
11666,MIA,,18094,18094
11667,TRIM15,,16684,16684
11668,CCDC169,,17720,17720
11669,MFHAS1,,8616,8616
11670,STAT5B,,12967,12967
11671,MYL9,,2422,2422
11672,NDUFV2,,13659,13659
11673,PARD3,,8755,8755
11674,AC107204.1,,23178,-1
11675,RFESD,,13241,13241
11676,PIAS1,,493,493
11677,DOCK11P1,,23179,-1
11678,AC005586.1,,23180,-1
11679,HSPA14,,15254,15254
11680,WWC2,,9080,9080
11681,TNF,,17499,17499
11682,TMEM182,,12266,12266
11683,SAGE1,,14118,14118
11684,DDX52,,18363,18363
11685,AC006960.2,,23181,-1
11686,AL031705.1,,23182,-1
11687,GHET1,,23183,-1
11688,SLFNL1-AS1,,23184,-1
11689,GABBR2,,7095,7095
11690,MTHFD2,,922,922
11691,AP000553.1,,23185,-1
11692,OBSCN,,9380,9380
11693,AL132780.3,,23186,-1
11694,SREBF2,,16437,16437
11695,SLC8A2,,4626,4626
11696,AC068587.2,,23187,-1
11697,IL17RE,,23188,-1
11698,PTCHD4,,17794,17794
11699,ANXA2,,14332,14332
11700,DUSP18,,11518,11518
11701,PDE1C,,9411,9411
11702,LINC02237,,23189,-1
11703,RORC,,8060,8060
11704,AC007619.1,,23190,-1
11705,AL354809.1,,23191,-1
11706,AC067930.5,,23192,-1
11707,EIF2B1,,3767,3767
11708,DBR1,,7347,7347
11709,AKR7A2,,691,691
11710,PROSER2,,8744,8744
11711,AC096639.1,,23193,-1
11712,HKDC1,,9606,9606
11713,PLA2G1B,,12368,12368
11714,RNU5D-1,,23194,-1
11715,MMP17,,16303,16303
11716,AC022973.4,,23195,-1
11717,PROSER1,,4913,4913
11718,CAV3,,23196,-1
11719,RAMMET,,23197,-1
11720,RALB,,8203,8203
11721,TBX2,,4970,4970
11722,SON,,9899,9899
11723,SENP3,,10235,10235
11724,AC114271.1,,23198,-1
11725,AL137067.1,,23199,-1
11726,TCEAL1,,12725,12725
11727,CHSY1,,6267,6267
11728,OR52D1,,14137,14137
11729,UBAP1L,,17801,17801
11730,ESCO2,,12471,12471
11731,ARFGAP1,,2390,2390
11732,CCNH,,6647,6647
11733,IGFBP5,,4291,4291
11734,LINC02381,,23200,-1
11735,ARHGAP27,,9930,9930
11736,PKD2L2,,1395,1395
11737,AC007262.2,,23201,-1
11738,LINC00963,,18802,-1
11739,SEC1P,,23202,-1
11740,SFXN4,,14494,14494
11741,CD34,,13015,13015
11742,FAM83A,,8670,8670
11743,BDH2,,10757,10757
11744,RERG,,6655,6655
11745,ATG16L2,,11753,11753
11746,AC097468.1,,23203,-1
11747,H2AFY,,4077,4077
11748,VPS35,,1040,1040
11749,AC067750.1,,23204,-1
11750,HSPA8P14,,23205,-1
11751,PLAC4,,23206,-1
11752,LINC02407,,23207,-1
11753,BMS1P7,,23208,-1
11754,AL359924.1,,23209,-1
11755,CRACR2A,,5979,5979
11756,AC109587.1,,23210,-1
11757,KYNU,,4359,4359
11758,AC090809.1,,23211,-1
11759,PLXNC1,,6931,6931
11760,SLC25A34,,10315,10315
11761,ZNF672,,12435,12435
11762,AC114689.3,,23212,-1
11763,EIF4E,,9014,9014
11764,AC131281.1,,23213,-1
11765,PPP2R3A,,1196,1196
11766,CEP78,,8692,8692
11767,CES2,,12796,12796
11768,PLGRKT,,3274,3274
11769,DPY19L2P2,,23214,-1
11770,SCN3A,,9268,9268
11771,AC106729.1,,23215,-1
11772,INPP5D,,11952,11952
11773,ARHGAP45,,13994,13994
11774,AC097534.1,,23216,-1
11775,IWS1,,10498,10498
11776,ZAR1,,14241,14241
11777,COL19A1,,1519,1519
11778,KLF15,,10715,10715
11779,DNMBP-AS1,,23217,-1
11780,PCGF2,,18341,18341
11781,SMG7-AS1,,23218,-1
11782,LINC02519,,23219,-1
11783,ZFAND3,,9617,9617
11784,TPX2,,1716,1716
11785,CCDC17,,9960,9960
11786,AC007066.1,,23220,-1
11787,RBFOX3,,11568,11568
11788,ENAM,,6342,6342
11789,SYCP2,,15651,15651
11790,LIN28A,,6271,6271
11791,TMEM42,,12173,12173
11792,LUC7L3,,3482,3482
11793,AC005614.2,,23221,-1
11794,MATN2,,6361,6361
11795,DCUN1D2-AS,,23222,-1
11796,CHCHD1,,12750,12750
11797,IL18BP,,7198,7198
11798,MTND5P26,,23223,-1
11799,AL929288.1,,23224,-1
11800,AC024940.2,,23225,-1
11801,AL442163.1,,23226,-1
11802,AC015688.4,,23227,-1
11803,GDF11,,6808,6808
11804,Z95114.1,,23228,-1
11805,AC034195.1,,23229,-1
11806,TMEM218,,8934,8934
11807,BAD,,20,20
11808,C21orf91,,9406,9406
11809,SOD1P3,,23230,-1
11810,DIRAS3,,10340,10340
11811,RPL39L,,18649,-1
11812,AC040174.1,,23231,-1
11813,CATIP-AS2,,23232,-1
11814,CPN2,,13746,13746
11815,ZBED4,,2233,2233
11816,LINC00686,,23233,-1
11817,SMIM29,,15105,15105
11818,PRMT3,,14820,14820
11819,ATP6V1FNB,,18237,18237
11820,CDR2,,7718,7718
11821,PRSS1,,16766,16766
11822,HARS2,,3984,3984
11823,LINC02462,,23234,-1
11824,BMP1,,11856,11856
11825,PTP4A2,,18551,-1
11826,VWA8,,2615,2615
11827,RIOX2,,12361,12361
11828,CCDC33,,7681,7681
11829,MRAP,,12227,12227
11830,TEX26-AS1,,23235,-1
11831,ESRG,,23236,-1
11832,AL354822.1,,19102,-1
11833,NNT-AS1,,18681,-1
11834,MYRFL,,11331,11331
11835,DYRK3,,8092,8092
11836,BAZ1B,,239,239
11837,TRPV1,,15835,15835
11838,GVINP1,,23237,-1
11839,FOXK1,,11008,11008
11840,NUP62,,16994,16994
11841,AC105383.1,,23238,-1
11842,SETD5,,11782,11782
11843,AC011444.1,,23239,-1
11844,TRABD,,12326,12326
11845,PSME2,,2329,2329
11846,PXMP2,,13459,13459
11847,ETHE1,,3088,3088
11848,ZBTB24,,3925,3925
11849,AL589843.1,,23240,-1
11850,AK6,,1597,1597
11851,ALLC,,9026,9026
11852,ZNF852,,13765,13765
11853,CHST9,,9340,9340
11854,FKBP14,,3155,3155
11855,AC093535.1,,23241,-1
11856,CPTP,,17352,17352
11857,TNC,,563,563
11858,IGFBP7,,10565,10565
11859,AL049869.3,,23242,-1
11860,OR52K3P,,23243,-1
11861,LINC00578,,23244,-1
11862,HMGCLL1,,8477,8477
11863,CUTA,,3940,3940
11864,PAXX,,8735,8735
11865,AC074286.1,,23245,-1
11866,DKK3,,657,657
11867,FRG1,,3556,3556
11868,HCRTR2,,7158,7158
11869,EPB41L2,,1434,1434
11870,CENPE,,7449,7449
11871,MRPL51,,18859,-1
11872,BRINP2,,16375,16375
11873,AC026369.1,,23246,-1
11874,SYNJ2BP-COX16,,23247,-1
11875,GDPD1,,9328,9328
11876,GTF2F2,,15432,15432
11877,AC008695.1,,23248,-1
11878,MCM7,,11394,11394
11879,GSTK1,,16017,16017
11880,UNC5A,,4093,4093
11881,MXRA8,,10335,10335
11882,KALRN,,10017,10017
11883,PGGHG,,7895,7895
11884,SERPINE3,,17890,17890
11885,SGMS1,,16466,16466
11886,AC015795.1,,23249,-1
11887,AC104777.2,,23250,-1
11888,TOP2A,,6249,6249
11889,ARHGAP26,,8422,8422
11890,AC105389.3,,23251,-1
11891,ASPSCR1,,12115,12115
11892,ANKRD10,,1721,1721
11893,TPRN,,13333,13333
11894,PDE3A,,12747,12747
11895,AL590609.1,,23252,-1
11896,SPEG,,1144,1144
11897,SPATA2,,9824,9824
11898,CLSTN2-AS1,,23253,-1
11899,MTMR9,,2850,2850
11900,MRNIP,,10154,10154
11901,CUL3,,514,514
11902,AC005006.1,,23254,-1
11903,TXNL4B,,7725,7725
11904,USF1,,9861,9861
11905,TLCD1,,10093,10093
11906,NIPAL2,,2817,2817
11907,AC100850.1,,23255,-1
11908,AMER1,,14707,14707
11909,TPRX1,,13770,13770
11910,AGAP1,,9766,9766
11911,SHANK2,,10261,10261
11912,SDC4,,5277,5277
11913,AC021106.1,,23256,-1
11914,SAMSN1,,9472,9472
11915,Z84478.1,,23257,-1
11916,LINC02383,,23258,-1
11917,CRMP1,,1168,1168
11918,TAS2R19,,23259,-1
11919,AC022826.1,,23260,-1
11920,WDR49,,13117,13117
11921,SPATA5,,8366,8366
11922,LINC01184,,18691,-1
11923,ZNF385C,,15271,15271
11924,TRIM45,,6604,6604
11925,LINC00276,,23261,-1
11926,NUTM2A-AS1,,18818,-1
11927,RANGRF,,3496,3496
11928,AC020905.1,,23262,-1
11929,KMT2E-AS1,,23263,-1
11930,OPHN1,,1426,1426
11931,AC017101.1,,23264,-1
11932,AC090857.2,,23265,-1
11933,PSPC1,,4994,4994
11934,ZNF266,,13101,13101
11935,AC073172.2,,23266,-1
11936,AC026616.1,,23267,-1
11937,AJUBA,,5928,5928
11938,PELO,,9200,9200
11939,MARCH9,,7509,7509
11940,HOOK3,,11789,11789
11941,LINC01924,,23268,-1
11942,TTPA,,7209,7209
11943,ULBP2,,6147,6147
11944,APOOP5,,23269,-1
11945,NAPEPLD,,10161,10161
11946,AC009365.3,,23270,-1
11947,SUCLG2P4,,23271,-1
11948,IGSF1,,8610,8610
11949,ADSS,,509,509
11950,CDKL4,,16784,16784
11951,EPDR1,,1640,1640
11952,FP565260.6,,18409,18409
11953,MYADM,,13897,13897
11954,MROH8,,23272,-1
11955,SNRNP40,,796,796
11956,AC055713.1,,23273,-1
11957,ACSF3,,13435,13435
11958,BEND3,,13703,13703
11959,MOSPD3,,3183,3183
11960,AC025682.1,,23274,-1
11961,ABCC2,,423,423
11962,SLC9A3,,936,936
11963,ABCB10,,6879,6879
11964,ANXA8L1,,18125,18125
11965,AC004158.1,,23275,-1
11966,CLEC2D,,1046,1046
11967,AL133375.1,,23276,-1
11968,ACO1,,5129,5129
11969,SERHL2,,14486,14486
11970,HCP5,,23277,-1
11971,AL008729.1,,23278,-1
11972,SWI5,,13303,13303
11973,RNF150,,12207,12207
11974,PLEC,,13673,13673
11975,PPP1R1A,,6818,6818
11976,DLK2,,12500,12500
11977,SLC9A3-AS1,,23279,-1
11978,RRN3P3,,23280,-1
11979,PLBD1-AS1,,23281,-1
11980,SCNN1D,,10334,10334
11981,VAMP1,,7495,7495
11982,ZNF740,,7570,7570
11983,GPR137,,12875,12875
11984,CDC25B,,2399,2399
11985,SLC35A3,,4590,4590
11986,PHKBP1,,23282,-1
11987,AC022031.1,,23283,-1
11988,UBC,,8983,8983
11989,DLGAP5,,5649,5649
11990,AC127522.1,,23284,-1
11991,TMPPE,,15395,15395
11992,CLPX,,11467,11467
11993,CA1,,6531,6531
11994,UBE2L3,,14903,14903
11995,NBPF14,,19201,-1
11996,AL137027.1,,23285,-1
11997,AL449043.1,,23286,-1
11998,AP000781.2,,23287,-1
11999,AC007326.4,,23288,-1
12000,FFAR4,,15027,15027
12001,MRPS23,,18991,-1
12002,AC099343.3,,23289,-1
12003,CYP4F12,,15033,15033
12004,DDX11L10,,23290,-1
12005,IGKV1OR2-108,,23291,-1
12006,MUC19,,16845,16845
12007,LINC00222,,23292,-1
12008,PROCR,,2346,2346
12009,AC116667.1,,23293,-1
12010,TIMM50,,2953,2953
12011,HP1BP3,,5713,5713
12012,SERPINF1,,6328,6328
12013,CHAC1,,5872,5872
12014,SAPCD2,,15030,15030
12015,ID1,,5564,5564
12016,GRIK2,,10895,10895
12017,PPARGC1B,,9516,9516
12018,AP003123.1,,23294,-1
12019,MCIDAS,,17529,17529
12020,AC002543.1,,23295,-1
12021,AC022639.1,,23296,-1
12022,TMEM9,,4485,4485
12023,SLC15A2,,10554,10554
12024,AC005901.1,,23297,-1
12025,AC068512.1,,23298,-1
12026,PSPH,,8541,8541
12027,TRIM14,,3253,3253
12028,CPS1,,401,401
12029,HAUS7,,17029,17029
12030,NF1P11,,23299,-1
12031,NTNG2,,15731,15731
12032,CAMK1,,6572,6572
12033,SFRP1,,2813,2813
12034,CARD16,,16626,16626
12035,INO80B,,4257,4257
12036,AC078778.2,,23300,-1
12037,AC246817.1,,18771,-1
12038,AL596244.1,,23301,-1
12039,CMYA5,,10864,10864
12040,AC122688.4,,23302,-1
12041,AC012358.3,,23303,-1
12042,AL450226.2,,23304,-1
12043,CCR4,,14552,14552
12044,ADSSL1,,14793,14793
12045,IQCB1,,12865,12865
12046,IRAK2,,6571,6571
12047,ADGRL1,,1136,1136
12048,AC074117.1,,23305,-1
12049,C5orf49,,17208,17208
12050,C6orf47,,16637,16637
12051,CALN1,,14420,14420
12052,PDZD4,,993,993
12053,VASP,,5503,5503
12054,AC007128.1,,23306,-1
12055,SMAD7,,2481,2481
12056,CASC17,,23307,-1
12057,TAF5,,8791,8791
12058,GON4L,,4435,4435
12059,TMEM129,,11957,11957
12060,OR51Q1,,11582,11582
12061,ZBTB18,,13857,13857
12062,LINC01759,,23308,-1
12063,HM13-AS1,,23309,-1
12064,SLC6A14,,18172,18172
12065,TOMM22,,2148,2148
12066,PCDHGB6,,17889,17889
12067,CTSF,,13016,13016
12068,TMEM138,,8859,8859
12069,AC053527.1,,23310,-1
12070,ZRANB2-AS2,,23311,-1
12071,AC138819.1,,23312,-1
12072,WAPL,,821,821
12073,TAF15,,18210,18210
12074,ATP11A,,1017,1017
12075,LINC02476,,18760,-1
12076,EVPL,,11716,11716
12077,IFIT2,,4820,4820
12078,LINC01811,,23313,-1
12079,TMEM220-AS1,,23314,-1
12080,ESRP1,,2827,2827
12081,SDC2,,12067,12067
12082,AL132708.1,,23315,-1
12083,FCGR3B,,10392,10392
12084,CUL4A,,7594,7594
12085,CDC45,,1934,1934
12086,EML5,,11147,11147
12087,AC087636.1,,23316,-1
12088,PTPRN,,708,708
12089,ORC3,,6788,6788
12090,AL356277.3,,23317,-1
12091,FDX1,,7234,7234
12092,RGMA,,14228,14228
12093,EDRF1-AS1,,23318,-1
12094,AC011921.1,,23319,-1
12095,PIGX,,10741,10741
12096,GALNT4,,18018,18018
12097,PPFIA1,,18849,-1
12098,UBE2QL1,,17209,17209
12099,INO80C,,9279,9279
12100,SPDYE21P,,17455,17455
12101,AP001790.1,,23320,-1
12102,NR2F2-AS1,,19280,-1
12103,AC124067.4,,23321,-1
12104,LINC01588,,23322,-1
12105,TRIM6,,4979,4979
12106,CAMLG,,10933,10933
12107,C19orf84,,18107,18107
12108,CCDC24,,9916,9916
12109,AL691449.1,,23323,-1
12110,LINC01608,,23324,-1
12111,ZBTB7C,,14728,14728
12112,PTGR2,,7621,7621
12113,RBM46,,9111,9111
12114,TRANK1,,11755,11755
12115,AC011747.2,,23325,-1
12116,TFRC,,1147,1147
12117,ZNF80,,13043,13043
12118,CLIC2,,9534,9534
12119,IGFBP6,,11697,11697
12120,NPTX1,,12459,12459
12121,NDUFB7,,2047,2047
12122,GLMN,,13131,13131
12123,SMYD1,,4315,4315
12124,SYT2,,8164,8164
12125,CIP2A,,10582,10582
12126,CHN1,,5842,5842
12127,AC020637.1,,23326,-1
12128,RASEF,,11055,11055
12129,ZNF408,,13201,13201
12130,ASIC3,,17010,17010
12131,FBN2,,7463,7463
12132,TTYH2,,7833,7833
12133,AC009299.1,,23327,-1
12134,NTNG1,,10357,10357
12135,AC083862.2,,23328,-1
12136,COL9A3,,1921,1921
12137,DNAH10OS,,23329,-1
12138,CSRP3,,5893,5893
12139,MRPS27,,18685,-1
12140,IL15,,10809,10809
12141,PDZK1,,13127,13127
12142,OVGP1,,1606,1606
12143,CEP162,,6781,6781
12144,SYTL3,,10947,10947
12145,ENKUR,,8989,8989
12146,ARHGAP31-AS1,,23330,-1
12147,HEMK1,,4177,4177
12148,MRPL43,,18820,-1
12149,Z94721.1,,23331,-1
12150,GCAT,,2123,2123
12151,ZNF444,,11663,11663
12152,AC067956.1,,23332,-1
12153,USP15,,6858,6858
12154,MEF2A,,1006,1006
12155,TMEM139,,23333,-1
12156,FAM161B,,9548,9548
12157,AL353743.3,,23334,-1
12158,ALDH1L2,,6926,6926
12159,AC097103.2,,23335,-1
12160,AC104574.2,,23336,-1
12161,KBTBD12,,15298,15298
12162,NAT8L,,14939,14939
12163,AL033527.5,,23337,-1
12164,AC090124.1,,23338,-1
12165,TSKU,,14330,14330
12166,VAMP2,,17273,17273
12167,JAG1,,2435,2435
12168,LINC01572,,23339,-1
12169,TH,,13951,13951
12170,SLC25A42,,14078,14078
12171,CPVL,,3150,3150
12172,BCRP5,,23340,-1
12173,SNCAIP,,868,868
12174,TNS4,,6248,6248
12175,GUCY1A1,,10798,10798
12176,AP000251.1,,23341,-1
12177,AL391244.1,,23342,-1
12178,GCKR,,1589,1589
12179,AC022034.2,,23343,-1
12180,KCNT2,,10369,10369
12181,PFKP,,965,965
12182,C3,,5493,5493
12183,ARHGEF3,,10734,10734
12184,KLHL7-DT,,23344,-1
12185,ZNF7,,8673,8673
12186,C18orf21,,7804,7804
12187,HOXD10,,5848,5848
12188,MB21D2,,14008,14008
12189,AC092757.2,,23345,-1
12190,VLDLR-AS1,,23346,-1
12191,AC098864.1,,23347,-1
12192,VNN2,,3911,3911
12193,AC067930.6,,23348,-1
12194,AC055811.1,,23349,-1
12195,CLDND1,,1465,1465
12196,RHOC,,9478,9478
12197,DMBT1P1,,23350,-1
12198,AL157400.3,,23351,-1
12199,COMP,,3061,3061
12200,SLC7A11,,8987,8987
12201,PAEP,,5065,5065
12202,TNFAIP8L1,,14851,14851
12203,MON1A,,10776,10776
12204,NEXN,,10348,10348
12205,IFIT3,,4818,4818
12206,NAMPT,,3101,3101
12207,TIMM10B,,6310,6310
12208,AC005515.2,,23352,-1
12209,DRD4,,1050,1050
12210,HDX,,11092,11092
12211,NDUFA13,,14987,14987
12212,LINC01220,,23353,-1
12213,SIAH3,,17227,17227
12214,STAT2,,12311,12311
12215,DCN,,293,293
12216,IFNLR1,,14860,14860
12217,NOLC1,,11311,11311
12218,C19orf67,,15365,15365
12219,KIF20B,,7342,7342
12220,H2AFJ,,17800,17800
12221,AP003774.2,,23354,-1
12222,RPL7P50,,23355,-1
12223,CPA6,,11050,11050
12224,LINC01204,,23356,-1
12225,ZNF436,,5558,5558
12226,PKLR,,8125,8125
12227,HUNK,,7896,7896
12228,FZD2,,13976,13976
12229,DCPS,,3617,3617
12230,GABARAPL1,,7475,7475
12231,FMO4,,1298,1298
12232,CUBN,,3322,3322
12233,AL359955.1,,23357,-1
12234,C12orf4,,611,611
12235,PSMD7,,2663,2663
12236,REXO5,,82,82
12237,AC098976.1,,23358,-1
12238,MLPH,,4324,4324
12239,ARFGAP2,,8825,8825
12240,CAMK2A,,1098,1098
12241,ARID5B,,8929,8929
12242,FST,,6629,6629
12243,ARL6IP5,,8291,8291
12244,NFKBID,,11632,11632
12245,AC007405.1,,18618,-1
12246,KDM7A,,133,133
12247,COX10,,147,147
12248,FKBP2,,12917,12917
12249,SFTPD-AS1,,23359,-1
12250,AC091885.2,,23360,-1
12251,FAM117A,,4974,4974
12252,C3orf35,,23361,-1
12253,GAP43,,12631,12631
12254,ENPP1,,16055,16055
12255,AC006030.1,,23362,-1
12256,AL132642.1,,23363,-1
12257,NOTCH2NL,,23364,-1
12258,ENG,,3269,3269
12259,GZF1,,5513,5513
12260,AC005920.3,,23365,-1
12261,ZNF536,,16302,16302
12262,VWA5B2,,8339,8339
12263,CAPN5,,8835,8835
12264,HCAR2,,14341,14341
12265,PCDH15,,8925,8925
12266,NUDT16L1,,11777,11777
12267,SEC14L3,,2090,2090
12268,COL4A6,,16045,16045
12269,SQOR,,7246,7246
12270,ACOT2,,4775,4775
12271,AP5B1,,18844,-1
12272,RPL28,,19042,-1
12273,AC090568.1,,23366,-1
12274,MARVELD2,,9224,9224
12275,NRG1,,9676,9676
12276,NTSR2,,11969,11969
12277,MIR100HG,,19256,-1
12278,HPS3,,10675,10675
12279,AC025164.1,,23367,-1
12280,Z97634.1,,23368,-1
12281,SPRED1,,11273,11273
12282,CD59,,1593,1593
12283,AC012409.1,,23369,-1
12284,PVT1,,18786,-1
12285,ATP2B4,,770,770
12286,RTF1,,7257,7257
12287,CAPN8,,16479,16479
12288,ZNF774,,15745,15745
12289,EPX,,4964,4964
12290,AC106052.1,,23370,-1
12291,AC005062.1,,23371,-1
12292,ANXA10,,3553,3553
12293,RNFT1,,15576,15576
12294,FNDC3B,,1267,1267
12295,LINC02250,,23372,-1
12296,BANF1,,13225,13225
12297,AC018680.1,,23373,-1
12298,PRNCR1,,23374,-1
12299,ADAM3A,,23375,-1
12300,NUSAP1,,7251,7251
12301,PARVG,,7470,7470
12302,AC008443.7,,23376,-1
12303,LLPH,,7507,7507
12304,AC020636.2,,23377,-1
12305,AC138207.3,,23378,-1
12306,AL356489.2,,23379,-1
12307,SCN7A,,7024,7024
12308,LINC01522,,23380,-1
12309,ATOH1,,12671,12671
12310,FBXL6,,14260,14260
12311,SLC46A3,,7541,7541
12312,Z99755.2,,23381,-1
12313,CCNF,,10251,10251
12314,FAM171B,,8236,8236
12315,ACTN1,,1138,1138
12316,AL359265.3,,23382,-1
12317,AC108488.2,,23383,-1
12318,DLGAP1-AS4,,23384,-1
12319,AC016723.1,,23385,-1
12320,AC005562.1,,19285,-1
12321,AC003092.1,,23386,-1
12322,THSD4,,15299,15299
12323,B4GALT2,,4555,4555
12324,MATN3,,6291,6291
12325,KRT75,,12277,12277
12326,SNPH,,2413,2413
12327,ASS1,,6087,6087
12328,AC087392.5,,23387,-1
12329,CCDC91,,5166,5166
12330,FOXJ2,,924,924
12331,DAZL,,1911,1911
12332,OBSL1,,5259,5259
12333,TEAD2,,1214,1214
12334,AC079807.1,,23388,-1
12335,LINC02449,,23389,-1
12336,AL161729.1,,23390,-1
12337,THEMIS,,12760,12760
12338,AL031289.1,,23391,-1
12339,SVOPL,,9737,9737
12340,PPM1K,,10640,10640
12341,AC009654.1,,23392,-1
12342,WT1-AS,,23393,-1
12343,RAB9A,,5228,5228
12344,KIAA1257,,4174,4174
12345,GPX3,,16939,16939
12346,CLEC3A,,11395,11395
12347,ZSWIM1,,11885,11885
12348,BEGAIN,,14406,14406
12349,AL162258.1,,23394,-1
12350,GNG7,,13410,13410
12351,LACTB2,,8652,8652
12352,NBDY,,16588,16588
12353,AC093152.1,,23395,-1
12354,WFS1,,3552,3552
12355,GADD45GIP1,,13834,13834
12356,ADAMTSL3,,9566,9566
12357,RCE1,,12949,12949
12358,NARFL,,23396,-1
12359,YRDC,,15766,15766
12360,TMEM144,,10804,10804
12361,TET1P1,,23397,-1
12362,CEP170,,8135,8135
12363,AC024361.2,,23398,-1
12364,PES1P1,,23399,-1
12365,DDIAS,,11138,11138
12366,CCDC83,,8957,8957
12367,ULK4P3,,23400,-1
12368,FAM78B,,15537,15537
12369,NCBP1,,7103,7103
12370,ARHGAP19,,17028,17028
12371,AC092718.8,,23401,-1
12372,AP000238.1,,23402,-1
12373,TNFRSF21,,8467,8467
12374,ABCB5,,61,61
12375,AL662884.1,,23403,-1
12376,PAN3,,9181,9181
12377,ASB1,,917,917
12378,PTGES3L,,18152,18152
12379,AL049830.4,,23404,-1
12380,AC004112.1,,23405,-1
12381,PKP1,,1488,1488
12382,C19orf53,,2927,2927
12383,AL136295.6,,23406,-1
12384,TBC1D7,,8449,8449
12385,PARS2,,10294,10294
12386,TRIM17,,10436,10436
12387,PHKA1,,972,972
12388,AC053503.1,,23407,-1
12389,ANKDD1B,,15574,15574
12390,PPFIA4,,8161,8161
12391,C12orf56,,14841,14841
12392,CDKN2D,,5917,5917
12393,LINC02526,,23408,-1
12394,TMEM26,,15890,15890
12395,GTPBP4,,3362,3362
12396,LINC02149,,23409,-1
12397,DLG2,,8956,8956
12398,LINC02054,,23410,-1
12399,ZNF646,,11591,11591
12400,ADAMTS7P1,,23411,-1
12401,LY75,,704,704
12402,AC123912.2,,23412,-1
12403,GOLGB1,,12867,12867
12404,CYP3A7,,10131,10131
12405,DOCK8,,3278,3278
12406,CD5L,,1200,1200
12407,LRRTM3,,16349,16349
12408,ANO1,,6232,6232
12409,AC097460.1,,23413,-1
12410,CHI3L2,,873,873
12411,ALDH3A1,,3445,3445
12412,LINC01609,,23414,-1
12413,AC004870.3,,23415,-1
12414,OSR2,,11010,11010
12415,TMEM205,,3029,3029
12416,AL358216.1,,23416,-1
12417,GNRHR2,,23417,-1
12418,SLC18A2,,11176,11176
12419,C1orf141,,16526,16526
12420,CNIH3,,8149,8149
12421,MOB4,,4307,4307
12422,PJA1,,14091,14091
12423,LOXL2,,6560,6560
12424,SAMHD1,,2428,2428
12425,EML6,,17154,17154
12426,LINC02377,,23418,-1
12427,ATAT1,,7176,7176
12428,SP5,,16604,16604
12429,GPR173,,14609,14609
12430,AC244517.2,,23419,-1
12431,C19orf24,,23420,-1
12432,LINC01638,,19296,-1
12433,KIAA1211L,,15878,15878
12434,CSRNP1,,8278,8278
12435,AC134878.2,,23421,-1
12436,ITGAV,,7383,7383
12437,FHAD1,,7950,7950
12438,NUDT4,,12938,12938
12439,TRAM2,,891,891
12440,BAHCC1,,18140,18140
12441,CTNND2,,12146,12146
12442,AL354710.2,,23422,-1
12443,AP000919.3,,23423,-1
12444,DBI,,9480,9480
12445,VIT,,16800,16800
12446,AC114488.1,,23424,-1
12447,AC136777.1,,23425,-1
12448,CR392039.3,,23426,-1
12449,CST13P,,23427,-1
12450,BX119904.2,,23428,-1
12451,AC139493.1,,23429,-1
12452,FARP1,,9208,9208
12453,YIF1B,,11650,11650
12454,WDR90,,10242,10242
12455,ECI2,,16339,16339
12456,AF001548.2,,23430,-1
12457,PTH2R,,8241,8241
12458,VHL,,6574,6574
12459,EBF4,,1740,1740
12460,LINC01252,,23431,-1
12461,FO393400.1,,23432,-1
12462,ALG10,,7480,7480
12463,DRC1,,9752,9752
12464,AL445524.1,,18587,-1
12465,RABGAP1,,292,292
12466,C6orf136,,16672,16672
12467,STEAP1B,,3115,3115
12468,SERPINE2,,6904,6904
12469,GPT2,,11283,11283
12470,TTC7B,,11239,11239
12471,NKTR,,4198,4198
12472,HIP1R,,6114,6114
12473,SIRPA,,16173,16173
12474,LINC02253,,23433,-1
12475,ST6GAL1,,1204,1204
12476,AC012618.3,,23434,-1
12477,LDLRAD2,,23435,-1
12478,NR1D2,,13112,13112
12479,AC241585.1,,23436,-1
12480,SDK2,,1036,1036
12481,MYO1D,,13428,13428
12482,FYN,,266,266
12483,PGM2,,12039,12039
12484,HESX1,,10647,10647
12485,SPATA33,,11609,11609
12486,HOXB13,,9907,9907
12487,MTRNR2L8,,18830,-1
12488,PITPNC1,,9360,9360
12489,LY6E-DT,,23437,-1
12490,MBOAT2,,8151,8151
12491,AC008894.2,,23438,-1
12492,ADAMTS19-AS1,,23439,-1
12493,TMED10P2,,23440,-1
12494,C7orf31,,9305,9305
12495,AL805961.1,,23441,-1
12496,AC005082.1,,23442,-1
12497,AC087500.2,,23443,-1
12498,ABCF1,,16676,16676
12499,AC074011.1,,23444,-1
12500,TRIM59,,17008,17008
12501,AL356488.3,,23445,-1
12502,AP002336.2,,23446,-1
12503,ZFAND5,,3306,3306
12504,VMA21,,10016,10016
12505,NID1,,4496,4496
12506,MAP3K9,,130,130
12507,LINC01270,,23447,-1
12508,HAVCR1,,4020,4020
12509,NRL,,5937,5937
12510,GPAT3,,7422,7422
12511,PHYKPL,,13217,13217
12512,CDPF1,,16851,16851
12513,AC092171.3,,23448,-1
12514,TMBIM6,,7567,7567
12515,LINC01162,,23449,-1
12516,LINC01271,,23450,-1
12517,AC005264.1,,23451,-1
12518,AC004921.1,,23452,-1
12519,MAGI1,,9015,9015
12520,MYH7,,1895,1895
12521,AL157937.1,,23453,-1
12522,AC084855.2,,23454,-1
12523,NOV,,23455,-1
12524,B3GLCT,,15288,15288
12525,AL162411.1,,23456,-1
12526,AC068647.1,,23457,-1
12527,OIT3,,7355,7355
12528,VGLL4,,8260,8260
12529,YEATS2,,10708,10708
12530,EBLN2,,17961,17961
12531,TCF7L2,,8781,8781
12532,PXDNL,,8639,8639
12533,LINC01597,,23458,-1
12534,HENMT1,,10359,10359
12535,AC078925.4,,23459,-1
12536,CDHR2,,1216,1216
12537,ATF7IP,,12550,12550
12538,TNIK,,9375,9375
12539,AQP2,,11627,11627
12540,FDXACB1,,17965,17965
12541,CCDC106,,12934,12934
12542,AC008124.1,,18867,-1
12543,LINC01098,,23460,-1
12544,HSD17B2,,1651,1651
12545,SLC28A1,,9568,9568
12546,AC139887.2,,18652,-1
12547,ZNF521,,16373,16373
12548,AL096869.1,,23461,-1
12549,TYW1,,16418,16418
12550,SEC14L1,,5948,5948
12551,CPA4,,5812,5812
12552,SLC35E1,,5717,5717
12553,TRAC,,18356,18356
12554,TRAF3,,6195,6195
12555,PSORS1C2,,16665,16665
12556,HNRNPUL2-BSCL2,,23462,-1
12557,DDIT4L,,8363,8363
12558,MT-TI,,23463,-1
12559,DENND5A,,14584,14584
12560,AC128687.1,,23464,-1
12561,POLB,,1084,1084
12562,AC104667.1,,23465,-1
12563,ZNF559,,15426,15426
12564,NDUFAB1,,57,57
12565,AC104806.2,,23466,-1
12566,AP003393.1,,23467,-1
12567,AC023509.1,,23468,-1
12568,TSN,,16945,16945
12569,RPE65,,4464,4464
12570,HIST1H2AE,,18337,18337
12571,CCDC51,,10764,10764
12572,PLEKHG5,,12549,12549
12573,MACROD2-AS1,,23469,-1
12574,LINC01706,,23470,-1
12575,DBN1,,4091,4091
12576,PSG9,,14511,14511
12577,CENPJ,,9098,9098
12578,TRAF3IP2,,746,746
12579,CCDC112,,10836,10836
12580,AC007966.1,,23471,-1
12581,AC017104.5,,23472,-1
12582,NECAB2,,2684,2684
12583,AL136115.2,,23473,-1
12584,AC016747.1,,19207,-1
12585,KATNA1,,15109,15109
12586,PRKD2,,2975,2975
12587,ACAP2,,4138,4138
12588,TFR2,,3181,3181
12589,SALRNA1,,23474,-1
12590,HEPACAM2,,15397,15397
12591,LINC00937,,23475,-1
12592,AC007319.1,,23476,-1
12593,C17orf64,,7793,7793
12594,IFITM3,,7894,7894
12595,THSD4-AS1,,23477,-1
12596,TLR1,,13021,13021
12597,PRCP,,7205,7205
12598,DLG3-AS1,,23478,-1
12599,ZNF845,,17072,17072
12600,TTLL1,,2168,2168
12601,KDM6A,,8573,8573
12602,RF00017.136,,23479,-1
12603,FAM87B,,23480,-1
12604,WDR54,,94,94
12605,LINC01030,,23481,-1
12606,CENPL,,4882,4882
12607,CAMKK1,,52,52
12608,BFSP1,,5538,5538
12609,BVES,,3903,3903
12610,MIPEP,,449,449
12611,CELF2,,631,631
12612,LINC02395,,23482,-1
12613,RTL8C,,6666,6666
12614,MARS,,11509,11509
12615,C8orf88,,17884,17884
12616,FAM19A1,,23483,-1
12617,FOXRED2,,2203,2203
12618,AC016596.1,,23484,-1
12619,NRG2,,9819,9819
12620,BTG3-AS1,,23485,-1
12621,AC139149.1,,23486,-1
12622,AC004816.1,,23487,-1
12623,MAP1S,,6045,6045
12624,CENPF,,4601,4601
12625,PLCB4,,2421,2421
12626,LINC02091,,23488,-1
12627,AL590627.2,,23489,-1
12628,PPARGC1A,,3587,3587
12629,SMIM20,,17851,17851
12630,TM7SF3,,845,845
12631,RHOXF1P3,,23490,-1
12632,GSTO2,,913,913
12633,GMEB2,,2396,2396
12634,TBPL1,,461,461
12635,AC025171.1,,18679,-1
12636,ASB14,,17617,17617
12637,AC015849.1,,23491,-1
12638,AFAP1,,15790,15790
12639,ATAD3C,,17247,17247
12640,RAX,,6637,6637
12641,POLR2E,,2054,2054
12642,TRAPPC5,,14076,14076
12643,AL049780.3,,23492,-1
12644,AL355102.3,,23493,-1
12645,TMEM115,,5579,5579
12646,GALNT18,,3647,3647
12647,IL12RB2,,1506,1506
12648,SMIM17,,18173,18173
12649,EIF2B2,,4791,4791
12650,CNIH1,,2259,2259
12651,SOX13,,8159,8159
12652,LINC01497,,23494,-1
12653,AC104831.1,,23495,-1
12654,LEF1-AS1,,23496,-1
12655,KCNH5,,7617,7617
12656,FAM239B,,23497,-1
12657,PCSK5,,2012,2012
12658,MIRLET7DHG,,23498,-1
12659,RNF128,,6472,6472
12660,ANKRD18CP,,23499,-1
12661,ASPN,,3259,3259
12662,LINC02432,,23500,-1
12663,TBC1D25,,1009,1009
12664,VANGL2,,10388,10388
12665,CCNB1,,6568,6568
12666,ELOVL6,,12298,12298
12667,DHX8,,985,985
12668,PLCH1,,4192,4192
12669,AHCYL1,,11904,11904
12670,ZBP1,,5314,5314
12671,TARM1,,17815,17815
12672,RNFT1-DT,,23501,-1
12673,AC104964.3,,23502,-1
12674,PRIM2,,8475,8475
12675,MSR1,,539,539
12676,AL117328.2,,23503,-1
12677,RBFOX1,,1378,1378
12678,AL353748.2,,23504,-1
12679,FSD2,,15110,15110
12680,CPNE3,,1614,1614
12681,CXXC1P1,,23505,-1
12682,NPR3,,4043,4043
12683,NDUFS5,,11892,11892
12684,NCK2,,1106,1106
12685,NYAP2,,8248,8248
12686,GDAP2,,15785,15785
12687,LPAR6,,7573,7573
12688,ZSCAN5A,,6263,6263
12689,AC005180.1,,23506,-1
12690,STX18-AS1,,18655,-1
12691,AL359555.3,,23507,-1
12692,PDIA3P1,,23508,-1
12693,CPLANE2,,6424,6424
12694,KCTD3,,7033,7033
12695,AC005261.3,,23509,-1
12696,ACER2,,23510,-1
12697,PAX8,,5477,5477
12698,BNIPL,,10489,10489
12699,AC239584.1,,23511,-1
12700,PARP4P2,,23512,-1
12701,AC008972.1,,23513,-1
12702,PYGM,,1030,1030
12703,NAA80,,17739,17739
12704,CCDC195,,18435,18435
12705,STX17,,7083,7083
12706,PNPLA2,,13587,13587
12707,AC245060.5,,19077,-1
12708,OR6N1,,16002,16002
12709,HERC2P10,,23514,-1
12710,FRG1DP,,23515,-1
12711,FGGY,,12719,12719
12712,TP63,,1184,1184
12713,FAM136A,,504,504
12714,AC012236.1,,23516,-1
12715,RARS,,4075,4075
12716,NUDT17,,15060,15060
12717,LINC02536,,23517,-1
12718,GAL3ST1,,5781,5781
12719,MAGEA6,,15956,15956
12720,SLC3A1,,7315,7315
12721,AP000892.1,,23518,-1
12722,SI,,1818,1818
12723,RFFL,,1927,1927
12724,DEXI,,14213,14213
12725,FAM45A,,23519,-1
12726,IQGAP3,,14563,14563
12727,CAPZA2,,16431,16431
12728,LINC00284,,23520,-1
12729,SLC9A7P1,,23521,-1
12730,AL645608.7,,23522,-1
12731,AC011611.2,,23523,-1
12732,FAM182B,,23524,-1
12733,ATG101,,5201,5201
12734,AC107021.1,,23525,-1
12735,TMEM161B,,10823,10823
12736,GK,,16382,16382
12737,ZNF239,,15860,15860
12738,IFNG-AS1,,23526,-1
12739,MRPS5,,18603,-1
12740,ZNF225,,17986,17986
12741,NICN1,,8326,8326
12742,AC096564.1,,23527,-1
12743,MFAP3L,,16458,16458
12744,ANKRD13C,,4656,4656
12745,PRR26,,23528,-1
12746,AC240274.1,,19103,-1
12747,PLA2G4F,,11948,11948
12748,RNY4,,23529,-1
12749,FBXW5,,9892,9892
12750,RASGRF2,,4033,4033
12751,AL592295.3,,23530,-1
12752,LINC01483,,23531,-1
12753,NUCKS1,,1039,1039
12754,ZNF782,,15811,15811
12755,NFYB,,4940,4940
12756,TYMSOS,,19006,-1
12757,AC021351.1,,23532,-1
12758,AP003721.3,,23533,-1
12759,MDK,,3664,3664
12760,LINC02511,,23534,-1
12761,CCDC9B,,15464,15464
12762,CEACAM4,,2986,2986
12763,AC243547.3,,23535,-1
12764,PTPN3,,1069,1069
12765,NMRK1,,3249,3249
12766,IRX3,,13564,13564
12767,TBC1D9B,,15965,15965
12768,LINC01517,,23536,-1
12769,ZNF93,,14700,14700
12770,NPHP1,,8200,8200
12771,IGF2BP1,,9918,9918
12772,AL157778.1,,23537,-1
12773,ICE1,,18673,-1
12774,SMIM25,,23538,-1
12775,MIR34AHG,,23539,-1
12776,SPRY3,,11959,11959
12777,TMEM37,,12454,12454
12778,OTUD7A,,12163,12163
12779,JMJD1C,,12622,12622
12780,FGD6,,13965,13965
12781,AC007637.1,,23540,-1
12782,ZNF720,,15981,15981
12783,PSMD11,,3454,3454
12784,RYR1,,15692,15692
12785,ITPRIPL1,,16423,16423
12786,MYOF,,7328,7328
12787,FGD4,,7479,7479
12788,MAP3K8,,3370,3370
12789,SYT6,,6592,6592
12790,NBPF11,,18122,18122
12791,DCDC2C,,17179,17179
12792,AC139795.2,,23541,-1
12793,ROBO2,,14770,14770
12794,MYCL,,4502,4502
12795,SEC22C,,1940,1940
12796,STX17-AS1,,23542,-1
12797,LRRC8D,,12511,12511
12798,GML,,2839,2839
12799,TARSL2,,14857,14857
12800,TMEM74B,,5550,5550
12801,MICAL2,,6538,6538
12802,VPS25,,6220,6220
12803,AL136962.1,,23543,-1
12804,GOLPH3L,,8087,8087
12805,XKR3,,12818,12818
12806,SOX5,,6654,6654
12807,DDIT4,,11791,11791
12808,KLHL36,,6862,6862
12809,AC243562.1,,23544,-1
12810,UBE2L6,,9614,9614
12811,C14orf132,,17403,17403
12812,PSMB3,,18357,18357
12813,MEX3C,,13425,13425
12814,AC005786.3,,23545,-1
12815,AC010531.1,,23546,-1
12816,CDK5,,10999,10999
12817,MMRN1,,7430,7430
12818,SATB2-AS1,,23547,-1
12819,HPS1,,3313,3313
12820,CREBZF,,7203,7203
12821,AC139530.3,,23548,-1
12822,ORAOV1,,23549,-1
12823,AC097713.1,,23550,-1
12824,ASB7,,14470,14470
12825,AC012020.1,,23551,-1
12826,WDYHV1,,9630,9630
12827,AC068992.1,,23552,-1
12828,UBE2F,,14607,14607
12829,B3GNT9,,17585,17585
12830,ATP2B1,,1104,1104
12831,AMH,,2904,2904
12832,AC008109.1,,23553,-1
12833,CDKAL1,,8452,8452
12834,RPS6KB1,,18994,-1
12835,RASSF8,,5162,5162
12836,LAIR2,,11639,11639
12837,RGS1,,1809,1809
12838,AC234772.2,,23554,-1
12839,ITPKC,,1644,1644
12840,SLC2A4RG,,5468,5468
12841,GRIK5,,3085,3085
12842,LINC02243,,23555,-1
12843,IL17B,,5737,5737
12844,ABCB7,,6194,6194
12845,ANKRD16,,6644,6644
12846,AL591767.1,,23556,-1
12847,AL139158.2,,23557,-1
12848,ABL1,,2007,2007
12849,C9orf43,,9732,9732
12850,RRM1,,11577,11577
12851,SRSF8,,18116,18116
12852,CYLD,,1555,1555
12853,ADPRH,,8306,8306
12854,CENPV,,11413,11413
12855,NEK8,,10092,10092
12856,KPNA3,,2612,2612
12857,UCA1,,19022,-1
12858,PSD3,,9542,9542
12859,ZNF775,,15769,15769
12860,HS6ST2,,12398,12398
12861,ZNF826P,,23558,-1
12862,PDZD11,,4896,4896
12863,CTSL,,6736,6736
12864,MAPK1IP1L,,11790,11790
12865,PSMB10,,16799,16799
12866,AKAP2,,23559,-1
12867,SYT12,,12866,12866
12868,KIAA1211,,3534,3534
12869,AC005772.1,,23560,-1
12870,AP001001.2,,23561,-1
12871,EPHA1-AS1,,23562,-1
12872,VIPR2,,3142,3142
12873,AL078459.1,,23563,-1
12874,MORC3,,9924,9924
12875,ITGA2B,,109,109
12876,HOMER3,,672,672
12877,CNTFR-AS1,,23564,-1
12878,CD320,,11695,11695
12879,SHROOM4,,9809,9809
12880,LXN,,1411,1411
12881,FENDRR,,23565,-1
12882,TRIM56,,12147,12147
12883,LDLRAD4,,11897,11897
12884,AC018809.2,,23566,-1
12885,ADORA1,,10576,10576
12886,LIPG,,2482,2482
12887,TNFAIP8L3,,14490,14490
12888,MUM1L1,,23567,-1
12889,AC127502.1,,23568,-1
12890,COMMD5,,12319,12319
12891,AC105052.1,,23569,-1
12892,CDC37L1-DT,,23570,-1
12893,JPX,,19095,-1
12894,AC008277.1,,23571,-1
12895,BLZF2P,,23572,-1
12896,AC073365.1,,19216,-1
12897,MROH3P,,23573,-1
12898,DHRS4,,9693,9693
12899,CDK13,,921,921
12900,MXD3,,17025,17025
12901,UGT1A10,,17716,17716
12902,ZNF770,,16201,16201
12903,KLRD1,,6657,6657
12904,TUFM,,13776,13776
12905,MAMDC2-AS1,,23574,-1
12906,AC092902.5,,23575,-1
12907,SHC2,,5965,5965
12908,CDKL1,,2251,2251
12909,C1orf131,,8129,8129
12910,RNF130,,4023,4023
12911,PTPRA,,6382,6382
12912,ZNF20,,6286,6286
12913,AL136380.1,,23576,-1
12914,MIR9-3HG,,23577,-1
12915,CDYL,,9239,9239
12916,AC003682.1,,23578,-1
12917,INF2,,16469,16469
12918,IGLVIVOR22-1,,23579,-1
12919,APOBEC3B,,13888,13888
12920,BCL3,,1042,1042
12921,PANK1,,9211,9211
12922,RPLP2,,18823,-1
12923,TFF2,,10021,10021
12924,MDC1-AS1,,23580,-1
12925,HMCN2,,8733,8733
12926,TLE3,,7652,7652
12927,DOCK4,,5813,5813
12928,OR2J2,,16711,16711
12929,AGAP4,,15408,15408
12930,RABL6,,15821,15821
12931,CETN3,,9252,9252
12932,MANBA,,3539,3539
12933,E2F2,,193,193
12934,FABP9,,16793,16793
12935,C11orf98,,18377,18377
12936,NEPNP,,23581,-1
12937,ADAM30,,6602,6602
12938,AP000253.1,,23582,-1
12939,SEPT7-AS1,,23583,-1
12940,AC008164.1,,23584,-1
12941,KCNJ2,,5239,5239
12942,CXCL1,,10669,10669
12943,COX6B2,,10082,10082
12944,NKX2-2-AS1,,23585,-1
12945,ARRDC1-AS1,,18808,-1
12946,KCNMB2-AS1,,23586,-1
12947,AL591518.1,,23587,-1
12948,ARMC4P1,,23588,-1
12949,MERTK,,9260,9260
12950,SCG3,,2786,2786
12951,PALD1,,3330,3330
12952,ALS2,,36,36
12953,YTHDF2P1,,23589,-1
12954,AC090921.1,,23590,-1
12955,AL139022.1,,23591,-1
12956,ARL15,,14840,14840
12957,HBP1,,3107,3107
12958,MT-ND6,,16330,16330
12959,TXNRD3,,16091,16091
12960,CCDC78,,10244,10244
12961,LINC01376,,23592,-1
12962,KLHL13,,32,32
12963,AL513285.1,,23593,-1
12964,BACE1,,15052,15052
12965,AC022217.3,,23594,-1
12966,BTBD7P1,,23595,-1
12967,TIMP3,,2157,2157
12968,DCHS1,,11348,11348
12969,AC119674.2,,23596,-1
12970,CSPG4P10,,23597,-1
12971,DNAH10,,16071,16071
12972,RAD21,,10971,10971
12973,TRIM26,,17518,17518
12974,MIB2,,16034,16034
12975,AC010620.2,,23598,-1
12976,NUAK1,,1225,1225
12977,KCTD21,,15565,15565
12978,SUCLG2-AS1,,19209,-1
12979,BCAS3,,7794,7794
12980,POLR1E,,7118,7118
12981,TMED7-TICAM2,,23599,-1
12982,CDH3,,813,813
12983,DLG5,,9008,9008
12984,RUBCNL,,2591,2591
12985,GRPEL2,,10850,10850
12986,EDNRA,,9062,9062
12987,AC125421.1,,23600,-1
12988,TMEM45A,,14122,14122
12989,TMEM108,,8312,8312
12990,RAB3IP,,5696,5696
12991,AC000089.1,,23601,-1
12992,IQCJ-SCHIP1,,23602,-1
12993,AL136419.1,,23603,-1
12994,CORIN,,8346,8346
12995,AP001011.1,,23604,-1
12996,TELO2,,2302,2302
12997,NR3C1,,4065,4065
12998,RNF44,,8468,8468
12999,NIPSNAP3B,,11038,11038
13000,EMB,,12308,12308
13001,ATP6V1H,,601,601
13002,MFSD6,,9073,9073
13003,TP53INP1,,11018,11018
13004,AC241377.2,,23605,-1
13005,ANTXR1,,12097,12097
13006,CCL25,,6175,6175
13007,ROS1,,617,617
13008,AL138974.1,,23606,-1
13009,CASTOR3,,17620,17620
13010,SLPI,,5270,5270
13011,POLR2L,,13601,13601
13012,AC008725.1,,23607,-1
13013,LINC02207,,23608,-1
13014,AC005609.5,,23609,-1
13015,SLC16A5,,12215,12215
13016,SUPT4H1,,17018,17018
13017,DENND4A,,13077,13077
13018,SGCA,,3475,3475
13019,LINC01301,,23610,-1
13020,MIR22HG,,19284,-1
13021,TRA2B,,7018,7018
13022,TMEM158,,17844,17844
13023,ANK2,,8364,8364
13024,HTATSF1P2,,23611,-1
13025,TMEM247,,18481,18481
13026,TMPRSS3,,10023,10023
13027,AP1S2,,14254,14254
13028,PDE6B,,6484,6484
13029,GTF2IP12,,23612,-1
13030,AC099560.1,,23613,-1
13031,LINC02532,,23614,-1
13032,BCAS1,,23615,-1
13033,TRIM65,,7843,7843
13034,RPS20P2,,23616,-1
13035,FTH1P4,,23617,-1
13036,RLIM,,6192,6192
13037,IKBKE,,18118,18118
13038,VPS8,,9646,9646
13039,AC104134.1,,23618,-1
13040,B9D1,,3449,3449
13041,FAM229A,,17376,17376
13042,THRB,,8995,8995
13043,ZNF419,,2943,2943
13044,NXNL2,,5980,5980
13045,TNFRSF8,,4957,4957
13046,RPS3AP5,,23619,-1
13047,RPL13A,,19037,-1
13048,ADPRHL1,,9289,9289
13049,AC004231.3,,23620,-1
13050,OGT,,8595,8595
13051,LINC01840,,23621,-1
13052,LIN52,,16853,16853
13053,TNNI2,,6069,6069
13054,ST3GAL5,,4304,4304
13055,PLXDC1,,10182,10182
13056,CYP4F11,,12603,12603
13057,GALNT6,,7562,7562
13058,FNDC3A,,2597,2597
13059,INPP5K,,6325,6325
13060,HS1BP3,,4703,4703
13061,PHACTR2,,3932,3932
13062,TMEM60,,6764,6764
13063,ARHGEF19,,7953,7953
13064,FOXD1-AS1,,23622,-1
13065,FNIP1,,17252,17252
13066,PPIE,,1567,1567
13067,AL139289.1,,23623,-1
13068,IVD,,5869,5869
13069,LANCL1-AS1,,23624,-1
13070,TRAFD1,,6759,6759
13071,BARX2,,578,578
13072,BOLA3,,10499,10499
13073,ANKH,,9346,9346
13074,RASGRP4,,12569,12569
13075,AC127526.2,,23625,-1
13076,AC005618.1,,23626,-1
13077,SFMBT2,,16420,16420
13078,FAM86B3P,,23627,-1
13079,CYP51A1,,17,17
13080,MOCOS,,1275,1275
13081,TCEANC2,,4403,4403
13082,GFRA1,,9103,9103
13083,EPHX1,,8157,8157
13084,LGALSL,,4807,4807
13085,GPD2,,4233,4233
13086,HIST1H3G,,18257,18257
13087,AC005291.2,,23628,-1
13088,SLC39A1,,8114,8114
13089,SMAD4,,7856,7856
13090,ZNF605,,15770,15770
13091,AL359643.2,,23629,-1
13092,ZNF337-AS1,,23630,-1
13093,AC104662.2,,23631,-1
13094,RABGEF1,,9412,9412
13095,MAP2K5,,7244,7244
13096,MYH9,,2199,2199
13097,TMEM258,,6702,6702
13098,TP53BP1,,981,981
13099,AC093668.2,,23632,-1
13100,GPR183,,12079,12079
13101,RIPOR3,,565,565
13102,PIDD1,,13577,13577
13103,NFYC-AS1,,23633,-1
13104,LINC01359,,23634,-1
13105,NEO1,,970,970
13106,PLAU,,5142,5142
13107,AC109492.1,,23635,-1
13108,LSM11,,9519,9519
13109,VAMP7,,5322,5322
13110,ELOVL1,,940,940
13111,CHMP4C,,10956,10956
13112,AC092329.3,,23636,-1
13113,DLST,,4782,4782
13114,ANKIB1,,16,16
13115,LINC00958,,18831,-1
13116,TMEM51-AS1,,23637,-1
13117,LINC02099,,23638,-1
13118,RPP40,,5392,5392
13119,LCAT,,17030,17030
13120,FAR1,,16057,16057
13121,AC073133.1,,23639,-1
13122,AL390726.6,,23640,-1
13123,CDC42EP1,,5791,5791
13124,B3GNT2,,12249,12249
13125,KIF11,,7335,7335
13126,CENPP,,15422,15422
13127,VWC2,,15505,15505
13128,AC010618.3,,23641,-1
13129,PDE6D,,9652,9652
13130,MEGF9,,3252,3252
13131,RAD51,,673,673
13132,AC012574.2,,23642,-1
13133,SHH,,10952,10952
13134,KCNB2,,14324,14324
13135,HSPA14.1,,23643,-1
13136,PPIL6,,14823,14823
13137,LHFPL3-AS1,,23644,-1
13138,PPIP5K2,,8406,8406
13139,IGFL3,,15481,15481
13140,UBE2W,,2815,2815
13141,AC099066.2,,23645,-1
13142,ST3GAL6,,851,851
13143,MIR4435-2HG,,18610,-1
13144,AC016687.3,,23646,-1
13145,AC024257.3,,23647,-1
13146,CYB5D1,,14242,14242
13147,EHMT2,,16615,16615
13148,HIST1H2AD,,19130,-1
13149,BDKRB1,,2304,2304
13150,AC131934.1,,23648,-1
13151,CCDC169-SOHLH2,,19113,-1
13152,TMSB4X,,16840,16840
13153,MAPK12,,15386,15386
13154,NME8,,1639,1639
13155,EPHB4,,15751,15751
13156,NMNAT2,,9663,9663
13157,EDA2R,,6164,6164
13158,NOMO3,,19161,-1
13159,RFNG,,12123,12123
13160,AC127164.1,,23649,-1
13161,NXF3,,8603,8603
13162,ZNF684,,4507,4507
13163,NADSYN1,,18851,-1
13164,SGO1-AS1,,23650,-1
13165,AC106869.1,,23651,-1
13166,TMEM101,,1887,1887
13167,C1S,,14261,14261
13168,VCX,,14306,14306
13169,ZNF709,,17723,17723
13170,DGKK,,18272,18272
13171,RASGRP1,,12748,12748
13172,AC022973.3,,23652,-1
13173,OR7E14P,,23653,-1
13174,TFAP2A,,7149,7149
13175,AC021594.2,,23654,-1
13176,CAPN7,,6201,6201
13177,MMP25-AS1,,23655,-1
13178,AL590226.2,,23656,-1
13179,ZNF100,,15912,15912
13180,CCDC62,,6113,6113
13181,GPRASP2,,9806,9806
13182,KIAA0408,,15637,15637
13183,CCNL1,,10645,10645
13184,AC098828.3,,23657,-1
13185,IHH,,10581,10581
13186,FRAT2,,14102,14102
13187,AP001269.2,,23658,-1
13188,ATG9A,,16445,16445
13189,FGD5-AS1,,18630,-1
13190,LINC00265,,23659,-1
13191,RP9,,10931,10931
13192,AC092598.1,,23660,-1
13193,CC2D2B,,15488,15488
13194,ADAMTS9,,10639,10639
13195,LINC01612,,23661,-1
13196,HMGN2P28,,23662,-1
13197,ACLY,,6219,6219
13198,CD8B2,,17914,17914
13199,MEGF11,,9758,9758
13200,AC008622.2,,23663,-1
13201,ACE,,9966,9966
13202,NFKBIL1,,16651,16651
13203,AKNA,,3266,3266
13204,EXTL1,,9770,9770
13205,AC022400.6,,23664,-1
13206,TRAPPC4,,15825,15825
13207,AC102941.1,,23665,-1
13208,BTN2A3P,,23666,-1
13209,AC087521.2,,23667,-1
13210,KRT7,,6827,6827
13211,ARSJ,,14032,14032
13212,AC097717.1,,23668,-1
13213,PURA,,14801,14801
13214,PCDHA4,,16760,16760
13215,MTND4P32,,23669,-1
13216,KIF13A,,7144,7144
13217,TLK2,,8557,8557
13218,WDR83OS,,3041,3041
13219,PAPPA-AS2,,23670,-1
13220,SLC36A1,,5235,5235
13221,PCDHB15,,4019,4019
13222,NPM3,,3349,3349
13223,FN3K,,11583,11583
13224,MYO1E,,9712,9712
13225,TMEM150C,,17829,17829
13226,SPIN1,,3248,3248
13227,LINC01833,,19206,-1
13228,AC002066.1,,23671,-1
13229,LMNTD1,,9223,9223
13230,MORN4,,12434,12434
13231,AP000943.1,,23672,-1
13232,PLEKHG7,,23673,-1
13233,PARP16,,7402,7402
13234,KCTD6,,11818,11818
13235,CAP2,,3887,3887
13236,AC105001.1,,23674,-1
13237,AC096576.3,,23675,-1
13238,MTF1,,15523,15523
13239,SLC1A4,,4357,4357
13240,FGF7,,7644,7644
13241,SGCD,,12320,12320
13242,AC090403.1,,23676,-1
13243,AC008277.2,,23677,-1
13244,ARPC1A,,17690,17690
13245,FADS3,,17319,17319
13246,MT-RNR1,,23678,-1
13247,CCDC15,,8872,8872
13248,DNM1P51,,23679,-1
13249,BMP8A,,14513,14513
13250,PAK5,,2429,2429
13251,IGF2,,11561,11561
13252,AP001972.4,,23680,-1
13253,GLUD1P3,,23681,-1
13254,ADNP2,,2468,2468
13255,MAP9,,10797,10797
13256,LINC00184,,23682,-1
13257,SLC26A7,,8655,8655
13258,SALL4,,2364,2364
13259,HIST1H2BO,,19136,-1
13260,FSIP2,,15508,15508
13261,MAP3K13,,1203,1203
13262,FAM227A,,14754,14754
13263,AC016526.1,,23683,-1
13264,ZC3HAV1,,3120,3120
13265,AC026391.1,,23684,-1
13266,ELOA-AS1,,18546,-1
13267,AL353692.1,,23685,-1
13268,SPSB3,,10247,10247
13269,AL138787.2,,23686,-1
13270,EIF5A2,,10611,10611
13271,PTPRB,,5697,5697
13272,CADM2,,13188,13188
13273,AC005482.1,,23687,-1
13274,NPY1R,,10806,10806
13275,LINC01947,,23688,-1
13276,AL138720.1,,23689,-1
13277,AC138696.1,,23690,-1
13278,AEBP2,,7484,7484
13279,LINC01494,,23691,-1
13280,DOCK3,,1723,1723
13281,IGFBP2,,4289,4289
13282,MAST4-AS1,,23692,-1
13283,PIGN,,16044,16044
13284,PIH1D1,,2891,2891
13285,HOTTIP,,23693,-1
13286,AC084200.1,,23694,-1
13287,SYNE2,,713,713
13288,MPP1,,6127,6127
13289,MRPS11,,18937,-1
13290,DMRTA1,,13389,13389
13291,GDPGP1,,14427,14427
13292,GOLGA6L10,,23695,-1
13293,AC103810.4,,23696,-1
13294,AC010809.2,,23697,-1
13295,AC007285.1,,23698,-1
13296,AP000695.1,,23699,-1
13297,NATD1,,18260,18260
13298,KDM6B,,6352,6352
13299,EXPH5,,3684,3684
13300,INTS4P1,,23700,-1
13301,AC010735.2,,23701,-1
13302,SERPINF2,,11672,11672
13303,TTC3,,14323,14323
13304,ZNF232,,11708,11708
13305,OXTR,,14052,14052
13306,AL590399.4,,23702,-1
13307,PDCD6IPP2,,23703,-1
13308,STSP1,,23704,-1
13309,JMY,,9161,9161
13310,ZNF32,,12125,12125
13311,STXBP1,,7073,7073
13312,LINC01372,,23705,-1
13313,A1BG,,19046,-1
13314,TMCC3,,757,757
13315,PPP2R5A,,927,927
13316,LINC02587,,23706,-1
13317,RBM15,,10401,10401
13318,RPS28,,19017,-1
13319,SYNGR4,,3016,3016
13320,ZNF768,,12171,12171
13321,AC012184.1,,23707,-1
13322,SYBU,,8658,8658
13323,HEMGN,,7096,7096
13324,TMEM62,,7267,7267
13325,INPP1,,9072,9072
13326,BDNF,,13433,13433
13327,CRYBB1,,2125,2125
13328,SWAP70,,6533,6533
13329,TMEM234,,10004,10004
13330,DNLZ,,17016,17016
13331,AC090617.5,,23708,-1
13332,TMLHE-AS1,,23709,-1
13333,ODAPH,,13121,13121
13334,RN7SL15P,,23710,-1
13335,DUXB,,18417,18417
13336,UBA2,,5601,5601
13337,HIF1A-AS1,,23711,-1
13338,TGFBR1,,3255,3255
13339,LINC00955,,23712,-1
13340,GSTM1,,6586,6586
13341,TMPO,,4935,4935
13342,SPAG16,,8245,8245
13343,SDF4,,1397,1397
13344,KANK1,,3279,3279
13345,GFER,,5724,5724
13346,AC246817.2,,18770,-1
13347,HNF1A-AS1,,23713,-1
13348,LRRTM4,,13357,13357
13349,HOXC4,,16242,16242
13350,AC084337.2,,23714,-1
13351,NPSR1-AS1,,23715,-1
13352,PDYN-AS1,,23716,-1
13353,AC137630.1,,23717,-1
13354,HIST4H4,,16110,16110
13355,TIGD2,,13977,13977
13356,MIR4500HG,,23718,-1
13357,AJM1,,17496,17496
13358,HPCAL1,,4337,4337
13359,Z82195.2,,23719,-1
13360,NIFK,,9483,9483
13361,MAPK8IP3,,7464,7464
13362,CDKN3,,2258,2258
13363,DAP3P1,,23720,-1
13364,RBMX,,8614,8614
13365,AC113414.1,,23721,-1
13366,METTL15,,12082,12082
13367,TBC1D15,,5022,5022
13368,AC099509.2,,23722,-1
13369,SPACA6,,14257,14257
13370,DSN1,,8888,8888
13371,CBS,,10031,10031
13372,BASP1,,13448,13448
13373,LINC00552,,23723,-1
13374,CKMT2,,6244,6244
13375,MALRD1,,16719,16719
13376,PDXP,,17678,17678
13377,AC023469.1,,23724,-1
13378,HOMEZ,,17213,17213
13379,TMEM120A,,15584,15584
13380,GLIS3,,3293,3293
13381,ORC1,,1622,1622
13382,LSR,,3073,3073
13383,SOS1,,4358,4358
13384,CABYR,,9336,9336
13385,CRTAP,,12233,12233
13386,GRIN2A,,14467,14467
13387,PRDX5,,5611,5611
13388,CCDC141,,10578,10578
13389,TIPARP,,10644,10644
13390,CAGE1,,10859,10859
13391,LRRN1,,13316,13316
13392,BAGE2,,23725,-1
13393,KIF1B,,710,710
13394,LINC02428,,23726,-1
13395,AL391839.1,,23727,-1
13396,MBNL3,,1314,1314
13397,FANK1,,16495,16495
13398,STAMBPL1,,7330,7330
13399,PTPN12,,5754,5754
13400,RPL10P19,,23728,-1
13401,SCOC,,9250,9250
13402,AC110285.3,,23729,-1
13403,LSM14B,,8892,8892
13404,LINC00903,,23730,-1
13405,PHACTR2P1,,23731,-1
13406,WDR11,,4834,4834
13407,DLX4,,3472,3472
13408,RPS25,,18858,-1
13409,AC093817.1,,23732,-1
13410,LINC00397,,23733,-1
13411,COTL1,,2690,2690
13412,AC142086.6,,23734,-1
13413,AC104316.1,,23735,-1
13414,AC007938.3,,23736,-1
13415,ZBED3,,6417,6417
13416,DUXAP9,,23737,-1
13417,AC027088.3,,23738,-1
13418,SPDYC,,16716,16716
13419,RGS9,,23739,-1
13420,NUTF2,,2637,2637
13421,STPG2,,10482,10482
13422,RASL11B,,5770,5770
13423,SH2D6,,9151,9151
13424,MOCS2,,10820,10820
13425,HLA-DRB1,,23740,-1
13426,COASY,,1004,1004
13427,FBXO42,,525,525
13428,LINC01142,,23741,-1
13429,ARCN1,,1958,1958
13430,PPP2R5B,,1029,1029
13431,PLPPR1,,8698,8698
13432,CLEC4A,,3818,3818
13433,APRT,,16448,16448
13434,GNG10,,17719,17719
13435,CAV1,,3127,3127
13436,GGCT,,142,142
13437,CNGA1,,16278,16278
13438,NPNT,,11907,11907
13439,NEURL1B,,17134,17134
13440,CXADRP3,,23742,-1
13441,ELF1,,4916,4916
13442,ZNF577,,10192,10192
13443,TRBVB,,23743,-1
13444,TTC33,,4074,4074
13445,KCNS3,,12337,12337
13446,FKBP1B,,4801,4801
13447,LINC01477,,23744,-1
13448,ENPP2,,7110,7110
13449,LASP1,,28,28
13450,PGAP3,,10183,10183
13451,DELE1,,1497,1497
13452,ZNF493,,15709,15709
13453,NKAPP1,,23745,-1
13454,LINC02255,,23746,-1
13455,AADACP1,,23747,-1
13456,OR52K1,,15855,15855
13457,WDFY2,,7572,7572
13458,AC005224.1,,23748,-1
13459,PDLIM7,,15888,15888
13460,SNTA1,,2437,2437
13461,NPC1,,7817,7817
13462,AC098872.1,,23749,-1
13463,CNTN5,,8915,8915
13464,PRR14,,9635,9635
13465,PSMD9,,3690,3690
13466,FRMD4A,,9044,9044
13467,LINC01362,,23750,-1
13468,AL357153.2,,23751,-1
13469,PKD2,,4689,4689
13470,AC091435.1,,23752,-1
13471,RPS6KA1,,18548,-1
13472,LINC01950,,23753,-1
13473,RABGAP1L,,9116,9116
13474,AC097512.1,,23754,-1
13475,RMI1,,13778,13778
13476,WDR41,,10843,10843
13477,RNF169,,11375,11375
13478,AC096636.1,,23755,-1
13479,AL357140.4,,23756,-1
13480,AC016705.2,,23757,-1
13481,PIGBOS1,,17383,17383
13482,SPRY4-AS1,,23758,-1
13483,CLEC16A,,538,538
13484,GNB4,,4153,4153
13485,AC144522.1,,23759,-1
13486,LMBR1,,3130,3130
13487,HLA-A,,19225,-1
13488,AC009034.1,,23760,-1
13489,CLDN7,,14181,14181
13490,AL117350.1,,23761,-1
13491,GSAP,,15000,15000
13492,CPE,,3551,3551
13493,GLRA3,,8378,8378
13494,UBOX5-AS1,,23762,-1
13495,FAM149A,,3584,3584
13496,KRT18P59,,23763,-1
13497,FIGN,,14250,14250
13498,AL354993.2,,23764,-1
13499,MPND,,213,213
13500,MAP7,,6835,6835
13501,SGK1,,4668,4668
13502,AC060766.5,,23765,-1
13503,ATP1A1-AS1,,23766,-1
13504,DNAJA4,,7665,7665
13505,LAMTOR2,,4437,4437
13506,XKR8,,9788,9788
13507,ZXDC,,1082,1082
13508,AC133961.1,,23767,-1
13509,AL513327.1,,23768,-1
13510,AC010197.1,,23769,-1
13511,KCNIP1,,14217,14217
13512,TRABD2B,,18187,18187
13513,AC048341.2,,23770,-1
13514,LINC01085,,23771,-1
13515,TINAGL1,,7982,7982
13516,AC093110.1,,23772,-1
13517,KCNH2,,724,724
13518,ALG1L,,15636,15636
13519,ZNF839,,409,409
13520,USP32P3,,23773,-1
13521,ATF7IP2,,11423,11423
13522,CRYM-AS1,,23774,-1
13523,NYAP1,,11489,11489
13524,AC090115.1,,23775,-1
13525,RPL26P27,,23776,-1
13526,AC007744.1,,23777,-1
13527,AC108721.1,,23778,-1
13528,TOR3A,,15044,15044
13529,HLA-DPA1,,23779,-1
13530,FPGT,,17931,17931
13531,TMEM63C,,11152,11152
13532,SLC30A8,,10972,10972
13533,DRAP1,,13261,13261
13534,TMEM132D,,9110,9110
13535,KRT23,,3392,3392
13536,TGFBR3,,1051,1051
13537,AP001350.2,,23780,-1
13538,FBXO16,,17108,17108
13539,CLN8,,14270,14270
13540,AC010327.3,,23781,-1
13541,ATP8A2,,6429,6429
13542,PRDM8,,9212,9212
13543,BID,,352,352
13544,AL591806.3,,23782,-1
13545,MSL3P1,,23783,-1
13546,MIR2052HG,,23784,-1
13547,LINC02583,,23785,-1
13548,SLC4A10,,8226,8226
13549,LOX,,4002,4002
13550,ZNF517,,15994,15994
13551,FFAR2,,5602,5602
13552,BRINP3,,10367,10367
13553,ID2,,4335,4335
13554,POGZ,,8083,8083
13555,TMEM263,,9001,9001
13556,VMAC,,15284,15284
13557,SLC17A5,,4812,4812
13558,FBP2P1,,23786,-1
13559,AC079305.3,,23787,-1
13560,BIN1,,7046,7046
13561,WDHD1,,16290,16290
13562,ZNF350-AS1,,23788,-1
13563,CTSO,,17975,17975
13564,INPP5E,,8737,8737
13565,AL592166.1,,23789,-1
13566,EIF4G2,,3645,3645
13567,LINC00443,,23790,-1
13568,DSTNP1,,23791,-1
13569,LINC01358,,23792,-1
13570,HSPA1B,,16620,16620
13571,LINC01669,,23793,-1
13572,ALCAM,,12185,12185
13573,ZNF384,,5637,5637
13574,MRPL39,,19063,-1
13575,SLC26A3,,1859,1859
13576,NOX5,,17955,17955
13577,SNHG26,,18739,-1
13578,AC008667.1,,23794,-1
13579,CAPG,,572,572
13580,ZNF85,,3087,3087
13581,FAM229B,,16494,16494
13582,ABHD5,,277,277
13583,AC011474.1,,23795,-1
13584,SLC44A2,,5915,5915
13585,MISP,,2052,2052
13586,AC105036.3,,23796,-1
13587,PPP1R3C,,4823,4823
13588,LSM1,,13222,13222
13589,DNM1P33,,23797,-1
13590,AC092685.1,,23798,-1
13591,ANKRD13B,,16338,16338
13592,KRT20,,12488,12488
13593,PROCA1,,11610,11610
13594,AC020763.4,,23799,-1
13595,AC036214.3,,23800,-1
13596,S100A10,,16088,16088
13597,CADM4,,3089,3089
13598,PQBP1,,2548,2548
13599,TENM2,,8444,8444
13600,FSIP1,,8955,8955
13601,BAG2,,3890,3890
13602,TRMT2B,,15549,15549
13603,AC012499.1,,23801,-1
13604,WNT9A,,8156,8156
13605,DXO,,16608,16608
13606,ATP5F1B,,3712,3712
13607,AC073896.2,,23802,-1
13608,AC073957.3,,23803,-1
13609,SNX29P1,,23804,-1
13610,CNKSR2,,8914,8914
13611,KNL1,,7255,7255
13612,ZEB1-AS1,,23805,-1
13613,KCNIP2,,4836,4836
13614,GTF2IP14,,23806,-1
13615,ITGB5,,1531,1531
13616,IQSEC2,,5321,5321
13617,GPLD1,,3907,3907
13618,ATP2A3,,1220,1220
13619,TGFB2,,1931,1931
13620,AC010127.1,,23807,-1
13621,ZNF316,,16887,16887
13622,LINC01547,,23808,-1
13623,CTSS,,10486,10486
13624,IQSEC3,,4905,4905
13625,RCCD1,,11504,11504
13626,SNRPGP15,,23809,-1
13627,RBMS3,,8272,8272
13628,AC022107.1,,23810,-1
13629,OSTM1-AS1,,23811,-1
13630,WDR36,,6729,6729
13631,AC016700.3,,23812,-1
13632,ANKRD6,,6779,6779
13633,MARCKSL1P1,,23813,-1
13634,ACSL5,,15948,15948
13635,CIRBP,,2038,2038
13636,CNTNAP5,,9448,9448
13637,ITGB3,,18048,18048
13638,ADAMTSL4-AS1,,23814,-1
13639,VPS33B-DT,,23815,-1
13640,AC008522.1,,23816,-1
13641,SPARC,,4007,4007
13642,AC073167.1,,23817,-1
13643,POU6F2,,3215,3215
13644,LINC00616,,23818,-1
13645,RPL5,,18561,-1
13646,NR0B1,,12038,12038
13647,SLC25A3,,1266,1266
13648,RNF181,,11943,11943
13649,ID4,,12665,12665
13650,AL451062.1,,23819,-1
13651,BCKDHA,,17808,17808
13652,MEST,,3211,3211
13653,ZNF815P,,23820,-1
13654,ZKSCAN3,,15622,15622
13655,HTR2B,,6901,6901
13656,HIST1H4B,,18381,18381
13657,MIF,,17665,17665
13658,AC025569.1,,23821,-1
13659,AL121944.1,,23822,-1
13660,AL162274.2,,23823,-1
13661,LINC02348,,23824,-1
13662,AC097376.1,,23825,-1
13663,NIM1K,,13548,13548
13664,BPIFB4,,15029,15029
13665,AL359317.2,,23826,-1
13666,ALG12,,14354,14354
13667,CACYBP,,18578,-1
13668,FAAP24,,6275,6275
13669,ADD3,,8774,8774
13670,STARD9,,9948,9948
13671,MCRIP2P1,,23827,-1
13672,KHDRBS2,,3895,3895
13673,SLC13A2,,169,169
13674,LINC02309,,23828,-1
13675,IGLV10-54,,23829,-1
13676,ARRDC1,,15927,15927
13677,NLRC3,,11740,11740
13678,MYRF,,5406,5406
13679,POU2F1,,8024,8024
13680,FILIP1L,,11832,11832
13681,AC073320.1,,23830,-1
13682,NEBL,,1368,1368
13683,PILRA,,1609,1609
13684,ATP5MGL,,17828,17828
13685,ARNTL2-AS1,,23831,-1
13686,ITSN2,,16254,16254
13687,TTLL3,,17103,17103
13688,ANKRD20A18P,,23832,-1
13689,TRIM67,,4726,4726
13690,MAGEH1,,15272,15272
13691,ACTR1B,,4220,4220
13692,P2RY2,,13268,13268
13693,WISP1,,23833,-1
13694,AC110285.4,,23834,-1
13695,MED17,,570,570
13696,DPYD-AS2,,23835,-1
13697,ZNF28,,16285,16285
13698,AL137230.2,,23836,-1
13699,PGAP2,,8806,8806
13700,HOXA3,,3135,3135
13701,MMP13,,7239,7239
13702,AC005682.1,,23837,-1
13703,SLURP2,,18460,18460
13704,MAL2,,8665,8665
13705,PRRX2-AS1,,23838,-1
13706,IRAK3,,1816,1816
13707,AC004585.1,,23839,-1
13708,AC093567.1,,23840,-1
13709,B3GALT4,,17558,17558
13710,AC091887.1,,23841,-1
13711,AC092718.3,,23842,-1
13712,NDUFA5,,5834,5834
13713,LINC01909,,23843,-1
13714,BCL2L15,,15512,15512
13715,ZNF17,,15041,15041
13716,CMC2,,2678,2678
13717,MCTP1,,13246,13246
13718,STK32A,,12040,12040
13719,GATA3,,3311,3311
13720,ARX,,62,62
13721,BTN2A1,,3972,3972
13722,CD36,,6765,6765
13723,EIF4E1B,,13290,13290
13724,CD81-AS1,,23844,-1
13725,HLA-G,,23845,-1
13726,CCBE1,,14437,14437
13727,LZTS1,,804,804
13728,HNRNPA1P24,,23846,-1
13729,STARD7-AS1,,23847,-1
13730,MXD1,,781,781
13731,MARK2P9,,23848,-1
13732,ADAM18,,11887,11887
13733,EPPK1,,18076,18076
13734,AC010201.2,,23849,-1
13735,STEAP1,,10941,10941
13736,TMC7,,12301,12301
13737,AC007388.1,,23850,-1
13738,CACHD1,,9886,9886
13739,LINC00635,,23851,-1
13740,MAPK7,,11390,11390
13741,AL355877.2,,23852,-1
13742,APOM,,16639,16639
13743,AC245140.3,,23853,-1
13744,DTX3L,,10702,10702
13745,AC006012.1,,23854,-1
13746,AC087741.1,,23855,-1
13747,ST20,,23856,-1
13748,MMD,,3495,3495
13749,AC022274.1,,23857,-1
13750,RAB23,,3891,3891
13751,AC117386.1,,23858,-1
13752,AP001363.1,,23859,-1
13753,TTC23L,,16874,16874
13754,PRAF2,,17732,17732
13755,KIF20A,,3996,3996
13756,AC226119.1,,23860,-1
13757,HORMAD1,,8086,8086
13758,PXN,,1766,1766
13759,RPL4,,18927,-1
13760,AL592293.1,,23861,-1
13761,DRAIC,,23862,-1
13762,HEATR9,,18208,18208
13763,ARHGAP31,,476,476
13764,PLPP4,,16504,16504
13765,CD70,,5492,5492
13766,AC145098.2,,23863,-1
13767,CNTNAP2,,13073,13073
13768,AC020559.1,,23864,-1
13769,NNT,,3997,3997
13770,PRKAR2B,,87,87
13771,AC096586.1,,23865,-1
13772,TTC41P,,23866,-1
13773,DLL1,,16337,16337
13774,STK32C,,11204,11204
13775,ETV4,,13302,13302
13776,EVA1C,,11507,11507
13777,AC015712.4,,23867,-1
13778,ABTB1,,4167,4167
13779,AC010531.7,,23868,-1
13780,DCBLD2,,748,748
13781,AGGF1P2,,23869,-1
13782,AC020891.2,,23870,-1
13783,MIER1,,16203,16203
13784,TAB3-AS2,,23871,-1
13785,GADD45A,,4458,4458
13786,FUT8,,489,489
13787,CR381670.1,,23872,-1
13788,C3orf14,,4148,4148
13789,ECHDC2,,4985,4985
13790,SERPINB9P1,,23873,-1
13791,REG4,,6588,6588
13792,CHCHD7,,12348,12348
13793,ABAT,,14396,14396
13794,CYP4A22-AS1,,23874,-1
13795,PRKAB2,,6257,6257
13796,ZNF215,,8811,8811
13797,DAAM1,,2274,2274
13798,FLYWCH2,,10257,10257
13799,AP001615.1,,23875,-1
13800,FAM3C2,,23876,-1
13801,GLCE,,7397,7397
13802,AC090673.1,,23877,-1
13803,NPIPB8,,23878,-1
13804,SLC22A18,,3670,3670
13805,CDC26,,13384,13384
13806,ZHX1-C8orf76,,23879,-1
13807,AL450263.2,,23880,-1
13808,CATSPER2P1,,23881,-1
13809,AC015987.1,,23882,-1
13810,ZNF341-AS1,,23883,-1
13811,ZBED8,,17297,17297
13812,ANKRD30BL,,10465,10465
13813,SLC9B1,,10755,10755
13814,FCN3,,7969,7969
13815,ANKRD30BP3,,23884,-1
13816,ESYT3,,9797,9797
13817,PRR22,,16967,16967
13818,GJA5,,18129,18129
13819,AC068987.2,,23885,-1
13820,FRMD6-AS1,,19272,-1
13821,AC079160.1,,23886,-1
13822,CINP,,2319,2319
13823,TYROBP,,299,299
13824,AC010173.1,,23887,-1
13825,MPZ,,9882,9882
13826,USP8,,7393,7393
13827,ADCY8,,9526,9526
13828,AKTIP,,11505,11505
13829,TRIP6,,1664,1664
13830,FHL5,,3893,3893
13831,SLFN12L,,16772,16772
13832,SURF1,,8717,8717
13833,HMGCS1,,3992,3992
13834,AC079089.1,,23888,-1
13835,LINGO1,,12135,12135
13836,CSMD1,,14410,14410
13837,TEX12,,8972,8972
13838,RGPD3,,9256,9256
13839,AC005261.5,,23889,-1
13840,IL1RAP,,15653,15653
13841,PITRM1-AS1,,23890,-1
13842,TCTEX1D4,,15444,15444
13843,INHBE,,7510,7510
13844,GNAT3,,17141,17141
13845,LINC01484,,23891,-1
13846,ANAPC11,,7837,7837
13847,AC093716.1,,23892,-1
13848,ASAH2,,15477,15477
13849,AL136295.5,,23893,-1
13850,HNRNPKP1,,23894,-1
13851,HS3ST3B1,,5449,5449
13852,LINC00343,,23895,-1
13853,CLK1,,327,327
13854,HIVEP2,,267,267
13855,SYMPK,,5504,5504
13856,AP002754.2,,23896,-1
13857,LINC01355,,23897,-1
13858,MRPL16,,18837,-1
13859,AC092821.3,,23898,-1
13860,JARID2,,196,196
13861,AC104170.1,,23899,-1
13862,XRCC5,,1410,1410
13863,RF00017.72,,23900,-1
13864,AC004264.1,,23901,-1
13865,AC006460.1,,23902,-1
13866,COL4A4,,1478,1478
13867,PAX5,,15656,15656
13868,FLT3LG,,1828,1828
13869,GACAT1,,23903,-1
13870,TAB3-AS1,,23904,-1
13871,TAF1C,,2686,2686
13872,CSNK2B,,16635,16635
13873,AC002456.1,,23905,-1
13874,ADGRG5,,9964,9964
13875,MIR548A1HG,,23906,-1
13876,AMZ2P1,,23907,-1
13877,AC002310.5,,23908,-1
13878,FAM43A,,14797,14797
13879,LINC01498,,23909,-1
13880,AC092111.1,,23910,-1
13881,LMCD1,,1115,1115
13882,AC127496.3,,23911,-1
13883,AC128685.1,,23912,-1
13884,SLC35A4,,13336,13336
13885,HSBP1L1,,17395,17395
13886,GNE,,9995,9995
13887,AC104151.1,,23913,-1
13888,DTNA,,6692,6692
13889,SLC25A23,,5482,5482
13890,MPHOSPH6,,6864,6864
13891,BX322557.1,,23914,-1
13892,LINC01776,,23915,-1
13893,SYNC,,10324,10324
13894,NRK,,5224,5224
13895,CDKN1C,,5958,5958
13896,SFTA2,,15705,15705
13897,AC007422.2,,23916,-1
13898,AL162464.2,,23917,-1
13899,Z83844.2,,23918,-1
13900,AL662899.2,,23919,-1
13901,LINC01698,,23920,-1
13902,TCIRG1,,3682,3682
13903,AC022973.2,,23921,-1
13904,FBXO6,,4442,4442
13905,ZBTB9,,17050,17050
13906,MRPS17,,18750,-1
13907,LRRC69,,17188,17188
13908,CNTN1,,368,368
13909,ZNF787,,7923,7923
13910,ZEB1,,8757,8757
13911,TBC1D22A,,712,712
13912,CFAP221,,10472,10472
13913,SVBP,,13618,13618
13914,ARHGDIA,,7829,7829
13915,AL391422.2,,23922,-1
13916,CDKL3,,158,158
13917,UGDH,,3586,3586
13918,ZNF431,,15839,15839
13919,AC141557.1,,23923,-1
13920,ABCA8,,7790,7790
13921,AGAP9,,16564,16564
13922,LNP1,,16930,16930
13923,CFI,,16822,16822
13924,ZRSR2,,12030,12030
13925,HHIP-AS1,,19218,-1
13926,C2,,11334,11334
13927,SLC7A7,,9485,9485
13928,CALR,,13826,13826
13929,AC011773.4,,23924,-1
13930,SIAH2,,14167,14167
13931,PLEKHD1,,13322,13322
13932,CACNA1D,,9702,9702
13933,SLC10A6,,8350,8350
13934,AC005920.2,,23925,-1
13935,CEP295NL,,13702,13702
13936,JAM3,,11276,11276
13937,TM6SF1,,6998,6998
13938,PDPK1,,7752,7752
13939,EXT1,,14236,14236
13940,SDF2L1,,5780,5780
13941,AC100778.3,,23926,-1
13942,MRI1,,527,527
13943,AC006299.1,,23927,-1
13944,HLA-DPB1,,23928,-1
13945,SNAP25,,6376,6376
13946,FBXL21,,23929,-1
13947,PPIA,,15706,15706
13948,DNMT3A,,4798,4798
13949,NDUFB11,,8584,8584
13950,SLC25A37,,8632,8632
13951,AL136979.1,,23930,-1
13952,TMEM256,,16841,16841
13953,SAP25,,16808,16808
13954,OSGIN2,,10986,10986
13955,AC074237.1,,23931,-1
13956,STXBP5L,,8330,8330
13957,AC009803.1,,23932,-1
13958,LINC00382,,23933,-1
13959,AP000311.1,,23934,-1
13960,PLA2R1,,9266,9266
13961,SERPINB10,,17717,17717
13962,PYROXD2,,4824,4824
13963,ANGPTL1,,4400,4400
13964,LINC01411,,23935,-1
13965,DUSP26,,6545,6545
13966,GALNT16,,2286,2286
13967,OXSR1,,12813,12813
13968,AC096711.3,,23936,-1
13969,UBL7,,7406,7406
13970,ZMIZ1,,3384,3384
13971,AC068286.1,,23937,-1
13972,GLRX2,,419,419
13973,ITGB4,,6346,6346
13974,NCOA2,,7663,7663
13975,LRRC37BP1,,23938,-1
13976,RDH14,,17662,17662
13977,SGTB,,16118,16118
13978,CROT,,95,95
13979,GLRA1,,8436,8436
13980,LANCL2,,6337,6337
13981,ASNA1,,23939,-1
13982,ARF1,,8143,8143
13983,HHLA2,,4154,4154
13984,LINC00271,,23940,-1
13985,ZSCAN16-AS1,,18715,-1
13986,ZSCAN25,,15915,15915
13987,GLI1,,3724,3724
13988,NAE1,,9962,9962
13989,RNF144B,,7179,7179
13990,BICRA-AS1,,23941,-1
13991,CACNB1,,974,974
13992,TMEM94,,13606,13606
13993,FKBPL,,16601,16601
13994,RAD54L2,,10778,10778
13995,PNMA8A,,14199,14199
13996,AC124798.1,,23942,-1
13997,AC008440.1,,23943,-1
13998,AC007666.1,,23944,-1
13999,VEGFB,,12918,12918
14000,MORF4L2-AS1,,23945,-1
14001,DPH3,,9425,9425
14002,TUBG1,,6215,6215
14003,NUMBL,,2964,2964
14004,AC018512.1,,23946,-1
14005,AP005230.1,,23947,-1
14006,SOX18,,16514,16514
14007,RNF40,,2750,2750
14008,SPC24,,10223,10223
14009,MMP12,,18101,18101
14010,ANKRD62P1,,23948,-1
14011,NXPE2,,16612,16612
14012,AC073107.1,,23949,-1
14013,XRN2,,1745,1745
14014,DGKH,,2616,2616
14015,AC027237.3,,23950,-1
14016,WDR25,,13403,13403
14017,KRCC1,,12643,12643
14018,AC010401.1,,23951,-1
14019,KRAS,,6524,6524
14020,NME4,,2695,2695
14021,ZNF397,,15139,15139
14022,RBMS1,,9267,9267
14023,AC010148.1,,23952,-1
14024,AC009975.1,,23953,-1
14025,CACFD1,,10063,10063
14026,TUBB1,,2376,2376
14027,YIPF3,,7151,7151
14028,FAM151B,,9157,9157
14029,MYT1L,,19157,-1
14030,TMEM59L,,3070,3070
14031,ATF2,,4367,4367
14032,HEPHL1,,14108,14108
14033,FLT1,,2613,2613
14034,STXBP2,,1319,1319
14035,AL583808.1,,23954,-1
14036,PLBD2,,9007,9007
14037,TMEM108-AS1,,23955,-1
14038,TPTEP1,,23956,-1
14039,AL080250.1,,23957,-1
14040,ACOD1,,2619,2619
14041,EIF4E3,,10555,10555
14042,PDE5A,,7431,7431
14043,LINC01456,,23958,-1
14044,DCSTAMP,,11017,11017
14045,CRCP,,17676,17676
14046,IMPG2,,1482,1482
14047,NTN4,,1223,1223
14048,AL157938.3,,18803,-1
14049,MVP,,323,323
14050,NME1-NME2,,19160,-1
14051,NOTCH2,,6603,6603
14052,CD226,,8953,8953
14053,SPCS2,,4647,4647
14054,TNFRSF1B,,456,456
14055,GBP2,,10362,10362
14056,NTMT1,,8725,8725
14057,C11orf95,,15376,15376
14058,COL13A1,,16023,16023
14059,ATG4B,,11837,11837
14060,LINC01687,,23959,-1
14061,DNAJC7,,11801,11801
14062,CYHR1,,15348,15348
14063,HMGN3-AS1,,23960,-1
14064,TRIR,,5172,5172
14065,LRPAP1,,10736,10736
14066,ZNF726,,17094,17094
14067,AGAP2,,6814,6814
14068,AC016954.1,,23961,-1
14069,ANKRD36,,6922,6922
14070,PRNP,,12598,12598
14071,DYNC1H1,,15933,15933
14072,MAPT,,15154,15154
14073,STXBP4,,11328,11328
14074,HLA-DMA,,23962,-1
14075,FAM107B,,918,918
14076,SMTNL2,,15398,15398
14077,RPL35P2,,23963,-1
14078,CMTM1,,1785,1785
14079,RPS27AP8,,23964,-1
14080,BCAP29,,1281,1281
14081,SOX2,,14120,14120
14082,AL162726.3,,23965,-1
14083,ZNF548,,15522,15522
14084,RNASET2,,443,443
14085,AC097461.1,,23966,-1
14086,ITIH4,,736,736
14087,NPAT,,8843,8843
14088,NUDT9,,12294,12294
14089,AC055733.2,,23967,-1
14090,AL133480.1,,23968,-1
14091,RFPL1S,,23969,-1
14092,AL356124.2,,23970,-1
14093,AC007342.5,,23971,-1
14094,ZCWPW2,,16934,16934
14095,REX1BD,,112,112
14096,TBC1D8,,16694,16694
14097,TLR7,,15829,15829
14098,BCAN,,6389,6389
14099,SERPINA1,,15969,15969
14100,ZNF804A,,12264,12264
14101,TSPEAR,,13311,13311
14102,CPED1,,3146,3146
14103,CLSTN1,,12536,12536
14104,NFYC,,934,934
14105,AC092142.1,,23972,-1
14106,C5orf22,,1516,1516
14107,IRX4,,4047,4047
14108,AL161772.1,,19269,-1
14109,RNF185,,7468,7468
14110,RPL3,,19082,-1
14111,AL109811.4,,23973,-1
14112,ELOVL5,,311,311
14113,KIF21B,,4484,4484
14114,AC091804.1,,23974,-1
14115,CDH2,,12306,12306
14116,DIAPH2,,8602,8602
14117,AGBL3,,8553,8553
14118,CFH,,6,6
14119,LINC02501,,23975,-1
14120,RYR3,,16397,16397
14121,LRRC2,,10699,10699
14122,TM2D2,,12074,12074
14123,ADCYAP1R1,,1384,1384
14124,ALAS1,,416,416
14125,MINDY2,,5868,5868
14126,DSC1,,6691,6691
14127,AC004448.2,,23976,-1
14128,LINC00857,,23977,-1
14129,MIR3681HG,,23978,-1
14130,MBTD1,,280,280
14131,ECM2,,3260,3260
14132,AC092675.1,,23979,-1
14133,C11orf68,,13265,13265
14134,SLC19A1,,12947,12947
14135,GAD1,,5843,5843
14136,CTNNA3,,14428,14428
14137,GTF2E2,,15973,15973
14138,NNMT,,11436,11436
14139,ASTE1,,499,499
14140,KPNA1,,4114,4114
14141,CCDC107,,9989,9989
14142,FOXN3,,689,689
14143,DRG2,,3442,3442
14144,AL391095.3,,23980,-1
14145,MORF4L1P1,,23981,-1
14146,PLA2G12A,,5242,5242
14147,AP002884.1,,23982,-1
14148,ARF4,,11830,11830
14149,LMF1-AS1,,23983,-1
14150,FAM177B,,16033,16033
14151,GRID2IP,,17197,17197
14152,ATL1,,16277,16277
14153,ANKRD11,,11608,11608
14154,KATNBL1P2,,23984,-1
14155,AC068831.1,,23985,-1
14156,DCX,,1337,1337
14157,NBPF5P,,23986,-1
14158,AC080013.6,,23987,-1
14159,DYSF,,6854,6854
14160,AC007106.1,,23988,-1
14161,GLIPR2,,5123,5123
14162,GOLGA2P7,,23989,-1
14163,LINC02482,,23990,-1
14164,LINGO4,,17006,17006
14165,ANO10,,10110,10110
14166,NEDD4,,1055,1055
14167,LINC01997,,23991,-1
14168,AC139718.1,,23992,-1
14169,AC006122.1,,23993,-1
14170,ROMO1,,5570,5570
14171,VCP,,11098,11098
14172,LINC00298,,23994,-1
14173,AP002387.2,,18850,-1
14174,AC145207.4,,23995,-1
14175,BBS2,,5416,5416
14176,POLH-AS1,,23996,-1
14177,AC044784.1,,23997,-1
14178,FAM91A1,,13454,13454
14179,ZNF148,,10703,10703
14180,WBP1,,17628,17628
14181,AC021739.2,,23998,-1
14182,AL732314.4,,23999,-1
14183,RNU6ATAC,,24000,-1
14184,LINC00559,,24001,-1
14185,SLC25A15P4,,24002,-1
14186,CCZ1,,5117,5117
14187,EVL,,15747,15747
14188,MRPL2,,18725,-1
14189,DDX21,,11202,11202
14190,GRB14,,4262,4262
14191,LINC01618,,24003,-1
14192,MRPL55,,18585,-1
14193,SEC24A,,4072,4072
14194,IMPDH1P8,,24004,-1
14195,MYLK,,905,905
14196,SNHG11,,19053,-1
14197,ZNF23,,11585,11585
14198,NDUFAF3,,13648,13648
14199,COL1A2,,10954,10954
14200,Z99129.4,,24005,-1
14201,AC008568.1,,24006,-1
14202,AC087499.5,,24007,-1
14203,APLP2,,1575,1575
14204,RGN,,6144,6144
14205,IPO13,,4553,4553
14206,FBXO39,,13527,13527
14207,C5orf51,,16865,16865
14208,CTSK,,8071,8071
14209,TCEAL9,,14817,14817
14210,ANKAR,,9071,9071
14211,C9orf153,,15306,15306
14212,AC131953.1,,24008,-1
14213,SGK3,,2795,2795
14214,PLBD1,,4987,4987
14215,FBXO10,,8690,8690
14216,AC007569.1,,24009,-1
14217,MRFAP1L1,,13783,13783
14218,EML4,,8175,8175
14219,AC012636.1,,24010,-1
14220,SARS2,,2882,2882
14221,FADS2,,6701,6701
14222,AC131011.1,,24011,-1
14223,AC112721.2,,24012,-1
14224,RHOG,,13498,13498
14225,DCAF4,,4762,4762
14226,SAMD13,,16523,16523
14227,SLAMF6,,10389,10389
14228,SH3D19,,3571,3571
14229,ACTG2,,10459,10459
14230,L34079.3,,24013,-1
14231,LINC02096,,24014,-1
14232,CENPX,,12113,12113
14233,WDR70,,1508,1508
14234,AL731532.2,,24015,-1
14235,AC092674.1,,24016,-1
14236,EID1,,17953,17953
14237,ZDHHC11,,15530,15530
14238,AC002074.1,,24017,-1
14239,CYB5D2,,11678,11678
14240,MT1G,,5417,5417
14241,FRMD6,,7605,7605
14242,LINC01933,,24018,-1
14243,EIF1AD,,13232,13232
14244,LINC01474,,24019,-1
14245,TUBB3,,18044,18044
14246,SPOPL,,8218,8218
14247,PHC1,,3822,3822
14248,PRDM4,,3695,3695
14249,NMRAL2P,,24020,-1
14250,PARM1,,11993,11993
14251,WDR27,,14666,14666
14252,RHOXF2B,,16531,16531
14253,LYSMD1,,10492,10492
14254,TNRC6A,,1843,1843
14255,MED27,,10087,10087
14256,CATSPERB,,6553,6553
14257,PAM16,,17256,17256
14258,U52112.1,,24021,-1
14259,LRP6,,1062,1062
14260,RAD51C,,3406,3406
14261,AL139021.1,,24022,-1
14262,AC109635.2,,24023,-1
14263,CYB561D1,,13027,13027
14264,HOXA9,,1380,1380
14265,EFCAB5,,24024,-1
14266,GALNT7,,3559,3559
14267,SPTSSB,,15793,15793
14268,RARB,,1325,1325
14269,LINC01524,,24025,-1
14270,ATRAID,,7319,7319
14271,AC008267.3,,24026,-1
14272,CLDN10-AS1,,24027,-1
14273,HSPD1P6,,24028,-1
14274,IKBKB,,2818,2818
14275,RN7SL459P,,24029,-1
14276,PHACTR1,,3876,3876
14277,THAP9,,11786,11786
14278,NMUR1,,12535,12535
14279,ASB16,,10206,10206
14280,MAD2L1,,10793,10793
14281,TFF1,,10022,10022
14282,AC007370.2,,24030,-1
14283,FRG1-DT,,24031,-1
14284,NCOR1P2,,24032,-1
14285,HIST1H2BM,,18248,18248
14286,SLC25A10,,14397,14397
14287,HERPUD1,,671,671
14288,MCF2,,2522,2522
14289,BAALC,,11012,11012
14290,AC103770.1,,24033,-1
14291,AC021876.1,,24034,-1
14292,KRT19,,12472,12472
14293,LTBP2,,4776,4776
14294,PLEKHF2,,13312,13312
14295,AC118553.2,,24035,-1
14296,ATP2B3,,994,994
14297,SP9,,17253,17253
14298,SPIB,,18192,18192
14299,MIB1,,2488,2488
14300,DPP4,,16066,16066
14301,AC032044.2,,24036,-1
14302,ARHGEF5,,658,658
14303,IL1RL1,,4319,4319
14304,Z83846.1,,24037,-1
14305,LINC01829,,24038,-1
14306,KRTAP5-9,,17940,17940
14307,KDM4D,,15042,15042
14308,TAF10,,11346,11346
14309,EDARADD,,15031,15031
14310,RPL35AP24,,24039,-1
14311,CR2,,4543,4543
14312,COL26A1,,10147,10147
14313,EGFEM1P,,24040,-1
14314,ARPP19,,5874,5874
14315,C10orf91,,24041,-1
14316,IL11RA,,7120,7120
14317,CLMN,,11251,11251
14318,AC103957.2,,24042,-1
14319,AC006946.2,,24043,-1
14320,CLIP1-AS1,,24044,-1
14321,ANXA13,,2844,2844
14322,TSTD3,,18733,-1
14323,RNF103-CHMP3,,24045,-1
14324,SYTL2,,7201,7201
14325,SMCHD1,,2474,2474
14326,TTC21B,,5230,5230
14327,LINC02015,,24046,-1
14328,LINC02277,,24047,-1
14329,NCAPH,,4975,4975
14330,RPL7P11,,24048,-1
14331,LINC02276,,24049,-1
14332,GOPC,,616,616
14333,LRRC74A,,2265,2265
14334,AL355338.1,,24050,-1
14335,ESS2,,2104,2104
14336,ALYREF,,14514,14514
14337,AK3,,8677,8677
14338,ZNF619,,13619,13619
14339,AC024901.1,,24051,-1
14340,RB1-DT,,24052,-1
14341,AL671986.1,,24053,-1
14342,BGN,,14287,14287
14343,REP15,,13040,13040
14344,LSM14A,,18008,18008
14345,CERS5,,7559,7559
14346,USB1,,2657,2657
14347,AC018832.1,,24054,-1
14348,ANO6,,13501,13501
14349,AL139184.1,,24055,-1
14350,TUBB6,,13324,13324
14351,FKBP1A,,1735,1735
14352,CUL5,,11330,11330
14353,SPR,,4384,4384
14354,HCRTR1,,5024,5024
14355,AL162718.1,,24056,-1
14356,CLMP,,11323,11323
14357,DCAF1,,8328,8328
14358,AC012613.1,,24057,-1
14359,INSRR,,451,451
14360,LINC02362,,24058,-1
14361,LINC00888,,24059,-1
14362,NFXL1,,12276,12276
14363,HNRNPA1L2,,19148,-1
14364,PTRH1,,15188,15188
14365,ITGB1-DT,,24060,-1
14366,AP001318.2,,24061,-1
14367,TSPY26P,,24062,-1
14368,KDM5B,,4521,4521
14369,AC020904.2,,24063,-1
14370,TIMP2,,511,511
14371,CASC19,,24064,-1
14372,DPY30,,10442,10442
14373,C12orf29,,6518,6518
14374,WASF3,,6438,6438
14375,KRT8P12,,24065,-1
14376,PKD1L2,,24066,-1
14377,EGR2,,5147,5147
14378,KANSL1L,,8244,8244
14379,IBTK,,100,100
14380,PAM,,8407,8407
14381,PFKL,,19068,-1
14382,EFEMP1,,4279,4279
14383,AL353653.1,,24067,-1
14384,AC003989.1,,24068,-1
14385,ZNF107,,15703,15703
14386,C20orf27,,2397,2397
14387,PNLIPRP1,,15187,15187
14388,CD151,,13600,13600
14389,DAPP1,,1071,1071
14390,SP1,,14889,14889
14391,HEXDC,,24069,-1
14392,GANAB,,1787,1787
14393,ZDHHC21,,13310,13310
14394,FMO5,,6255,6255
14395,IQCK,,13099,13099
14396,AL138895.1,,24070,-1
14397,LINC00235,,24071,-1
14398,TMEM80,,13487,13487
14399,AC011452.1,,24072,-1
14400,AC024230.1,,24073,-1
14401,AL035661.1,,24074,-1
14402,CARMN,,24075,-1
14403,DGUOK-AS1,,18599,-1
14404,ZNF804B,,14267,14267
14405,RP1,,24076,-1
14406,AL590226.1,,24077,-1
14407,LINC01138,,24078,-1
14408,AC137936.2,,24079,-1
14409,EFCAB12,,12780,12780
14410,KIF5A,,9539,9539
14411,AC005064.1,,24080,-1
14412,PODXL,,5820,5820
14413,ZCCHC14,,7744,7744
14414,TMEM54,,5041,5041
14415,AP002490.1,,24081,-1
14416,FGF13,,5953,5953
14417,FAM131A,,13192,13192
14418,AC087239.1,,24082,-1
14419,BRD4,,7875,7875
14420,LAMA5,,6084,6084
14421,SMC3,,3377,3377
14422,MITF,,15203,15203
14423,PABPC1,,18783,-1
14424,AC073909.1,,24083,-1
14425,PPIAP72,,24084,-1
14426,PKN2,,889,889
14427,AC018731.1,,24085,-1
14428,AC243830.1,,24086,-1
14429,PCDHGA3,,17916,17916
14430,MSN,,8574,8574
14431,TMEM253,,17483,17483
14432,H19,,18825,-1
14433,HIST1H1B,,14644,14644
14434,SNX22,,9738,9738
14435,SMTN,,14576,14576
14436,IRF5,,5831,5831
14437,FO393419.2,,24087,-1
14438,BASP1-AS1,,24088,-1
14439,HMGA1P4,,24089,-1
14440,CA12,,1221,1221
14441,AP006296.1,,24090,-1
14442,CTDSPL,,8282,8282
14443,ECHDC3,,6645,6645
14444,YTHDC2,,599,599
14445,SPAG9,,208,208
14446,TTC1,,4031,4031
14447,DACH1,,18332,18332
14448,LINC01075,,24091,-1
14449,GRB2,,13622,13622
14450,EEFSEC,,6330,6330
14451,RAB11FIP4,,6191,6191
14452,RPGRIP1L,,2737,2737
14453,LINC01002,,24092,-1
14454,ZNF518B,,13662,13662
14455,AGPS,,371,371
14456,AL671883.2,,24093,-1
14457,WARS2,,4488,4488
14458,EML3,,18838,-1
14459,SH3BP5L,,13185,13185
14460,NELFA,,14784,14784
14461,MAP3K6,,7968,7968
14462,FN3KRP,,7839,7839
14463,BIRC3,,417,417
14464,NDUFV3,,10029,10029
14465,DEDD,,9865,9865
14466,FHIT,,15620,15620
14467,HDAC8,,8577,8577
14468,UBTF,,3398,3398
14469,CYP39A1,,8485,8485
14470,TGIF2-RAB5IF,,24094,-1
14471,AL160314.2,,24095,-1
14472,AP003068.3,,24096,-1
14473,LMO3,,627,627
14474,DOC2GP,,24097,-1
14475,LINC01749,,24098,-1
14476,AC124947.2,,24099,-1
14477,AC015574.1,,18939,-1
14478,GALNT8,,5977,5977
14479,AC010761.1,,24100,-1
14480,LRP5,,10278,10278
14481,TMEM208,,11901,11901
14482,ADPGK,,9931,9931
14483,BOLA3-AS1,,24101,-1
14484,SNRK-AS1,,24102,-1
14485,CEP55,,7341,7341
14486,KLRA1P,,24103,-1
14487,IGF2R,,15930,15930
14488,TTLL7,,7281,7281
14489,ITGA3,,106,106
14490,RARRES1,,4694,4694
14491,BCL6,,4104,4104
14492,FXYD7,,17314,17314
14493,VKORC1,,11592,11592
14494,GPX8,,10854,10854
14495,TBCB,,2968,2968
14496,ST6GALNAC2,,1091,1091
14497,AL049779.1,,24104,-1
14498,TRIML1,,14592,14592
14499,AP002008.2,,24105,-1
14500,AP000569.1,,24106,-1
14501,UCKL1-AS1,,24107,-1
14502,SOGA1,,8889,8889
14503,CCDC6,,3380,3380
14504,AC013480.1,,24108,-1
14505,TUSC1,,16323,16323
14506,IP6K2,,1021,1021
14507,RFTN1,,6202,6202
14508,PLPP7,,10085,10085
14509,RNF20,,9514,9514
14510,GRM7,,15711,15711
14511,BCRP8,,24109,-1
14512,AC091212.1,,24110,-1
14513,PUM3,,1458,1458
14514,LINC02562,,24111,-1
14515,SCN9A,,12064,12064
14516,AC025434.1,,24112,-1
14517,KRT8,,12268,12268
14518,ZFR,,739,739
14519,SNX18P7,,24113,-1
14520,BLOC1S5-TXNDC5,,24114,-1
14521,AC023590.1,,24115,-1
14522,AL392172.1,,19204,-1
14523,AP005205.3,,24116,-1
14524,FAT2,,1646,1646
14525,ELFN1,,17382,17382
14526,AC103718.1,,24117,-1
14527,AC006206.2,,24118,-1
14528,CASP10,,37,37
14529,STK11IP,,8266,8266
14530,AP001458.2,,24119,-1
14531,MKKS,,5537,5537
14532,PARP3,,562,562
14533,PPP1R11,,16691,16691
14534,GOLGA8N,,17498,17498
14535,KRT16,,15144,15144
14536,AL136018.1,,24120,-1
14537,AC105345.2,,24121,-1
14538,Z83847.1,,24122,-1
14539,PLEKHA2,,12076,12076
14540,HSPE1,,4308,4308
14541,AL034548.1,,24123,-1
14542,ATG7,,16038,16038
14543,AGA,,530,530
14544,AC003101.2,,24124,-1
14545,INO80,,5864,5864
14546,KRT223P,,24125,-1
14547,FKBP8,,3075,3075
14548,CCNYL2,,24126,-1
14549,SCYL2,,6929,6929
14550,SLC22A14,,8281,8281
14551,BLVRB,,1803,1803
14552,AC004477.1,,24127,-1
14553,HCG18,,18716,-1
14554,GFRAL,,15339,15339
14555,LINC01290,,24128,-1
14556,LGR6,,6453,6453
14557,HSD3B2,,16507,16507
14558,LAT,,17059,17059
14559,SOAT1,,750,750
14560,RPS18,,18720,-1
14561,RPSAP52,,24129,-1
14562,MMP3,,8913,8913
14563,ST3GAL6-AS1,,19211,-1
14564,AC026116.1,,24130,-1
14565,AC133550.2,,24131,-1
14566,EEF1E1,,5396,5396
14567,SV2B,,14877,14877
14568,ZNF407,,17223,17223
14569,RHAG,,3867,3867
14570,ERAP2,,10863,10863
14571,SIL1,,4925,4925
14572,MS4A4A,,3623,3623
14573,AL035456.1,,24132,-1
14574,REV3L,,229,229
14575,U62317.2,,24133,-1
14576,YIF1A,,13133,13133
14577,AC069234.1,,24134,-1
14578,SNUPN,,12050,12050
14579,CHST2,,13167,13167
14580,MAPKAPK3,,4179,4179
14581,HIST2H3A,,19144,-1
14582,HAND2-AS1,,24135,-1
14583,POLR1C,,12497,12497
14584,WIPI1,,1086,1086
14585,PSMA1,,5884,5884
14586,IGF2.1,,24136,-1
14587,TPP2,,6716,6716
14588,PRKAG2,,3230,3230
14589,ATRNL1,,3312,3312
14590,FRY,,1206,1206
14591,AC024267.4,,24137,-1
14592,AC007688.1,,24138,-1
14593,AC011511.1,,24139,-1
14594,AL358394.3,,24140,-1
14595,LAGE3,,15903,15903
14596,MTND5P33,,24141,-1
14597,PLA2G4C,,3023,3023
14598,AC090164.1,,24142,-1
14599,GHRL,,9658,9658
14600,RAB11FIP3,,1829,1829
14601,EPHA3,,590,590
14602,RPL23A,,18973,-1
14603,TMEM56-RWDD3,,24143,-1
14604,AL451062.3,,24144,-1
14605,BTN3A2,,15084,15084
14606,SLC31A2,,7078,7078
14607,AC008691.1,,24145,-1
14608,PPP6R2,,2158,2158
14609,EPS8L3,,16357,16357
14610,IRX2,,12307,12307
14611,HKR1,,24146,-1
14612,TRIM52,,14523,14523
14613,MEX3B,,14476,14476
14614,AL353596.1,,24147,-1
14615,SORCS2,,14761,14761
14616,LNPK,,8228,8228
14617,PAPLN,,2308,2308
14618,IFIT1,,14925,14925
14619,CYSLTR1,,12855,12855
14620,SUGT1P1,,24148,-1
14621,SLC1A6,,2946,2946
14622,FAIM2,,6824,6824
14623,ARHGAP44,,151,151
14624,PHLDA2,,14145,14145
14625,AC091180.5,,24149,-1
14626,CFAP43,,16089,16089
14627,VPS13C,,5875,5875
14628,SLC25A24P2,,24150,-1
14629,AC008163.1,,24151,-1
14630,AL513211.1,,24152,-1
14631,SMARCD3,,1507,1507
14632,AC090912.3,,24153,-1
14633,C12orf57,,3803,3803
14634,AC243967.1,,24154,-1
14635,EEF1D,,18789,-1
14636,TNS2,,3723,3723
14637,AC087071.2,,24155,-1
14638,AL049629.1,,24156,-1
14639,GRWD1,,3014,3014
14640,ALDH1B1,,7135,7135
14641,CRISPLD1,,4961,4961
14642,MYOM3,,7957,7957
14643,SPAG5-AS1,,24157,-1
14644,UBAC2,,6712,6712
14645,SLC24A3,,14785,14785
14646,CHST1,,13209,13209
14647,RNU4-39P,,24158,-1
14648,AC105277.1,,24159,-1
14649,DOCK10,,6898,6898
14650,TMEM39A,,13345,13345
14651,GRB10,,3152,3152
14652,COBLL1,,1521,1521
14653,MT-CO1,,16378,16378
14654,PDHB,,11814,11814
14655,BACH2,,3885,3885
14656,ZNF286B,,19193,-1
14657,CDNF,,14828,14828
14658,LSMEM2,,13867,13867
14659,LINC00862,,24160,-1
14660,ZFP91-CNTF,,24161,-1
14661,PLEKHB1,,393,393
14662,GHDC,,11726,11726
14663,DAPK3,,11655,11655
14664,PEX12,,3461,3461
14665,AC044810.2,,24162,-1
14666,AC008914.1,,24163,-1
14667,WDR5B,,15904,15904
14668,AC100801.1,,24164,-1
14669,LPCAT3,,3805,3805
14670,RNU4-2,,24165,-1
14671,AL139246.3,,24166,-1
14672,LRP8,,9680,9680
14673,AC096638.1,,24167,-1
14674,JAM2,,9413,9413
14675,AC073321.1,,24168,-1
14676,AC007064.2,,24169,-1
14677,PCBP3,,14487,14487
14678,LAPTM4A,,1019,1019
14679,AC100803.3,,24170,-1
14680,DGKZ,,8815,8815
14681,HCN1,,10924,10924
14682,CUL7,,586,586
14683,MAGEC2,,596,596
14684,PLPP1,,969,969
14685,LINC00659,,24171,-1
14686,GNGT1,,5752,5752
14687,FNDC11,,5470,5470
14688,HAO1,,2418,2418
14689,IGFBP3,,8533,8533
14690,ETV1,,134,134
14691,AL591926.6,,24172,-1
14692,GTF2A2,,7648,7648
14693,AC002401.4,,24173,-1
14694,MLST8,,11731,11731
14695,AC106801.1,,24174,-1
14696,GACAT2,,24175,-1
14697,DARS,,4353,4353
14698,MYL12B,,4681,4681
14699,KRT13,,12481,12481
14700,C9orf64,,11058,11058
14701,MTHFD1L,,4865,4865
14702,TCAF2,,12259,12259
14703,ATP8B3,,6010,6010
14704,FAM49A,,16121,16121
14705,SLC16A7,,4676,4676
14706,AP000753.2,,24176,-1
14707,AL031595.2,,24177,-1
14708,PWWP2A,,12221,12221
14709,B4GALT5,,9821,9821
14710,SLC22A10,,14767,14767
14711,TRIM69,,14952,14952
14712,LINC01582,,24178,-1
14713,MID1,,2502,2502
14714,AC024581.1,,24179,-1
14715,ASAP2,,9075,9075
14716,ERCC3,,10496,10496
14717,TOLLIP,,1401,1401
14718,ZNF420,,15920,15920
14719,SRGN,,5143,5143
14720,COL4A2,,6709,6709
14721,SLCO4A1,,2381,2381
14722,AC083837.1,,24180,-1
14723,VPS9D1,,1263,1263
14724,AC007255.1,,24181,-1
14725,AC015849.5,,24182,-1
14726,ENPP6,,10858,10858
14727,RGS17,,1886,1886
14728,KLHL15,,13008,13008
14729,COL25A1,,15458,15458
14730,NFKBIA,,2327,2327
14731,SPDYE7P,,24183,-1
14732,HSP90AA1,,1467,1467
14733,SLC16A12-AS1,,24184,-1
14734,AP002495.1,,17921,17921
14735,AC005837.2,,24185,-1
14736,CAPN10,,18626,-1
14737,CHD1,,9320,9320
14738,TMEM64,,14018,14018
14739,LTV1,,6834,6834
14740,PICALM,,1207,1207
14741,MGAT4A,,1108,1108
14742,AP005265.1,,24186,-1
14743,DENND4C,,7139,7139
14744,XPO7,,6006,6006
14745,CFAP47,,11068,11068
14746,TRGC1,,16953,16953
14747,SRSF10,,15461,15461
14748,AC090193.1,,24187,-1
14749,GKAP1,,11056,11056
14750,HIST1H2BA,,8460,8460
14751,AC244394.1,,24188,-1
14752,COQ7,,11549,11549
14753,AC015878.1,,24189,-1
14754,PLEKHH2,,9182,9182
14755,PSMC6,,2255,2255
14756,LYPLA2,,270,270
14757,LINC01444,,24190,-1
14758,U91328.1,,24191,-1
14759,VARS,,16624,16624
14760,COG3,,6953,6953
14761,AL160412.1,,24192,-1
14762,MTCP1,,17176,17176
14763,ZSWIM6,,6042,6042
14764,NXF5,,5672,5672
14765,ADIPOR1,,9935,9935
14766,CALU,,5828,5828
14767,ZWILCH,,13066,13066
14768,URGCP,,3227,3227
14769,FANCG,,17280,17280
14770,P2RX1,,3410,3410
14771,MILR1,,18222,18222
14772,PGR,,1513,1513
14773,PLEKHA7,,11429,11429
14774,TUBB8P12,,12861,12861
14775,AP001273.1,,24193,-1
14776,MRPL41,,18807,-1
14777,TNKS1BP1,,8817,8817
14778,COL4A3,,11976,11976
14779,PRLR,,4053,4053
14780,PSMD6-AS1,,24194,-1
14781,KLK4,,11682,11682
14782,DPCD,,11304,11304
14783,MAGEB2,,2036,2036
14784,SPINT2,,11648,11648
14785,STAT3,,11884,11884
14786,LRWD1,,10159,10159
14787,AC004233.3,,24195,-1
14788,AC135050.3,,24196,-1
14789,KIF1C,,5907,5907
14790,COL17A1,,912,912
14791,HM13,,2412,2412
14792,COL4A1,,15250,15250
14793,OLFML2A,,14888,14888
14794,OR8Q1P,,24197,-1
14795,SOCS5P4,,24198,-1
14796,NLGN2,,12180,12180
14797,AC003991.1,,24199,-1
14798,SLC43A3,,6696,6696
14799,SLC5A10,,9334,9334
14800,PLEKHA5,,680,680
14801,RNF41,,14177,14177
14802,EIF2AK3,,12640,12640
14803,CDK9,,7058,7058
14804,AC091729.3,,19229,-1
14805,PDZRN3,,4998,4998
14806,RTKN2,,14198,14198
14807,PMAIP1,,7861,7861
14808,TUBG1P,,24200,-1
14809,LINC02364,,24201,-1
14810,LINC02024,,24202,-1
14811,TMSB15B,,9814,9814
14812,TMCO5B,,24203,-1
14813,AC018766.1,,24204,-1
14814,AC012555.2,,24205,-1
14815,SNRNP25,,10240,10240
14816,AC073842.2,,24206,-1
14817,AC010255.3,,17867,17867
14818,SGSH,,14129,14129
14819,OR4D9,,12773,12773
14820,IGFN1,,10552,10552
14821,PRUNE1,,8059,8059
14822,S100P,,10744,10744
14823,RNF139,,12367,12367
14824,EGFR,,8531,8531
14825,PPP2R5E,,9331,9331
14826,SMPDL3A,,12751,12751
14827,FRMD8,,5610,5610
14828,AC069549.1,,24207,-1
14829,FER1L6-AS2,,24208,-1
14830,ARNT2,,12708,12708
14831,TGFBR2,,10586,10586
14832,AKR7L,,24209,-1
14833,AC092167.1,,24210,-1
14834,AC135895.1,,24211,-1
14835,AC110760.2,,24212,-1
14836,MYO1C,,16122,16122
14837,DLX1,,8232,8232
14838,MCM8-AS1,,24213,-1
14839,CTAGE15,,18214,18214
14840,ARMC4,,11996,11996
14841,AC027288.2,,24214,-1
14842,BORCS7,,11333,11333
14843,S100A6,,16147,16147
14844,AL606807.1,,24215,-1
14845,FAM160B2,,9876,9876
14846,NUDT15,,6958,6958
14847,AC020910.5,,24216,-1
14848,CSNK2A1,,2407,2407
14849,PACSIN3,,11238,11238
14850,RASIP1,,3033,3033
14851,OTULINL,,8388,8388
14852,NME3,,2661,2661
14853,CRLF1,,113,113
14854,XK,,609,609
14855,AC022509.1,,24217,-1
14856,TREX2,,14472,14472
14857,NCOA7-AS1,,24218,-1
14858,AC079943.2,,24219,-1
14859,ADAM10,,7269,7269
14860,FAM27E3,,24220,-1
14861,POTEKP,,24221,-1
14862,CORO6,,11617,11617
14863,ZBTB14,,16181,16181
14864,TMPOP2,,24222,-1
14865,MARCKSL1,,13184,13184
14866,MTCYBP18,,24223,-1
14867,AC007389.1,,24224,-1
14868,PEAR1,,15320,15320
14869,RND1,,12752,12752
14870,AIF1,,16644,16644
14871,PLCD1,,15200,15200
14872,SMURF1,,16351,16351
14873,LINP1,,24225,-1
14874,AC025268.1,,24226,-1
14875,LY6D,,11654,11654
14876,CAMK1D,,14398,14398
14877,TBX10,,11704,11704
14878,AC131235.4,,24227,-1
14879,AC093901.1,,24228,-1
14880,TIMM23,,18133,18133
14881,FZD7,,9510,9510
14882,GEMIN2,,1908,1908
14883,CNPPD1,,4325,4325
14884,C11orf91,,16792,16792
14885,RPL18A,,19024,-1
14886,EPC1,,4904,4904
14887,TGM2,,16462,16462
14888,LINC01583,,24229,-1
14889,ZC3H3,,340,340
14890,CXCL8,,12063,12063
14891,SRGAP1,,15891,15891
14892,EIF3K,,13782,13782
14893,SERTAD2,,13900,13900
14894,JADE2,,580,580
14895,WNT5B,,3730,3730
14896,CAVIN4,,12330,12330
14897,AC068413.1,,24230,-1
14898,AL031587.5,,24231,-1
14899,JTB,,8106,8106
14900,XXYLT1-AS2,,24232,-1
14901,PNMA1,,13463,13463
14902,PSEN2,,8153,8153
14903,C9orf3,,24233,-1
14904,RASSF4,,3315,3315
14905,CA4,,11595,11595
14906,KCNK9,,24234,-1
14907,CEBPG,,9314,9314
14908,POLR2I,,2970,2970
14909,HOXD4,,12210,12210
14910,AC093010.2,,24235,-1
14911,C3orf49,,10633,10633
14912,AL158071.4,,24236,-1
14913,CABCOCO1,,14451,14451
14914,AL596451.1,,24237,-1
14915,SRPK3,,14637,14637
14916,DOHH,,5963,5963
14917,CYP26B1,,33,33
14918,CYP3A5,,3170,3170
14919,NCOA6,,16314,16314
14920,FAAP20,,10336,10336
14921,CPD,,3438,3438
14922,UROC1,,9968,9968
14923,COL3A1,,11873,11873
14924,SQLE,,2845,2845
14925,FAM167A,,9376,9376
14926,MAGI2,,15242,15242
14927,HIST1H3H,,18383,18383
14928,WASL,,3177,3177
14929,RGCC,,2614,2614
14930,LMTK2,,10960,10960
14931,AC036108.2,,24238,-1
14932,WDSUB1,,15672,15672
14933,AP000282.1,,24239,-1
14934,ZNF702P,,24240,-1
14935,ARHGEF18,,2893,2893
14936,NLGN3,,15723,15723
14937,CSTF3-DT,,24241,-1
14938,FBXO11,,7317,7317
14939,AC004889.1,,24242,-1
14940,FAAH2,,11162,11162
14941,AC078820.1,,24243,-1
14942,CD68,,5903,5903
14943,XPOT,,14690,14690
14944,SUOX,,7545,7545
14945,ZBTB1,,5652,5652
14946,LENG1,,3048,3048
14947,INA,,8784,8784
14948,GMPR2,,2334,2334
14949,FRMD3,,12655,12655
14950,OPA1-AS1,,24244,-1
14951,OR8G2P,,24245,-1
14952,ETV5,,17779,17779
14953,EFL1P1,,24246,-1
14954,AC003956.1,,24247,-1
14955,QPCTL,,294,294
14956,NUP50-DT,,24248,-1
14957,PTOV1-AS1,,24249,-1
14958,ITGA10,,8007,8007
14959,PHETA2,,13495,13495
14960,DVL3,,10169,10169
14961,CHD5,,4409,4409
14962,SOCS4,,13931,13931
14963,CASP7,,11217,11217
14964,SLC47A1,,7929,7929
14965,TIFA,,8365,8365
14966,AL596211.1,,24250,-1
14967,AL049844.1,,24251,-1
14968,AL442647.1,,24252,-1
14969,GRTP1,,7593,7593
14970,KLK10,,5921,5921
14971,GNPDA1,,4059,4059
14972,SUGP1,,3076,3076
14973,CLCA4,,361,361
14974,PHKA1-AS1,,24253,-1
14975,SAMD14,,11528,11528
14976,PPP1R16A,,10148,10148
14977,FAM72D,,17238,17238
14978,AC008517.1,,24254,-1
14979,AC018521.5,,18987,-1
14980,GDNF-AS1,,24255,-1
14981,AL513327.2,,24256,-1
14982,STBD1,,4692,4692
14983,TMEM106C,,6615,6615
14984,RAD18,,1103,1103
14985,AP000704.1,,24257,-1
14986,MSLNL,,10245,10245
14987,LRRC53,,10352,10352
14988,ZBTB37,,14833,14833
14989,AC055720.2,,24258,-1
14990,USO1,,7444,7444
14991,AC105910.1,,24259,-1
14992,SH3TC2,,12028,12028
14993,BET1L,,13630,13630
14994,AL158198.1,,24260,-1
14995,AC109349.1,,24261,-1
14996,HLX-AS1,,24262,-1
14997,GZMAP1,,24263,-1
14998,CTPS2,,600,600
14999,H2AFZP2,,24264,-1
15000,HTN3,,16852,16852
15001,EIF3CL,,16847,16847
15002,MYT1,,15667,15667
15003,LINC02345,,24265,-1
15004,TMEM215,,15387,15387
15005,LONRF1,,9381,9381
15006,SETD6,,2664,2664
15007,AC139451.1,,24266,-1
15008,TPTE,,18268,18268
15009,GATB,,780,780
15010,ERICH6,,10641,10641
15011,DPY19L2P1,,24267,-1
15012,TBC1D30,,3779,3779
15013,LINC02150,,24268,-1
15014,AC023355.1,,24269,-1
15015,GAS2L1,,14845,14845
15016,IER3IP1,,6567,6567
15017,ZNF799,,15774,15774
15018,ECH1,,2876,2876
15019,CDIPT,,2740,2740
15020,MSX2,,4851,4851
15021,DNER,,15350,15350
15022,NMUR2,,6426,6426
15023,LINC02256,,24270,-1
15024,SLC7A8,,1897,1897
15025,ZNF385D,,9090,9090
15026,GBP5,,9388,9388
15027,KREMEN2,,6234,6234
15028,MIR583HG,,24271,-1
15029,TOMM40L,,9881,9881
15030,RNF19B,,4428,4428
15031,BTNL8,,4030,4030
15032,TNRC18,,14210,14210
15033,AC090099.4,,24272,-1
15034,AKR1E2,,11157,11157
15035,ECEL1P1,,24273,-1
15036,FAHD1,,13953,13953
15037,ASXL2,,8181,8181
15038,CGN,,8066,8066
15039,HOXA11-AS,,24274,-1
15040,LINC00111,,24275,-1
15041,ST3GAL1,,218,218
15042,TBC1D14,,6331,6331
15043,SALRNA2,,24276,-1
15044,GNG5,,13012,13012
15045,SMARCA4,,5733,5733
15046,AC072052.1,,24277,-1
15047,SH3BGR,,14861,14861
15048,GRIP2,,8268,8268
15049,CCDC18-AS1,,18562,-1
15050,ADAMTS10,,7916,7916
15051,CD164,,6836,6836
15052,RMND5B,,8441,8441
15053,GPATCH2,,1932,1932
15054,NPIPB11,,17915,17915
15055,WBP1L,,11332,11332
15056,SELENOT,,16402,16402
15057,MED26,,2937,2937
15058,AIM2,,10609,10609
15059,FP671120.4,,24278,-1
15060,GOLGA1,,7101,7101
15061,MMP23B,,15643,15643
15062,SLC2A1,,4548,4548
15063,AC008750.7,,24279,-1
15064,AC011478.1,,24280,-1
15065,MFN2,,4450,4450
15066,NAPRT,,8675,8675
15067,LINC01237,,24281,-1
15068,HAP1,,12972,12972
15069,CUX2,,3743,3743
15070,KIF26B,,10414,10414
15071,AL669942.1,,24282,-1
15072,TP53TG1,,19231,-1
15073,NAMPTP1,,24283,-1
15074,TRRAP,,15735,15735
15075,SEPT7P2,,24284,-1
15076,BCDIN3D,,15119,15119
15077,AL137779.2,,24285,-1
15078,TPPP,,12477,12477
15079,CCDC80,,1889,1889
15080,ABR,,9985,9985
15081,F8,,14772,14772
15082,LINC00879,,24286,-1
15083,B3GALNT1,,12033,12033
15084,RAPGEF2,,3577,3577
15085,ITGA11,,7254,7254
15086,KCNN2,,1461,1461
15087,GEN1,,13685,13685
15088,GKN1,,12098,12098
15089,MCRIP2,,12704,12704
15090,AC011591.2,,24287,-1
15091,AC012146.1,,18966,-1
15092,LINC00601,,24288,-1
15093,GSK3A,,3082,3082
15094,PBX1,,14898,14898
15095,PAPPA-AS1,,24289,-1
15096,MCAM,,1312,1312
15097,LINC00861,,24290,-1
15098,AC007114.1,,24291,-1
15099,EIF4A1,,10237,10237
15100,RAB40C,,16043,16043
15101,CDHR1,,8761,8761
15102,CNKSR3,,9299,9299
15103,STK26,,6670,6670
15104,ASNSD1,,7367,7367
15105,PLCD4,,4310,4310
15106,ZNF791,,12984,12984
15107,AC137932.2,,24292,-1
15108,MAPK8IP1,,5013,5013
15109,AL512288.1,,24293,-1
15110,TSPAN33,,9818,9818
15111,GATD3A,,10042,10042
15112,INPP5B,,16548,16548
15113,GPR37,,12340,12340
15114,MARC2,,4605,4605
15115,AC104984.3,,24294,-1
15116,STX2,,3776,3776
15117,MAP3K14-AS1,,24295,-1
15118,BCAR3,,7280,7280
15119,ENOX1,,4908,4908
15120,UBR5-AS1,,24296,-1
15121,AC007663.2,,24297,-1
15122,RIMS2,,13392,13392
15123,AC104794.2,,24298,-1
15124,KLK2,,11683,11683
15125,DNAJA2,,1041,1041
15126,PADI3,,7949,7949
15127,CDKN2C,,5160,5160
15128,DSG3,,6686,6686
15129,KPNA2,,14285,14285
15130,RNVU1-15,,24299,-1
15131,FGF5,,7421,7421
15132,DOCK9,,1720,1720
15133,DPF3,,16857,16857
15134,CD44,,444,444
15135,SNRPC,,5354,5354
15136,LINC01644,,24300,-1
15137,CCDC81,,8828,8828
15138,MGLL,,1222,1222
15139,DZIP1L,,9791,9791
15140,POFUT2,,15152,15152
15141,SLC12A2,,863,863
15142,SSNA1,,13339,13339
15143,RRP7A,,15624,15624
15144,FUOM,,8785,8785
15145,TRIM9,,2254,2254
15146,AC078927.1,,24301,-1
15147,PCSK9,,12004,12004
15148,AC006355.2,,24302,-1
15149,CEP76,,2477,2477
15150,AC087633.2,,24303,-1
15151,PJVK,,16599,16599
15152,TM4SF1-AS1,,24304,-1
15153,CDC34,,2050,2050
15154,CCL15-CCL14,,24305,-1
15155,GC,,8355,8355
15156,CDK14,,763,763
15157,TRIM36,,9179,9179
15158,TSEN34,,12370,12370
15159,AC126407.1,,24306,-1
15160,TRIM35,,2800,2800
15161,AC022201.1,,24307,-1
15162,TMSB10,,498,498
15163,AC079779.2,,24308,-1
15164,KCNQ3,,14600,14600
15165,ZNF512B,,15837,15837
15166,Z95115.1,,24309,-1
15167,H2AFV,,18747,-1
15168,NAP1L1,,18877,-1
15169,PPP1R3A,,9384,9384
15170,PCDH7,,12141,12141
15171,TMEM150B,,13939,13939
15172,AC022414.1,,24310,-1
15173,SNHG14,,19276,-1
15174,ERVMER34-1,,17400,17400
15175,INSL4,,4858,4858
15176,AC006028.1,,24311,-1
15177,AC068643.1,,24312,-1
15178,TOX3,,2732,2732
15179,ZNF710-AS1,,24313,-1
15180,AC113554.1,,24314,-1
15181,RDX,,7232,7232
15182,FN1,,4282,4282
15183,RFPL4B,,17873,17873
15184,AL356747.1,,24315,-1
15185,GSTZ1,,2269,2269
15186,ZSWIM3,,6408,6408
15187,AC004551.1,,24316,-1
15188,GLS2,,6809,6809
15189,AC105339.3,,24317,-1
15190,AC108866.1,,24318,-1
15191,FIP1L1,,8341,8341
15192,AC005307.1,,24319,-1
15193,AL606760.2,,24320,-1
15194,CAPN12,,14283,14283
15195,NKAIN3,,14967,14967
15196,GLRX5,,14291,14291
15197,FRRS1,,9637,9637
15198,AC092620.2,,24321,-1
15199,SCFD2,,14606,14606
15200,SSBP2,,8398,8398
15201,MT-CO3,,16453,16453
15202,AC023908.3,,24322,-1
15203,CACNA1G,,127,127
15204,TPRA1,,10707,10707
15205,HACD2,,16927,16927
15206,REL,,10432,10432
15207,ZNRD1ASP,,24323,-1
15208,EZR,,1922,1922
15209,LINC00908,,24324,-1
15210,AL157884.3,,24325,-1
15211,DACT3,,15998,15998
15212,KCNAB1,,12036,12036
15213,ANKS1B,,14783,14783
15214,LINC02456,,24326,-1
15215,AC002069.2,,24327,-1
15216,NAV2,,11460,11460
15217,ESAM,,8875,8875
15218,IL1RAPL2,,15588,15588
15219,TJP3,,2976,2976
15220,ZNF783,,16750,16750
15221,ESRRB,,4790,4790
15222,CTSH,,2766,2766
15223,ZNF568,,16265,16265
15224,PRDM1,,755,755
15225,PML,,7674,7674
15226,ZMAT3,,12758,12758
15227,C9orf78,,7062,7062
15228,MRPS22,,18646,-1
15229,PCDHB16,,18234,18234
15230,C8orf31,,24328,-1
15231,AC092958.2,,24329,-1
15232,AC012414.5,,24330,-1
15233,TEX30,,9016,9016
15234,AP2M1,,10170,10170
15235,UQCRFS1,,11974,11974
15236,RASSF10,,15647,15647
15237,AC093019.2,,24331,-1
15238,KNTC1,,14662,14662
15239,PPARG,,6299,6299
15240,KCNIP2-AS1,,24332,-1
15241,AL136366.1,,24333,-1
15242,TNFRSF1A,,973,973
15243,AC009264.1,,24334,-1
15244,TREX1,,24335,-1
15245,RNF32,,3129,3129
15246,SLC7A4,,2078,2078
15247,KCTD16,,14541,14541
15248,AP001781.1,,24336,-1
15249,AC108136.1,,24337,-1
15250,DARS2,,4580,4580
15251,ZNF618,,9734,9734
15252,CENPI,,2584,2584
15253,AC079336.4,,24338,-1
15254,AL137058.1,,24339,-1
15255,MAGEE1,,16451,16451
15256,PDE3B,,9148,9148
15257,ZNF347,,16141,16141
15258,CGRRF1,,2260,2260
15259,PTPRJ,,8823,8823
15260,AC016382.1,,24340,-1
15261,TUNAR,,17853,17853
15262,CDH6,,4038,4038
15263,RN7SL600P,,24341,-1
15264,LINC01169,,24342,-1
15265,NT5C3B,,7863,7863
15266,CDH4,,13830,13830
15267,STAT5A,,5626,5626
15268,AC091057.6,,18499,18499
15269,RBM26,,7585,7585
15270,IQCD,,11411,11411
15271,STRADB,,1511,1511
15272,TMED1,,2014,2014
15273,LRRC3,,10046,10046
15274,SMOC2,,3947,3947
15275,PIGW,,18339,18339
15276,EYA4,,3917,3917
15277,TBXA2R,,144,144
15278,AC136604.2,,24343,-1
15279,CBX3,,5106,5106
15280,LINC00997,,24344,-1
15281,NBR2,,18982,-1
15282,SCAF8,,16998,16998
15283,ZNF544,,16198,16198
15284,AL355773.1,,24345,-1
15285,AL034405.1,,24346,-1
15286,CEACAM20,,18251,18251
15287,HPGDS,,10479,10479
15288,AC109635.5,,24347,-1
15289,AC134980.3,,24348,-1
15290,FAM184A,,3846,3846
15291,HAUS2,,7256,7256
15292,GTF2IP13,,24349,-1
15293,CREB1,,4638,4638
15294,SMC5-AS1,,24350,-1
15295,AC110792.3,,24351,-1
15296,ABCC1,,2696,2696
15297,NCKAP5,,13444,13444
15298,RDH5,,6813,6813
15299,AC040934.1,,24352,-1
15300,AC078993.1,,24353,-1
15301,AC010260.1,,24354,-1
15302,RUNDC3B,,3092,3092
15303,GBA,,13584,13584
15304,BABAM2,,9772,9772
15305,ZC3HAV1L,,8555,8555
15306,LIG3,,79,79
15307,AC012617.1,,24355,-1
15308,MX2,,14474,14474
15309,PBXIP1,,10535,10535
15310,AC008825.1,,24356,-1
15311,AC023157.3,,18866,-1
15312,PCYOX1L,,8435,8435
15313,FCHSD1,,16144,16144
15314,CUX1,,18022,18022
15315,AC138965.2,,24357,-1
15316,AC104446.1,,24358,-1
15317,AC078881.1,,24359,-1
15318,GABRB2,,8432,8432
15319,ZXDA,,16217,16217
15320,AHDC1,,5634,5634
15321,PTPN23,,1295,1295
15322,C9orf40,,6734,6734
15323,MSRA,,13298,13298
15324,ASS1P5,,24360,-1
15325,LRRC37A16P,,24361,-1
15326,TMEM97,,3510,3510
15327,MTCO3P19,,24362,-1
15328,UBA1,,6143,6143
15329,NARS,,6638,6638
15330,RP9P,,24363,-1
15331,AC022239.1,,24364,-1
15332,QRSL1,,6027,6027
15333,MTATP6P1,,24365,-1
15334,DDX19B,,9697,9697
15335,ETS2,,9722,9722
15336,GABPB1,,2782,2782
15337,CNOT6L,,7443,7443
15338,RIPK4,,14462,14462
15339,LANCL3,,8570,8570
15340,CAMK2N1,,10330,10330
15341,VAMP8,,4679,4679
15342,AL096855.1,,24366,-1
15343,C1orf147,,24367,-1
15344,KIAA1586,,11778,11778
15345,LINC01332,,24368,-1
15346,FO538757.1,,24369,-1
15347,PIP5K1C,,15008,15008
15348,AC009226.1,,24370,-1
15349,SNX6P1,,24371,-1
15350,CHUK,,17024,17024
15351,FGFR1,,1355,1355
15352,AC005798.1,,24372,-1
15353,ALDH9A1,,8009,8009
15354,FLNB-AS1,,24373,-1
15355,KTN1,,5646,5646
15356,P4HTM,,13709,13709
15357,CCDC194,,18200,18200
15358,PSG4,,17729,17729
15359,PDGFRA,,6707,6707
15360,FGF14,,2593,2593
15361,CASC15,,24374,-1
15362,IKZF5,,1973,1973
15363,AC015845.2,,24375,-1
15364,AC092994.1,,24376,-1
15365,AZIN1-AS1,,24377,-1
15366,CNIH2,,13134,13134
15367,IGDCC4,,2764,2764
15368,ACSL3,,5254,5254
15369,AC008406.1,,24378,-1
15370,PTMAP8,,24379,-1
15371,AL121832.2,,24380,-1
15372,CASP8,,842,842
15373,AF131216.4,,24381,-1
15374,STK38L,,16943,16943
15375,MIR193BHG,,24382,-1
15376,ZNF43,,16281,16281
15377,DEPDC1B,,506,506
15378,PITX1,,1032,1032
15379,USP30,,6747,6747
15380,METAP1D,,12801,12801
15381,CMBL,,10838,10838
15382,AC093627.5,,24383,-1
15383,NELFE,,16611,16611
15384,CNGB3,,12236,12236
15385,GIGYF1,,8548,8548
15386,BTBD10,,8798,8798
15387,SYNE4,,14113,14113
15388,HNRNPA0,,13609,13609
15389,AC009509.1,,24384,-1
15390,ABI3BP,,9358,9358
15391,AC146944.1,,24385,-1
15392,CHODL-AS1,,24386,-1
15393,LINC02392,,24387,-1
15394,SVIP,,16205,16205
15395,FO393401.1,,24388,-1
15396,AC013472.1,,24389,-1
15397,SUSD4,,8098,8098
15398,GPR107,,8734,8734
15399,ALG13,,2508,2508
15400,RN7SL174P,,24390,-1
15401,PCDHGA8,,17904,17904
15402,MKRN5P,,24391,-1
15403,CPLX2,,8443,8443
15404,TAF9B,,15240,15240
15405,SLC16A10,,3929,3929
15406,FO393415.3,,24392,-1
15407,SH2D4A,,2846,2846
15408,OTUD6B-AS1,,18781,-1
15409,LURAP1L-AS1,,24393,-1
15410,EFR3B,,1586,1586
15411,ISOC2,,831,831
15412,NELL1,,11255,11255
15413,C4orf48,,17738,17738
15414,ITSN1,,16860,16860
15415,FKBP9P1,,24394,-1
15416,AC017002.5,,24395,-1
15417,DYNLL2,,18126,18126
15418,MRPL27,,18989,-1
15419,RAB28,,9753,9753
15420,GLRA2,,2518,2518
15421,METRNL,,13453,13453
15422,AL359092.1,,24396,-1
15423,PARG,,17410,17410
15424,FAM83B,,11784,11784
15425,PCGF7P,,24397,-1
15426,TMPRSS15,,9408,9408
15427,ZNF564,,17836,17836
15428,RTCB,,2151,2151
15429,PTPDC1,,9779,9779
15430,AL136985.3,,24398,-1
15431,MRPL45P2,,24399,-1
15432,KCTD2,,14050,14050
15433,UGT1A1,,17688,17688
15434,RNPEPL1,,7918,7918
15435,AC006027.1,,24400,-1
15436,AC137932.3,,24401,-1
15437,DMBX1,,16053,16053
15438,LINC01715,,24402,-1
15439,LINC02582,,24403,-1
15440,AC027237.2,,24404,-1
15441,AC011473.3,,24405,-1
15442,TIMM29,,7924,7924
15443,RAD21L1,,17788,17788
15444,PLK3,,12980,12980
15445,COG6,,6457,6457
15446,NFATC4,,2337,2337
15447,ZMPSTE24,,1568,1568
15448,ISPD,,24406,-1
15449,AC024475.1,,24407,-1
15450,TRIM41,,8463,8463
15451,TMEM238,,17507,17507
15452,BAZ1A,,16305,16305
15453,RIBC2,,5807,5807
15454,MYO16,,560,560
15455,ZPR1,,3596,3596
15456,AC092809.2,,24408,-1
15457,LIME1,,16515,16515
15458,IGFBP4,,7871,7871
15459,ZNF462,,8700,8700
15460,ZNF208,,10061,10061
15461,AC010761.3,,24409,-1
15462,AC011912.1,,24410,-1
15463,THOC3,,677,677
15464,MRPL47,,18648,-1
15465,GRAMD1B,,411,411
15466,HDGF,,8049,8049
15467,ANKRD2,,11232,11232
15468,LINC02166,,24411,-1
15469,NCAM2,,9409,9409
15470,DACT2,,10909,10909
15471,LINC02031,,24412,-1
15472,RSU1,,8753,8753
