local_index,gene_symbol,ensembl_id,global_index,output_index
0,LINC01409,ENSG00000237491,18536,-1
1,LINC01128,ENSG00000228794,18537,-1
2,NOC2L,ENSG00000188976,15556,15556
3,KLHL17,ENSG00000187961,15352,15352
4,HES4,ENSG00000188290,15417,15417
5,ISG15,ENSG00000187608,15275,15275
6,SDF4,ENSG00000078808,1397,1397
7,B3GALT6,ENSG00000176022,13326,13326
8,UBE2J2,ENSG00000160087,10009,10009
9,ACAP3,ENSG00000131584,6230,6230
10,PUSL1,ENSG00000169972,12175,12175
11,INTS11,ENSG00000127054,5676,5676
12,DVL1,ENSG00000107404,3307,3307
13,MXRA8,ENSG00000162576,10335,10335
14,AURKAIP1,ENSG00000175756,13288,13288
15,CCNL2,ENSG00000221978,17322,17322
16,MRPL20-AS1,ENSG00000224870,18538,-1
17,MRPL20,ENSG00000242485,18539,-1
18,ATAD3B,ENSG00000160072,10007,10007
19,ATAD3A,ENSG00000197785,16101,16101
20,SSU72,ENSG00000160075,10008,10008
21,FNDC10,ENSG00000228594,17427,17427
22,MIB2,ENSG00000197530,16034,16034
23,CDK11B,ENSG00000248333,17813,17813
24,SLC35E2B,ENSG00000189339,15632,15632
25,CDK11A,ENSG00000008128,199,199
26,NADK,ENSG00000008130,200,200
27,GNB1,ENSG00000078369,1379,1379
28,FAAP20,ENSG00000162585,10336,10336
29,SKI,ENSG00000157933,9763,9763
30,RER1,ENSG00000157916,9761,9761
31,WRAP73,ENSG00000116213,4406,4406
32,SMIM1,ENSG00000235169,17543,17543
33,LRRC47,ENSG00000130764,6106,6106
34,CEP104,ENSG00000116198,4401,4401
35,DFFB,ENSG00000169598,12095,12095
36,C1orf174,ENSG00000198912,16438,16438
37,RPL22,ENSG00000116251,18540,-1
38,ICMT,ENSG00000116237,4408,4408
39,ACOT7,ENSG00000097021,2008,2008
40,NOL9,ENSG00000162408,10299,10299
41,ZBTB48,ENSG00000204859,16731,16731
42,KLHL21,ENSG00000162413,10301,10301
43,PHF13,ENSG00000116273,4412,4412
44,THAP3,ENSG00000041988,564,564
45,DNAJC11,ENSG00000007923,189,189
46,CAMTA1,ENSG00000171735,12561,12561
47,VAMP3,ENSG00000049245,639,639
48,PER3,ENSG00000049246,640,640
49,PARK7,ENSG00000116288,4414,4414
50,RERE,ENSG00000142599,7944,7944
51,ENO1,ENSG00000074800,1234,1234
52,SLC25A33,ENSG00000171612,12541,12541
53,PIK3CD-AS2,ENSG00000231789,18541,-1
54,CLSTN1,ENSG00000171603,12536,12536
55,CTNNBIP1,ENSG00000178585,13721,13721
56,LZIC,ENSG00000162441,10310,10310
57,NMNAT1,ENSG00000173614,12943,12943
58,UBE4B,ENSG00000130939,6134,6134
59,KIF1B,ENSG00000054523,710,710
60,PGD,ENSG00000142657,7956,7956
61,CENPS,ENSG00000175279,13213,13213
62,DFFA,ENSG00000160049,10001,10001
63,PEX14,ENSG00000142655,7955,7955
64,TARDBP,ENSG00000120948,4956,4956
65,SRM,ENSG00000116649,4440,4440
66,EXOSC10,ENSG00000171824,12585,12585
67,MTOR,ENSG00000198793,16371,16371
68,UBIAD1,ENSG00000120942,4955,4955
69,FBXO6,ENSG00000116663,4442,4442
70,MAD2L2,ENSG00000116670,4445,4445
71,AGTRAP,ENSG00000177674,13590,13590
72,MTHFR,ENSG00000177000,13483,13483
73,CLCN6,ENSG00000011021,271,271
74,KIAA2013,ENSG00000116685,4449,4449
75,PLOD1,ENSG00000083444,1545,1545
76,MFN2,ENSG00000116688,4450,4450
77,MIIP,ENSG00000116691,4452,4452
78,VPS13D,ENSG00000048707,630,630
79,DHRS3,ENSG00000162496,10319,10319
80,PRDM2,ENSG00000116731,4462,4462
81,EFHD2,ENSG00000142634,7954,7954
82,DNAJC16,ENSG00000116138,4392,4392
83,DDI2,ENSG00000197312,15983,15983
84,PLEKHM2,ENSG00000116786,4475,4475
85,UQCRHL,ENSG00000233954,17516,17516
86,AL450998.2,ENSG00000179743,18542,-1
87,SPEN,ENSG00000065526,904,904
88,ZBTB17,ENSG00000116809,4478,4478
89,FBXO42,ENSG00000037637,525,525
90,SZRD1,ENSG00000055070,723,723
91,NECAP2,ENSG00000157191,9679,9679
92,NBPF1,ENSG00000219481,17267,17267
93,ATP13A2,ENSG00000159363,9938,9938
94,SDHB,ENSG00000117118,4518,4518
95,RCC2,ENSG00000179051,13796,13796
96,UBR4,ENSG00000127481,5712,5712
97,EMC1,ENSG00000127463,5710,5710
98,MRTO4,ENSG00000053372,692,692
99,AKR7A2,ENSG00000053371,691,691
100,CAPZB,ENSG00000077549,1349,1349
101,MICOS10,ENSG00000173436,12905,12905
102,OTUD3,ENSG00000169914,12162,12162
103,CAMK2N1,ENSG00000162545,10330,10330
104,MUL1,ENSG00000090432,1819,1819
105,DDOST,ENSG00000244038,17765,17765
106,HP1BP3,ENSG00000127483,5713,5713
107,EIF4G3,ENSG00000075151,1247,1247
108,USP48,ENSG00000090686,1837,1837
109,HSPG2,ENSG00000142798,7975,7975
110,LINC00339,ENSG00000218510,18543,-1
111,CDC42,ENSG00000070831,18544,-1
112,ZBTB40,ENSG00000184677,14708,14708
113,KDM1A,ENSG00000004487,50,50
114,LUZP1,ENSG00000169641,12105,12105
115,HNRNPR,ENSG00000125944,5557,5557
116,E2F2,ENSG00000007968,193,193
117,RPL11,ENSG00000142676,18545,-1
118,ELOA-AS1,ENSG00000236810,18546,-1
119,ELOA,ENSG00000011007,269,269
120,PITHD1,ENSG00000057757,758,758
121,LYPLA2,ENSG00000011009,270,270
122,GALE,ENSG00000117308,4541,4541
123,HMGCL,ENSG00000117305,4540,4540
124,FUCA1,ENSG00000179163,13819,13819
125,PNRC2,ENSG00000189266,15617,15617
126,SRSF10,ENSG00000188529,15461,15461
127,NIPAL3,ENSG00000001461,11,11
128,SRRM1,ENSG00000133226,6479,6479
129,CLIC4,ENSG00000169504,12077,12077
130,SYF2,ENSG00000117614,4588,4588
131,RSRP1,ENSG00000117616,4589,4589
132,TMEM50A,ENSG00000183726,14526,14526
133,MACO1,ENSG00000204178,16567,16567
134,LDLRAP1,ENSG00000157978,9765,9765
135,MTFR1L,ENSG00000117640,4593,4593
136,AUNIP,ENSG00000127423,5707,5707
137,STMN1,ENSG00000117632,4592,4592
138,PDIK1L,ENSG00000175087,13176,13176
139,ZNF593,ENSG00000142684,7961,7961
140,CEP85,ENSG00000130695,6080,6080
141,SH3BGRL3,ENSG00000142669,7958,7958
142,DHDDS,ENSG00000117682,4596,4596
143,HMGN2,ENSG00000198830,18547,-1
144,RPS6KA1,ENSG00000117676,18548,-1
145,ARID1A,ENSG00000117713,4600,4600
146,ZDHHC18,ENSG00000204160,16561,16561
147,GPN2,ENSG00000142751,7970,7970
148,GPATCH3,ENSG00000198746,16353,16353
149,NUDC,ENSG00000090273,1812,1812
150,WDTC1,ENSG00000142784,7972,7972
151,TMEM222,ENSG00000186501,15091,15091
152,WASF2,ENSG00000158195,9795,9795
153,AHDC1,ENSG00000126705,5634,5634
154,FAM76A,ENSG00000009780,234,234
155,STX12,ENSG00000117758,4604,4604
156,PPP1R8,ENSG00000117751,4603,4603
157,THEMIS2,ENSG00000130775,6111,6111
158,RPA2,ENSG00000117748,4602,4602
159,EYA3,ENSG00000158161,9790,9790
160,DNAJC8,ENSG00000126698,5633,5633
161,ATP5IF1,ENSG00000130770,6109,6109
162,SESN2,ENSG00000130766,6107,6107
163,PHACTR4,ENSG00000204138,16558,16558
164,RCC1,ENSG00000180198,13955,13955
165,SNHG3,ENSG00000242125,18549,-1
166,TRNAU1AP,ENSG00000180098,13945,13945
167,SNHG12,ENSG00000197989,18550,-1
168,TAF12,ENSG00000120656,4907,4907
169,GMEB1,ENSG00000162419,10303,10303
170,YTHDF2,ENSG00000198492,16275,16275
171,EPB41,ENSG00000159023,9889,9889
172,SRSF4,ENSG00000116350,4418,4418
173,MECR,ENSG00000116353,4419,4419
174,LAPTM5,ENSG00000162511,10321,10321
175,PUM1,ENSG00000134644,6673,6673
176,SNRNP40,ENSG00000060688,796,796
177,ZCCHC17,ENSG00000121766,5025,5025
178,PEF1,ENSG00000162517,10323,10323
179,PTP4A2,ENSG00000184007,18551,-1
180,KHDRBS1,ENSG00000121774,5027,5027
181,TMEM39B,ENSG00000121775,5028,5028
182,KPNA6,ENSG00000025800,440,440
183,TXLNA,ENSG00000084652,1582,1582
184,CCDC28B,ENSG00000160050,10002,10002
185,EIF3I,ENSG00000084623,1579,1579
186,HDAC1,ENSG00000116478,4425,4425
187,MARCKSL1,ENSG00000175130,13184,13184
188,BSDC1,ENSG00000160058,10005,10005
189,ZBTB8A,ENSG00000160062,10006,10006
190,ZBTB8OS,ENSG00000176261,13371,13371
191,RBBP4,ENSG00000162521,10325,10325
192,SYNC,ENSG00000162520,10324,10324
193,KIAA1522,ENSG00000162522,10326,10326
194,YARS,ENSG00000134684,6675,6675
195,S100PBP,ENSG00000116497,4427,4427
196,TMEM54,ENSG00000121900,5041,5041
197,RNF19B,ENSG00000116514,4428,4428
198,AK2,ENSG00000004455,18552,-1
199,PHC2,ENSG00000134686,6676,6676
200,SMIM12,ENSG00000163866,10705,10705
201,TMEM35B,ENSG00000243749,17755,17755
202,ZMYM6,ENSG00000163867,10706,10706
203,ZMYM1,ENSG00000197056,15922,15922
204,SFPQ,ENSG00000116560,4433,4433
205,ZMYM4,ENSG00000146463,8518,8518
206,KIAA0319L,ENSG00000142687,7963,7963
207,NCDN,ENSG00000020129,386,386
208,PSMB2,ENSG00000126067,5580,5580
209,C1orf216,ENSG00000142686,7962,7962
210,CLSPN,ENSG00000092853,1926,1926
211,AGO4,ENSG00000134698,6679,6679
212,AGO1,ENSG00000092847,1924,1924
213,AGO3,ENSG00000126070,5581,5581
214,TEKT2,ENSG00000092850,1925,1925
215,ADPRHL2,ENSG00000116863,4486,4486
216,TRAPPC3,ENSG00000054116,700,700
217,MAP7D1,ENSG00000116871,4487,4487
218,THRAP3,ENSG00000054118,701,701
219,SH3D21,ENSG00000214193,17120,17120
220,EVA1B,ENSG00000142694,7964,7964
221,STK40,ENSG00000196182,15682,15682
222,LSM10,ENSG00000181817,14172,14172
223,MRPS15,ENSG00000116898,18553,-1
224,CSF3R,ENSG00000119535,4756,4756
225,MEAF6,ENSG00000163875,10711,10711
226,SNIP1,ENSG00000163877,10712,10712
227,GNL2,ENSG00000134697,6678,6678
228,C1orf109,ENSG00000116922,4494,4494
229,CDCA8,ENSG00000134690,6677,6677
230,MANEAL,ENSG00000185090,14792,14792
231,YRDC,ENSG00000196449,15766,15766
232,C1orf122,ENSG00000197982,16156,16156
233,MTF1,ENSG00000188786,15523,15523
234,INPP5B,ENSG00000204084,16548,16548
235,SF3A3,ENSG00000183431,14464,14464
236,FHL3,ENSG00000183386,14456,14456
237,UTP11,ENSG00000183520,14479,14479
238,RRAGC,ENSG00000116954,4495,4495
239,MYCBP,ENSG00000214114,17116,17116
240,AKIRIN1,ENSG00000174574,13090,13090
241,NDUFS5,ENSG00000168653,11892,11892
242,MACF1,ENSG00000127603,5732,5732
243,PABPC4,ENSG00000090621,1833,1833
244,PPIE,ENSG00000084072,1567,1567
245,TRIT1,ENSG00000043514,583,583
246,CAP1,ENSG00000131236,6189,6189
247,PPT1,ENSG00000131238,6190,6190
248,RLF,ENSG00000117000,4505,4505
249,AL050341.2,ENSG00000259943,18554,-1
250,ZMPSTE24,ENSG00000084073,1568,1568
251,SMAP2,ENSG00000084070,1566,1566
252,EXO5,ENSG00000164002,10746,10746
253,ZNF684,ENSG00000117010,4507,4507
254,NFYC,ENSG00000066136,934,934
255,CTPS1,ENSG00000171793,12574,12574
256,SCMH1,ENSG00000010803,265,265
257,HIVEP3,ENSG00000127124,5682,5682
258,FOXJ3,ENSG00000198815,16383,16383
259,PPCS,ENSG00000127125,5683,5683
260,PPIH,ENSG00000171960,12617,12617
261,YBX1,ENSG00000065978,925,925
262,P3H1,ENSG00000117385,4547,4547
263,C1orf50,ENSG00000164008,18555,-1
264,SVBP,ENSG00000177868,13618,13618
265,ERMAP,ENSG00000164010,10748,10748
266,SLC2A1,ENSG00000117394,4548,4548
267,EBNA1BP2,ENSG00000117395,4549,4549
268,CDC20,ENSG00000117399,4550,4550
269,ELOVL1,ENSG00000066322,940,940
270,MED8,ENSG00000159479,9953,9953
271,SZT2,ENSG00000198198,16215,16215
272,HYI,ENSG00000178922,13768,13768
273,PTPRF,ENSG00000142949,7985,7985
274,KDM4A,ENSG00000066135,933,933
275,KDM4A-AS1,ENSG00000236200,18556,-1
276,ST3GAL3,ENSG00000126091,5583,5583
277,IPO13,ENSG00000117408,4553,4553
278,DPH2,ENSG00000132768,6402,6402
279,ATP6V0B,ENSG00000117410,4554,4554
280,B4GALT2,ENSG00000117411,4555,4555
281,DMAP1,ENSG00000178028,13642,13642
282,ERI3,ENSG00000117419,4556,4556
283,RNF220,ENSG00000187147,15213,15213
284,KIF2C,ENSG00000142945,7984,7984
285,RPS8,ENSG00000142937,18557,-1
286,EIF2B3,ENSG00000070785,1097,1097
287,HECTD3,ENSG00000126107,5585,5585
288,UROD,ENSG00000126088,5582,5582
289,MUTYH,ENSG00000132781,6405,6405
290,TOE1,ENSG00000132773,6403,6403
291,PRDX1,ENSG00000117450,4559,4559
292,AKR1A1,ENSG00000117448,4558,4558
293,NASP,ENSG00000132780,6404,6404
294,GPBP1L1,ENSG00000159592,9961,9961
295,TMEM69,ENSG00000159596,9963,9963
296,IPP,ENSG00000197429,16011,16011
297,MAST2,ENSG00000086015,1629,1629
298,PIK3R3,ENSG00000117461,4560,4560
299,POMGNT1,ENSG00000085998,1627,1627
300,RAD54L,ENSG00000085999,1628,1628
301,LRRC41,ENSG00000132128,6294,6294
302,UQCRH,ENSG00000173660,12950,12950
303,NSUN4,ENSG00000117481,4566,4566
304,MKNK1,ENSG00000079277,1413,1413
305,ATPAF1,ENSG00000123472,5211,5211
306,EFCAB14,ENSG00000159658,9969,9969
307,TAL1,ENSG00000162367,10283,10283
308,STIL,ENSG00000123473,5212,5212
309,CMPK1,ENSG00000162368,10284,10284
310,FAF1,ENSG00000185104,14795,14795
311,CDKN2C,ENSG00000123080,5160,5160
312,RNF11,ENSG00000123091,5161,5161
313,EPS15,ENSG00000085832,1621,1621
314,OSBPL9,ENSG00000117859,4607,4607
315,NRDC,ENSG00000078618,1388,1388
316,TXNDC12,ENSG00000117862,4608,4608
317,KTI12,ENSG00000198841,16400,16400
318,BTF3L4,ENSG00000134717,6682,6682
319,ZFYVE9,ENSG00000157077,9664,9664
320,ORC1,ENSG00000085840,1622,1622
321,PRPF38A,ENSG00000134748,6684,6684
322,TUT4,ENSG00000134744,6683,6683
323,COA7,ENSG00000162377,10287,10287
324,ZYG11B,ENSG00000162378,10288,10288
325,ZYG11A,ENSG00000203995,16532,16532
326,SCP2,ENSG00000116171,4396,4396
327,CPT2,ENSG00000157184,9678,9678
328,CZIB,ENSG00000162384,10290,10290
329,MAGOH,ENSG00000162385,10291,10291
330,LRP8,ENSG00000157193,9680,9680
331,NDC1,ENSG00000058804,774,774
332,YIPF1,ENSG00000058799,773,773
333,HSPB11,ENSG00000081870,1503,1503
334,LRRC42,ENSG00000116212,4405,4405
335,TMEM59,ENSG00000116209,4404,4404
336,TCEANC2,ENSG00000116205,4403,4403
337,CYB5RL,ENSG00000215883,17244,17244
338,MRPL37,ENSG00000116221,18558,-1
339,SSBP3,ENSG00000157216,9684,9684
340,TTC4,ENSG00000243725,17753,17753
341,PARS2,ENSG00000162396,10294,10294
342,DHCR24,ENSG00000116133,4391,4391
343,USP24,ENSG00000162402,10297,10297
344,OMA1,ENSG00000162600,10343,10343
345,MYSM1,ENSG00000162601,10344,10344
346,JUN,ENSG00000177606,13580,13580
347,HOOK1,ENSG00000134709,6680,6680
348,NFIA,ENSG00000162599,10342,10342
349,TM2D1,ENSG00000162604,10345,10345
350,USP1,ENSG00000162607,10346,10346
351,DOCK7,ENSG00000116641,4439,4439
352,ATG4C,ENSG00000125703,5491,5491
353,ALG6,ENSG00000088035,1705,1705
354,ITGB3BP,ENSG00000142856,7976,7976
355,JAK1,ENSG00000162434,10307,10307
356,AK4,ENSG00000162433,10306,10306
357,DNAJC6,ENSG00000116675,4446,4446
358,LEPROT,ENSG00000213625,17054,17054
359,LEPR,ENSG00000116678,4447,4447
360,MIER1,ENSG00000198160,16203,16203
361,SLC35D1,ENSG00000116704,4456,4456
362,SERBP1,ENSG00000142864,7977,7977
363,GADD45A,ENSG00000116717,4458,4458
364,GNG12,ENSG00000172380,12709,12709
365,DEPDC1,ENSG00000024526,429,429
366,LRRC40,ENSG00000066557,949,949
367,SRSF11,ENSG00000116754,4469,4469
368,ANKRD13C,ENSG00000118454,4656,4656
369,HHLA3,ENSG00000197568,16047,16047
370,CTH,ENSG00000116761,4470,4470
371,ZRANB2,ENSG00000132485,6351,6351
372,CRYZ,ENSG00000116791,4476,4476
373,TYW3,ENSG00000162623,10353,10353
374,ACADM,ENSG00000117054,4512,4512
375,RABGGTB,ENSG00000137955,7286,7286
376,PIGK,ENSG00000142892,7981,7981
377,AC118549.1,ENSG00000036549,518,518
378,USP33,ENSG00000077254,1334,1334
379,MIGA1,ENSG00000180488,13999,13999
380,FUBP1,ENSG00000162613,10347,10347
381,DNAJB4,ENSG00000162616,10349,10349
382,AL359504.2,ENSG00000271576,18559,-1
383,RPF1,ENSG00000117133,4520,4520
384,GNG5,ENSG00000174021,13012,13012
385,CTBS,ENSG00000117151,4524,4524
386,SSX2IP,ENSG00000117155,4528,4528
387,SYDE2,ENSG00000097096,2011,2011
388,C1orf52,ENSG00000162642,10360,10360
389,BCL10,ENSG00000142867,7978,7978
390,ZNHIT6,ENSG00000117174,4529,4529
391,ODF2L,ENSG00000122417,5088,5088
392,CLCA1,ENSG00000016490,360,360
393,SH3GLB1,ENSG00000097033,2009,2009
394,SELENOF,ENSG00000183291,14438,14438
395,HS2ST1,ENSG00000153936,9323,9323
396,LMO4,ENSG00000143013,7991,7991
397,PKN2,ENSG00000065243,889,889
398,GTF2B,ENSG00000137947,7284,7284
399,KYAT3,ENSG00000137944,7283,7283
400,RBMXL1,ENSG00000213516,17043,17043
401,LRRC8B,ENSG00000197147,15949,15949
402,LRRC8C,ENSG00000171488,12508,12508
403,LRRC8D,ENSG00000171492,12511,12511
404,ZNF326,ENSG00000162664,10365,10365
405,LINC02609,ENSG00000233593,18560,-1
406,ZNF644,ENSG00000122482,5094,5094
407,CDC7,ENSG00000097046,2010,2010
408,TGFBR3,ENSG00000069702,1051,1051
409,GLMN,ENSG00000174842,13131,13131
410,RPAP2,ENSG00000122484,5096,5096
411,EVI5,ENSG00000067208,975,975
412,RPL5,ENSG00000122406,18561,-1
413,MTF2,ENSG00000143033,7994,7994
414,TMED5,ENSG00000117500,4567,4567
415,CCDC18,ENSG00000122483,5095,5095
416,CCDC18-AS1,ENSG00000223745,18562,-1
417,DR1,ENSG00000117505,4569,4569
418,FNBP1L,ENSG00000137942,7282,7282
419,DNTTIP2,ENSG00000067334,979,979
420,GCLM,ENSG00000023909,426,426
421,ABCD3,ENSG00000117528,4573,4573
422,ALG14,ENSG00000172339,12693,12693
423,RWDD3,ENSG00000122481,5093,5093
424,PTBP2,ENSG00000117569,4577,4577
425,FRRS1,ENSG00000156869,9637,9637
426,AGL,ENSG00000162688,10370,10370
427,SLC35A3,ENSG00000117620,4590,4590
428,MFSD14A,ENSG00000156875,9639,9639
429,SASS6,ENSG00000156876,9640,9640
430,TRMT13,ENSG00000122435,5091,5091
431,DBT,ENSG00000137992,7294,7294
432,RTCA,ENSG00000137996,7295,7295
433,CDC14A,ENSG00000079335,1417,1417
434,EXTL2,ENSG00000162694,10372,10372
435,SLC30A7,ENSG00000162695,10373,10373
436,DPH5,ENSG00000117543,4575,4575
437,AC093157.1,ENSG00000233184,18563,-1
438,RNPC3,ENSG00000185946,14968,14968
439,PRMT6,ENSG00000198890,16428,16428
440,SLC25A24,ENSG00000085491,1607,1607
441,FAM102B,ENSG00000162636,10358,10358
442,PRPF38B,ENSG00000134186,6587,6587
443,STXBP3,ENSG00000116266,4411,4411
444,GPSM2,ENSG00000121957,5048,5048
445,CLCC1,ENSG00000121940,5047,5047
446,TAF13,ENSG00000197780,16099,16099
447,TMEM167B,ENSG00000215717,17237,17237
448,SARS,ENSG00000031698,478,478
449,PSRC1,ENSG00000134222,6595,6595
450,SORT1,ENSG00000134243,6598,6598
451,PSMA5,ENSG00000143106,8001,8001
452,GNAI3,ENSG00000065135,885,885
453,GSTM4,ENSG00000168765,11912,11912
454,GSTM3,ENSG00000134202,6591,6591
455,AHCYL1,ENSG00000168710,11904,11904
456,STRIP1,ENSG00000143093,7999,7999
457,RBM15,ENSG00000162775,10401,10401
458,LAMTOR5,ENSG00000134248,6601,6601
459,CD53,ENSG00000143119,8004,8004
460,LRIF1,ENSG00000121931,5045,5045
461,DRAM2,ENSG00000156171,9562,9562
462,CEPT1,ENSG00000134255,6605,6605
463,DENND2D,ENSG00000162777,10402,10402
464,CHI3L2,ENSG00000064886,873,873
465,WDR77,ENSG00000116455,4422,4422
466,ATP5PB,ENSG00000116459,4423,4423
467,RAP1A,ENSG00000116473,4424,4424
468,DDX20,ENSG00000064703,869,869
469,ST7L,ENSG00000007341,176,176
470,CAPZA1,ENSG00000116489,4426,4426
471,MOV10,ENSG00000155363,9477,9477
472,RHOC,ENSG00000155366,9478,9478
473,SLC16A1,ENSG00000155380,9481,9481
474,SLC16A1-AS1,ENSG00000226419,18564,-1
475,LRIG2,ENSG00000198799,16377,16377
476,MAGI3,ENSG00000081026,1475,1475
477,PHTF1,ENSG00000116793,4477,4477
478,RSBN1,ENSG00000081019,1474,1474
479,PTPN22,ENSG00000134242,6597,6597
480,HIPK1,ENSG00000163349,10538,10538
481,TRIM33,ENSG00000197323,15985,15985
482,BCAS2,ENSG00000116752,4468,4468
483,NRAS,ENSG00000213281,17020,17020
484,CSDE1,ENSG00000009307,227,227
485,SIKE1,ENSG00000052723,682,682
486,ATP1A1,ENSG00000163399,10553,10553
487,CD58,ENSG00000116815,4479,4479
488,TTF2,ENSG00000116830,4482,4482
489,MAN1A2,ENSG00000198162,16204,16204
490,GDAP2,ENSG00000196505,15785,15785
491,WDR3,ENSG00000065183,888,888
492,WARS2,ENSG00000116874,4488,4488
493,PHGDH,ENSG00000092621,1920,1920
494,SEC22B,ENSG00000265808,18136,18136
495,LINC00623,ENSG00000226067,18565,-1
496,SRGAP2C,ENSG00000171943,12611,12611
497,LINC02802,ENSG00000232527,18566,-1
498,GPR89A,ENSG00000117262,4535,4535
499,RNF115,ENSG00000265491,18134,18134
500,POLR3C,ENSG00000186141,15016,15016
501,PEX11B,ENSG00000131779,6254,6254
502,RBM8A,ENSG00000265241,18132,18132
503,LIX1L,ENSG00000271601,18221,18221
504,POLR3GL,ENSG00000121851,5031,5031
505,TXNIP,ENSG00000265972,18138,18138
506,PRKAB2,ENSG00000131791,6257,6257
507,LINC02805,ENSG00000232265,18567,-1
508,PDE4DIP,ENSG00000178104,13655,13655
509,AC245297.3,ENSG00000274265,18568,-1
510,HIST2H2AC,ENSG00000184260,18569,-1
511,SF3B4,ENSG00000143368,8062,8062
512,OTUD7B,ENSG00000264522,18128,18128
513,VPS45,ENSG00000136631,7031,7031
514,PLEKHO1,ENSG00000023902,425,425
515,ANP32E,ENSG00000143401,8075,8075
516,APH1A,ENSG00000117362,4546,4546
517,MRPS21,ENSG00000266472,18570,-1
518,PRPF3,ENSG00000117360,4545,4545
519,RPRD2,ENSG00000163125,10484,10484
520,TARS2,ENSG00000143374,8065,8065
521,ADAMTSL4,ENSG00000143382,8069,8069
522,MCL1,ENSG00000143384,8070,8070
523,ENSA,ENSG00000143420,8080,8080
524,GOLPH3L,ENSG00000143457,8087,8087
525,CTSS,ENSG00000163131,10486,10486
526,ARNT,ENSG00000143437,8082,8082
527,SETDB1,ENSG00000143379,8068,8068
528,CERS2,ENSG00000143418,8079,8079
529,PRUNE1,ENSG00000143363,8059,8059
530,C1orf56,ENSG00000143443,8084,8084
531,CDC42SE1,ENSG00000197622,16063,16063
532,MLLT11,ENSG00000213190,17009,17009
533,SCNM1,ENSG00000163156,10493,10493
534,VPS72,ENSG00000163159,10495,10495
535,PIP5K1A,ENSG00000143398,8074,8074
536,PSMD4,ENSG00000159352,9937,9937
537,PI4KB,ENSG00000143393,8073,8073
538,RFX5,ENSG00000143390,8072,8072
539,PSMB4,ENSG00000159377,9940,9940
540,POGZ,ENSG00000143442,8083,8083
541,SNX27,ENSG00000143376,8067,8067
542,MRPL9,ENSG00000143436,18571,-1
543,THEM4,ENSG00000159445,9949,9949
544,S100A10,ENSG00000197747,16088,16088
545,S100A11,ENSG00000163191,10501,10501
546,S100A4,ENSG00000196154,15674,15674
547,S100A13,ENSG00000189171,15603,15603
548,CHTOP,ENSG00000160679,10098,10098
549,SNAPIN,ENSG00000143553,8110,8110
550,ILF2,ENSG00000143621,8122,8122
551,INTS3,ENSG00000143624,8124,8124
552,GATAD2B,ENSG00000143614,8121,8121
553,DENND4B,ENSG00000198837,16396,16396
554,SLC39A1,ENSG00000143570,8114,8114
555,JTB,ENSG00000143543,8106,8106
556,RPS27,ENSG00000177954,18572,-1
557,TPM3,ENSG00000143549,18573,-1
558,C1orf43,ENSG00000143612,8120,8120
559,UBAP2L,ENSG00000143569,8113,8113
560,HAX1,ENSG00000143575,8115,8115
561,ATP8B2,ENSG00000143515,8102,8102
562,UBE2Q1,ENSG00000160714,10107,10107
563,ADAR,ENSG00000160710,10105,10105
564,PMVK,ENSG00000163344,10534,10534
565,PYGO2,ENSG00000163348,10537,10537
566,SHC1,ENSG00000160691,10102,10102
567,CKS1B,ENSG00000173207,12857,12857
568,FLAD1,ENSG00000160688,10101,10101
569,ADAM15,ENSG00000143537,8105,8105
570,SLC50A1,ENSG00000169241,12025,12025
571,DPM3,ENSG00000179085,13803,13803
572,KRTCAP2,ENSG00000163463,10567,10567
573,MTX1,ENSG00000173171,12852,12852
574,GBA,ENSG00000177628,13584,13584
575,FAM189B,ENSG00000160767,10113,10113
576,SCAMP3,ENSG00000116521,4429,4429
577,CLK2,ENSG00000176444,13399,13399
578,FDPS,ENSG00000160752,10111,10111
579,RUSC1,ENSG00000160753,10112,10112
580,ASH1L,ENSG00000116539,4431,4431
581,ASH1L-AS1,ENSG00000235919,18574,-1
582,MSTO1,ENSG00000125459,5457,5457
583,YY1AP1,ENSG00000163374,10544,10544
584,DAP3,ENSG00000132676,6384,6384
585,GON4L,ENSG00000116580,4435,4435
586,RIT1,ENSG00000143622,8123,8123
587,KHDC4,ENSG00000132680,6386,6386
588,ARHGEF2,ENSG00000116584,4436,4436
589,SSR2,ENSG00000163479,10573,10573
590,UBQLN4,ENSG00000160803,10122,10122
591,LAMTOR2,ENSG00000116586,4437,4437
592,MEX3A,ENSG00000254726,17932,17932
593,LMNA,ENSG00000160789,10117,10117
594,SLC25A44,ENSG00000160785,10116,10116
595,PMF1,ENSG00000160783,10115,10115
596,SMG5,ENSG00000198952,16460,16460
597,GLMP,ENSG00000198715,16335,16335
598,CCT3,ENSG00000163468,10571,10571
599,C1orf61,ENSG00000125462,5458,5458
600,NAXE,ENSG00000163382,10548,10548
601,GPATCH4,ENSG00000160818,10125,10125
602,NES,ENSG00000132688,6388,6388
603,ISG20L2,ENSG00000143319,8047,8047
604,RRNAD1,ENSG00000143303,8044,8044
605,MRPL24,ENSG00000143314,18575,-1
606,HDGF,ENSG00000143321,8049,8049
607,PRCC,ENSG00000143294,8042,8042
608,NTRK1,ENSG00000198400,16255,16255
609,LINC02772,ENSG00000271736,18576,-1
610,DUSP23,ENSG00000158716,9855,9855
611,TAGLN2,ENSG00000158710,9851,9851
612,PIGM,ENSG00000143315,8045,8045
613,PEA15,ENSG00000162734,10385,10385
614,DCAF8,ENSG00000132716,6396,6396
615,PEX19,ENSG00000162735,10386,10386
616,COPA,ENSG00000122218,5073,5073
617,NCSTN,ENSG00000162736,10387,10387
618,F11R,ENSG00000158769,9860,9860
619,PFDN2,ENSG00000143256,8038,8038
620,NIT1,ENSG00000158793,9864,9864
621,DEDD,ENSG00000158796,9865,9865
622,UFC1,ENSG00000143222,8032,8032
623,PPOX,ENSG00000143224,8033,8033
624,B4GALT3,ENSG00000158850,9873,9873
625,NDUFS2,ENSG00000158864,9877,9877
626,FCER1G,ENSG00000158869,9879,9879
627,TOMM40L,ENSG00000158882,9881,9881
628,SDHC,ENSG00000143252,8037,8037
629,FCGR2A,ENSG00000143226,8034,8034
630,DUSP12,ENSG00000081721,1495,1495
631,ATF6,ENSG00000118217,4632,4632
632,UHMK1,ENSG00000152332,9153,9153
633,UAP1,ENSG00000117143,4522,4522
634,HSD17B7,ENSG00000132196,6302,6302
635,NUF2,ENSG00000143228,8035,8035
636,MGST3,ENSG00000143198,8028,8028
637,ALDH9A1,ENSG00000143149,8009,8009
638,TMCO1,ENSG00000143183,8021,8021
639,UCK2,ENSG00000143179,8020,8020
640,POGK,ENSG00000143157,8013,8013
641,TADA1,ENSG00000152382,9158,9158
642,POU2F1,ENSG00000143190,8024,8024
643,CREG1,ENSG00000143162,8015,8015
644,RCSD1,ENSG00000198771,16362,16362
645,MPZL1,ENSG00000197965,16150,16150
646,MPC2,ENSG00000143158,8014,8014
647,DCAF6,ENSG00000143164,8016,8016
648,TIPRL,ENSG00000143155,8011,8011
649,SFT2D2,ENSG00000213064,16996,16996
650,TBX19,ENSG00000143178,8019,8019
651,NME7,ENSG00000143156,8012,8012
652,BLZF1,ENSG00000117475,4562,4562
653,C1orf112,ENSG00000000460,4,4
654,METTL18,ENSG00000171806,12578,12578
655,SCYL3,ENSG00000000457,3,3
656,KIFAP3,ENSG00000075945,1288,1288
657,PRRC2C,ENSG00000117523,4571,4571
658,VAMP4,ENSG00000117533,4574,4574
659,EEF1AKNMT,ENSG00000010165,243,243
660,PIGC,ENSG00000135845,6891,6891
661,SUCO,ENSG00000094975,1952,1952
662,PRDX6,ENSG00000117592,4579,4579
663,KLHL20,ENSG00000076321,1299,1299
664,CENPL,ENSG00000120334,4882,4882
665,DARS2,ENSG00000117593,4580,4580
666,GAS5,ENSG00000234741,18577,-1
667,ZBTB37,ENSG00000185278,14833,14833
668,RC3H1,ENSG00000135870,6893,6893
669,RABGAP1L,ENSG00000152061,9116,9116
670,CACYBP,ENSG00000116161,18578,-1
671,MRPS14,ENSG00000120333,18579,-1
672,COP1,ENSG00000143207,8030,8030
673,RALGPS2,ENSG00000116191,4399,4399
674,FAM20B,ENSG00000116199,4402,4402
675,TOR3A,ENSG00000186283,15044,15044
676,ABL2,ENSG00000143322,8050,8050
677,SOAT1,ENSG00000057252,750,750
678,TOR1AIP2,ENSG00000169905,12159,12159
679,TOR1AIP1,ENSG00000143337,8053,8053
680,CEP350,ENSG00000135837,6888,6888
681,ACBD6,ENSG00000230124,17452,17452
682,XPR1,ENSG00000143324,8051,8051
683,STX6,ENSG00000135823,6883,6883
684,MR1,ENSG00000153029,18580,-1
685,IER5,ENSG00000162783,10405,10405
686,GLUL,ENSG00000135821,6882,6882
687,RGS16,ENSG00000143333,8052,8052
688,NPL,ENSG00000135838,6889,6889
689,DHX9,ENSG00000135829,6886,6886
690,SMG7,ENSG00000116698,4453,4453
691,ARPC5,ENSG00000162704,10375,10375
692,COLGALT2,ENSG00000198756,16356,16356
693,TSEN15,ENSG00000198860,16412,16412
694,EDEM3,ENSG00000116406,4421,4421
695,RNF2,ENSG00000121481,5001,5001
696,TRMT1L,ENSG00000121486,5002,5002
697,IVNS1ABP,ENSG00000116679,4448,4448
698,TPR,ENSG00000047410,605,605
699,ODR4,ENSG00000157181,9677,9677
700,ERVMER61-1,ENSG00000230426,18581,-1
701,UCHL5,ENSG00000116750,4467,4467
702,RO60,ENSG00000116747,4465,4465
703,GLRX2,ENSG00000023572,419,419
704,CDC73,ENSG00000134371,6632,6632
705,ASPM,ENSG00000066279,938,938
706,ZBTB41,ENSG00000177888,13623,13623
707,DENND1B,ENSG00000213047,16995,16995
708,NEK7,ENSG00000151414,9034,9034
709,ZNF281,ENSG00000162702,10374,10374
710,KIF14,ENSG00000118193,4628,4628
711,DDX59,ENSG00000118197,4630,4630
712,CAMSAP2,ENSG00000118200,4631,4631
713,TMEM9,ENSG00000116857,4485,4485
714,NAV1,ENSG00000134369,6631,6631
715,IPO9,ENSG00000198700,16331,16331
716,TIMM17A,ENSG00000134375,6633,6633
717,RNPEP,ENSG00000176393,13387,13387
718,ARL8A,ENSG00000143862,8165,8165
719,PTPN7,ENSG00000143851,8163,8163
720,UBE2T,ENSG00000077152,1329,1329
721,PPP1R12B,ENSG00000077157,1330,1330
722,KDM5B,ENSG00000117139,4521,4521
723,RABIF,ENSG00000183155,14417,14417
724,KLHL12,ENSG00000117153,4526,4526
725,ADIPOR1,ENSG00000159346,9935,9935
726,CYB5R1,ENSG00000159348,9936,9936
727,TMEM183A,ENSG00000163444,10563,10563
728,BTG2,ENSG00000159388,9942,9942
729,SNRPE,ENSG00000182004,14197,14197
730,PPP1R15B,ENSG00000158615,9844,9844
731,MDM4,ENSG00000198625,16309,16309
732,RBBP5,ENSG00000117222,4531,4531
733,DSTYK,ENSG00000133059,6450,6450
734,ELK4,ENSG00000158711,9852,9852
735,NUCKS1,ENSG00000069275,1039,1039
736,RAB29,ENSG00000117280,4537,4537
737,SRGAP2,ENSG00000266028,18139,18139
738,RASSF5,ENSG00000266094,18141,18141
739,EIF2D,ENSG00000143486,8093,8093
740,DYRK3,ENSG00000143479,8092,8092
741,MAPKAPK2,ENSG00000162889,10424,10424
742,YOD1,ENSG00000180667,14017,14017
743,CD55,ENSG00000196352,15728,15728
744,CR1L,ENSG00000197721,16083,16083
745,CD46,ENSG00000117335,4544,4544
746,UTP25,ENSG00000117597,4583,4583
747,RCOR3,ENSG00000117625,4591,4591
748,TRAF5,ENSG00000082512,1525,1525
749,LINC00467,ENSG00000153363,18582,-1
750,SLC30A1,ENSG00000170385,12262,12262
751,NEK2,ENSG00000117650,4595,4595
752,LPGAT1,ENSG00000123684,5236,5236
753,INTS7,ENSG00000143493,8094,8094
754,DTL,ENSG00000143476,8091,8091
755,PPP2R5A,ENSG00000066027,927,927
756,PACC1,ENSG00000065600,908,908
757,NENF,ENSG00000117691,4597,4597
758,ATF3,ENSG00000162772,10400,10400
759,NSL1,ENSG00000117697,4598,4598
760,TATDN3,ENSG00000203705,16480,16480
761,FLVCR1-DT,ENSG00000198468,18583,-1
762,FLVCR1,ENSG00000162769,10398,10398
763,ANGEL2,ENSG00000174606,13096,13096
764,RPS6KC1,ENSG00000136643,18584,-1
765,SMYD2,ENSG00000143499,8097,8097
766,CENPF,ENSG00000117724,4601,4601
767,KCTD3,ENSG00000136636,7033,7033
768,GPATCH2,ENSG00000092978,1932,1932
769,RRP15,ENSG00000067533,983,983
770,LYPLAL1,ENSG00000143353,8057,8057
771,EPRS,ENSG00000136628,7029,7029
772,BPNT1,ENSG00000162813,10407,10407
773,IARS2,ENSG00000067704,988,988
774,RAB3GAP2,ENSG00000118873,4696,4696
775,TAF1A,ENSG00000143498,8096,8096
776,MIA3,ENSG00000154305,9373,9373
777,AIDA,ENSG00000186063,14995,14995
778,BROX,ENSG00000162819,10410,10410
779,CAPN2,ENSG00000162909,10430,10430
780,TP53BP2,ENSG00000143514,8101,8101
781,FBXO28,ENSG00000143756,8142,8142
782,DEGS1,ENSG00000143753,8141,8141
783,NVL,ENSG00000143748,8139,8139
784,CNIH4,ENSG00000143771,8145,8145
785,WDR26,ENSG00000162923,10431,10431
786,DNAH14,ENSG00000185842,14945,14945
787,LBR,ENSG00000143815,8155,8155
788,SRP9,ENSG00000143742,8138,8138
789,EPHX1,ENSG00000143819,8157,8157
790,TMEM63A,ENSG00000196187,15684,15684
791,PYCR2,ENSG00000143811,8154,8154
792,SDE2,ENSG00000143751,8140,8140
793,H3F3A,ENSG00000163041,10464,10464
794,ACBD3,ENSG00000182827,14349,14349
795,LIN9,ENSG00000183814,14553,14553
796,PARP1,ENSG00000143799,8152,8152
797,COQ8A,ENSG00000163050,10466,10466
798,CDC42BPA,ENSG00000143776,8148,8148
799,ZNF678,ENSG00000181450,14121,14121
800,SNAP47,ENSG00000143740,8137,8137
801,JMJD4,ENSG00000081692,1494,1494
802,ARF1,ENSG00000143761,8143,8143
803,C1orf35,ENSG00000143793,8150,8150
804,MRPL55,ENSG00000162910,18585,-1
805,GUK1,ENSG00000143774,8147,8147
806,IBA57,ENSG00000181873,14180,14180
807,OBSCN,ENSG00000154358,9380,9380
808,TRIM11,ENSG00000154370,9382,9382
809,HIST3H2A,ENSG00000181218,14095,14095
810,RNF187,ENSG00000168159,11788,11788
811,AL162595.1,ENSG00000177788,18586,-1
812,RAB4A,ENSG00000168118,11779,11779
813,CCSAP,ENSG00000154429,9385,9385
814,NUP133,ENSG00000069248,1038,1038
815,ABCB10,ENSG00000135776,6879,6879
816,TAF5L,ENSG00000135801,6881,6881
817,URB2,ENSG00000135763,6875,6875
818,GALNT2,ENSG00000143641,8130,8130
819,COG2,ENSG00000135775,6878,6878
820,ARV1,ENSG00000173409,12900,12900
821,FAM89A,ENSG00000182118,14216,14216
822,C1orf131,ENSG00000143633,8129,8129
823,GNPAT,ENSG00000116906,4492,4492
824,EXOC8,ENSG00000116903,4491,4491
825,SPRTN,ENSG00000010072,242,242
826,EGLN1,ENSG00000135766,6876,6876
827,AL445524.1,ENSG00000233461,18587,-1
828,TSNAX,ENSG00000116918,4493,4493
829,NTPCR,ENSG00000135778,6880,6880
830,COA6,ENSG00000168275,11808,11808
831,TARBP1,ENSG00000059588,779,779
832,IRF2BP2,ENSG00000168264,11803,11803
833,TOMM20,ENSG00000173726,12964,12964
834,ARID4B,ENSG00000054267,705,705
835,GGPS1,ENSG00000152904,9219,9219
836,TBCE_ENSG00000285053,ENSG00000285053,18588,-1
837,TBCE_ENSG00000284770,ENSG00000284770,18589,-1
838,B3GALNT2,ENSG00000162885,10423,10423
839,LGALS8,ENSG00000116977,4497,4497
840,HEATR1,ENSG00000119285,4727,4727
841,MTR,ENSG00000116984,4500,4500
842,FH,ENSG00000091483,1870,1870
843,CHML,ENSG00000203668,16476,16476
844,EXO1,ENSG00000174371,13059,13059
845,CEP170,ENSG00000143702,8135,8135
846,SDCCAG8,ENSG00000054282,707,707
847,ADSS,ENSG00000035687,509,509
848,DESI2,ENSG00000121644,5012,5012
849,COX20,ENSG00000203667,16475,16475
850,HNRNPU,ENSG00000153187,9258,9258
851,EFCAB2,ENSG00000203666,16474,16474
852,SMYD3,ENSG00000185420,14858,14858
853,TFB2M,ENSG00000162851,10415,10415
854,CNST,ENSG00000162852,10416,10416
855,SCCPDH,ENSG00000143653,8132,8132
856,AHCTF1,ENSG00000153207,9259,9259
857,ZNF695,ENSG00000197472,16025,16025
858,ZNF670,ENSG00000277462,18347,18347
859,ZNF669,ENSG00000188295,15419,15419
860,ZNF124,ENSG00000196418,15754,15754
861,AL390728.6,ENSG00000259865,18590,-1
862,ZNF496,ENSG00000162714,10378,10378
863,TRIM58,ENSG00000162722,10379,10379
864,SH3BP5L,ENSG00000175137,13185,13185
865,ZNF672,ENSG00000171161,12435,12435
866,ZNF692,ENSG00000171163,12436,12436
867,PGBD2,ENSG00000185220,14816,14816
868,ACP1,ENSG00000143727,8136,8136
869,TMEM18,ENSG00000151353,9025,9025
870,EIPR1,ENSG00000032389,481,481
871,TRAPPC12,ENSG00000171853,12591,12591
872,ADI1,ENSG00000182551,14298,14298
873,RNASEH1,ENSG00000171865,12597,12597
874,RNASEH1-AS1,ENSG00000234171,18591,-1
875,RPS7,ENSG00000171863,18592,-1
876,CMPK2,ENSG00000134326,6624,6624
877,RNF144A-AS1,ENSG00000228203,18593,-1
878,RNF144A,ENSG00000151692,9074,9074
879,KIDINS220,ENSG00000134313,6618,6618
880,ITGB1BP1,ENSG00000119185,4720,4720
881,CPSF3,ENSG00000119203,4721,4721
882,ADAM17,ENSG00000151694,9076,9076
883,YWHAQ,ENSG00000134308,6617,6617
884,TAF1B,ENSG00000115750,4336,4336
885,KLF11,ENSG00000172059,12638,12638
886,RRM2,ENSG00000171848,12590,12590
887,HPCAL1,ENSG00000115756,4337,4337
888,ODC1,ENSG00000115758,4338,4338
889,NOL10,ENSG00000115761,4340,4340
890,PDIA6,ENSG00000143870,8168,8168
891,SLC66A3,ENSG00000162976,10446,10446
892,ROCK2,ENSG00000134318,6620,6620
893,E2F6,ENSG00000169016,11970,11970
894,LPIN1,ENSG00000134324,6623,6623
895,TRIB2,ENSG00000071575,1121,1121
896,NBAS,ENSG00000151779,9089,9089
897,DDX1,ENSG00000079785,1432,1432
898,SMC6,ENSG00000163029,10461,10461
899,GEN1,ENSG00000178295,13685,13685
900,RDH14,ENSG00000240857,17662,17662
901,TTC32,ENSG00000183891,14570,14570
902,WDR35,ENSG00000118965,4705,4705
903,LAPTM4A,ENSG00000068697,1019,1019
904,PUM2,ENSG00000055917,735,735
905,RHOB,ENSG00000143878,8169,8169
906,LDAH,ENSG00000118961,4704,4704
907,ATAD2B,ENSG00000119778,4800,4800
908,UBXN2A,ENSG00000173960,13001,13001
909,WDCP,ENSG00000163026,10460,10460
910,SF3B6,ENSG00000115128,4227,4227
911,TP53I3,ENSG00000115129,4228,4228
912,ITSN2,ENSG00000198399,16254,16254
913,NCOA1,ENSG00000084676,1584,1584
914,PTRHD1,ENSG00000184924,14748,14748
915,CENPO,ENSG00000138092,7320,7320
916,DNMT3A,ENSG00000119772,4798,4798
917,ASXL2,ENSG00000143970,8181,8181
918,RAB10,ENSG00000084733,1588,1588
919,HADHA,ENSG00000084754,1590,1590
920,HADHB,ENSG00000138029,7299,7299
921,SELENOI,ENSG00000138018,7297,7297
922,SLC35F6,ENSG00000213699,17063,17063
923,CENPA,ENSG00000115163,4234,4234
924,TMEM214,ENSG00000119777,4799,4799
925,AGBL5,ENSG00000084693,1585,1585
926,OST4,ENSG00000228474,17423,17423
927,KHK,ENSG00000138030,7300,7300
928,PREB,ENSG00000138073,7311,7311
929,SLC5A6,ENSG00000138074,7312,7312
930,ATRAID,ENSG00000138085,7319,7319
931,CAD,ENSG00000084774,1592,1592
932,MPV17,ENSG00000115204,4239,4239
933,GTF3C2,ENSG00000115207,4240,4240
934,EIF2B4,ENSG00000115211,4241,4241
935,SNX17,ENSG00000115234,4247,4247
936,PPM1G,ENSG00000115241,4249,4249
937,NRBP1,ENSG00000115216,4242,4242
938,ZNF512,ENSG00000243943,17758,17758
939,GPN1,ENSG00000198522,16282,16282
940,SUPT7L,ENSG00000119760,4796,4796
941,SLC4A1AP,ENSG00000163798,10684,10684
942,MRPL33,ENSG00000243147,18594,-1
943,BABAM2,ENSG00000158019,9772,9772
944,PPP1CB,ENSG00000213639,17057,17057
945,TRMT61B,ENSG00000171103,12417,12417
946,WDR43,ENSG00000163811,10690,10690
947,YPEL5,ENSG00000119801,4803,4803
948,LCLAT1,ENSG00000172954,12816,12816
949,MEMO1,ENSG00000162959,10441,10441
950,DPY30,ENSG00000162961,10442,10442
951,SPAST,ENSG00000021574,397,397
952,SLC30A6,ENSG00000152683,9199,9199
953,YIPF4,ENSG00000119820,4805,4805
954,BIRC6,ENSG00000115760,4339,4339
955,TTC27,ENSG00000018699,374,374
956,LTBP1,ENSG00000049323,644,644
957,FAM98A,ENSG00000119812,4804,4804
958,CRIM1,ENSG00000150938,8978,8978
959,FEZ2,ENSG00000171055,12409,12409
960,STRN,ENSG00000115808,4343,4343
961,HEATR5B,ENSG00000008869,225,225
962,GPATCH11,ENSG00000152133,9127,9127
963,EIF2AK2,ENSG00000055332,730,730
964,CEBPZOS,ENSG00000218739,17259,17259
965,CEBPZ,ENSG00000115816,4344,4344
966,NDUFAF7,ENSG00000003509,40,40
967,PRKD3,ENSG00000115825,4345,4345
968,ATL2,ENSG00000119787,4802,4802
969,HNRNPLL,ENSG00000143889,8171,8171
970,GALM,ENSG00000143891,8172,8172
971,SRSF7,ENSG00000115875,4354,4354
972,GEMIN6,ENSG00000152147,9129,9129
973,DHX57,ENSG00000163214,10506,10506
974,MORN2,ENSG00000188010,15360,15360
975,SOS1,ENSG00000115904,4358,4358
976,MAP4K3,ENSG00000011566,297,297
977,MAP4K3-DT,ENSG00000231312,18595,-1
978,THUMPD2,ENSG00000138050,7306,7306
979,EML4,ENSG00000143924,8175,8175
980,COX7A2L,ENSG00000115944,4362,4362
981,MTA3,ENSG00000057935,759,759
982,ZFP36L2,ENSG00000152518,9180,9180
983,THADA,ENSG00000115970,4368,4368
984,DYNC2LI1,ENSG00000138036,7304,7304
985,LRPPRC,ENSG00000138095,7321,7321
986,PPM1B,ENSG00000138032,7302,7302
987,PREPL,ENSG00000138078,7314,7314
988,CAMKMT,ENSG00000143919,8173,8173
989,SRBD1,ENSG00000068784,1022,1022
990,EPAS1,ENSG00000116016,4375,4375
991,RHOQ,ENSG00000119729,4795,4795
992,PIGF,ENSG00000151665,9070,9070
993,CRIPT,ENSG00000119878,4810,4810
994,MCFD2,ENSG00000180398,13986,13986
995,CALM2,ENSG00000143933,8176,8176
996,EPCAM,ENSG00000119888,4811,4811
997,MSH2,ENSG00000095002,1953,1953
998,MSH6,ENSG00000116062,4382,4382
999,FBXO11,ENSG00000138081,7317,7317
1000,FOXN2,ENSG00000170802,12350,12350
1001,ASB3,ENSG00000115239,4248,4248
1002,CHAC2,ENSG00000143942,8177,8177
1003,ERLEC1,ENSG00000068912,1028,1028
1004,PSME4,ENSG00000068878,1025,1025
1005,ACYP2,ENSG00000170634,12325,12325
1006,SPTBN1,ENSG00000115306,4265,4265
1007,RTN4,ENSG00000115310,4267,4267
1008,CLHC1,ENSG00000162994,10451,10451
1009,RPS27A,ENSG00000143947,18596,-1
1010,MTIF2,ENSG00000085760,1618,1618
1011,CCDC88A,ENSG00000115355,4274,4274
1012,CFAP36,ENSG00000163001,10454,10454
1013,PPP4R3B,ENSG00000275052,18284,18284
1014,PNPT1,ENSG00000138035,7303,7303
1015,VRK2,ENSG00000028116,455,455
1016,FANCL,ENSG00000115392,4281,4281
1017,PAPOLG,ENSG00000115421,4285,4285
1018,REL,ENSG00000162924,10432,10432
1019,PEX13,ENSG00000162928,10434,10434
1020,USP34,ENSG00000115464,4292,4292
1021,XPO1,ENSG00000082898,1533,1533
1022,FAM161A,ENSG00000170264,12228,12228
1023,CCT4,ENSG00000115484,4295,4295
1024,COMMD1,ENSG00000173163,12850,12850
1025,B3GNT2,ENSG00000170340,12249,12249
1026,EHBP1,ENSG00000115504,4298,4298
1027,MDH1,ENSG00000014641,343,343
1028,UGP2,ENSG00000169764,12133,12133
1029,VPS54,ENSG00000143952,8179,8179
1030,LGALSL,ENSG00000119862,4807,4807
1031,AFTPH,ENSG00000119844,4806,4806
1032,SERTAD2,ENSG00000179833,13900,13900
1033,CEP68,ENSG00000011523,296,296
1034,RAB1A,ENSG00000138069,7309,7309
1035,ACTR2,ENSG00000138071,7310,7310
1036,SPRED2,ENSG00000198369,16247,16247
1037,ETAA1,ENSG00000143971,8182,8182
1038,C1D,ENSG00000197223,15964,15964
1039,WDR92,ENSG00000243667,17748,17748
1040,PNO1,ENSG00000115946,4363,4363
1041,PPP3R1,ENSG00000221823,17278,17278
1042,GFPT1,ENSG00000198380,16249,16249
1043,NFU1,ENSG00000169599,12096,12096
1044,AAK1,ENSG00000115977,4369,4369
1045,ANXA4,ENSG00000196975,15902,15902
1046,GMCL1,ENSG00000087338,1690,1690
1047,SNRNP27,ENSG00000124380,5329,5329
1048,MXD1,ENSG00000059728,781,781
1049,PCBP1-AS1,ENSG00000179818,18597,-1
1050,PCBP1,ENSG00000169564,12088,12088
1051,TIA1,ENSG00000116001,4372,4372
1052,PCYOX1,ENSG00000116005,4373,4373
1053,SNRPG,ENSG00000143977,8183,8183
1054,FAM136A,ENSG00000035141,504,504
1055,TEX261,ENSG00000144043,8196,8196
1056,NAGK,ENSG00000124357,5326,5326
1057,MCEE,ENSG00000124370,5327,5327
1058,MPHOSPH10,ENSG00000124383,5330,5330
1059,ZNF638,ENSG00000075292,1257,1257
1060,SPR,ENSG00000116096,4384,4384
1061,SFXN5,ENSG00000144040,8195,8195
1062,SMYD5,ENSG00000135632,6853,6853
1063,PRADC1,ENSG00000135617,6849,6849
1064,CCT7,ENSG00000135624,18598,-1
1065,ALMS1,ENSG00000116127,4388,4388
1066,TPRKB,ENSG00000144034,8192,8192
1067,DUSP11,ENSG00000144048,8198,8198
1068,STAMBP,ENSG00000124356,5325,5325
1069,DGUOK,ENSG00000114956,4208,4208
1070,DGUOK-AS1,ENSG00000237883,18599,-1
1071,TET3,ENSG00000187605,15273,15273
1072,BOLA3,ENSG00000163170,10499,10499
1073,MOB1A,ENSG00000114978,4209,4209
1074,MTHFD2,ENSG00000065911,922,922
1075,DCTN1,ENSG00000204843,16726,16726
1076,WDR54,ENSG00000005448,94,94
1077,INO80B,ENSG00000115274,4257,4257
1078,WBP1,ENSG00000239779,17628,17628
1079,MOGS,ENSG00000115275,4258,4258
1080,TTC31,ENSG00000115282,4259,4259
1081,AUP1,ENSG00000115307,4266,4266
1082,HTRA2,ENSG00000115317,4268,4268
1083,DOK1,ENSG00000115325,4270,4270
1084,HK2,ENSG00000159399,9944,9944
1085,POLE4,ENSG00000115350,4272,4272
1086,MRPL19,ENSG00000115364,18600,-1
1087,GCFC2,ENSG00000005436,93,93
1088,SUCLG1,ENSG00000163541,10602,10602
1089,TMSB10,ENSG00000034510,498,498
1090,KCMF1,ENSG00000176407,13393,13393
1091,TGOLN2,ENSG00000152291,9150,9150
1092,RETSAT,ENSG00000042445,571,571
1093,ELMOD3,ENSG00000115459,4290,4290
1094,CAPG,ENSG00000042493,572,572
1095,MAT2A,ENSG00000168906,11947,11947
1096,GGCX,ENSG00000115486,4296,4296
1097,VAMP8,ENSG00000118640,4679,4679
1098,RNF181,ENSG00000168894,11943,11943
1099,TMEM150A,ENSG00000168890,11942,11942
1100,USP39,ENSG00000168883,11939,11939
1101,C2orf68,ENSG00000168887,11941,11941
1102,POLR1A,ENSG00000068654,1018,1018
1103,PTCD3,ENSG00000132300,6313,6313
1104,IMMT,ENSG00000132305,6314,6314
1105,MRPL35,ENSG00000132313,18601,-1
1106,KDM3A,ENSG00000115548,4309,4309
1107,CHMP3,ENSG00000115561,4311,4311
1108,RMND5A,ENSG00000153561,9293,9293
1109,CYTOR,ENSG00000222041,18602,-1
1110,RPIA,ENSG00000153574,9295,9295
1111,MRPS5,ENSG00000144029,18603,-1
1112,ZNF514,ENSG00000144026,8189,8189
1113,FAHD2A,ENSG00000115042,4218,4218
1114,LINC00342,ENSG00000232931,18604,-1
1115,ANKRD36C,ENSG00000174501,13080,13080
1116,STARD7,ENSG00000084090,1569,1569
1117,CIAO1,ENSG00000144021,8188,8188
1118,SNRNP200,ENSG00000144028,8190,8190
1119,NCAPH,ENSG00000121152,4975,4975
1120,ARID5A,ENSG00000196843,15870,15870
1121,KANSL3,ENSG00000114982,4210,4210
1122,CNNM3,ENSG00000168763,11911,11911
1123,ANKRD39,ENSG00000213337,17022,17022
1124,SEMA4C,ENSG00000168758,11910,11910
1125,FAM178B,ENSG00000168754,11909,11909
1126,FAHD2B,ENSG00000144199,8213,8213
1127,ANKRD36,ENSG00000135976,6922,6922
1128,COX5B,ENSG00000135940,6912,6912
1129,ACTR1B,ENSG00000115073,4220,4220
1130,TMEM131,ENSG00000075568,1272,1272
1131,INPP4A,ENSG00000040933,557,557
1132,COA5,ENSG00000183513,14478,14478
1133,UNC50,ENSG00000115446,4288,4288
1134,MITD1,ENSG00000158411,9811,9811
1135,MRPL30,ENSG00000185414,18605,-1
1136,TXNDC9,ENSG00000115514,4300,4300
1137,EIF5B,ENSG00000158417,9812,9812
1138,REV1,ENSG00000135945,6913,6913
1139,AFF3,ENSG00000144218,8215,8215
1140,LONRF2,ENSG00000170500,12293,12293
1141,CHST10,ENSG00000115526,4305,4305
1142,PDCL3,ENSG00000115539,4306,4306
1143,RPL31,ENSG00000071082,18606,-1
1144,CNOT11,ENSG00000158435,9816,9816
1145,RNF149,ENSG00000163162,10497,10497
1146,MAP4K4,ENSG00000071054,1107,1107
1147,MFSD9,ENSG00000135953,6915,6915
1148,MRPS9,ENSG00000135972,18607,-1
1149,TGFBRAP1,ENSG00000135966,6918,6918
1150,AC012360.3,ENSG00000272994,18608,-1
1151,C2orf49,ENSG00000135974,6921,6921
1152,UXS1,ENSG00000115652,4326,4326
1153,GCC2,ENSG00000135968,6919,6919
1154,LIMS1,ENSG00000169756,12129,12129
1155,RANBP2,ENSG00000153201,18609,-1
1156,CCDC138,ENSG00000163006,10456,10456
1157,MTLN,ENSG00000175701,13282,13282
1158,BUB1,ENSG00000169679,12108,12108
1159,MIR4435-2HG,ENSG00000172965,18610,-1
1160,BCL2L11,ENSG00000153094,9247,9247
1161,AC068491.3,ENSG00000270190,18611,-1
1162,ANAPC1,ENSG00000153107,9248,9248
1163,TMEM87B,ENSG00000153214,9261,9261
1164,ZC3H8,ENSG00000144161,8210,8210
1165,TTL,ENSG00000114999,4213,4213
1166,POLR1B,ENSG00000125630,5479,5479
1167,CHCHD5,ENSG00000125611,5476,5476
1168,SLC20A1,ENSG00000144136,8208,8208
1169,CKAP2L,ENSG00000169607,12099,12099
1170,PSD4,ENSG00000125637,5481,5481
1171,PAX8-AS1,ENSG00000189223,18612,-1
1172,CBWD2,ENSG00000136682,7034,7034
1173,SLC35F5,ENSG00000115084,4221,4221
1174,ACTR3,ENSG00000115091,4223,4223
1175,DPP10-AS1,ENSG00000235026,18613,-1
1176,DDX18,ENSG00000088205,1709,1709
1177,CCDC93,ENSG00000125633,5480,5480
1178,INSIG2,ENSG00000125629,5478,5478
1179,DBI,ENSG00000155368,9480,9480
1180,TMEM177,ENSG00000144120,8205,8205
1181,PTPN4,ENSG00000088179,1708,1708
1182,EPB41L5,ENSG00000115109,4225,4225
1183,TMEM185B,ENSG00000226479,17391,17391
1184,RALB,ENSG00000144118,8203,8203
1185,CLASP1,ENSG00000074054,1210,1210
1186,NIFK-AS1,ENSG00000236859,18614,-1
1187,NIFK,ENSG00000155438,9483,9483
1188,TSN,ENSG00000211460,16945,16945
1189,GYPC,ENSG00000136732,7050,7050
1190,ERCC3,ENSG00000163161,10496,10496
1191,MAP3K2,ENSG00000169967,12174,12174
1192,IWS1,ENSG00000163166,10498,10498
1193,WDR33,ENSG00000136709,7043,7043
1194,SFT2D3,ENSG00000173349,12890,12890
1195,POLR2D,ENSG00000144231,8221,8221
1196,SAP130,ENSG00000136715,7045,7045
1197,UGGT1,ENSG00000136731,7049,7049
1198,SMPD4,ENSG00000136699,7042,7042
1199,MZT2B,ENSG00000152082,9119,9119
1200,CCDC115,ENSG00000136710,7044,7044
1201,IMP4,ENSG00000136718,7047,7047
1202,PTPN18,ENSG00000072135,1141,1141
1203,FAM168B,ENSG00000152102,9123,9123
1204,PLEKHB2,ENSG00000115762,4341,4341
1205,MZT2A,ENSG00000173272,12878,12878
1206,C2orf27A,ENSG00000287151,18615,-1
1207,MGAT5,ENSG00000152127,9125,9125
1208,CCNT2,ENSG00000082258,1517,1517
1209,RAB3GAP1,ENSG00000115839,4348,4348
1210,ZRANB3,ENSG00000121988,5051,5051
1211,R3HDM1,ENSG00000048991,633,633
1212,UBXN4,ENSG00000144224,8216,8216
1213,MCM6,ENSG00000076003,1290,1290
1214,DARS,ENSG00000115866,4353,4353
1215,ZEB2,ENSG00000169554,12086,12086
1216,ORC4,ENSG00000115947,4364,4364
1217,MBD5,ENSG00000204406,16627,16627
1218,EPC2,ENSG00000135999,6923,6923
1219,MMADHC,ENSG00000168288,11813,11813
1220,RBM43,ENSG00000184898,14740,14740
1221,NMI,ENSG00000123609,5231,5231
1222,RIF1,ENSG00000080345,1448,1448
1223,ARL5A,ENSG00000162980,10447,10447
1224,AC097448.1,ENSG00000288066,18616,-1
1225,STAM2,ENSG00000115145,4231,4231
1226,PRPF40A,ENSG00000196504,15784,15784
1227,ARL6IP6,ENSG00000177917,13625,13625
1228,GPD2,ENSG00000115159,4233,4233
1229,GALNT5,ENSG00000136542,7023,7023
1230,PKP4,ENSG00000144283,8224,8224
1231,BAZ2B,ENSG00000123636,5234,5234
1232,MARCH7,ENSG00000136536,7021,7021
1233,CD302,ENSG00000241399,17680,17680
1234,TANK,ENSG00000136560,7025,7025
1235,PSMD14,ENSG00000115233,4246,4246
1236,TTC21B,ENSG00000123607,5230,5230
1237,STK39,ENSG00000198648,16315,16315
1238,CERS6,ENSG00000172292,12683,12683
1239,NOSTRIN,ENSG00000163072,10471,10471
1240,SPC25,ENSG00000152253,9144,9144
1241,FASTKD1,ENSG00000138399,7372,7372
1242,PPIG,ENSG00000138398,7371,7371
1243,PHOSPHO2,ENSG00000144362,8234,8234
1244,KLHL23,ENSG00000213160,17005,17005
1245,SSB,ENSG00000138385,18617,-1
1246,METTL5,ENSG00000138382,7368,7368
1247,UBR3,ENSG00000144357,8233,8233
1248,AC007405.1,ENSG00000234350,18618,-1
1249,AC007405.3,ENSG00000239467,18619,-1
1250,GAD1,ENSG00000128683,5843,5843
1251,GORASP2,ENSG00000115806,4342,4342
1252,TLK1,ENSG00000198586,16300,16300
1253,METTL8,ENSG00000123600,5229,5229
1254,DCAF17,ENSG00000115827,4346,4346
1255,CYBRD1,ENSG00000071967,1130,1130
1256,DYNC1I2,ENSG00000077380,1341,1341
1257,SLC25A12,ENSG00000115840,4349,4349
1258,HAT1,ENSG00000128708,5846,5846
1259,METAP1D,ENSG00000172878,12801,12801
1260,PDK1,ENSG00000152256,9146,9146
1261,MAP3K20,ENSG00000091436,1868,1868
1262,CDCA7,ENSG00000144354,8231,8231
1263,SP3,ENSG00000172845,12798,12798
1264,OLA1,ENSG00000138430,7376,7376
1265,CIR1,ENSG00000138433,7377,7377
1266,SCRN3,ENSG00000144306,8227,8227
1267,WIPF1,ENSG00000115935,4360,4360
1268,ATF2,ENSG00000115966,4367,4367
1269,ATP5MC3,ENSG00000154518,9395,9395
1270,LNPK,ENSG00000144320,8228,8228
1271,MTX2,ENSG00000128654,5840,5840
1272,HNRNPA3,ENSG00000170144,12205,12205
1273,NFE2L2,ENSG00000116044,4381,4381
1274,AGPS,ENSG00000018510,371,371
1275,RBM45,ENSG00000155636,9498,9498
1276,OSBPL6,ENSG00000079156,1408,1408
1277,CHROMR,ENSG00000223960,18620,-1
1278,PRKRA,ENSG00000180228,13960,13960
1279,PLEKHA3,ENSG00000116095,4383,4383
1280,TTN-AS1,ENSG00000237298,18621,-1
1281,CWC22,ENSG00000163510,10584,10584
1282,UBE2E3,ENSG00000170035,12187,12187
1283,ITGA4,ENSG00000115232,4245,4245
1284,ITPRID2,ENSG00000138434,7378,7378
1285,DNAJC10,ENSG00000077232,1331,1331
1286,NCKAP1,ENSG00000061676,808,808
1287,NUP35,ENSG00000163002,10455,10455
1288,ZC3H15,ENSG00000065548,906,906
1289,ITGAV,ENSG00000138448,7383,7383
1290,TFPI,ENSG00000003436,39,39
1291,GULP1,ENSG00000144366,8235,8235
1292,WDR75,ENSG00000115368,4278,4278
1293,SLC40A1,ENSG00000138449,7384,7384
1294,ASNSD1,ENSG00000138381,7367,7367
1295,ORMDL1,ENSG00000128699,5845,5845
1296,PMS1,ENSG00000064933,875,875
1297,C2orf88,ENSG00000187699,15294,15294
1298,HIBCH,ENSG00000198130,16197,16197
1299,INPP1,ENSG00000151689,9072,9072
1300,NAB1,ENSG00000138386,7369,7369
1301,GLS,ENSG00000115419,4284,4284
1302,STAT1,ENSG00000115415,4283,4283
1303,NABP1,ENSG00000173559,12929,12929
1304,SLC39A10,ENSG00000196950,15896,15896
1305,STK17B,ENSG00000081320,1490,1490
1306,CCDC150,ENSG00000144395,8238,8238
1307,GTF3C3,ENSG00000119041,4712,4712
1308,SF3B1,ENSG00000115524,4303,4303
1309,COQ10B,ENSG00000115520,4301,4301
1310,HSPD1,ENSG00000144381,8237,8237
1311,HSPE1,ENSG00000115541,4308,4308
1312,MOB4,ENSG00000115540,4307,4307
1313,SATB2,ENSG00000119042,4713,4713
1314,C2orf69,ENSG00000178074,13649,13649
1315,TYW5,ENSG00000162971,10443,10443
1316,MAIP1,ENSG00000162972,10444,10444
1317,SGO2,ENSG00000163535,10599,10599
1318,BZW1,ENSG00000082153,1512,1512
1319,CLK1,ENSG00000013441,327,327
1320,PPIL3,ENSG00000240344,17647,17647
1321,NIF3L1,ENSG00000196290,15714,15714
1322,ORC2,ENSG00000115942,4361,4361
1323,FAM126B,ENSG00000155744,9506,9506
1324,NDUFB3,ENSG00000119013,4711,4711
1325,CFLAR,ENSG00000003402,38,38
1326,CASP10,ENSG00000003400,37,37
1327,CASP8,ENSG00000064012,842,842
1328,STRADB,ENSG00000082146,1511,1511
1329,TMEM237,ENSG00000155755,9509,9509
1330,ALS2,ENSG00000003393,36,36
1331,SUMO1,ENSG00000116030,18622,-1
1332,NOP58,ENSG00000055044,722,722
1333,BMPR2,ENSG00000204217,16574,16574
1334,FAM117B,ENSG00000138439,7380,7380
1335,WDR12,ENSG00000138442,7381,7381
1336,NBEAL1,ENSG00000144426,8243,8243
1337,CYP20A1,ENSG00000119004,4710,4710
1338,ABI2,ENSG00000138443,7382,7382
1339,INO80D,ENSG00000114933,4205,4205
1340,NDUFS1,ENSG00000023228,413,413
1341,EEF1B2,ENSG00000114942,4206,4206
1342,FASTKD2,ENSG00000118246,4636,4636
1343,CREB1,ENSG00000118260,4638,4638
1344,METTL21A,ENSG00000144401,8239,8239
1345,FZD5,ENSG00000163251,10516,10516
1346,IDH1,ENSG00000138413,7375,7375
1347,PIKFYVE,ENSG00000115020,4216,4216
1348,RPE,ENSG00000197713,16081,16081
1349,LANCL1,ENSG00000115365,4277,4277
1350,BARD1,ENSG00000138376,7363,7363
1351,ATIC,ENSG00000138363,7361,7361
1352,XRCC5,ENSG00000079246,1410,1410
1353,SMARCAL1,ENSG00000138375,7362,7362
1354,RPL37A,ENSG00000197756,18623,-1
1355,IGFBP2,ENSG00000115457,4289,4289
1356,ARPC2,ENSG00000163466,10569,10569
1357,AAMP,ENSG00000127837,5743,5743
1358,PNKD,ENSG00000127838,5744,5744
1359,TMBIM1,ENSG00000135926,6907,6907
1360,CTDSP1,ENSG00000144579,8263,8263
1361,USP37,ENSG00000135913,6900,6900
1362,CNOT9,ENSG00000144580,8264,8264
1363,BCS1L,ENSG00000074582,1224,1224
1364,RNF25,ENSG00000163481,10574,10574
1365,TTLL4,ENSG00000135912,6899,6899
1366,FEV,ENSG00000163497,10579,10579
1367,NHEJ1,ENSG00000187736,15302,15302
1368,CNPPD1,ENSG00000115649,4325,4325
1369,RETREG2,ENSG00000144567,8262,8262
1370,ZFAND2B,ENSG00000158552,9837,9837
1371,ABCB6,ENSG00000115657,4327,4327
1372,ATG9A,ENSG00000198925,16445,16445
1373,ANKZF1,ENSG00000163516,10588,10588
1374,STK16,ENSG00000115661,4328,4328
1375,DNPEP,ENSG00000123992,5256,5256
1376,GMPPA,ENSG00000144591,8267,8267
1377,ASIC4,ENSG00000072182,1143,1143
1378,CHPF,ENSG00000123989,5255,5255
1379,OBSL1,ENSG00000124006,5259,5259
1380,FARSB,ENSG00000116120,4387,4387
1381,ACSL3,ENSG00000123983,5254,5254
1382,WDFY1,ENSG00000085449,1605,1605
1383,MRPL44,ENSG00000135900,18624,-1
1384,CUL3,ENSG00000036257,514,514
1385,RHBDD1,ENSG00000144468,8249,8249
1386,MFF,ENSG00000168958,11963,11963
1387,AGFG1,ENSG00000173744,12966,12966
1388,TRIP12,ENSG00000153827,9312,9312
1389,SP110,ENSG00000135899,6895,6895
1390,SP100,ENSG00000067066,967,967
1391,CAB39,ENSG00000135932,6911,6911
1392,ITM2C,ENSG00000135916,6902,6902
1393,PSMD1,ENSG00000173692,12956,12956
1394,NCL,ENSG00000115053,4219,4219
1395,PTMA,ENSG00000187514,18625,-1
1396,COPS7B,ENSG00000144524,8255,8255
1397,DIS3L2,ENSG00000144535,8256,8256
1398,EIF4E2,ENSG00000135930,6909,6909
1399,EFHD1,ENSG00000115468,4293,4293
1400,GIGYF2,ENSG00000204120,16554,16554
1401,DGKD,ENSG00000077044,1322,1322
1402,USP40,ENSG00000085982,1626,1626
1403,HJURP,ENSG00000123485,5213,5213
1404,AGAP1,ENSG00000157985,9766,9766
1405,COPS8,ENSG00000198612,16307,16307
1406,LRRFIP1,ENSG00000124831,5401,5401
1407,UBE2F,ENSG00000184182,14607,14607
1408,SCLY,ENSG00000132330,6319,6319
1409,ILKAP,ENSG00000132323,6316,6316
1410,HES6,ENSG00000144485,8252,8252
1411,PER2,ENSG00000132326,6317,6317
1412,TRAF3IP1,ENSG00000204104,16552,16552
1413,ASB1,ENSG00000065802,917,917
1414,NDUFA10,ENSG00000130414,6038,6038
1415,COPS9,ENSG00000172428,12717,12717
1416,RNPEPL1,ENSG00000142327,7918,7918
1417,CAPN10,ENSG00000142330,18626,-1
1418,KIF1A,ENSG00000130294,6013,6013
1419,MTERF4,ENSG00000122085,5061,5061
1420,PPP1R7,ENSG00000115685,4331,4331
1421,HDLBP,ENSG00000115677,4330,4330
1422,SEPTIN2,ENSG00000168385,11831,11831
1423,STK25,ENSG00000115694,4333,4333
1424,THAP4,ENSG00000176946,13472,13472
1425,ATG4B,ENSG00000168397,11837,11837
1426,DTYMK,ENSG00000168393,11834,11834
1427,ING5,ENSG00000168395,11836,11836
1428,D2HGDH,ENSG00000180902,14051,14051
1429,TRNT1,ENSG00000072756,1163,1163
1430,CRBN,ENSG00000113851,4101,4101
1431,ITPR1,ENSG00000150995,8984,8984
1432,BHLHE40,ENSG00000134107,6575,6575
1433,ARL8B,ENSG00000134108,6576,6576
1434,EDEM1,ENSG00000134109,6577,6577
1435,AC069277.1,ENSG00000189229,18627,-1
1436,RAD18,ENSG00000070950,1103,1103
1437,THUMPD3-AS1,ENSG00000206573,18628,-1
1438,THUMPD3,ENSG00000134077,6573,6573
1439,SETD5,ENSG00000168137,11782,11782
1440,MTMR14,ENSG00000163719,10662,10662
1441,BRPF1,ENSG00000156983,9654,9654
1442,OGG1,ENSG00000114026,4113,4113
1443,TADA3,ENSG00000171148,12430,12430
1444,ARPC4,ENSG00000241553,17684,17684
1445,TTLL3,ENSG00000214021,17103,17103
1446,RPUSD3,ENSG00000156990,9655,9655
1447,JAGN1,ENSG00000171135,12428,12428
1448,CRELD1,ENSG00000163703,10658,10658
1449,EMC3,ENSG00000125037,5410,5410
1450,FANCD2,ENSG00000144554,8258,8258
1451,BRK1,ENSG00000254999,17941,17941
1452,VHL,ENSG00000134086,6574,6574
1453,TATDN2,ENSG00000157014,9657,9657
1454,SEC13,ENSG00000157020,9659,9659
1455,ATG7,ENSG00000197548,16038,16038
1456,VGLL4,ENSG00000144560,8260,8260
1457,TAMM41,ENSG00000144559,8259,8259
1458,TSEN2,ENSG00000154743,9418,9418
1459,MKRN2,ENSG00000075975,1289,1289
1460,RAF1,ENSG00000132155,6297,6297
1461,RPL32,ENSG00000144713,18629,-1
1462,IQSEC1,ENSG00000144711,8284,8284
1463,NUP210,ENSG00000132182,6300,6300
1464,CHCHD4,ENSG00000163528,10595,10595
1465,TMEM43,ENSG00000170876,12366,12366
1466,XPC,ENSG00000154767,9421,9421
1467,LSM3,ENSG00000170860,12363,12363
1468,SLC6A6,ENSG00000131389,6206,6206
1469,CCDC174,ENSG00000154781,9422,9422
1470,FGD5-AS1,ENSG00000225733,18630,-1
1471,NR2C2,ENSG00000177463,13552,13552
1472,MRPS25,ENSG00000131368,18631,-1
1473,RBSN,ENSG00000131381,6204,6204
1474,CAPN7,ENSG00000131375,6201,6201
1475,SH3BP5,ENSG00000131370,6198,6198
1476,METTL6,ENSG00000206562,16937,16937
1477,EAF1,ENSG00000144597,8269,8269
1478,HACL1,ENSG00000131373,6199,6199
1479,ANKRD28,ENSG00000206560,16935,16935
1480,DPH3,ENSG00000154813,9425,9425
1481,OXNAD1,ENSG00000154814,9426,9426
1482,PLCL2,ENSG00000154822,9427,9427
1483,TBC1D5,ENSG00000131374,6200,6200
1484,RAB5A,ENSG00000144566,8261,8261
1485,KAT2B,ENSG00000114166,4126,4126
1486,SGO1,ENSG00000129810,5959,5959
1487,UBE2E1,ENSG00000170142,12204,12204
1488,NKIRAS1,ENSG00000197885,16123,16123
1489,RPL15,ENSG00000174748,18632,-1
1490,NR1D2,ENSG00000174738,13112,13112
1491,THRB,ENSG00000151090,8995,8995
1492,TOP2B,ENSG00000077097,1326,1326
1493,NGLY1,ENSG00000151092,8996,8996
1494,OXSM,ENSG00000151093,8997,8997
1495,SLC4A7,ENSG00000033867,494,494
1496,CMC1,ENSG00000187118,15206,15206
1497,AZI2,ENSG00000163512,10585,10585
1498,STT3B,ENSG00000163527,10594,10594
1499,CMTM7,ENSG00000153551,9290,9290
1500,CMTM6,ENSG00000091317,1865,1865
1501,DYNC1LI1,ENSG00000144635,8271,8271
1502,CNOT10,ENSG00000182973,14378,14378
1503,TRIM71,ENSG00000206557,16933,16933
1504,GLB1,ENSG00000170266,12230,12230
1505,CRTAP,ENSG00000170275,12233,12233
1506,UBP1,ENSG00000153560,9292,9292
1507,CLASP2,ENSG00000163539,10601,10601
1508,PDCD6IP,ENSG00000170248,12224,12224
1509,TRANK1,ENSG00000168016,11755,11755
1510,EPM2AIP1,ENSG00000178567,13718,13718
1511,MLH1,ENSG00000076242,1296,1296
1512,LRRFIP2,ENSG00000093167,1939,1939
1513,GOLGA4,ENSG00000144674,18633,-1
1514,ACAA1,ENSG00000060971,801,801
1515,MYD88,ENSG00000172936,12811,12811
1516,OXSR1,ENSG00000172939,12813,12813
1517,ACVR2B,ENSG00000114739,4180,4180
1518,EXOG,ENSG00000157036,9660,9660
1519,WDR48,ENSG00000114742,4181,4181
1520,SLC25A38,ENSG00000144659,8279,8279
1521,RPSA,ENSG00000168028,18634,-1
1522,EIF1B,ENSG00000114784,4189,4189
1523,RPL14,ENSG00000188846,18635,-1
1524,ZNF621,ENSG00000172888,12802,12802
1525,CTNNB1,ENSG00000168036,11758,11758
1526,TRAK1,ENSG00000182606,14312,14312
1527,SEC22C,ENSG00000093183,1940,1940
1528,SS18L2,ENSG00000008324,212,212
1529,NKTR,ENSG00000114857,4198,4198
1530,HIGD1A,ENSG00000181061,14082,14082
1531,POMGNT2,ENSG00000144647,8275,8275
1532,SNRK,ENSG00000163788,10679,10679
1533,ANO10,ENSG00000160746,10110,10110
1534,ABHD5,ENSG00000011198,277,277
1535,TCAIM,ENSG00000179152,13818,13818
1536,ZNF445,ENSG00000185219,14815,14815
1537,ZNF197,ENSG00000186448,15077,15077
1538,ZNF35,ENSG00000169981,12177,12177
1539,KIAA1143,ENSG00000163807,10687,10687
1540,KIF15,ENSG00000163808,10688,10688
1541,ZDHHC3,ENSG00000163812,10691,10691
1542,EXOSC7,ENSG00000075914,1287,1287
1543,TMEM158,ENSG00000249992,17844,17844
1544,LARS2,ENSG00000011376,287,287
1545,LIMD1,ENSG00000144791,8294,8294
1546,SACM1L,ENSG00000211456,16944,16944
1547,LZTFL1,ENSG00000163818,10695,10695
1548,CCDC12,ENSG00000160799,10120,10120
1549,NBEAL2,ENSG00000160796,10119,10119
1550,SETD2,ENSG00000181555,18636,-1
1551,KIF9,ENSG00000088727,1727,1727
1552,KLHL18,ENSG00000114648,4171,4171
1553,PTPN23,ENSG00000076201,1295,1295
1554,SCAP,ENSG00000114650,4172,4172
1555,ELP6,ENSG00000163832,10700,10700
1556,SMARCC1,ENSG00000173473,12914,12914
1557,DHX30,ENSG00000132153,6296,6296
1558,MAP4,ENSG00000047849,615,615
1559,CDC25A,ENSG00000164045,10759,10759
1560,ZNF589,ENSG00000164048,10761,10761
1561,NME6,ENSG00000172113,12644,12644
1562,CCDC51,ENSG00000164051,10764,10764
1563,TMA7,ENSG00000232112,17484,17484
1564,ATRIP,ENSG00000164053,10765,10765
1565,SHISA5,ENSG00000164054,10766,10766
1566,UQCRC1,ENSG00000010256,246,246
1567,SLC26A6,ENSG00000225697,17373,17373
1568,IP6K2,ENSG00000068745,1021,1021
1569,PRKAR2A,ENSG00000114302,4135,4135
1570,ARIH2,ENSG00000177479,13558,13558
1571,WDR6,ENSG00000178252,13681,13681
1572,DALRD3,ENSG00000178149,13660,13660
1573,NDUFAF3,ENSG00000178057,13648,13648
1574,IMPDH2,ENSG00000178035,13645,13645
1575,QRICH1,ENSG00000198218,16219,16219
1576,QARS,ENSG00000172053,12636,12636
1577,USP19,ENSG00000172046,12635,12635
1578,CCDC71,ENSG00000177352,13534,13534
1579,KLHDC8B,ENSG00000185909,14959,14959
1580,USP4,ENSG00000114316,4137,4137
1581,RHOA,ENSG00000067560,984,984
1582,DAG1,ENSG00000173402,12897,12897
1583,APEH,ENSG00000164062,10769,10769
1584,RNF123,ENSG00000164068,10771,10771
1585,IP6K1,ENSG00000176095,13338,13338
1586,TRAIP,ENSG00000183763,14537,14537
1587,MON1A,ENSG00000164077,10776,10776
1588,RBM6,ENSG00000004534,51,51
1589,RBM5,ENSG00000003756,41,41
1590,GNAI2,ENSG00000114353,4141,4141
1591,IFRD2,ENSG00000214706,17165,17165
1592,HYAL3,ENSG00000186792,15134,15134
1593,NAA80,ENSG00000243477,17739,17739
1594,HYAL2,ENSG00000068001,998,998
1595,TUSC2,ENSG00000114383,4145,4145
1596,RASSF1,ENSG00000068028,1000,1000
1597,NPRL2,ENSG00000114388,4146,4146
1598,CYB561D2,ENSG00000114395,4147,4147
1599,TMEM115,ENSG00000126062,5579,5579
1600,HEMK1,ENSG00000114735,4177,4177
1601,CISH,ENSG00000114737,4178,4178
1602,MAPKAPK3,ENSG00000114738,4179,4179
1603,MANF,ENSG00000145050,8329,8329
1604,RBM15B,ENSG00000259956,18058,18058
1605,DCAF1,ENSG00000145041,8328,8328
1606,RAD54L2,ENSG00000164080,10778,10778
1607,TEX264,ENSG00000164081,10779,10779
1608,RRP9,ENSG00000114767,4185,4185
1609,ABHD14B,ENSG00000114779,4188,4188
1610,ABHD14A,ENSG00000248487,17818,17818
1611,ACY1,ENSG00000243989,17761,17761
1612,RPL29,ENSG00000162244,18637,-1
1613,POC1A,ENSG00000164087,10782,10782
1614,ALAS1,ENSG00000023330,416,416
1615,TWF2,ENSG00000247596,17805,17805
1616,WDR82,ENSG00000164091,10785,10785
1617,BAP1,ENSG00000163930,10726,10726
1618,PHF7,ENSG00000010318,18638,-1
1619,NISCH,ENSG00000010322,254,254
1620,NT5DC2,ENSG00000168268,11805,11805
1621,SMIM4,ENSG00000168273,11807,11807
1622,PBRM1,ENSG00000163939,10731,10731
1623,GNL3,ENSG00000163938,10730,10730
1624,GLT8D1,ENSG00000016864,362,362
1625,SPCS1,ENSG00000114902,4202,4202
1626,NEK4,ENSG00000114904,4203,4203
1627,SFMBT1,ENSG00000163935,10729,10729
1628,RFT1,ENSG00000163933,10728,10728
1629,TKT,ENSG00000163931,18531,18531
1630,DCP1A,ENSG00000272886,18236,18236
1631,CHDH,ENSG00000016391,358,358
1632,ACTR8,ENSG00000113812,4098,4098
1633,SELENOK,ENSG00000113811,4097,4097
1634,CCDC66,ENSG00000180376,13983,13983
1635,TASOR,ENSG00000163946,10733,10733
1636,APPL1,ENSG00000157500,9713,9713
1637,PDE12,ENSG00000174840,13130,13130
1638,ARF4,ENSG00000168374,11830,11830
1639,DENND6A,ENSG00000174839,13129,13129
1640,SLMAP,ENSG00000163681,10649,10649
1641,FLNB,ENSG00000136068,6938,6938
1642,RPP14,ENSG00000163684,10651,10651
1643,PXK,ENSG00000168297,11815,11815
1644,PDHB,ENSG00000168291,11814,11814
1645,FHIT,ENSG00000189283,15620,15620
1646,PTPRG,ENSG00000144724,8286,8286
1647,THOC7,ENSG00000163634,10635,10635
1648,ATXN7,ENSG00000163635,10636,10636
1649,PSMD6,ENSG00000163636,10637,10637
1650,SLC25A26,ENSG00000144741,8289,8289
1651,SUCLG2,ENSG00000172340,12694,12694
1652,TMF1,ENSG00000144747,8292,8292
1653,UBA3,ENSG00000144744,8290,8290
1654,ARL6IP5,ENSG00000144746,8291,8291
1655,MITF,ENSG00000187098,15203,15203
1656,FOXP1,ENSG00000114861,4200,4200
1657,RYBP,ENSG00000163602,10618,10618
1658,SHQ1,ENSG00000144736,8288,8288
1659,PPP4R2,ENSG00000163605,10619,10619
1660,CHMP2B,ENSG00000083937,1565,1565
1661,CGGBP1,ENSG00000163320,10531,10531
1662,C3orf38,ENSG00000179021,13790,13790
1663,PROS1,ENSG00000184500,14675,14675
1664,ARL13B,ENSG00000169379,12053,12053
1665,NSUN3,ENSG00000178694,13735,13735
1666,MTRNR2L12,ENSG00000269028,18639,-1
1667,CRYBG3,ENSG00000080200,1444,1444
1668,RIOX2,ENSG00000170854,12361,12361
1669,CLDND1,ENSG00000080822,1465,1465
1670,CPOX,ENSG00000080819,1464,1464
1671,DCBLD2,ENSG00000057019,748,748
1672,CMSS1,ENSG00000184220,14617,14617
1673,TBC1D23,ENSG00000036054,513,513
1674,NIT2,ENSG00000114021,4111,4111
1675,TOMM70,ENSG00000154174,9357,9357
1676,TFG,ENSG00000114354,4142,4142
1677,SENP7,ENSG00000138468,7387,7387
1678,TRMT10C,ENSG00000174173,13030,13030
1679,PCNP,ENSG00000081154,18640,-1
1680,ZBTB11,ENSG00000066422,945,945
1681,RPL24,ENSG00000114391,18641,-1
1682,CEP97,ENSG00000182504,14288,14288
1683,BBX,ENSG00000114439,4151,4151
1684,CD47,ENSG00000196776,15854,15854
1685,LINC01215,ENSG00000271856,18642,-1
1686,IFT57,ENSG00000114446,4152,4152
1687,CIP2A,ENSG00000163507,10582,10582
1688,ABHD10,ENSG00000144827,8302,8302
1689,ATG3,ENSG00000144848,8308,8308
1690,GTPBP8,ENSG00000163607,10621,10621
1691,NEPRO,ENSG00000163608,10622,10622
1692,SPICE1,ENSG00000163611,10623,10623
1693,USF3,ENSG00000176542,13412,13412
1694,NAA50,ENSG00000121579,5008,5008
1695,ATP6V1A,ENSG00000114573,4166,4166
1696,QTRT2,ENSG00000151576,9057,9057
1697,B4GALT4,ENSG00000121578,5007,5007
1698,POGLUT1,ENSG00000163389,10549,10549
1699,TIMMDC1,ENSG00000113845,4100,4100
1700,COX17,ENSG00000138495,7390,7390
1701,GSK3B,ENSG00000082701,1530,1530
1702,LRRC58,ENSG00000163428,10558,10558
1703,NDUFB4,ENSG00000065518,903,903
1704,RABL3,ENSG00000144840,8305,8305
1705,GTF2E1,ENSG00000153767,9300,9300
1706,POLQ,ENSG00000051341,674,674
1707,GOLGB1,ENSG00000173230,12867,12867
1708,IQCB1,ENSG00000173226,12865,12865
1709,CCDC58,ENSG00000160124,10015,10015
1710,FAM162A,ENSG00000114023,4112,4112
1711,KPNA1,ENSG00000114030,4114,4114
1712,PARP14,ENSG00000173193,12854,12854
1713,CCDC14,ENSG00000175455,13242,13242
1714,UMPS,ENSG00000114491,4158,4158
1715,ZNF148,ENSG00000163848,10703,10703
1716,SNX4,ENSG00000114520,4160,4160
1717,OSBPL11,ENSG00000144909,8317,8317
1718,ZXDC,ENSG00000070476,1082,1082
1719,CHCHD6,ENSG00000159685,9971,9971
1720,PLXNA1,ENSG00000114554,4165,4165
1721,TPRA1,ENSG00000163870,10707,10707
1722,MCM2,ENSG00000073111,1180,1180
1723,PODXL2,ENSG00000114631,4168,4168
1724,SEC61A1,ENSG00000058262,764,764
1725,RUVBL1,ENSG00000175792,13296,13296
1726,EEFSEC,ENSG00000132394,6330,6330
1727,GATA2,ENSG00000179348,13843,13843
1728,GATA2-AS1,ENSG00000244300,18643,-1
1729,RPN1,ENSG00000163902,10720,10720
1730,RAB7A,ENSG00000075785,1280,1280
1731,ACAD9,ENSG00000177646,13585,13585
1732,ISY1,ENSG00000240682,17655,17655
1733,CNBP,ENSG00000169714,12118,12118
1734,COPG1,ENSG00000181789,14168,14168
1735,HMCES,ENSG00000183624,14498,14498
1736,H1FX,ENSG00000184897,14739,14739
1737,MBD4,ENSG00000129071,5882,5882
1738,IFT122,ENSG00000163913,10723,10723
1739,TMCC1-AS1,ENSG00000271270,18644,-1
1740,PIK3R4,ENSG00000196455,15768,15768
1741,ATP2C1,ENSG00000017260,363,363
1742,NUDT16,ENSG00000198585,16299,16299
1743,MRPL3,ENSG00000114686,18645,-1
1744,DNAJC13,ENSG00000138246,7348,7348
1745,UBA5,ENSG00000081307,1489,1489
1746,CDV3,ENSG00000091527,1873,1873
1747,TOPBP1,ENSG00000163781,10677,10677
1748,SRPRB,ENSG00000144867,8311,8311
1749,RYK,ENSG00000163785,10678,10678
1750,ANAPC13,ENSG00000129055,5881,5881
1751,CEP63,ENSG00000182923,14368,14368
1752,MSL2,ENSG00000174579,13092,13092
1753,PCCB,ENSG00000114054,4115,4115
1754,STAG1,ENSG00000118007,4617,4617
1755,SLC35G2,ENSG00000168917,11951,11951
1756,NCK1,ENSG00000158092,9781,9781
1757,DBR1,ENSG00000138231,7347,7347
1758,ARMC8,ENSG00000114098,4117,4117
1759,CEP70,ENSG00000114107,4118,4118
1760,FAIM,ENSG00000158234,9798,9798
1761,PIK3CB,ENSG00000051382,675,675
1762,FOXL2,ENSG00000183770,14539,14539
1763,MRPS22,ENSG00000175110,18646,-1
1764,COPB2,ENSG00000184432,14659,14659
1765,SLC25A36,ENSG00000114120,4121,4121
1766,ZBTB38,ENSG00000177311,13532,13532
1767,RASA2,ENSG00000155903,9527,9527
1768,RNF7,ENSG00000114125,4123,4123
1769,ATP1B3,ENSG00000069849,1054,1054
1770,TFDP2,ENSG00000114126,4124,4124
1771,GK5,ENSG00000175066,13172,13172
1772,XRN1,ENSG00000114127,4125,4125
1773,ATR,ENSG00000175054,13169,13169
1774,PLS1,ENSG00000120756,4931,4931
1775,PCOLCE2,ENSG00000163710,10660,10660
1776,U2SURP,ENSG00000163714,10661,10661
1777,CHST2,ENSG00000175040,13167,13167
1778,DIPK2A,ENSG00000181744,14156,14156
1779,PLOD2,ENSG00000152952,9227,9227
1780,PLSCR1,ENSG00000188313,15423,15423
1781,GYG1,ENSG00000163754,10674,10674
1782,HLTF,ENSG00000071794,1125,1125
1783,HPS3,ENSG00000163755,10675,10675
1784,COMMD2,ENSG00000114744,4182,4182
1785,RNF13,ENSG00000082996,1534,1534
1786,TSC22D2,ENSG00000196428,15760,15760
1787,SERP1,ENSG00000120742,4930,4930
1788,EIF2A,ENSG00000144895,8315,8315
1789,SELENOT,ENSG00000198843,16402,16402
1790,SIAH2,ENSG00000181788,14167,14167
1791,MBNL1,ENSG00000152601,9191,9191
1792,RAP2B,ENSG00000181467,14123,14123
1793,DHX36,ENSG00000174953,13155,13155
1794,C3orf33,ENSG00000174928,13144,13144
1795,SLC33A1,ENSG00000169359,12049,12049
1796,GMPS,ENSG00000163655,10643,10643
1797,SSR3,ENSG00000114850,4195,4195
1798,CCNL1,ENSG00000163660,10645,10645
1799,SHOX2,ENSG00000168779,11916,11916
1800,RSRC1,ENSG00000174891,13137,13137
1801,MLF1,ENSG00000178053,13647,13647
1802,GFM1,ENSG00000168827,11930,11930
1803,MFSD1,ENSG00000118855,4695,4695
1804,IFT80,ENSG00000068885,1026,1026
1805,SMC4,ENSG00000113810,4096,4096
1806,TRIM59,ENSG00000213186,17008,17008
1807,KPNA4,ENSG00000186432,15072,15072
1808,NMD3,ENSG00000169251,12031,12031
1809,PDCD10,ENSG00000114209,4129,4129
1810,GOLIM4,ENSG00000173905,12989,12989
1811,MECOM,ENSG00000085276,1599,1599
1812,MYNN,ENSG00000085274,1598,1598
1813,SEC62,ENSG00000008952,226,226
1814,PHC3,ENSG00000173889,12985,12985
1815,PRKCI,ENSG00000163558,10605,10605
1816,SKIL,ENSG00000136603,7028,7028
1817,RPL22L1,ENSG00000163584,18647,-1
1818,EIF5A2,ENSG00000163577,10611,10611
1819,TNIK,ENSG00000154310,9375,9375
1820,FNDC3B,ENSG00000075420,1267,1267
1821,TNFSF10,ENSG00000121858,5033,5033
1822,ECT2,ENSG00000114346,4139,4139
1823,TBL1XR1,ENSG00000177565,13573,13573
1824,ZMAT3,ENSG00000172667,12758,12758
1825,PIK3CA,ENSG00000121879,5036,5036
1826,ZNF639,ENSG00000121864,5034,5034
1827,MFN1,ENSG00000171109,12419,12419
1828,GNB4,ENSG00000114450,4153,4153
1829,ACTL6A,ENSG00000136518,7016,7016
1830,MRPL47,ENSG00000136522,18648,-1
1831,NDUFB5,ENSG00000136521,7017,7017
1832,USP13,ENSG00000058056,760,760
1833,TTC14,ENSG00000163728,10663,10663
1834,FXR1,ENSG00000114416,4149,4149
1835,DNAJC19,ENSG00000205981,16894,16894
1836,ATP11B,ENSG00000058063,761,761
1837,DCUN1D1,ENSG00000043093,579,579
1838,MCCC1,ENSG00000078070,1365,1365
1839,B3GNT5,ENSG00000176597,13420,13420
1840,KLHL24,ENSG00000114796,4191,4191
1841,YEATS2,ENSG00000163872,10708,10708
1842,PARL,ENSG00000175193,13195,13195
1843,ABCC5,ENSG00000114770,4186,4186
1844,EIF2B5,ENSG00000145191,8336,8336
1845,DVL3,ENSG00000161202,10169,10169
1846,AP2M1,ENSG00000161203,10170,10170
1847,ABCF3,ENSG00000161204,10171,10171
1848,ALG3,ENSG00000214160,17119,17119
1849,EEF1AKMT4,ENSG00000284753,18486,18486
1850,PSMD2,ENSG00000175166,13190,13190
1851,EIF4G1,ENSG00000114867,4201,4201
1852,POLR2H,ENSG00000163882,10714,10714
1853,MAGEF1,ENSG00000177383,13540,13540
1854,VPS8,ENSG00000156931,9646,9646
1855,TMEM41A,ENSG00000163900,10719,10719
1856,SENP2,ENSG00000163904,10721,10721
1857,IGF2BP2,ENSG00000073792,1202,1202
1858,TRA2B,ENSG00000136527,7018,7018
1859,ETV5,ENSG00000244405,17779,17779
1860,DNAJB11,ENSG00000090520,1824,1824
1861,EIF4A2,ENSG00000156976,9653,9653
1862,RFC4,ENSG00000163918,10725,10725
1863,ST6GAL1,ENSG00000073849,1204,1204
1864,RPL39L,ENSG00000163923,18649,-1
1865,CCDC50,ENSG00000152492,9177,9177
1866,OPA1,ENSG00000198836,16395,16395
1867,HES1,ENSG00000114315,4136,4136
1868,ATP13A3,ENSG00000133657,6519,6519
1869,TMEM44-AS1,ENSG00000231770,18650,-1
1870,LSG1,ENSG00000041802,561,561
1871,XXYLT1,ENSG00000173950,13000,13000
1872,ACAP2,ENSG00000114331,4138,4138
1873,PPP1R2,ENSG00000184203,14610,14610
1874,TFRC,ENSG00000072274,1147,1147
1875,PCYT1A,ENSG00000161217,10172,10172
1876,TCTEX1D2,ENSG00000213123,17002,17002
1877,UBXN7,ENSG00000163960,10739,10739
1878,RNF168,ENSG00000163961,10740,10740
1879,FBXO45,ENSG00000174013,13009,13009
1880,NRROS,ENSG00000174004,13006,13006
1881,PIGX,ENSG00000163964,10741,10741
1882,PAK2,ENSG00000180370,13982,13982
1883,SENP5,ENSG00000119231,4723,4723
1884,NCBP2,ENSG00000114503,4159,4159
1885,NCBP2AS2,ENSG00000270170,18206,18206
1886,DLG1,ENSG00000075711,1279,1279
1887,FYTTD1,ENSG00000122068,5060,5060
1888,LRCH3,ENSG00000186001,14984,14984
1889,RPL35A,ENSG00000182899,18651,-1
1890,ZNF595,ENSG00000272602,18232,18232
1891,ZNF721,ENSG00000182903,14365,14365
1892,PIGG,ENSG00000174227,13037,13037
1893,ATP5ME,ENSG00000169020,11973,11973
1894,PCGF3,ENSG00000185619,14894,14894
1895,AC139887.2,ENSG00000249592,18652,-1
1896,GAK,ENSG00000178950,13774,13774
1897,FGFRL1,ENSG00000127418,5705,5705
1898,CTBP1,ENSG00000159692,18653,-1
1899,CTBP1-DT,ENSG00000196810,18654,-1
1900,MAEA,ENSG00000090316,1813,1813
1901,SLBP,ENSG00000163950,10735,10735
1902,TACC3,ENSG00000013810,337,337
1903,TMEM129,ENSG00000168936,11957,11957
1904,LETM1,ENSG00000168924,11953,11953
1905,NSD2,ENSG00000109685,3570,3570
1906,NELFA,ENSG00000185049,14784,14784
1907,C4orf48,ENSG00000243449,17738,17738
1908,NAT8L,ENSG00000185818,14939,14939
1909,HAUS3,ENSG00000214367,17136,17136
1910,MXD4,ENSG00000123933,5251,5251
1911,RNF4,ENSG00000063978,841,841
1912,FAM193A,ENSG00000125386,5444,5444
1913,TNIP2,ENSG00000168884,11940,11940
1914,SH3BP2,ENSG00000087266,1683,1683
1915,ADD1,ENSG00000087274,1685,1685
1916,MFSD10,ENSG00000109736,3574,3574
1917,NOP14,ENSG00000087269,1684,1684
1918,HTT,ENSG00000197386,16001,16001
1919,LRPAP1,ENSG00000163956,10736,10736
1920,TMEM128,ENSG00000132406,6332,6332
1921,LYAR,ENSG00000145220,8343,8343
1922,STX18,ENSG00000168818,11927,11927
1923,STX18-AS1,ENSG00000247708,18655,-1
1924,MSX1,ENSG00000163132,10487,10487
1925,MRFAP1,ENSG00000179010,13789,13789
1926,AC093323.1,ENSG00000170846,12358,12358
1927,MRFAP1L1,ENSG00000178988,13783,13783
1928,BLOC1S4,ENSG00000186222,15037,15037
1929,KIAA0232,ENSG00000170871,12364,12364
1930,TBC1D14,ENSG00000132405,6331,6331
1931,GRPEL1,ENSG00000109519,3554,3554
1932,WDR1,ENSG00000071127,1109,1109
1933,ZNF518B,ENSG00000178163,13662,13662
1934,RAB28,ENSG00000157869,9753,9753
1935,BOD1L1,ENSG00000038219,532,532
1936,FBXL5,ENSG00000118564,4674,4674
1937,FAM200B,ENSG00000237765,17605,17605
1938,TAPT1,ENSG00000169762,12132,12132
1939,QDPR,ENSG00000151552,9053,9053
1940,LAP3,ENSG00000002549,21,21
1941,MED28,ENSG00000118579,4675,4675
1942,DCAF16,ENSG00000163257,10518,10518
1943,NCAPG,ENSG00000109805,3585,3585
1944,LCORL,ENSG00000178177,13666,13666
1945,ADGRA3,ENSG00000152990,9232,9232
1946,DHX15,ENSG00000109606,3560,3560
1947,SEPSECS,ENSG00000109618,3562,3562
1948,PI4K2B,ENSG00000038210,531,531
1949,ANAPC4,ENSG00000053900,698,698
1950,SMIM20,ENSG00000250317,17851,17851
1951,RBPJ,ENSG00000168214,11792,11792
1952,STIM2,ENSG00000109689,3572,3572
1953,LINC02506,ENSG00000251129,18656,-1
1954,LINC02616,ENSG00000261761,18657,-1
1955,RELL1,ENSG00000181826,14173,14173
1956,PGM2,ENSG00000169299,12039,12039
1957,TBC1D1,ENSG00000065882,920,920
1958,KLF3,ENSG00000109787,3582,3582
1959,KLHL5,ENSG00000109790,3583,3583
1960,RFC1,ENSG00000035928,512,512
1961,RPL9,ENSG00000163682,18658,-1
1962,LIAS,ENSG00000121897,5039,5039
1963,UGDH,ENSG00000109814,3586,3586
1964,SMIM14,ENSG00000163683,10650,10650
1965,UBE2K,ENSG00000078140,1370,1370
1966,PDS5A,ENSG00000121892,5037,5037
1967,N4BP2,ENSG00000078177,1372,1372
1968,RHOH,ENSG00000168421,11843,11843
1969,TMEM33,ENSG00000109133,3520,3520
1970,SLC30A9,ENSG00000014824,344,344
1971,GUF1,ENSG00000151806,9092,9092
1972,GNPDA2,ENSG00000163281,10521,10521
1973,COMMD8,ENSG00000169019,11972,11972
1974,NFXL1,ENSG00000170448,12276,12276
1975,TEC,ENSG00000135605,6848,6848
1976,SLAIN2,ENSG00000109171,3523,3523
1977,SLC10A4,ENSG00000145248,8349,8349
1978,FRYL,ENSG00000075539,1271,1271
1979,OCIAD1,ENSG00000109180,3524,3524
1980,DCUN1D4,ENSG00000109184,3527,3527
1981,USP46,ENSG00000109189,3528,3528
1982,DANCR,ENSG00000226950,18659,-1
1983,SCFD2,ENSG00000184178,14606,14606
1984,FIP1L1,ENSG00000145216,8341,8341
1985,CHIC2,ENSG00000109220,3532,3532
1986,KIT,ENSG00000157404,9704,9704
1987,SRD5A3,ENSG00000128039,5768,5768
1988,TMEM165,ENSG00000134851,6705,6705
1989,CLOCK,ENSG00000134852,6706,6706
1990,EXOC1,ENSG00000090989,1848,1848
1991,CEP135,ENSG00000174799,13123,13123
1992,AASDH,ENSG00000157426,9706,9706
1993,PPAT,ENSG00000128059,5773,5773
1994,PAICS,ENSG00000128050,5771,5771
1995,SRP72,ENSG00000174780,13118,13118
1996,REST,ENSG00000084093,1571,1571
1997,NOA1,ENSG00000084092,1570,1570
1998,POLR2B,ENSG00000047315,602,602
1999,CENPC,ENSG00000145241,8344,8344
2000,UBA6,ENSG00000033178,490,490
2001,UBA6-AS1,ENSG00000248049,18660,-1
2002,YTHDC1,ENSG00000083896,1564,1564
2003,UTP3,ENSG00000132467,6345,6345
2004,RUFY3,ENSG00000018189,367,367
2005,GRSF1,ENSG00000132463,6341,6341
2006,MOB1B,ENSG00000173542,12924,12924
2007,DCK,ENSG00000156136,9557,9557
2008,COX18,ENSG00000163626,10629,10629
2009,ANKRD17,ENSG00000132466,6344,6344
2010,MTHFD2L,ENSG00000163738,10668,10668
2011,AREG,ENSG00000109321,3538,3538
2012,RCHY1,ENSG00000163743,10670,10670
2013,THAP6,ENSG00000174796,13122,13122
2014,G3BP2,ENSG00000138757,7438,7438
2015,USO1,ENSG00000138768,7444,7444
2016,SDAD1,ENSG00000198301,16234,16234
2017,NUP54,ENSG00000138750,7435,7435
2018,SCARB2,ENSG00000138760,7441,7441
2019,SEPTIN11,ENSG00000138758,7439,7439
2020,CCNI,ENSG00000118816,4693,4693
2021,CNOT6L,ENSG00000138767,7443,7443
2022,MRPL1,ENSG00000169288,18661,-1
2023,ANXA3,ENSG00000138772,7447,7447
2024,AC112253.1,ENSG00000287632,18662,-1
2025,BMP2K,ENSG00000138756,7437,7437
2026,PAQR3,ENSG00000163291,10526,10526
2027,ANTXR2,ENSG00000163297,10529,10529
2028,HNRNPD,ENSG00000138668,7417,7417
2029,HNRNPDL,ENSG00000152795,9214,9214
2030,ENOPH1,ENSG00000145293,8353,8353
2031,SEC31A,ENSG00000138674,7420,7420
2032,THAP9-AS1,ENSG00000251022,18663,-1
2033,LIN54,ENSG00000189308,15625,15625
2034,COPS4,ENSG00000138663,7416,7416
2035,COQ2,ENSG00000173085,12838,12838
2036,HELQ,ENSG00000163312,10530,10530
2037,MRPS18C,ENSG00000163319,18664,-1
2038,ABRAXAS1,ENSG00000163322,10532,10532
2039,ARHGAP24,ENSG00000138639,7407,7407
2040,AFF1,ENSG00000172493,12733,12733
2041,KLHL8,ENSG00000145332,8357,8357
2042,HSD17B11,ENSG00000198189,16214,16214
2043,NUDT9,ENSG00000170502,12294,12294
2044,PPM1K,ENSG00000163644,10640,10640
2045,PYURF,ENSG00000145337,8359,8359
2046,FAM13A,ENSG00000138640,7408,7408
2047,SMARCAD1,ENSG00000163104,10478,10478
2048,PDLIM5,ENSG00000163110,10480,10480
2049,RAP1GDS1,ENSG00000138698,7428,7428
2050,EIF4E,ENSG00000151247,9014,9014
2051,METAP1,ENSG00000164024,18665,-1
2052,ADH5,ENSG00000197894,16130,16130
2053,TRMT10A,ENSG00000145331,8356,8356
2054,LAMTOR3,ENSG00000109270,3535,3535
2055,DNAJB14,ENSG00000164031,10752,10752
2056,H2AFZ,ENSG00000164032,10753,10753
2057,PPP3CA,ENSG00000138814,7460,7460
2058,SLC39A8,ENSG00000138821,7461,7461
2059,NFKB1,ENSG00000109320,3537,3537
2060,MANBA,ENSG00000109323,3539,3539
2061,UBE2D3,ENSG00000109332,3540,3540
2062,CISD2,ENSG00000145354,8362,8362
2063,SLC9B2,ENSG00000164038,10756,10756
2064,BDH2,ENSG00000164039,10757,10757
2065,CENPE,ENSG00000138778,7449,7449
2066,TET2,ENSG00000168769,11913,11913
2067,PPA2,ENSG00000138777,7448,7448
2068,INTS12,ENSG00000138785,7451,7451
2069,GSTCD,ENSG00000138780,7450,7450
2070,TBCK,ENSG00000145348,8360,8360
2071,AIMP1,ENSG00000164022,10750,10750
2072,PAPSS1,ENSG00000138801,7457,7457
2073,HADH,ENSG00000138796,7455,7455
2074,LEF1,ENSG00000138795,7454,7454
2075,RPL34,ENSG00000109475,18666,-1
2076,OSTC,ENSG00000198856,16410,16410
2077,SEC24B,ENSG00000138802,7458,7458
2078,MCUB,ENSG00000005059,74,74
2079,CASP6,ENSG00000138794,7453,7453
2080,PLA2G12A,ENSG00000123739,5242,5242
2081,GAR1,ENSG00000109534,3555,3555
2082,ELOVL6,ENSG00000170522,12298,12298
2083,FAM241A,ENSG00000174749,13115,13115
2084,AP1AR,ENSG00000138660,7415,7415
2085,ZGRF1,ENSG00000138658,7414,7414
2086,LARP7,ENSG00000174720,13110,13110
2087,SNHG8,ENSG00000269893,18667,-1
2088,METTL14,ENSG00000145388,8369,8369
2089,USP53,ENSG00000145390,8370,8370
2090,C4orf3,ENSG00000164096,10787,10787
2091,MAD2L1,ENSG00000164109,10793,10793
2092,ANXA5,ENSG00000164111,10794,10794
2093,EXOSC9,ENSG00000123737,5241,5241
2094,CCNA2,ENSG00000145386,8368,8368
2095,BBS7,ENSG00000138686,7425,7425
2096,KIAA1109,ENSG00000138688,7426,7426
2097,FGF2,ENSG00000138685,7424,7424
2098,NUDT6,ENSG00000170917,18668,-1
2099,SPATA5,ENSG00000145375,8366,8366
2100,ANKRD50,ENSG00000151458,9038,9038
2101,INTU,ENSG00000164066,10770,10770
2102,HSPA4L,ENSG00000164070,10772,10772
2103,PLK4,ENSG00000142731,7967,7967
2104,MFSD8,ENSG00000164073,10773,10773
2105,ABHD18,ENSG00000164074,10774,10774
2106,LARP1B,ENSG00000138709,7429,7429
2107,PGRMC2,ENSG00000164040,10758,10758
2108,JADE1,ENSG00000077684,1352,1352
2109,SCLT1,ENSG00000151466,9041,9041
2110,C4orf33,ENSG00000151470,9043,9043
2111,SLC7A11,ENSG00000151012,8987,8987
2112,ELF2,ENSG00000109381,3542,3542
2113,NDUFC1,ENSG00000109390,3543,3543
2114,NAA15,ENSG00000164134,10808,10808
2115,AC097376.3,ENSG00000273247,18669,-1
2116,SETD7,ENSG00000145391,8371,8371
2117,MGST2,ENSG00000085871,1623,1623
2118,SCOC,ENSG00000153130,9250,9250
2119,ELMOD2,ENSG00000179387,13847,13847
2120,ZNF330,ENSG00000109445,3546,3546
2121,USP38,ENSG00000170185,12214,12214
2122,SMARCA5,ENSG00000153147,9253,9253
2123,GYPE,ENSG00000197465,16022,16022
2124,GYPB,ENSG00000250361,17852,17852
2125,GYPA,ENSG00000170180,12213,12213
2126,ANAPC10,ENSG00000164162,10813,10813
2127,ABCE1,ENSG00000164163,10814,10814
2128,OTUD4,ENSG00000164164,10815,10815
2129,SMAD1,ENSG00000170365,12253,12253
2130,ZNF827,ENSG00000151612,9060,9060
2131,LSM6,ENSG00000164167,10816,10816
2132,TMEM184C,ENSG00000164168,10817,10817
2133,PRMT9,ENSG00000164169,10818,10818
2134,LRBA,ENSG00000198589,16301,16301
2135,RPS3A,ENSG00000145425,18670,-1
2136,GATB,ENSG00000059691,780,780
2137,FBXW7,ENSG00000109670,3566,3566
2138,ARFIP1,ENSG00000164144,10811,10811
2139,MND1,ENSG00000121211,4978,4978
2140,TMEM131L,ENSG00000121210,4977,4977
2141,PLRG1,ENSG00000171566,12531,12531
2142,C4orf46,ENSG00000205208,16795,16795
2143,ETFDH,ENSG00000171503,12517,12517
2144,PPID,ENSG00000171497,12514,12514
2145,FNIP2,ENSG00000052795,684,684
2146,RAPGEF2,ENSG00000109756,3577,3577
2147,NAF1,ENSG00000145414,8372,8372
2148,TMA16,ENSG00000198498,16276,16276
2149,TMEM192,ENSG00000170088,12196,12196
2150,MSMO1,ENSG00000052802,685,685
2151,CBR4,ENSG00000145439,8377,8377
2152,NEK1,ENSG00000137601,7215,7215
2153,CLCN3,ENSG00000109572,3557,3557
2154,HPF1,ENSG00000056050,738,738
2155,GALNT7,ENSG00000109586,3559,3559
2156,HMGB2,ENSG00000164104,10790,10790
2157,SAP30,ENSG00000164105,10791,10791
2158,CEP44,ENSG00000164118,10800,10800
2159,SPCS3,ENSG00000129128,5887,5887
2160,NEIL3,ENSG00000109674,3567,3567
2161,DCTD,ENSG00000129187,5895,5895
2162,WWC2,ENSG00000151718,9080,9080
2163,CDKN2AIP,ENSG00000168564,11876,11876
2164,ING2,ENSG00000168556,11875,11875
2165,RWDD4,ENSG00000182552,14299,14299
2166,TRAPPC11,ENSG00000168538,11871,11871
2167,CASP3,ENSG00000164305,10860,10860
2168,PRIMPOL,ENSG00000164306,10861,10861
2169,CENPU,ENSG00000151725,9081,9081
2170,SLC25A4,ENSG00000151729,9083,9083
2171,CFAP97,ENSG00000164323,10866,10866
2172,UFSP2,ENSG00000109775,3581,3581
2173,FRG1,ENSG00000109536,3556,3556
2174,CCDC127,ENSG00000164366,10882,10882
2175,SDHA,ENSG00000073578,1190,1190
2176,PDCD6,ENSG00000249915,17841,17841
2177,EXOC3-AS1,ENSG00000221990,18671,-1
2178,EXOC3,ENSG00000180104,13946,13946
2179,BRD9,ENSG00000028310,459,459
2180,TRIP13,ENSG00000071539,1118,1118
2181,SLC12A7,ENSG00000113504,4054,4054
2182,CLPTM1L,ENSG00000049656,649,649
2183,LPCAT1,ENSG00000153395,9280,9280
2184,MRPL36,ENSG00000171421,18672,-1
2185,NDUFS6,ENSG00000145494,8381,8381
2186,ICE1,ENSG00000164151,18673,-1
2187,MED10,ENSG00000133398,6497,6497
2188,NSUN2,ENSG00000037474,524,524
2189,SRD5A1,ENSG00000145545,8386,8386
2190,TENT4A,ENSG00000112941,3990,3990
2191,MTRR,ENSG00000124275,5317,5317
2192,FASTKD3,ENSG00000124279,5318,5318
2193,MIR4458HG,ENSG00000247516,18674,-1
2194,ATPSCKMT,ENSG00000150756,8964,8964
2195,CCT5,ENSG00000150753,8963,8963
2196,CMBL,ENSG00000164237,10838,10838
2197,MARCH6,ENSG00000145495,8382,8382
2198,ANKRD33B,ENSG00000164236,10837,10837
2199,DAP,ENSG00000112977,3993,3993
2200,TRIO,ENSG00000038382,536,536
2201,OTULIN,ENSG00000154124,9347,9347
2202,ZNF622,ENSG00000173545,12925,12925
2203,DROSHA,ENSG00000113360,4037,4037
2204,C5orf22,ENSG00000082213,1516,1516
2205,GOLPH3,ENSG00000113384,4041,4041
2206,AC025181.2,ENSG00000272086,18675,-1
2207,MTMR12,ENSG00000150712,8960,8960
2208,ZFR,ENSG00000056097,739,739
2209,SUB1,ENSG00000113387,4042,4042
2210,TARS,ENSG00000113407,4046,4046
2211,RAI14,ENSG00000039560,546,546
2212,RAD1,ENSG00000113456,4050,4050
2213,BRIX1,ENSG00000113460,4051,4051
2214,DNAJC21,ENSG00000168724,11905,11905
2215,LMBRD2,ENSG00000164187,10827,10827
2216,SKP2,ENSG00000145604,8389,8389
2217,NADK2,ENSG00000152620,9193,9193
2218,NIPBL-DT,ENSG00000285967,18676,-1
2219,NIPBL,ENSG00000164190,10829,10829
2220,NUP155,ENSG00000113569,4062,4062
2221,WDR70,ENSG00000082068,1508,1508
2222,RICTOR,ENSG00000164327,10869,10869
2223,DAB2,ENSG00000153071,9244,9244
2224,TTC33,ENSG00000113638,4074,4074
2225,PRKAA1,ENSG00000132356,6321,6321
2226,RPL37,ENSG00000145592,18677,-1
2227,OXCT1,ENSG00000083720,1552,1552
2228,C5orf51,ENSG00000205765,16865,16865
2229,FBXO4,ENSG00000151876,9099,9099
2230,SELENOP,ENSG00000250722,17864,17864
2231,AC008875.3,ENSG00000287263,18678,-1
2232,AC025171.1,ENSG00000177738,18679,-1
2233,ANXA2R,ENSG00000177721,13605,13605
2234,AC025171.2,ENSG00000215068,18680,-1
2235,ZNF131,ENSG00000172262,12677,12677
2236,HMGCS1,ENSG00000112972,3992,3992
2237,TMEM267,ENSG00000151881,9100,9100
2238,C5orf34,ENSG00000172244,12674,12674
2239,PAIP1,ENSG00000172239,12672,12672
2240,NNT-AS1,ENSG00000248092,18681,-1
2241,NNT,ENSG00000112992,3997,3997
2242,MRPS30,ENSG00000112996,18682,-1
2243,PELO,ENSG00000152684,9200,9200
2244,MOCS2,ENSG00000164172,10820,10820
2245,NDUFS4,ENSG00000164258,10845,10845
2246,ARL15,ENSG00000185305,14840,14840
2247,DHX29,ENSG00000067248,978,978
2248,MTREX,ENSG00000039123,541,541
2249,IL6ST,ENSG00000134352,6628,6628
2250,MAP3K1,ENSG00000095015,1954,1954
2251,SETD9,ENSG00000155542,9491,9491
2252,MIER3,ENSG00000155545,9492,9492
2253,GPBP1,ENSG00000062194,815,815
2254,DEPDC1B,ENSG00000035499,506,506
2255,ERCC8,ENSG00000049167,636,636
2256,NDUFAF2,ENSG00000164182,10825,10825
2257,SMIM15,ENSG00000188725,15503,15503
2258,ZSWIM6,ENSG00000130449,6042,6042
2259,KIF2A,ENSG00000068796,1023,1023
2260,DIMT1,ENSG00000086189,1635,1635
2261,IPO11,ENSG00000086200,1636,1636
2262,SREK1IP1,ENSG00000153006,9234,9234
2263,CWC27,ENSG00000153015,9236,9236
2264,CENPK,ENSG00000123219,5183,5183
2265,PPWD1,ENSG00000113593,4067,4067
2266,TRAPPC13,ENSG00000113597,4070,4070
2267,SGTB,ENSG00000197860,16118,16118
2268,NLN,ENSG00000123213,5182,5182
2269,ERBIN,ENSG00000112851,3982,3982
2270,SREK1,ENSG00000153914,18683,-1
2271,MAST4,ENSG00000069020,1034,1034
2272,PIK3R1,ENSG00000145675,8395,8395
2273,SLC30A5,ENSG00000145740,8410,8410
2274,CCNB1,ENSG00000134057,6568,6568
2275,CENPH,ENSG00000153044,9238,9238
2276,MRPS36,ENSG00000134056,18684,-1
2277,CDK7,ENSG00000134058,6569,6569
2278,CCDC125,ENSG00000183323,14447,14447
2279,AK6,ENSG00000085231,1597,1597
2280,TAF9,ENSG00000273841,18254,18254
2281,RAD17,ENSG00000152942,9225,9225
2282,GTF2H2C,ENSG00000183474,14469,14469
2283,GTF2H2,ENSG00000145736,8409,8409
2284,BDP1,ENSG00000145734,8408,8408
2285,MCCC2,ENSG00000131844,6261,6261
2286,MAP1B,ENSG00000131711,6241,6241
2287,MRPS27,ENSG00000113048,18685,-1
2288,PTCD2,ENSG00000049883,654,654
2289,TNPO1,ENSG00000083312,1544,1544
2290,FCHO2,ENSG00000157107,9669,9669
2291,BTF3,ENSG00000145741,8411,8411
2292,UTP15,ENSG00000164338,10875,10875
2293,HEXB,ENSG00000049860,653,653
2294,GFM2,ENSG00000164347,10879,10879
2295,NSA2,ENSG00000164346,10878,10878
2296,HMGCR,ENSG00000113161,4009,4009
2297,CERT1,ENSG00000113163,4010,4010
2298,POLK,ENSG00000122008,5053,5053
2299,POC5,ENSG00000152359,9155,9155
2300,IQGAP2,ENSG00000145703,8401,8401
2301,F2R,ENSG00000181104,14088,14088
2302,AGGF1,ENSG00000164252,10842,10842
2303,WDR41,ENSG00000164253,10843,10843
2304,TBCA,ENSG00000171530,18686,-1
2305,AP3B1,ENSG00000132842,6416,6416
2306,SCAMP1-AS1,ENSG00000245556,18687,-1
2307,SCAMP1,ENSG00000085365,1600,1600
2308,JMY,ENSG00000152409,9161,9161
2309,HOMER1,ENSG00000152413,9162,9162
2310,TENT2,ENSG00000164329,10870,10870
2311,ZFYVE16,ENSG00000039319,543,543
2312,DHFR,ENSG00000228716,17431,17431
2313,MSH3,ENSG00000113318,4032,4032
2314,ZCCHC9,ENSG00000131732,6245,6245
2315,SSBP2,ENSG00000145687,8398,8398
2316,ATG10,ENSG00000152348,9154,9154
2317,RPS23,ENSG00000186468,18688,-1
2318,TMEM167A,ENSG00000174695,13106,13106
2319,XRCC4,ENSG00000152422,9163,9163
2320,COX7C,ENSG00000127184,5686,5686
2321,RASA1,ENSG00000145715,8403,8403
2322,CCNH,ENSG00000134480,6647,6647
2323,TMEM161B,ENSG00000164180,10823,10823
2324,TMEM161B-AS1,ENSG00000247828,18689,-1
2325,MEF2C,ENSG00000081189,1485,1485
2326,CETN3,ENSG00000153140,9252,9252
2327,MBLAC2,ENSG00000176055,13332,13332
2328,POLR3G,ENSG00000113356,4036,4036
2329,LYSMD3,ENSG00000176018,13325,13325
2330,SLF1,ENSG00000133302,6487,6487
2331,TTC37,ENSG00000198677,16321,16321
2332,ARSK,ENSG00000164291,10852,10852
2333,RFESD,ENSG00000175449,13241,13241
2334,RHOBTB3,ENSG00000164292,10853,10853
2335,GLRX,ENSG00000173221,12864,12864
2336,ELL2,ENSG00000118985,4708,4708
2337,CAST,ENSG00000153113,9249,9249
2338,LNPEP,ENSG00000113441,4048,4048
2339,RIOK2,ENSG00000058729,772,772
2340,CHD1,ENSG00000153922,9320,9320
2341,PAM,ENSG00000145730,8407,8407
2342,PPIP5K2,ENSG00000145725,8406,8406
2343,C5orf30,ENSG00000181751,14157,14157
2344,NUDT12,ENSG00000112874,3985,3985
2345,FER,ENSG00000151422,9036,9036
2346,PJA2,ENSG00000198961,16464,16464
2347,MAN2A1,ENSG00000112893,3987,3987
2348,SLC25A46,ENSG00000164209,10832,10832
2349,WDR36,ENSG00000134987,6729,6729
2350,STARD4,ENSG00000164211,10833,10833
2351,EPB41L4A-AS1,ENSG00000224032,18690,-1
2352,APC,ENSG00000134982,6727,6727
2353,SRP19,ENSG00000153037,9237,9237
2354,REEP5,ENSG00000129625,5944,5944
2355,DCP2,ENSG00000172795,12788,12788
2356,YTHDC2,ENSG00000047188,599,599
2357,PGGT1B,ENSG00000164219,10834,10834
2358,CCDC112,ENSG00000164221,10836,10836
2359,TMED7,ENSG00000134970,6726,6726
2360,ATG12,ENSG00000145782,8418,8418
2361,AP3S1,ENSG00000177879,13621,13621
2362,COMMD10,ENSG00000145781,8417,8417
2363,DMXL1,ENSG00000172869,12800,12800
2364,TNFAIP8,ENSG00000145779,8415,8415
2365,HSD17B4,ENSG00000133835,6540,6540
2366,SRFBP1,ENSG00000151304,9018,9018
2367,SNX2,ENSG00000205302,16807,16807
2368,PPIC,ENSG00000168938,11958,11958
2369,CSNK1G3,ENSG00000151292,9017,9017
2370,PHAX,ENSG00000164902,11006,11006
2371,LMNB1,ENSG00000113368,4039,4039
2372,PRRC1,ENSG00000164244,10840,10840
2373,LINC01184,ENSG00000245937,18691,-1
2374,SLC12A2,ENSG00000064651,863,863
2375,ISOC1,ENSG00000066583,950,950
2376,HINT1,ENSG00000169567,12089,12089
2377,LYRM7,ENSG00000186687,15122,15122
2378,CDC42SE2,ENSG00000158985,9887,9887
2379,RAPGEF6,ENSG00000158987,9888,9888
2380,FNIP1,ENSG00000217128,17252,17252
2381,RAD50,ENSG00000113522,4056,4056
2382,KIF3A,ENSG00000131437,6212,6212
2383,SEPTIN8,ENSG00000164402,10888,10888
2384,SHROOM1,ENSG00000164403,10889,10889
2385,UQCRQ,ENSG00000164405,10891,10891
2386,AFF4,ENSG00000072364,1150,1150
2387,ZCCHC10,ENSG00000155329,9475,9475
2388,HSPA4,ENSG00000170606,12315,12315
2389,C5orf15,ENSG00000113583,4066,4066
2390,VDAC1,ENSG00000213585,17049,17049
2391,TCF7,ENSG00000081059,1479,1479
2392,SKP1,ENSG00000113558,4061,4061
2393,PPP2CA,ENSG00000113575,4063,4063
2394,UBE2B,ENSG00000119048,4714,4714
2395,CDKN2AIPNL,ENSG00000237190,17586,17586
2396,SAR1B,ENSG00000152700,9202,9202
2397,SEC24A,ENSG00000113615,4072,4072
2398,CAMLG,ENSG00000164615,10933,10933
2399,DDX46,ENSG00000145833,8426,8426
2400,C5orf24,ENSG00000181904,14185,14185
2401,TXNDC15,ENSG00000113621,4073,4073
2402,PCBD2,ENSG00000132570,6363,6363
2403,PITX1,ENSG00000069011,1032,1032
2404,H2AFY,ENSG00000113648,4077,4077
2405,SMAD5,ENSG00000113658,4080,4080
2406,HNRNPA0,ENSG00000177733,13609,13609
2407,AC106791.1,ENSG00000250159,18692,-1
2408,FAM13B,ENSG00000031003,475,475
2409,BRD8,ENSG00000112983,3995,3995
2410,KIF20A,ENSG00000112984,3996,3996
2411,CDC23,ENSG00000094880,1948,1948
2412,CDC25C,ENSG00000158402,9810,9810
2413,FAM53C,ENSG00000120709,4924,4924
2414,KDM3B,ENSG00000120733,4928,4928
2415,EGR1,ENSG00000120738,4929,4929
2416,ETF1,ENSG00000120705,4922,4922
2417,HSPA9,ENSG00000113013,3998,3998
2418,CTNNA1,ENSG00000044115,587,587
2419,SIL1,ENSG00000120725,4925,4925
2420,SNHG4,ENSG00000281398,18693,-1
2421,MATR3,ENSG00000015479,18694,-1
2422,PAIP2,ENSG00000120727,4926,4926
2423,TMEM173,ENSG00000184584,14691,14691
2424,UBE2D2,ENSG00000131508,6228,6228
2425,CXXC5,ENSG00000171604,12537,12537
2426,PURA,ENSG00000185129,14801,14801
2427,CYSTM1,ENSG00000120306,4873,4873
2428,PFDN1,ENSG00000113068,3999,3999
2429,ANKHD1,ENSG00000131503,6225,6225
2430,SRA1,ENSG00000213523,17044,17044
2431,SLC35A4,ENSG00000176087,13336,13336
2432,NDUFA2,ENSG00000131495,6224,6224
2433,IK,ENSG00000113141,4008,4008
2434,WDR55,ENSG00000120314,4874,4874
2435,HARS,ENSG00000170445,12275,12275
2436,HARS2,ENSG00000112855,3984,3984
2437,ZMAT2,ENSG00000146007,8455,8455
2438,TAF7,ENSG00000178913,13764,13764
2439,DIAPH1,ENSG00000131504,6226,6226
2440,HDAC3,ENSG00000171720,12556,12556
2441,DELE1,ENSG00000081791,1497,1497
2442,RNF14,ENSG00000013561,330,330
2443,GNPDA1,ENSG00000113552,4059,4059
2444,NDFIP1,ENSG00000131507,6227,6227
2445,NR3C1,ENSG00000113580,4065,4065
2446,YIPF5,ENSG00000145817,8421,8421
2447,PRELID2,ENSG00000186314,15051,15051
2448,LARS,ENSG00000133706,6526,6526
2449,RBM27,ENSG00000091009,1849,1849
2450,TCERG1,ENSG00000113649,4078,4078
2451,FBXO38,ENSG00000145868,8433,8433
2452,GRPEL2,ENSG00000164284,10850,10850
2453,CSNK1A1,ENSG00000113712,4081,4081
2454,PPARGC1B,ENSG00000155846,9516,9516
2455,HMGXB3,ENSG00000113716,4082,4082
2456,TCOF1,ENSG00000070814,1099,1099
2457,RPS14,ENSG00000164587,18695,-1
2458,NDST1,ENSG00000070614,1089,1089
2459,RBM22,ENSG00000086589,1647,1647
2460,DCTN4,ENSG00000132912,6427,6427
2461,TNIP1,ENSG00000145901,8437,8437
2462,ANXA6,ENSG00000197043,15916,15916
2463,CCDC69,ENSG00000198624,16308,16308
2464,GM2A,ENSG00000196743,15847,15847
2465,ATOX1,ENSG00000177556,13571,13571
2466,G3BP1,ENSG00000145907,18696,-1
2467,FAM114A2,ENSG00000055147,726,726
2468,GALNT10,ENSG00000164574,10922,10922
2469,SAP30L,ENSG00000164576,10923,10923
2470,LARP1,ENSG00000155506,9487,9487
2471,CNOT8,ENSG00000155508,9488,9488
2472,GEMIN5,ENSG00000082516,1526,1526
2473,MRPL22,ENSG00000082515,18697,-1
2474,MED7,ENSG00000155868,9520,9520
2475,THG1L,ENSG00000113272,4024,4024
2476,CLINT1,ENSG00000113282,4026,4026
2477,RNF145,ENSG00000145860,8429,8429
2478,UBLCP1,ENSG00000164332,10873,10873
2479,TTC1,ENSG00000113312,4031,4031
2480,PWWP2A,ENSG00000170234,12221,12221
2481,SLU7,ENSG00000164609,10930,10930
2482,PTTG1,ENSG00000164611,10932,10932
2483,CCNG1,ENSG00000113328,4035,4035
2484,NUDCD2,ENSG00000170584,12312,12312
2485,HMMR,ENSG00000072571,1157,1157
2486,MAT2B,ENSG00000038274,533,533
2487,RARS,ENSG00000113643,4075,4075
2488,PANK3,ENSG00000120137,4850,4850
2489,SPDL1,ENSG00000040275,550,550
2490,DOCK2,ENSG00000134516,6652,6652
2491,LCP2,ENSG00000043462,582,582
2492,NPM1,ENSG00000181163,18698,-1
2493,FBXW11,ENSG00000072803,1166,1166
2494,ERGIC1,ENSG00000113719,4083,4083
2495,RPL26L1,ENSG00000037241,18699,-1
2496,ATP6V0E1,ENSG00000113732,4086,4086
2497,CREBRF,ENSG00000164463,10903,10903
2498,BNIP1,ENSG00000113734,4087,4087
2499,BOD1,ENSG00000145919,8442,8442
2500,CPEB4,ENSG00000113742,4089,4089
2501,SFXN1,ENSG00000164466,10905,10905
2502,THOC3,ENSG00000051596,677,677
2503,AC139493.2,ENSG00000283235,18700,-1
2504,SIMC1,ENSG00000170085,12195,12195
2505,KIAA1191,ENSG00000122203,5072,5072
2506,NOP16,ENSG00000048162,621,621
2507,HIGD2A,ENSG00000146066,8464,8464
2508,CLTB,ENSG00000175416,13238,13238
2509,FAF2,ENSG00000113194,4011,4011
2510,RNF44,ENSG00000146083,8468,8468
2511,TSPAN17,ENSG00000048140,620,620
2512,UIMC1,ENSG00000087206,1676,1676
2513,ZNF346,ENSG00000113761,4092,4092
2514,NSD1,ENSG00000165671,11182,11182
2515,MXD3,ENSG00000213347,17025,17025
2516,PRELID1,ENSG00000169230,12022,12022
2517,LMAN2,ENSG00000169223,12019,12019
2518,RGS14,ENSG00000169220,12017,12017
2519,F12,ENSG00000131187,6184,6184
2520,GRK6,ENSG00000198055,16174,16174
2521,DBN1,ENSG00000113758,4091,4091
2522,PDLIM7,ENSG00000196923,15888,15888
2523,DOK3,ENSG00000146094,8471,8471
2524,DDX41,ENSG00000183258,14431,14431
2525,FAM193B,ENSG00000146067,8465,8465
2526,TMED9,ENSG00000184840,14731,14731
2527,B4GALT7,ENSG00000027847,453,453
2528,RMND5B,ENSG00000145916,8441,8441
2529,NHP2,ENSG00000145912,8440,8440
2530,HNRNPAB,ENSG00000197451,16018,16018
2531,PHYKPL,ENSG00000175309,13217,13217
2532,COL23A1,ENSG00000050767,668,668
2533,CLK4,ENSG00000113240,4018,4018
2534,RUFY1,ENSG00000176783,13446,13446
2535,HNRNPH1,ENSG00000169045,18701,-1
2536,CANX,ENSG00000127022,5675,5675
2537,MAML1,ENSG00000161021,10157,10157
2538,MGAT4B,ENSG00000161013,10156,10156
2539,SQSTM1,ENSG00000161011,10155,10155
2540,MRNIP,ENSG00000161010,10154,10154
2541,TBC1D9B,ENSG00000197226,15965,15965
2542,RNF130,ENSG00000113269,4023,4023
2543,MAPK9,ENSG00000050748,667,667
2544,CNOT6,ENSG00000113300,4028,4028
2545,MGAT1,ENSG00000131446,6213,6213
2546,HEIH,ENSG00000278970,18702,-1
2547,TRIM41,ENSG00000146063,8463,8463
2548,RACK1,ENSG00000204628,16693,16693
2549,AC008443.1,ENSG00000233937,18703,-1
2550,TRIM52,ENSG00000183718,14523,14523
2551,TRIM52-AS1,ENSG00000248275,18704,-1
2552,DUSP22,ENSG00000112679,3960,3960
2553,EXOC2,ENSG00000112685,3961,3961
2554,FOXC1,ENSG00000054598,711,711
2555,GMDS,ENSG00000112699,3964,3964
2556,WRNIP1,ENSG00000124535,5351,5351
2557,SERPINB1,ENSG00000021355,394,394
2558,SERPINB9,ENSG00000170542,12303,12303
2559,SERPINB6,ENSG00000124570,5357,5357
2560,NQO2,ENSG00000124588,5361,5361
2561,RIPK1,ENSG00000137275,7167,7167
2562,BPHL,ENSG00000137274,7166,7166
2563,TUBB2A,ENSG00000137267,7162,7162
2564,TUBB2B,ENSG00000137285,7168,7168
2565,PSMG4,ENSG00000180822,14037,14037
2566,SLC22A23,ENSG00000137266,7161,7161
2567,PRPF4B,ENSG00000112739,3968,3968
2568,ECI2,ENSG00000198721,16339,16339
2569,CDYL,ENSG00000153046,9239,9239
2570,RPP40,ENSG00000124787,5392,5392
2571,LYRM4,ENSG00000214113,17115,17115
2572,FARS2,ENSG00000145982,8450,8450
2573,RREB1,ENSG00000124782,5387,5387
2574,SSR1,ENSG00000124783,5388,5388
2575,RIOK1,ENSG00000124784,5389,5389
2576,SNRNP48,ENSG00000168566,11877,11877
2577,TXNDC5,ENSG00000239264,17612,17612
2578,BLOC1S5,ENSG00000188428,15449,15449
2579,EEF1E1,ENSG00000124802,5396,5396
2580,TFAP2A,ENSG00000137203,7149,7149
2581,TFAP2A-AS2,ENSG00000285278,18705,-1
2582,C6orf52,ENSG00000137434,7185,7185
2583,PAK1IP1,ENSG00000111845,3838,3838
2584,TMEM14C,ENSG00000111843,3837,3837
2585,TMEM14B,ENSG00000137210,7152,7152
2586,SYCP2L,ENSG00000153157,9254,9254
2587,ELOVL2,ENSG00000197977,16154,16154
2588,SMIM13,ENSG00000224531,17358,17358
2589,HIVEP1,ENSG00000095951,18706,-1
2590,PHACTR1,ENSG00000112137,3876,3876
2591,TBC1D7,ENSG00000145979,8449,8449
2592,SIRT5,ENSG00000124523,5349,5349
2593,NOL7,ENSG00000225921,17379,17379
2594,RANBP9,ENSG00000010017,240,240
2595,MCUR1,ENSG00000050393,660,660
2596,JARID2,ENSG00000008083,196,196
2597,DTNBP1,ENSG00000047579,608,608
2598,MYLIP,ENSG00000007944,191,191
2599,GMPR,ENSG00000137198,7147,7147
2600,FAM8A1,ENSG00000137414,7184,7184
2601,NUP153,ENSG00000124789,5394,5394
2602,KIF13A,ENSG00000137177,7144,7144
2603,TPMT,ENSG00000137364,7177,7177
2604,KDM1B,ENSG00000165097,11053,11053
2605,DEK,ENSG00000124795,5395,5395
2606,MBOAT1,ENSG00000172197,12663,12663
2607,E2F3,ENSG00000112242,3899,3899
2608,CDKAL1,ENSG00000145996,8452,8452
2609,SOX4,ENSG00000124766,5383,5383
2610,MRS2,ENSG00000124532,5350,5350
2611,ALDH5A1,ENSG00000112294,3908,3908
2612,TDP2,ENSG00000111802,3831,3831
2613,ACOT13,ENSG00000112304,3912,3912
2614,C6orf62,ENSG00000112308,3914,3914
2615,GMNN,ENSG00000112312,3916,3916
2616,CARMIL1,ENSG00000079691,1430,1430
2617,TRIM38,ENSG00000112343,3923,3923
2618,HIST1H3B,ENSG00000286522,18707,-1
2619,HIST1H1C,ENSG00000187837,15329,15329
2620,HIST1H4C,ENSG00000197061,15924,15924
2621,HIST1H2BC,ENSG00000180596,18708,-1
2622,HIST1H2AC,ENSG00000180573,14006,14006
2623,HIST1H1E,ENSG00000168298,11816,11816
2624,HIST1H2BD,ENSG00000158373,18709,-1
2625,HIST1H2BG,ENSG00000273802,18252,18252
2626,HIST1H1D,ENSG00000124575,5359,5359
2627,HIST1H2BH,ENSG00000275713,18304,18304
2628,HIST1H4H,ENSG00000158406,18710,-1
2629,BTN3A2,ENSG00000186470,15084,15084
2630,BTN2A1,ENSG00000112763,3972,3972
2631,HCG11,ENSG00000228223,18711,-1
2632,HMGN4,ENSG00000182952,14374,14374
2633,ABT1,ENSG00000146109,8472,8472
2634,ZNF322,ENSG00000181315,14105,14105
2635,AL590062.1,ENSG00000287966,18712,-1
2636,HIST1H2BJ,ENSG00000124635,18713,-1
2637,HIST1H2AG,ENSG00000196787,15858,15858
2638,HIST1H2BK,ENSG00000197903,18714,-1
2639,HIST1H2AH,ENSG00000274997,18281,18281
2640,HIST1H3H,ENSG00000278828,18383,18383
2641,HIST1H2BN,ENSG00000233822,17514,17514
2642,HIST1H1B,ENSG00000184357,14644,14644
2643,ZSCAN16-AS1,ENSG00000269293,18715,-1
2644,ZKSCAN8,ENSG00000198315,16235,16235
2645,ZSCAN9,ENSG00000137185,7145,7145
2646,ZKSCAN4,ENSG00000187626,15280,15280
2647,PGBD1,ENSG00000137338,7175,7175
2648,ZSCAN12,ENSG00000158691,9850,9850
2649,TRIM27,ENSG00000204713,16718,16718
2650,ZNRD1,ENSG00000066379,942,942
2651,PPP1R11,ENSG00000204619,16691,16691
2652,TRIM26,ENSG00000234127,17518,17518
2653,HCG18,ENSG00000231074,18716,-1
2654,RPP21,ENSG00000241370,17679,17679
2655,HLA-E,ENSG00000204592,18717,-1
2656,GNL1,ENSG00000204590,16680,16680
2657,PRR3,ENSG00000204576,16677,16677
2658,ABCF1,ENSG00000204574,16676,16676
2659,PPP1R10,ENSG00000204569,16673,16673
2660,MRPS18B,ENSG00000204568,18718,-1
2661,C6orf136,ENSG00000204564,16672,16672
2662,DHX16,ENSG00000204560,16671,16671
2663,PPP1R18,ENSG00000146112,8473,8473
2664,NRM,ENSG00000137404,7180,7180
2665,MDC1,ENSG00000137337,7174,7174
2666,TUBB,ENSG00000196230,15697,15697
2667,FLOT1,ENSG00000137312,7172,7172
2668,IER3,ENSG00000137331,7173,7173
2669,GTF2H4,ENSG00000213780,17070,17070
2670,VARS2,ENSG00000137411,7182,7182
2671,CCHCR1,ENSG00000204536,16664,16664
2672,TCF19,ENSG00000137310,7171,7171
2673,HLA-C,ENSG00000204525,18719,-1
2674,MICB,ENSG00000204516,16657,16657
2675,DDX39B,ENSG00000198563,16293,16293
2676,NFKBIL1,ENSG00000204498,16651,16651
2677,LST1,ENSG00000204482,16650,16650
2678,AIF1,ENSG00000204472,16644,16644
2679,PRRC2A,ENSG00000204469,16643,16643
2680,BAG6,ENSG00000204463,16642,16642
2681,C6orf47,ENSG00000204439,16637,16637
2682,GPANK1,ENSG00000204438,16636,16636
2683,CSNK2B,ENSG00000204435,16635,16635
2684,ABHD16A,ENSG00000204427,16633,16633
2685,MPIG6B,ENSG00000204420,16630,16630
2686,DDAH2,ENSG00000213722,17066,17066
2687,CLIC1,ENSG00000213719,17065,17065
2688,VARS,ENSG00000204394,16624,16624
2689,LSM2,ENSG00000204392,16623,16623
2690,HSPA1A,ENSG00000204389,16621,16621
2691,HSPA1B,ENSG00000204388,16620,16620
2692,SNHG32,ENSG00000204387,16619,16619
2693,NEU1,ENSG00000204386,16618,16618
2694,EHMT2,ENSG00000204371,16615,16615
2695,NELFE,ENSG00000204356,16611,16611
2696,SKIV2L,ENSG00000204351,16609,16609
2697,DXO,ENSG00000204348,16608,16608
2698,STK19,ENSG00000204344,16605,16605
2699,ATF6B,ENSG00000213676,17061,17061
2700,FKBPL,ENSG00000204315,16601,16601
2701,PPT2,ENSG00000221988,17325,17325
2702,EGFL8,ENSG00000241404,17681,17681
2703,AGPAT1,ENSG00000204310,16598,16598
2704,RNF5,ENSG00000204308,16597,16597
2705,PBX2,ENSG00000204304,16595,16595
2706,GPSM3,ENSG00000213654,17058,17058
2707,BRD2,ENSG00000204256,16583,16583
2708,RXRB,ENSG00000204231,16579,16579
2709,SLC39A7,ENSG00000112473,3935,3935
2710,RING1,ENSG00000204227,16577,16577
2711,VPS52,ENSG00000223501,17341,17341
2712,RPS18,ENSG00000231500,18720,-1
2713,WDR46,ENSG00000227057,17404,17404
2714,PFDN6,ENSG00000204220,16576,16576
2715,RGL2,ENSG00000237441,17595,17595
2716,TAPBP,ENSG00000231925,17479,17479
2717,DAXX,ENSG00000204209,16573,16573
2718,KIFC1,ENSG00000237649,17601,17601
2719,PHF1,ENSG00000112511,3939,3939
2720,CUTA,ENSG00000112514,3940,3940
2721,BAK1,ENSG00000030110,471,471
2722,ITPR3,ENSG00000096433,2000,2000
2723,UQCC2,ENSG00000137288,7169,7169
2724,LEMD2,ENSG00000161904,10225,10225
2725,HMGA1,ENSG00000137309,7170,7170
2726,SMIM29,ENSG00000186577,15105,15105
2727,NUDT3,ENSG00000272325,18226,18226
2728,RPS10,ENSG00000124614,18721,-1
2729,ILRUN,ENSG00000196821,15866,15866
2730,SNRPC,ENSG00000124562,5354,5354
2731,UHRF1BP1,ENSG00000065060,884,884
2732,TAF11,ENSG00000064995,878,878
2733,ANKS1A,ENSG00000064999,879,879
2734,ZNF76,ENSG00000065029,881,881
2735,DEF6,ENSG00000023892,424,424
2736,FANCE,ENSG00000112039,3863,3863
2737,RPL10A,ENSG00000198755,18722,-1
2738,FKBP5,ENSG00000096060,1990,1990
2739,SRPK1,ENSG00000096063,1991,1991
2740,MAPK14,ENSG00000112062,3866,3866
2741,BRPF3,ENSG00000096070,1992,1992
2742,KCTD20,ENSG00000112078,3868,3868
2743,STK38,ENSG00000112079,3869,3869
2744,SRSF3,ENSG00000112081,3870,3870
2745,PPIL1,ENSG00000137168,7142,7142
2746,C6orf89,ENSG00000198663,16317,16317
2747,MTCH1,ENSG00000137409,7181,7181
2748,PIM1,ENSG00000137193,7146,7146
2749,TBC1D22B,ENSG00000065491,902,902
2750,RNF8,ENSG00000112130,3875,3875
2751,CMTR1,ENSG00000137200,7148,7148
2752,CCDC167,ENSG00000198937,16452,16452
2753,ZFAND3,ENSG00000156639,9617,9617
2754,GLO1,ENSG00000124767,5384,5384
2755,SAYSD1,ENSG00000112167,3883,3883
2756,OARD1,ENSG00000124596,5362,5362
2757,FOXP4,ENSG00000137166,7141,7141
2758,TOMM6,ENSG00000214736,17169,17169
2759,USP49,ENSG00000164663,10946,10946
2760,MED20,ENSG00000124641,5368,5368
2761,BYSL,ENSG00000112578,3949,3949
2762,CCND3,ENSG00000112576,3948,3948
2763,TAF8,ENSG00000137413,7183,7183
2764,MRPS10,ENSG00000048544,18723,-1
2765,UBR2,ENSG00000024048,427,427
2766,TBCC,ENSG00000124659,5370,5370
2767,RPL7L1,ENSG00000146223,18724,-1
2768,CNPY3,ENSG00000137161,7140,7140
2769,PEX6,ENSG00000124587,5360,5360
2770,PPP2R5D,ENSG00000112640,3955,3955
2771,MEA1,ENSG00000124733,5379,5379
2772,KLHDC3,ENSG00000124702,5375,5375
2773,RRP36,ENSG00000124541,5352,5352
2774,MRPL2,ENSG00000112651,18725,-1
2775,PTK7,ENSG00000112655,3956,3956
2776,SRF,ENSG00000112658,3957,3957
2777,DNPH1,ENSG00000112667,3959,3959
2778,ZNF318,ENSG00000171467,12502,12502
2779,ABCC10,ENSG00000124574,18726,-1
2780,TJAP1,ENSG00000137221,7155,7155
2781,POLR1C,ENSG00000171453,12497,12497
2782,YIPF3,ENSG00000137207,7151,7151
2783,XPO5,ENSG00000124571,5358,5358
2784,GTPBP2,ENSG00000172432,12718,12718
2785,MAD2L1BP,ENSG00000124688,5373,5373
2786,MRPS18A,ENSG00000096080,18727,-1
2787,VEGFA,ENSG00000112715,3967,3967
2788,MRPL14,ENSG00000180992,18728,-1
2789,TMEM63B,ENSG00000137216,7153,7153
2790,SLC29A1,ENSG00000112759,3970,3970
2791,HSP90AB1,ENSG00000096384,1997,1997
2792,SLC35B2,ENSG00000157593,9725,9725
2793,AARS2,ENSG00000124608,5364,5364
2794,CDC5L,ENSG00000096401,1999,1999
2795,SUPT3H,ENSG00000196284,15712,15712
2796,RUNX2,ENSG00000124813,5398,5398
2797,CD2AP,ENSG00000198087,16183,16183
2798,MMUT,ENSG00000146085,8469,8469
2799,CENPQ,ENSG00000031691,477,477
2800,RHAG,ENSG00000112077,3867,3867
2801,TFAP2B,ENSG00000008196,201,201
2802,MCM3,ENSG00000112118,3874,3874
2803,EFHC1,ENSG00000096093,1995,1995
2804,TRAM2,ENSG00000065308,891,891
2805,TMEM14A,ENSG00000096092,1994,1994
2806,ICK,ENSG00000112144,3878,3878
2807,FBXO9,ENSG00000112146,3879,3879
2808,ELOVL5,ENSG00000012660,311,311
2809,GCLC,ENSG00000001084,8,8
2810,DST,ENSG00000151914,9105,9105
2811,KIAA1586,ENSG00000168116,11778,11778
2812,ZNF451,ENSG00000112200,3889,3889
2813,BAG2,ENSG00000112208,3890,3890
2814,PRIM2,ENSG00000146143,8475,8475
2815,AL021368.2,ENSG00000272316,18729,-1
2816,PHF3,ENSG00000118482,4658,4658
2817,AL713998.1,ENSG00000227706,18730,-1
2818,LMBRD1,ENSG00000168216,11793,11793
2819,FAM135A,ENSG00000082269,1518,1518
2820,SMAP1,ENSG00000112305,3913,3913
2821,KCNQ5,ENSG00000185760,14928,14928
2822,KHDC1,ENSG00000135314,6780,6780
2823,MTO1,ENSG00000135297,6777,6777
2824,EEF1A1,ENSG00000156508,18731,-1
2825,COX7A2,ENSG00000112695,3962,3962
2826,TMEM30A,ENSG00000112697,3963,3963
2827,SENP6,ENSG00000112701,3965,3965
2828,MYO6,ENSG00000196586,15807,15807
2829,PHIP,ENSG00000146247,8488,8488
2830,HMGN3,ENSG00000118418,4652,4652
2831,TTK,ENSG00000112742,3969,3969
2832,BCKDHB,ENSG00000083123,1539,1539
2833,IBTK,ENSG00000005700,100,100
2834,UBE3D,ENSG00000118420,4653,4653
2835,DOP1A,ENSG00000083097,1537,1537
2836,PGM3,ENSG00000013375,325,325
2837,ME1,ENSG00000065833,919,919
2838,CYB5R4,ENSG00000065615,911,911
2839,MRAP2,ENSG00000135324,6785,6785
2840,CEP162,ENSG00000135315,6781,6781
2841,TBX18,ENSG00000112837,3981,3981
2842,SNX14,ENSG00000135317,6783,6783
2843,SYNCRIP,ENSG00000135316,6782,6782
2844,SNHG5,ENSG00000203875,18732,-1
2845,ZNF292,ENSG00000188994,15563,15563
2846,SMIM8,ENSG00000111850,3840,3840
2847,SLC35A1,ENSG00000164414,10894,10894
2848,RARS2,ENSG00000146282,8495,8495
2849,ORC3,ENSG00000135336,6788,6788
2850,AKIRIN2,ENSG00000135334,6787,6787
2851,RNGTT,ENSG00000111880,3847,3847
2852,PNRC1,ENSG00000146278,8493,8493
2853,UBE2J1,ENSG00000198833,16393,16393
2854,RRAGD,ENSG00000025039,431,431
2855,LYRM2,ENSG00000083099,1538,1538
2856,MDN1,ENSG00000112159,3881,3881
2857,CASP8AP2,ENSG00000118412,4651,4651
2858,MAP3K7,ENSG00000135341,6790,6790
2859,MANEA,ENSG00000172469,12727,12727
2860,UFL1,ENSG00000014123,338,338
2861,NDUFAF4,ENSG00000123545,5217,5217
2862,MMS22L,ENSG00000146263,8490,8490
2863,FBXL4,ENSG00000112234,3896,3896
2864,COQ3,ENSG00000132423,6333,6333
2865,PNISR,ENSG00000132424,6334,6334
2866,USP45,ENSG00000123552,5218,5218
2867,TSTD3,ENSG00000279170,18733,-1
2868,CCNC,ENSG00000112237,3897,3897
2869,ASCC3,ENSG00000112249,3901,3901
2870,LIN28B,ENSG00000187772,15311,15311
2871,POPDC3,ENSG00000132429,6335,6335
2872,PREP,ENSG00000085377,1601,1601
2873,ATG5,ENSG00000057663,756,756
2874,CRYBG1,ENSG00000112297,3909,3909
2875,RTN4IP1,ENSG00000130347,6026,6026
2876,QRSL1,ENSG00000130348,6027,6027
2877,MTRES1,ENSG00000130349,6028,6028
2878,PDSS2,ENSG00000164494,10910,10910
2879,SEC63,ENSG00000025796,439,439
2880,OSTM1,ENSG00000081087,1480,1480
2881,SNX3,ENSG00000112335,3920,3920
2882,AFG1L,ENSG00000135537,6837,6837
2883,FOXO3,ENSG00000118689,4682,4682
2884,SESN1,ENSG00000080546,1453,1453
2885,CEP57L1,ENSG00000183137,14413,14413
2886,CD164,ENSG00000135535,6836,6836
2887,ZBTB24,ENSG00000112365,3925,3925
2888,WASF1,ENSG00000112290,3906,3906
2889,CDC40,ENSG00000168438,11846,11846
2890,CDK19,ENSG00000155111,9458,9458
2891,AMD1,ENSG00000123505,5216,5216
2892,GTF3C6,ENSG00000155115,9459,9459
2893,RPF2,ENSG00000197498,16031,16031
2894,MFSD4B,ENSG00000173214,12862,12862
2895,REV3L,ENSG00000009413,229,229
2896,FYN,ENSG00000010810,266,266
2897,TUBE1,ENSG00000074935,1238,1238
2898,FAM229B,ENSG00000203778,16494,16494
2899,HDAC2,ENSG00000196591,15810,15810
2900,NT5DC1,ENSG00000178425,13704,13704
2901,TSPYL4,ENSG00000187189,15223,15223
2902,TSPYL1,ENSG00000189241,15614,15614
2903,RWDD1,ENSG00000111832,3834,3834
2904,ZUP1,ENSG00000153975,9326,9326
2905,KPNA5,ENSG00000196911,15884,15884
2906,DCBLD1,ENSG00000164465,10904,10904
2907,GOPC,ENSG00000047932,616,616
2908,NUS1,ENSG00000153989,9329,9329
2909,CEP85L,ENSG00000111860,3842,3842
2910,MCM9,ENSG00000111877,3845,3845
2911,ASF1A,ENSG00000111875,3844,3844
2912,FAM184A,ENSG00000111879,3846,3846
2913,MAN1A1,ENSG00000111885,3848,3848
2914,HSF2,ENSG00000025156,432,432
2915,SERINC1,ENSG00000111897,3850,3850
2916,PKIB,ENSG00000135549,6841,6841
2917,RNF217,ENSG00000146373,8500,8500
2918,TPD52L1,ENSG00000111907,3852,3852
2919,HDDC2,ENSG00000111906,3851,3851
2920,NCOA7,ENSG00000111912,3854,3854
2921,HINT3,ENSG00000111911,3853,3853
2922,TRMT11,ENSG00000066651,952,952
2923,CENPW,ENSG00000203760,16492,16492
2924,RNF146,ENSG00000118518,4669,4669
2925,ECHDC1,ENSG00000093144,1938,1938
2926,ARHGAP18,ENSG00000146376,8502,8502
2927,EPB41L2,ENSG00000079819,1434,1434
2928,MED23,ENSG00000112282,3905,3905
2929,STX7,ENSG00000079950,1437,1437
2930,SLC18B1,ENSG00000146409,8508,8508
2931,RPS12,ENSG00000112306,18734,-1
2932,TBPL1,ENSG00000028839,461,461
2933,SGK1,ENSG00000118515,4668,4668
2934,HBS1L,ENSG00000112339,3922,3922
2935,MYB,ENSG00000118513,4666,4666
2936,AHI1,ENSG00000135541,6839,6839
2937,MTFR2,ENSG00000146410,8509,8509
2938,BCLAF1,ENSG00000029363,463,463
2939,PEX7,ENSG00000112357,3924,3924
2940,IFNGR1,ENSG00000027697,452,452
2941,HEBP2,ENSG00000051620,678,678
2942,CCDC28A,ENSG00000024862,430,430
2943,REPS1,ENSG00000135597,6846,6846
2944,ABRACL,ENSG00000146386,8506,8506
2945,CITED2,ENSG00000164442,10900,10900
2946,AL035446.1,ENSG00000234147,18735,-1
2947,VTA1,ENSG00000009844,237,237
2948,ADAT2,ENSG00000189007,15567,15567
2949,PEX3,ENSG00000034693,501,501
2950,FUCA2,ENSG00000001036,7,7
2951,PHACTR2,ENSG00000112419,3932,3932
2952,LTV1,ENSG00000135521,6834,6834
2953,PLAGL1,ENSG00000118495,4661,4661
2954,SF3B5,ENSG00000169976,12176,12176
2955,FBXO30,ENSG00000118496,4662,4662
2956,SHPRH,ENSG00000146414,8511,8511
2957,RAB32,ENSG00000118508,4665,4665
2958,STXBP5,ENSG00000164506,10912,10912
2959,TAB2,ENSG00000055208,728,728
2960,PPIL4,ENSG00000131013,6146,6146
2961,GINM1,ENSG00000055211,729,729
2962,KATNA1,ENSG00000186625,15109,15109
2963,LATS1,ENSG00000131023,6151,6151
2964,NUP43,ENSG00000120253,4864,4864
2965,PCMT1,ENSG00000120265,4868,4868
2966,MTHFD1L,ENSG00000120254,4865,4865
2967,ZBTB2,ENSG00000181472,14124,14124
2968,RMND1,ENSG00000155906,9528,9528
2969,ARMT1,ENSG00000146476,8520,8520
2970,LINC02840,ENSG00000224893,18736,-1
2971,FBXO5,ENSG00000112029,3859,3859
2972,MTRF1L,ENSG00000112031,3860,3860
2973,SCAF8,ENSG00000213079,16998,16998
2974,TFB1M,ENSG00000029639,467,467
2975,ARID1B,ENSG00000049618,648,648
2976,TMEM242,ENSG00000215712,17236,17236
2977,SNX9,ENSG00000130340,6025,6025
2978,SYNJ2,ENSG00000078269,1375,1375
2979,GTF2H5,ENSG00000272047,18225,18225
2980,TULP4,ENSG00000130338,6024,6024
2981,TMEM181,ENSG00000146433,8515,8515
2982,DYNLT1,ENSG00000146425,8513,8513
2983,EZR,ENSG00000092820,1922,1922
2984,SOD2,ENSG00000112096,3871,3871
2985,WTAP,ENSG00000146457,8517,8517
2986,ACAT2,ENSG00000120437,4887,4887
2987,TCP1,ENSG00000120438,4888,4888
2988,MRPL18,ENSG00000112110,18737,-1
2989,IGF2R,ENSG00000197081,15930,15930
2990,MAP3K4,ENSG00000085511,1608,1608
2991,AGPAT4,ENSG00000026652,446,446
2992,QKI,ENSG00000112531,3942,3942
2993,SFT2D1,ENSG00000198818,16385,16385
2994,MPC1,ENSG00000060762,800,800
2995,RNASET2,ENSG00000026297,443,443
2996,Z94721.3,ENSG00000285730,18738,-1
2997,FGFR1OP,ENSG00000213066,16997,16997
2998,WDR27,ENSG00000184465,14666,14666
2999,C6orf120,ENSG00000185127,14800,14800
3000,PHF10,ENSG00000130024,5975,5975
3001,FAM120B,ENSG00000112584,3950,3950
3002,PSMB1,ENSG00000008018,194,194
3003,TBP,ENSG00000112592,3951,3951
3004,PDCD2,ENSG00000071994,1132,1132
3005,PRKAR1B,ENSG00000188191,15401,15401
3006,DNAAF5,ENSG00000164818,10983,10983
3007,SUN1,ENSG00000164828,10988,10988
3008,COX19,ENSG00000240230,17645,17645
3009,C7orf50,ENSG00000146540,8524,8524
3010,ZFAND2A,ENSG00000178381,13695,13695
3011,INTS1,ENSG00000164880,10998,10998
3012,PSMG3,ENSG00000157778,9743,9743
3013,MAD1L1,ENSG00000002822,27,27
3014,MRM2,ENSG00000122687,5120,5120
3015,NUDT1,ENSG00000106268,3174,3174
3016,SNX8,ENSG00000106266,3173,3173
3017,EIF3B,ENSG00000106263,3172,3172
3018,CHST12,ENSG00000136213,6967,6967
3019,BRAT1,ENSG00000106009,3139,3139
3020,IQCE,ENSG00000106012,3140,3140
3021,GNA12,ENSG00000146535,8523,8523
3022,FOXK1,ENSG00000164916,11008,11008
3023,AP5Z1,ENSG00000242802,17722,17722
3024,RBAK,ENSG00000146587,8528,8528
3025,WIPI2,ENSG00000157954,9764,9764
3026,TNRC18,ENSG00000182095,14210,14210
3027,ACTB,ENSG00000075624,1274,1274
3028,FSCN1,ENSG00000075618,1273,1273
3029,RNF216,ENSG00000011275,282,282
3030,CCZ1,ENSG00000122674,5117,5117
3031,PMS2,ENSG00000122512,5099,5099
3032,AIMP2,ENSG00000106305,3180,3180
3033,EIF2AK1,ENSG00000086232,1638,1638
3034,USP42,ENSG00000106346,3189,3189
3035,RAC1,ENSG00000136238,6971,6971
3036,KDELR2,ENSG00000136240,6972,6972
3037,ZDHHC4,ENSG00000136247,6975,6975
3038,C7orf26,ENSG00000146576,8527,8527
3039,ZNF316,ENSG00000205903,16887,16887
3040,ZNF12,ENSG00000164631,10938,10938
3041,C1GALT1,ENSG00000106392,3196,3196
3042,MIOS,ENSG00000164654,10944,10944
3043,RPA3,ENSG00000106399,3198,3198
3044,UMAD1,ENSG00000219545,17268,17268
3045,GLCCI1,ENSG00000106415,3202,3202
3046,ICA1,ENSG00000003147,34,34
3047,NDUFA4,ENSG00000189043,15573,15573
3048,PHF14,ENSG00000106443,3204,3204
3049,TMEM106B,ENSG00000106460,3206,3206
3050,ARL4A,ENSG00000122644,5116,5116
3051,ANKMY2,ENSG00000106524,3213,3213
3052,BZW2,ENSG00000136261,6977,6977
3053,TSPAN13,ENSG00000106537,3216,3216
3054,SNX13,ENSG00000071189,1110,1110
3055,TWISTNB,ENSG00000105849,3102,3102
3056,CDCA7L,ENSG00000164649,10942,10942
3057,TOMM7,ENSG00000196683,15833,15833
3058,SNHG26,ENSG00000228649,18739,-1
3059,FAM126A,ENSG00000122591,5111,5111
3060,KLHL7,ENSG00000122550,5104,5104
3061,NUP42,ENSG00000136243,6973,6973
3062,MALSU1,ENSG00000156928,9645,9645
3063,IGF2BP3,ENSG00000136231,6968,6968
3064,TRA2A,ENSG00000164548,10921,10921
3065,MPP6,ENSG00000105926,3117,3117
3066,AC003093.1,ENSG00000287093,18740,-1
3067,OSBPL3,ENSG00000070882,1100,1100
3068,CYCS,ENSG00000172115,12645,12645
3069,NFE2L3,ENSG00000050344,659,659
3070,HNRNPA2B1,ENSG00000122566,5107,5107
3071,CBX3,ENSG00000122565,5106,5106
3072,SNX10,ENSG00000086300,1641,1641
3073,SKAP2,ENSG00000005020,72,72
3074,HOTAIRM1,ENSG00000233429,18741,-1
3075,HIBADH,ENSG00000106049,3148,3148
3076,TAX1BP1,ENSG00000106052,3149,3149
3077,CPVL,ENSG00000106066,3150,3150
3078,WIPF3,ENSG00000122574,5108,5108
3079,FKBP14,ENSG00000106080,3155,3155
3080,PLEKHA8,ENSG00000106086,3156,3156
3081,GGCT,ENSG00000006625,142,142
3082,GARS-DT,ENSG00000196295,18742,-1
3083,GARS,ENSG00000106105,3159,3159
3084,LSM5,ENSG00000106355,3192,3192
3085,AVL9,ENSG00000105778,3091,3091
3086,KBTBD2,ENSG00000170852,12360,12360
3087,NT5C3A,ENSG00000122643,5115,5115
3088,RP9,ENSG00000164610,10931,10931
3089,HERPUD2,ENSG00000122557,5105,5105
3090,AC018647.2,ENSG00000271122,18743,-1
3091,SEPTIN7,ENSG00000122545,5102,5102
3092,ANLN,ENSG00000011426,290,290
3093,STARD3NL,ENSG00000010270,247,247
3094,VPS41,ENSG00000006715,150,150
3095,YAE1,ENSG00000241127,17669,17669
3096,RALA,ENSG00000006451,131,131
3097,CDK13,ENSG00000065883,921,921
3098,MPLKIP,ENSG00000168303,11819,11819
3099,PSMA2,ENSG00000106588,3224,3224
3100,MRPL32,ENSG00000106591,18744,-1
3101,STK17A,ENSG00000164543,10920,10920
3102,COA1,ENSG00000106603,3225,3225
3103,BLVRA,ENSG00000106605,3226,3226
3104,MRPS24,ENSG00000062582,18745,-1
3105,UBE2D4,ENSG00000078967,1402,1402
3106,AC004951.1,ENSG00000228434,18746,-1
3107,DBNL,ENSG00000136279,6983,6983
3108,POLM,ENSG00000122678,5118,5118
3109,AEBP1,ENSG00000106624,3231,3231
3110,POLD2,ENSG00000106628,3232,3232
3111,YKT6,ENSG00000106636,3236,3236
3112,NUDCD3,ENSG00000015676,356,356
3113,DDX56,ENSG00000136271,6980,6980
3114,TMED4,ENSG00000158604,9843,9843
3115,OGDH,ENSG00000105953,3122,3122
3116,PPIA,ENSG00000196262,15706,15706
3117,H2AFV,ENSG00000105968,18747,-1
3118,PURB,ENSG00000146676,8534,8534
3119,SNHG15,ENSG00000232956,18748,-1
3120,CCM2,ENSG00000136280,6984,6984
3121,TBRG4,ENSG00000136270,6979,6979
3122,HUS1,ENSG00000136273,6981,6981
3123,IKZF1,ENSG00000185811,14937,14937
3124,FIGNL1,ENSG00000132436,6338,6338
3125,GRB10,ENSG00000106070,3152,3152
3126,COBL,ENSG00000106078,3154,3154
3127,LINC01446,ENSG00000205628,18749,-1
3128,SEC61G,ENSG00000132432,6336,6336
3129,VOPP1,ENSG00000154978,9442,9442
3130,NIPSNAP2,ENSG00000146729,8539,8539
3131,MRPS17,ENSG00000239789,18750,-1
3132,PSPH,ENSG00000146733,8541,8541
3133,CCT6A,ENSG00000146731,8540,8540
3134,SUMF2,ENSG00000129103,5885,5885
3135,CHCHD2,ENSG00000106153,3164,3164
3136,ZNF736,ENSG00000234444,17523,17523
3137,ZNF680,ENSG00000173041,12831,12831
3138,ZNF107,ENSG00000196247,15703,15703
3139,ZNF138,ENSG00000197008,15908,15908
3140,ZNF273,ENSG00000198039,16168,16168
3141,ZNF117,ENSG00000152926,9221,9221
3142,ERV3-1,ENSG00000213462,17038,17038
3143,ZNF92,ENSG00000146757,8543,8543
3144,VKORC1L1,ENSG00000196715,15842,15842
3145,GUSB,ENSG00000169919,12164,12164
3146,ASL,ENSG00000126522,5621,5621
3147,CRCP,ENSG00000241258,17676,17676
3148,LINC00174,ENSG00000179406,18751,-1
3149,AC008267.5,ENSG00000237310,18752,-1
3150,RABGEF1,ENSG00000154710,9412,9412
3151,AC027644.3,ENSG00000272831,18753,-1
3152,TMEM248,ENSG00000106609,3228,3228
3153,SBDS,ENSG00000126524,5622,5622
3154,TYW1,ENSG00000198874,16418,16418
3155,POM121,ENSG00000196313,15718,15718
3156,NSUN5,ENSG00000130305,6018,6018
3157,BAZ1B,ENSG00000009954,239,239
3158,BCL7B,ENSG00000106635,3235,3235
3159,TBL2,ENSG00000106638,3237,3237
3160,DNAJC30,ENSG00000176410,13394,13394
3161,BUD23,ENSG00000071462,1116,1116
3162,ABHD11,ENSG00000106077,3153,3153
3163,EIF4H,ENSG00000106682,3240,3240
3164,RFC2,ENSG00000049541,647,647
3165,GTF2I,ENSG00000263001,18109,18109
3166,RCC1L,ENSG00000274523,18270,18270
3167,TRIM73,ENSG00000178809,13754,13754
3168,POM121C,ENSG00000272391,18228,18228
3169,HIP1,ENSG00000127946,5753,5753
3170,RHBDD2,ENSG00000005486,98,98
3171,POR,ENSG00000127948,5755,5755
3172,STYXL1,ENSG00000127952,5757,5757
3173,MDH2,ENSG00000146701,8537,8537
3174,HSPB1,ENSG00000106211,3166,3166
3175,YWHAG,ENSG00000170027,12186,12186
3176,DTX2,ENSG00000091073,1852,1852
3177,PTPN12,ENSG00000127947,5754,5754
3178,APTR,ENSG00000214293,18754,-1
3179,RSBN1L,ENSG00000187257,15233,15233
3180,TMEM60,ENSG00000135211,6764,6764
3181,PHTF2,ENSG00000006576,138,138
3182,KIAA1324L,ENSG00000164659,10945,10945
3183,DMTF1,ENSG00000135164,6760,6760
3184,TMEM243,ENSG00000135185,6762,6762
3185,DBF4,ENSG00000006634,143,143
3186,SRI,ENSG00000075142,1246,1246
3187,GTPBP10,ENSG00000105793,3094,3094
3188,MTERF1,ENSG00000127989,5761,5761
3189,AKAP9,ENSG00000127914,5749,5749
3190,CYP51A1,ENSG00000001630,17,17
3191,KRIT1,ENSG00000001631,18,18
3192,ANKIB1,ENSG00000001629,16,16
3193,GATAD1,ENSG00000157259,9689,9689
3194,PEX1,ENSG00000127980,5760,5760
3195,RBM48,ENSG00000127993,5763,5763
3196,FAM133B,ENSG00000234545,17527,17527
3197,CDK6,ENSG00000105810,3096,3096
3198,VPS50,ENSG00000004766,54,54
3199,BET1,ENSG00000105829,3100,3100
3200,CASD1,ENSG00000127995,5764,5764
3201,SLC25A13,ENSG00000004864,63,63
3202,SEM1,ENSG00000127922,5751,5751
3203,SDHAF3,ENSG00000196636,15819,15819
3204,BRI3,ENSG00000164713,10959,10959
3205,BAIAP2L1,ENSG00000006453,132,132
3206,TRRAP,ENSG00000196367,15735,15735
3207,SMURF1,ENSG00000198742,16351,16351
3208,ARPC1A,ENSG00000241685,17690,17690
3209,ARPC1B,ENSG00000130429,6040,6040
3210,PDAP1,ENSG00000106244,18755,-1
3211,BUD31,ENSG00000106245,3168,3168
3212,PTCD1,ENSG00000106246,3169,3169
3213,CPSF4,ENSG00000160917,10138,10138
3214,ATP5MF,ENSG00000241468,17682,17682
3215,ZNF789,ENSG00000198556,16291,16291
3216,ZNF394,ENSG00000160908,10137,10137
3217,ZKSCAN5,ENSG00000196652,15823,15823
3218,FAM200A,ENSG00000221909,17302,17302
3219,ZNF655,ENSG00000197343,15988,15988
3220,CYP3A5,ENSG00000106258,3170,3170
3221,TRIM4,ENSG00000146833,8549,8549
3222,ZKSCAN1,ENSG00000106261,3171,3171
3223,ZNF3,ENSG00000166526,11398,11398
3224,COPS6,ENSG00000168090,11774,11774
3225,MCM7,ENSG00000166508,11394,11394
3226,TAF6,ENSG00000106290,3176,3176
3227,LAMTOR4,ENSG00000188186,15400,15400
3228,PILRB,ENSG00000121716,5018,5018
3229,MEPCE,ENSG00000146834,8550,8550
3230,PPP1R35,ENSG00000160813,10124,10124
3231,TSC22D4,ENSG00000166925,11490,11490
3232,LRCH4,ENSG00000077454,1343,1343
3233,MOSPD3,ENSG00000106330,3183,3183
3234,GNB2,ENSG00000172354,12700,12700
3235,GIGYF1,ENSG00000146830,8548,8548
3236,POP7,ENSG00000172336,12692,12692
3237,TRIP6,ENSG00000087077,1664,1664
3238,SRRT,ENSG00000087087,1667,1667
3239,TRIM56,ENSG00000169871,12147,12147
3240,AP1S1,ENSG00000106367,3194,3194
3241,PLOD3,ENSG00000106397,3197,3197
3242,ZNHIT1,ENSG00000106400,3199,3199
3243,FIS1,ENSG00000214253,17126,17126
3244,AC006329.1,ENSG00000232445,18756,-1
3245,IFT22,ENSG00000128581,5823,5823
3246,CUX1,ENSG00000257923,18022,18022
3247,PRKRIP1,ENSG00000128563,18757,-1
3248,ORAI2,ENSG00000160991,10150,10150
3249,ALKBH4,ENSG00000160993,10151,10151
3250,LRWD1,ENSG00000161036,10159,10159
3251,POLR2J,ENSG00000005075,18758,-1
3252,POLR2J3,ENSG00000285437,18504,18504
3253,UPK3BL1,ENSG00000267368,18156,18156
3254,ARMC10,ENSG00000170632,12323,12323
3255,NAPEPLD,ENSG00000161048,10161,10161
3256,PMPCB,ENSG00000105819,3097,3097
3257,DNAJC2,ENSG00000105821,3098,3098
3258,PSMC2,ENSG00000161057,10163,10163
3259,RELN,ENSG00000189056,15578,15578
3260,ORC5,ENSG00000164815,10981,10981
3261,KMT2E,ENSG00000005483,97,97
3262,SRPK2,ENSG00000135250,6773,6773
3263,PUS7,ENSG00000091127,1854,1854
3264,RINT1,ENSG00000135249,6772,6772
3265,SYPL1,ENSG00000008282,206,206
3266,NAMPT,ENSG00000105835,3101,3101
3267,CCDC71L,ENSG00000253276,17886,17886
3268,PIK3CG,ENSG00000105851,3103,3103
3269,PRKAR2B,ENSG00000005249,87,87
3270,HBP1,ENSG00000105856,3107,3107
3271,COG5,ENSG00000164597,10926,10926
3272,DUS4L,ENSG00000105865,3108,3108
3273,BCAP29,ENSG00000075790,1281,1281
3274,AC002467.1,ENSG00000241764,18759,-1
3275,CBLL1,ENSG00000105879,3112,3112
3276,DLD,ENSG00000091140,1860,1860
3277,LAMB1,ENSG00000091136,1857,1857
3278,PNPLA8,ENSG00000135241,6769,6769
3279,THAP5,ENSG00000177683,13592,13592
3280,DNAJB9,ENSG00000128590,5825,5825
3281,IMMP2L,ENSG00000184903,14742,14742
3282,ZNF277,ENSG00000198839,16398,16398
3283,IFRD1,ENSG00000006652,145,145
3284,TMEM168,ENSG00000146802,8545,8545
3285,SMIM30,ENSG00000214194,17121,17121
3286,TES,ENSG00000135269,6775,6775
3287,CAPZA2,ENSG00000198898,16431,16431
3288,ST7,ENSG00000004866,64,64
3289,LSM8,ENSG00000128534,5817,5817
3290,LINC02476,ENSG00000225546,18760,-1
3291,ING3,ENSG00000071243,1113,1113
3292,CPED1,ENSG00000106034,3146,3146
3293,FAM3C,ENSG00000196937,15892,15892
3294,NDUFA5,ENSG00000128609,5834,5834
3295,WASL,ENSG00000106299,3177,3177
3296,AC006333.2,ENSG00000272686,18761,-1
3297,POT1,ENSG00000128513,5814,5814
3298,ZNF800,ENSG00000048405,624,624
3299,GCC1,ENSG00000179562,13866,13866
3300,ARF5,ENSG00000004059,44,44
3301,SND1,ENSG00000197157,15952,15952
3302,SND1-IT1,ENSG00000279078,18762,-1
3303,RBM28,ENSG00000106344,3188,3188
3304,IMPDH1,ENSG00000106348,3190,3190
3305,HILPDA,ENSG00000135245,6770,6770
3306,METTL2B,ENSG00000165055,11042,11042
3307,CALU,ENSG00000128595,5828,5828
3308,CCDC136,ENSG00000128596,5829,5829
3309,FLNC,ENSG00000128591,5826,5826
3310,ATP6V1F,ENSG00000128524,5816,5816
3311,TNPO3,ENSG00000064419,857,857
3312,UBE2H,ENSG00000186591,15107,15107
3313,ZC3HC1,ENSG00000091732,1884,1884
3314,KLHDC10,ENSG00000128607,5833,5833
3315,TMEM209,ENSG00000146842,8552,8552
3316,MEST,ENSG00000106484,3211,3211
3317,COPG2,ENSG00000158623,9845,9845
3318,MKLN1,ENSG00000128585,5824,5824
3319,CHCHD3,ENSG00000106554,3220,3220
3320,EXOC4,ENSG00000131558,6229,6229
3321,SLC35B4,ENSG00000205060,16774,16774
3322,BPGM,ENSG00000172331,12691,12691
3323,CYREN,ENSG00000122783,5136,5136
3324,CNOT4,ENSG00000080802,1462,1462
3325,NUP205,ENSG00000155561,9493,9493
3326,STMP1,ENSG00000243317,17734,17734
3327,MTPN,ENSG00000105887,3114,3114
3328,CREB3L2,ENSG00000182158,14223,14223
3329,TRIM24,ENSG00000122779,5135,5135
3330,ZC3HAV1,ENSG00000105939,3120,3120
3331,UBN2,ENSG00000157741,9739,9739
3332,FMC1,ENSG00000164898,11004,11004
3333,LUC7L2,ENSG00000146963,8565,8565
3334,CLEC2L,ENSG00000236279,17565,17565
3335,HIPK2,ENSG00000064393,856,856
3336,PARP12,ENSG00000059378,777,777
3337,SLC37A3,ENSG00000157800,9746,9746
3338,MKRN1,ENSG00000133606,6511,6511
3339,NDUFB2,ENSG00000090266,1811,1811
3340,BRAF,ENSG00000157764,9740,9740
3341,MRPS33,ENSG00000090263,18763,-1
3342,AGK,ENSG00000006530,135,135
3343,SSBP1,ENSG00000106028,3144,3144
3344,KEL,ENSG00000197993,16158,16158
3345,GSTK1,ENSG00000197448,16017,16017
3346,CASP2,ENSG00000106144,3163,3163
3347,ZYX,ENSG00000159840,9984,9984
3348,TCAF1,ENSG00000198420,16258,16258
3349,CUL1,ENSG00000055130,725,725
3350,EZH2,ENSG00000106462,3207,3207
3351,PDIA4,ENSG00000155660,9501,9501
3352,ZNF398,ENSG00000197024,15914,15914
3353,ZNF282,ENSG00000170265,12229,12229
3354,ZNF212,ENSG00000170260,12226,12226
3355,ZNF777,ENSG00000196453,15767,15767
3356,ZNF746,ENSG00000181220,14096,14096
3357,ATP6V0E2,ENSG00000171130,12425,12425
3358,ZBED6CL,ENSG00000188707,15500,15500
3359,LRRC61,ENSG00000127399,5702,5702
3360,REPIN1,ENSG00000214022,17104,17104
3361,ZNF775,ENSG00000196456,15769,15769
3362,KCNH2,ENSG00000055118,724,724
3363,ABCB8,ENSG00000197150,15950,15950
3364,CDK5,ENSG00000164885,10999,10999
3365,SLC4A2,ENSG00000164889,11000,11000
3366,FASTK,ENSG00000164896,11002,11002
3367,TMUB1,ENSG00000164897,11003,11003
3368,AGAP3,ENSG00000133612,6512,6512
3369,ABCF2,ENSG00000033050,486,486
3370,SMARCD3,ENSG00000082014,1507,1507
3371,NUB1,ENSG00000013374,324,324
3372,RHEB,ENSG00000106615,3229,3229
3373,GALNT11,ENSG00000178234,13679,13679
3374,KMT2C,ENSG00000055609,732,732
3375,LINC01003,ENSG00000261455,18764,-1
3376,XRCC2,ENSG00000196584,15806,15806
3377,ACTR3B,ENSG00000133627,6514,6514
3378,PAXIP1,ENSG00000157212,9682,9682
3379,PAXIP1-AS1,ENSG00000273344,18765,-1
3380,INSIG1,ENSG00000186480,15089,15089
3381,AC009403.1,ENSG00000216895,18766,-1
3382,RBM33,ENSG00000184863,14735,14735
3383,LINC01006,ENSG00000182648,18767,-1
3384,LMBR1,ENSG00000105983,3130,3130
3385,NOM1,ENSG00000146909,8559,8559
3386,MNX1,ENSG00000130675,6078,6078
3387,UBE3C,ENSG00000009335,228,228
3388,DNAJB6,ENSG00000105993,3133,3133
3389,NCAPG2,ENSG00000146918,8560,8560
3390,ESYT2,ENSG00000117868,4609,4609
3391,WDR60,ENSG00000126870,5661,5661
3392,LINC00689,ENSG00000231419,18768,-1
3393,FBXO25,ENSG00000147364,8617,8617
3394,ERICH1,ENSG00000104714,2858,2858
3395,CLN8,ENSG00000182372,14270,14270
3396,AC100810.1,ENSG00000253982,18769,-1
3397,ARHGEF10,ENSG00000104728,2861,2861
3398,AC246817.2,ENSG00000254319,18770,-1
3399,AC246817.1,ENSG00000253853,18771,-1
3400,AC016065.1,ENSG00000246089,18772,-1
3401,MCPH1,ENSG00000147316,8615,8615
3402,AGPAT5,ENSG00000155189,9461,9461
3403,MFHAS1,ENSG00000147324,8616,8616
3404,ERI1,ENSG00000104626,2848,2848
3405,TNKS,ENSG00000173273,12879,12879
3406,PINX1,ENSG00000254093,17912,17912
3407,MTMR9,ENSG00000104643,2850,2850
3408,FDFT1,ENSG00000079459,1424,1424
3409,CTSB,ENSG00000164733,10962,10962
3410,DLC1,ENSG00000164741,10964,10964
3411,TUSC3,ENSG00000104723,2860,2860
3412,CNOT7,ENSG00000198791,16369,16369
3413,VPS37A,ENSG00000155975,9538,9538
3414,PCM1,ENSG00000078674,1390,1390
3415,ASAH1,ENSG00000104763,2867,2867
3416,INTS10,ENSG00000104613,2847,2847
3417,ATP6V1B2,ENSG00000147416,8624,8624
3418,DOK2,ENSG00000147443,8631,8631
3419,XPO7,ENSG00000130227,6006,6006
3420,REEP4,ENSG00000168476,11852,11852
3421,POLR3D,ENSG00000168495,11860,11860
3422,SLC39A14,ENSG00000104635,2849,2849
3423,PPP3CC,ENSG00000120910,4950,4950
3424,SORBS3,ENSG00000120896,4946,4946
3425,PDLIM2,ENSG00000120913,4951,4951
3426,CCAR2,ENSG00000158941,9884,9884
3427,BIN3,ENSG00000147439,8630,8630
3428,TNFRSF10B,ENSG00000120889,4945,4945
3429,TNFRSF10A,ENSG00000104689,2855,2855
3430,CHMP7,ENSG00000147457,8633,8633
3431,R3HCC1,ENSG00000104679,2853,2853
3432,ENTPD4,ENSG00000197217,15963,15963
3433,SLC25A37,ENSG00000147454,8632,8632
3434,KCTD9,ENSG00000104756,2865,2865
3435,CDCA2,ENSG00000184661,14705,14705
3436,PPP2R2A,ENSG00000221914,17304,17304
3437,BNIP3L,ENSG00000104765,2868,2868
3438,DPYSL2,ENSG00000092964,1930,1930
3439,EPHX2,ENSG00000120915,4952,4952
3440,CLU,ENSG00000120885,4944,4944
3441,CCDC25,ENSG00000147419,8625,8625
3442,ESCO2,ENSG00000171320,12471,12471
3443,PBK,ENSG00000168078,11771,11771
3444,ELP3,ENSG00000134014,6561,6561
3445,FZD3,ENSG00000104290,2803,2803
3446,EXTL3,ENSG00000012232,309,309
3447,INTS9,ENSG00000104299,2804,2804
3448,HMBOX1,ENSG00000147421,8626,8626
3449,SARAF,ENSG00000133872,6543,6543
3450,LEPROTL1,ENSG00000104660,2851,2851
3451,DCTN6,ENSG00000104671,2852,2852
3452,GTF2E2,ENSG00000197265,15973,15973
3453,GSR,ENSG00000104687,2854,2854
3454,UBXN8,ENSG00000104691,2856,2856
3455,PPP2CB,ENSG00000104695,2857,2857
3456,WRN,ENSG00000165392,11118,11118
3457,FUT10,ENSG00000172728,12768,12768
3458,TTI2,ENSG00000129696,5955,5955
3459,MAK16,ENSG00000198042,16170,16170
3460,AF279873.3,ENSG00000253642,18773,-1
3461,ERLIN2,ENSG00000147475,8637,8637
3462,PLPBP,ENSG00000147471,8636,8636
3463,BRF2,ENSG00000104221,2799,2799
3464,RAB11FIP1,ENSG00000156675,9621,9621
3465,EIF4EBP1,ENSG00000187840,15331,15331
3466,ASH2L,ENSG00000129691,5954,5954
3467,STAR,ENSG00000147465,8635,8635
3468,LSM1,ENSG00000175324,13222,13222
3469,BAG4,ENSG00000156735,9627,9627
3470,DDHD2,ENSG00000085788,1619,1619
3471,NSD3,ENSG00000147548,8646,8646
3472,FGFR1,ENSG00000077782,1355,1355
3473,TACC1,ENSG00000147526,8642,8642
3474,TM2D2,ENSG00000169490,12074,12074
3475,ADAM9,ENSG00000168615,11886,11886
3476,GOLGA7,ENSG00000147533,8643,8643
3477,GINS4,ENSG00000147536,8645,8645
3478,GPAT4,ENSG00000158669,9848,9848
3479,ANK1,ENSG00000029534,465,465
3480,KAT6A,ENSG00000083168,1540,1540
3481,AP3M2,ENSG00000070718,1090,1090
3482,IKBKB,ENSG00000104365,2818,2818
3483,POLB,ENSG00000070501,1084,1084
3484,VDAC3,ENSG00000078668,1389,1389
3485,SLC20A2,ENSG00000168575,11879,11879
3486,SMIM19,ENSG00000176209,13359,13359
3487,THAP1,ENSG00000131931,6272,6272
3488,RNF170,ENSG00000120925,4953,4953
3489,HOOK3,ENSG00000168172,11789,11789
3490,FNTA,ENSG00000168522,11868,11868
3491,SPIDR,ENSG00000164808,10980,10980
3492,CEBPD,ENSG00000221869,17292,17292
3493,PRKDC,ENSG00000253729,17902,17902
3494,MCM4,ENSG00000104738,2863,2863
3495,UBE2V2,ENSG00000169139,12000,12000
3496,PCMTD1,ENSG00000168300,11817,11817
3497,RB1CC1,ENSG00000023287,414,414
3498,ATP6V1H,ENSG00000047249,601,601
3499,RGS20,ENSG00000147509,8641,8641
3500,TCEA1,ENSG00000187735,18774,-1
3501,LYPLA1,ENSG00000120992,4960,4960
3502,MRPL15,ENSG00000137547,18775,-1
3503,TMEM68,ENSG00000167904,11721,11721
3504,TGS1,ENSG00000137574,7213,7213
3505,LYN,ENSG00000254087,17911,17911
3506,RPS20,ENSG00000008988,18776,-1
3507,CHCHD7,ENSG00000170791,12348,12348
3508,IMPAD1,ENSG00000104331,2812,2812
3509,UBXN2B,ENSG00000215114,17198,17198
3510,SDCBP,ENSG00000137575,7214,7214
3511,NSMAF,ENSG00000035681,508,508
3512,CA8,ENSG00000178538,13716,13716
3513,RAB2A,ENSG00000104388,2824,2824
3514,CHD7,ENSG00000171316,12470,12470
3515,GGH,ENSG00000137563,7210,7210
3516,YTHDF3,ENSG00000185728,14919,14919
3517,ARMC1,ENSG00000104442,2833,2833
3518,MTFR1,ENSG00000066855,960,960
3519,PDE7A,ENSG00000205268,16802,16802
3520,RRS1,ENSG00000179041,13793,13793
3521,VCPIP1,ENSG00000175073,13173,13173
3522,SGK3,ENSG00000104205,2795,2795
3523,SNHG6,ENSG00000245910,18777,-1
3524,COPS5,ENSG00000121022,4962,4962
3525,CSPP1,ENSG00000104218,2797,2797
3526,ARFGEF1,ENSG00000066777,957,957
3527,NCOA2,ENSG00000140396,7663,7663
3528,TRAM1,ENSG00000067167,971,971
3529,LACTB2,ENSG00000147592,8652,8652
3530,TERF1,ENSG00000147601,8654,8654
3531,RPL7,ENSG00000147604,18778,-1
3532,RDH10,ENSG00000121039,4963,4963
3533,STAU2,ENSG00000040341,551,551
3534,UBE2W,ENSG00000104343,2815,2815
3535,ELOC,ENSG00000154582,9400,9400
3536,TMEM70,ENSG00000175606,13273,13273
3537,GDAP1,ENSG00000104381,2823,2823
3538,CRISPLD1,ENSG00000121005,4961,4961
3539,PEX2,ENSG00000164751,10970,10970
3540,MRPS28,ENSG00000147586,18779,-1
3541,ZBTB10,ENSG00000205189,16794,16794
3542,FABP5,ENSG00000164687,10951,10951
3543,IMPA1,ENSG00000133731,6528,6528
3544,ZFAND1,ENSG00000104231,2801,2801
3545,CHMP4C,ENSG00000164695,10956,10956
3546,LRRCC1,ENSG00000133739,6529,6529
3547,E2F5,ENSG00000133740,6530,6530
3548,RBIS,ENSG00000176731,13438,13438
3549,WWP1,ENSG00000123124,5167,5167
3550,RMDN1,ENSG00000176623,13424,13424
3551,CPNE3,ENSG00000085719,1614,1614
3552,AF117829.1,ENSG00000251136,18780,-1
3553,RIPK2,ENSG00000104312,2805,2805
3554,OSGIN2,ENSG00000164823,10986,10986
3555,NBN,ENSG00000104320,2807,2807
3556,DECR1,ENSG00000104325,2810,2810
3557,C8orf88,ENSG00000253250,17884,17884
3558,PIP4P2,ENSG00000155099,9456,9456
3559,OTUD6B-AS1,ENSG00000253738,18781,-1
3560,OTUD6B,ENSG00000155100,9457,9457
3561,FAM92A,ENSG00000188343,15433,15433
3562,RBM12B,ENSG00000183808,14551,14551
3563,VIRMA,ENSG00000164944,11020,11020
3564,DPY19L4,ENSG00000156162,9560,9560
3565,INTS8,ENSG00000164941,11019,11019
3566,NDUFAF6,ENSG00000156170,9561,9561
3567,PLEKHF2,ENSG00000175895,13312,13312
3568,UQCRB,ENSG00000156467,9597,9597
3569,MTERF3,ENSG00000156469,9598,9598
3570,PTDSS1,ENSG00000156471,9599,9599
3571,CPQ,ENSG00000104324,2809,2809
3572,TSPYL5,ENSG00000180543,14004,14004
3573,MTDH,ENSG00000147649,8660,8660
3574,LAPTM4B,ENSG00000104341,2814,2814
3575,RPL30,ENSG00000156482,18782,-1
3576,RIDA,ENSG00000132541,6358,6358
3577,POP1,ENSG00000104356,2816,2816
3578,STK3,ENSG00000104375,2822,2822
3579,VPS13B,ENSG00000132549,6359,6359
3580,COX6C,ENSG00000164919,11009,11009
3581,POLR2K,ENSG00000147669,8664,8664
3582,RNF19A,ENSG00000034677,500,500
3583,ANKRD46,ENSG00000186106,15007,15007
3584,PABPC1,ENSG00000070756,18783,-1
3585,YWHAZ,ENSG00000164924,11011,11011
3586,ZNF706,ENSG00000120963,4959,4959
3587,RRM2B,ENSG00000048392,623,623
3588,UBR5,ENSG00000104517,2840,2840
3589,AZIN1,ENSG00000155096,9454,9454
3590,ATP6V1C1,ENSG00000155097,9455,9455
3591,SLC25A32,ENSG00000164933,11015,11015
3592,DCAF13,ENSG00000164934,11016,11016
3593,LRP12,ENSG00000147650,8661,8661
3594,ZFPM2,ENSG00000169946,12168,12168
3595,OXR1,ENSG00000164830,10989,10989
3596,ANGPT1,ENSG00000154188,9359,9359
3597,EIF3E,ENSG00000104408,2825,2825
3598,EMC2,ENSG00000104412,2826,2826
3599,NUDCD1,ENSG00000120526,4898,4898
3600,ENY2,ENSG00000120533,4899,4899
3601,EBAG9,ENSG00000147654,8662,8662
3602,EIF3H,ENSG00000147677,8666,8666
3603,UTP23,ENSG00000147679,8667,8667
3604,RAD21,ENSG00000164754,10971,10971
3605,MED30,ENSG00000164758,10973,10973
3606,TAF2,ENSG00000064313,855,855
3607,DSCC1,ENSG00000136982,7111,7111
3608,MRPL13,ENSG00000172172,18784,-1
3609,DERL1,ENSG00000136986,7112,7112
3610,TBC1D31,ENSG00000156787,9629,9629
3611,FAM83A,ENSG00000147689,8670,8670
3612,C8orf76,ENSG00000189376,15640,15640
3613,ZHX1,ENSG00000165156,11067,11067
3614,ATAD2,ENSG00000156802,9631,9631
3615,WDYHV1,ENSG00000156795,9630,9630
3616,FAM91A1,ENSG00000176853,13454,13454
3617,TMEM65,ENSG00000164983,11032,11032
3618,TRMT12,ENSG00000183665,14510,14510
3619,RNF139,ENSG00000170881,12367,12367
3620,TATDN1,ENSG00000147687,8669,8669
3621,NDUFB9,ENSG00000147684,8668,8668
3622,SQLE,ENSG00000104549,2845,2845
3623,WASHC5,ENSG00000164961,11025,11025
3624,NSMCE2,ENSG00000156831,9633,9633
3625,AC016074.2,ENSG00000286122,18785,-1
3626,MYC,ENSG00000136997,7113,7113
3627,PVT1,ENSG00000249859,18786,-1
3628,FAM49B,ENSG00000153310,9275,9275
3629,ASAP1,ENSG00000153317,9276,9276
3630,EFR3A,ENSG00000132294,6311,6311
3631,PHF20L1,ENSG00000129292,5909,5909
3632,LINC02055,ENSG00000254101,18787,-1
3633,TRAPPC9,ENSG00000167632,11642,11642
3634,CHRAC1,ENSG00000104472,2836,2836
3635,AGO2,ENSG00000123908,5250,5250
3636,PTK2,ENSG00000169398,12057,12057
3637,PTP4A3,ENSG00000184489,14672,14672
3638,JRK,ENSG00000234616,17530,17530
3639,LY6E,ENSG00000160932,10139,10139
3640,GLI4,ENSG00000250571,17861,17861
3641,MINCR,ENSG00000253716,18788,-1
3642,ZNF696,ENSG00000185730,14920,14920
3643,TOP1MT,ENSG00000184428,14658,14658
3644,NAPRT,ENSG00000147813,8675,8675
3645,EEF1D,ENSG00000104529,18789,-1
3646,TIGD5,ENSG00000179886,13908,13908
3647,PYCR3,ENSG00000104524,2843,2843
3648,TSTA3,ENSG00000104522,2842,2842
3649,SCRIB,ENSG00000180900,14049,14049
3650,PUF60,ENSG00000179950,13925,13925
3651,PLEC,ENSG00000178209,13673,13673
3652,GRINA,ENSG00000178719,13739,13739
3653,EXOSC4,ENSG00000178896,13762,13762
3654,GPAA1,ENSG00000197858,16116,16116
3655,CYC1,ENSG00000179091,13805,13805
3656,SHARPIN,ENSG00000179526,13861,13861
3657,MAF1,ENSG00000179632,13879,13879
3658,HGH1,ENSG00000235173,17544,17544
3659,BOP1,ENSG00000261236,18078,18078
3660,HSF1,ENSG00000185122,14799,14799
3661,DGAT1,ENSG00000185000,14768,14768
3662,SLC52A2,ENSG00000185803,14935,14935
3663,FBXL6,ENSG00000182325,14260,14260
3664,CPSF1,ENSG00000071894,1128,1128
3665,SLC39A4,ENSG00000147804,18530,18530
3666,VPS28,ENSG00000160948,10140,10140
3667,TONSL,ENSG00000160949,10141,10141
3668,CYHR1,ENSG00000187954,15348,15348
3669,PPP1R16A,ENSG00000160972,10148,10148
3670,MFSD3,ENSG00000167700,11667,11667
3671,RECQL4,ENSG00000160957,10144,10144
3672,LRRC14,ENSG00000160959,10145,10145
3673,C8orf82,ENSG00000213563,17047,17047
3674,RPL8,ENSG00000161016,18790,-1
3675,ZNF7,ENSG00000147789,8673,8673
3676,COMMD5,ENSG00000170619,12319,12319
3677,C8orf33,ENSG00000182307,14255,14255
3678,WASHC1,ENSG00000181404,14115,14115
3679,CBWD1,ENSG00000172785,12785,12785
3680,DOCK8,ENSG00000107099,3278,3278
3681,SMARCA2,ENSG00000080503,1451,1451
3682,PUM3,ENSG00000080608,1458,1458
3683,RCL1,ENSG00000120158,4853,4853
3684,RANBP6,ENSG00000137040,7117,7117
3685,DMAC1,ENSG00000137038,7116,7116
3686,SNAPC3,ENSG00000164975,11029,11029
3687,PSIP1,ENSG00000164985,11033,11033
3688,RRAGA,ENSG00000155876,9522,9522
3689,HAUS6,ENSG00000147874,8683,8683
3690,PLIN2,ENSG00000147872,8681,8681
3691,DENND4C,ENSG00000137145,7139,7139
3692,RPS6,ENSG00000137154,18791,-1
3693,MLLT3,ENSG00000171843,12588,12588
3694,CAAP1,ENSG00000120159,4854,4854
3695,PLAA,ENSG00000137055,7119,7119
3696,IFT74,ENSG00000096872,18792,-1
3697,MOB3B,ENSG00000120162,4856,4856
3698,ACO1,ENSG00000122729,5129,5129
3699,TOPORS,ENSG00000197579,16049,16049
3700,SMIM27,ENSG00000235453,17550,17550
3701,NDUFB6,ENSG00000165264,11093,11093
3702,APTX,ENSG00000137074,7122,7122
3703,DNAJA1,ENSG00000086061,1630,1630
3704,SMU1,ENSG00000122692,5122,5122
3705,B4GALT1,ENSG00000086062,1631,1631
3706,BAG1,ENSG00000107262,3294,3294
3707,CHMP5,ENSG00000086065,1632,1632
3708,NFX1,ENSG00000086102,1633,1633
3709,NOL6,ENSG00000165271,11095,11095
3710,UBE2R2,ENSG00000107341,3303,3303
3711,UBAP2,ENSG00000137073,7121,7121
3712,DCAF12,ENSG00000198876,16419,16419
3713,UBAP1,ENSG00000165006,11035,11035
3714,NUDT2,ENSG00000164978,11031,11031
3715,RPP25L,ENSG00000164967,11026,11026
3716,DCTN3,ENSG00000137100,7131,7131
3717,VCP,ENSG00000165280,11098,11098
3718,FANCG,ENSG00000221829,17280,17280
3719,STOML2,ENSG00000165283,11100,11100
3720,CCDC107,ENSG00000159884,9989,9989
3721,ARHGEF39,ENSG00000137135,7137,7137
3722,TLN1,ENSG00000137076,7124,7124
3723,CREB3,ENSG00000107175,3287,3287
3724,GBA2,ENSG00000070610,1088,1088
3725,RGP1,ENSG00000107185,3288,3288
3726,HINT2,ENSG00000137133,7136,7136
3727,CLTA,ENSG00000122705,5125,5125
3728,MELK,ENSG00000165304,11103,11103
3729,EBLN3P,ENSG00000281649,18793,-1
3730,ZCCHC7,ENSG00000147905,8689,8689
3731,GRHPR,ENSG00000137106,7134,7134
3732,POLR1E,ENSG00000137054,7118,7118
3733,TOMM5,ENSG00000175768,13291,13291
3734,TRMT10B,ENSG00000165275,11097,11097
3735,EXOSC3,ENSG00000107371,3305,3305
3736,DCAF10,ENSG00000122741,5132,5132
3737,ALDH1B1,ENSG00000137124,7135,7135
3738,FAM27C,ENSG00000231527,18794,-1
3739,CBWD5,ENSG00000147996,18795,-1
3740,FAM122A,ENSG00000187866,15337,15337
3741,FXN,ENSG00000165060,11044,11044
3742,TJP2,ENSG00000119139,4718,4718
3743,PTAR1,ENSG00000188647,15487,15487
3744,SMC5,ENSG00000198887,16425,16425
3745,KLF9,ENSG00000119138,4717,4717
3746,CEMIP2,ENSG00000135048,6737,6737
3747,ABHD17B,ENSG00000107362,3304,3304
3748,C9orf85,ENSG00000155621,9495,9495
3749,ZFAND5,ENSG00000107372,3306,3306
3750,C9orf40,ENSG00000135045,6734,6734
3751,CARNMT1,ENSG00000156017,9543,9543
3752,OSTF1,ENSG00000134996,6730,6730
3753,RFK,ENSG00000135002,6731,6731
3754,VPS13A,ENSG00000197969,16151,16151
3755,GNAQ,ENSG00000156052,9549,9549
3756,CEP78,ENSG00000148019,8692,8692
3757,PSAT1,ENSG00000135069,6741,6741
3758,TLE4,ENSG00000106829,3261,3261
3759,UBQLN1,ENSG00000135018,6732,6732
3760,GKAP1,ENSG00000165113,11056,11056
3761,C9orf64,ENSG00000165118,11058,11058
3762,HNRNPK,ENSG00000165119,11059,11059
3763,RMI1,ENSG00000178966,13778,13778
3764,NAA35,ENSG00000135040,6733,6733
3765,GOLM1,ENSG00000135052,6739,6739
3766,ISCA1,ENSG00000135070,6742,6742
3767,TUT7,ENSG00000083223,1541,1541
3768,DAPK1,ENSG00000196730,15844,15844
3769,CTSL,ENSG00000135047,6736,6736
3770,SPIN1,ENSG00000106723,3248,3248
3771,CKS2,ENSG00000123975,5252,5252
3772,SECISBP2,ENSG00000187742,15304,15304
3773,AUH,ENSG00000148090,8696,8696
3774,NFIL3,ENSG00000165030,11040,11040
3775,ROR2,ENSG00000169071,11985,11985
3776,SPTLC1,ENSG00000090054,1805,1805
3777,IARS,ENSG00000196305,15716,15716
3778,NOL8,ENSG00000198000,16159,16159
3779,CENPP,ENSG00000188312,15422,15422
3780,BICD2,ENSG00000185963,14975,14975
3781,WNK2,ENSG00000165238,11088,11088
3782,FAM120AOS,ENSG00000188938,15553,15553
3783,FAM120A,ENSG00000048828,632,632
3784,AL158152.1,ENSG00000269929,18796,-1
3785,MFSD14B,ENSG00000148110,8697,8697
3786,FANCC,ENSG00000158169,9793,9793
3787,ERCC6L2,ENSG00000182150,14221,14221
3788,SLC35D2,ENSG00000130958,6141,6141
3789,CDC14B,ENSG00000081377,1491,1491
3790,PRXL2C,ENSG00000158122,9786,9786
3791,ZNF510,ENSG00000081386,1492,1492
3792,MFSD14C,ENSG00000196312,15717,15717
3793,CTSV,ENSG00000136943,7107,7107
3794,TMOD1,ENSG00000136842,7071,7071
3795,TSTD2,ENSG00000136925,7094,7094
3796,NCBP1,ENSG00000136937,7103,7103
3797,XPA,ENSG00000136936,7102,7102
3798,TRMO,ENSG00000136932,7099,7099
3799,HEMGN,ENSG00000136929,7096,7096
3800,ANP32B,ENSG00000136938,7104,7104
3801,NANS,ENSG00000095380,1966,1966
3802,ANKS6,ENSG00000165138,11064,11064
3803,GALNT12,ENSG00000119514,4753,4753
3804,TGFBR1,ENSG00000106799,3255,3255
3805,ALG2,ENSG00000119523,4755,4755
3806,SEC61B,ENSG00000106803,3256,3256
3807,STX17,ENSG00000136874,7083,7083
3808,ERP44,ENSG00000023318,415,415
3809,TEX10,ENSG00000136891,7090,7090
3810,MSANTD3,ENSG00000066697,954,954
3811,TMEFF1,ENSG00000241697,17691,17691
3812,MRPL50,ENSG00000136897,18797,-1
3813,RNF20,ENSG00000155827,9514,9514
3814,SMC2,ENSG00000136824,7063,7063
3815,NIPSNAP3A,ENSG00000136783,7056,7056
3816,FKTN,ENSG00000106692,3245,3245
3817,TMEM38B,ENSG00000095209,1960,1960
3818,RAD23B,ENSG00000119318,4729,4729
3819,ELP1,ENSG00000070061,1066,1066
3820,ABITRAM,ENSG00000119328,4732,4732
3821,CTNNAL1,ENSG00000119326,4731,4731
3822,TMEM245,ENSG00000106771,3250,3250
3823,TXN,ENSG00000136810,18798,-1
3824,ECPAS,ENSG00000136813,7060,7060
3825,DNAJC25,ENSG00000059769,783,783
3826,GNG10,ENSG00000242616,17719,17719
3827,UGCG,ENSG00000148154,8702,8702
3828,AL138756.1,ENSG00000259953,18799,-1
3829,SUSD1,ENSG00000106868,3264,3264
3830,PTBP3,ENSG00000119314,4728,4728
3831,HSDL2,ENSG00000119471,4749,4749
3832,KIAA1958,ENSG00000165185,11075,11075
3833,INIP,ENSG00000148153,8701,8701
3834,FKBP15,ENSG00000119321,4730,4730
3835,SLC31A1,ENSG00000136868,7079,7079
3836,CDC26,ENSG00000176386,13384,13384
3837,PRPF4,ENSG00000136875,7084,7084
3838,HDHD3,ENSG00000119431,4746,4746
3839,POLE3,ENSG00000148229,8714,8714
3840,ATP6V1G1,ENSG00000136888,7089,7089
3841,CDK5RAP2,ENSG00000136861,7076,7076
3842,FBXW2,ENSG00000119402,4740,4740
3843,PSMD5,ENSG00000095261,1961,1961
3844,PHF19,ENSG00000119403,4741,4741
3845,CNTRL,ENSG00000119397,4738,4738
3846,RAB14,ENSG00000119396,4737,4737
3847,GSN,ENSG00000148180,8706,8706
3848,STOM,ENSG00000148175,8705,8705
3849,NDUFA8,ENSG00000119421,4745,4745
3850,LHX6,ENSG00000106852,3262,3262
3851,RBM18,ENSG00000119446,4747,4747
3852,MRRF,ENSG00000148187,8707,8707
3853,PDCL,ENSG00000136940,7106,7106
3854,RC3H2,ENSG00000056586,744,744
3855,RABGAP1,ENSG00000011454,292,292
3856,STRBP,ENSG00000165209,11084,11084
3857,DENND1A,ENSG00000119522,4754,4754
3858,NEK6,ENSG00000119408,4742,4742
3859,PSMB7,ENSG00000136930,7097,7097
3860,NR6A1,ENSG00000148200,8708,8708
3861,RPL35,ENSG00000136942,18800,-1
3862,ARPC5L,ENSG00000136950,7109,7109
3863,GOLGA1,ENSG00000136935,7101,7101
3864,SCAI,ENSG00000173611,12941,12941
3865,PPP6C,ENSG00000119414,4744,4744
3866,RABEPK,ENSG00000136933,7100,7100
3867,HSPA5,ENSG00000044574,591,591
3868,GAPVD1,ENSG00000165219,11086,11086
3869,MAPKAP1,ENSG00000119487,4750,4750
3870,ZBTB43,ENSG00000169155,12002,12002
3871,RPL12,ENSG00000197958,18801,-1
3872,PTRH1,ENSG00000187024,15188,15188
3873,TOR2A,ENSG00000160404,10073,10073
3874,CDK9,ENSG00000136807,7058,7058
3875,FPGS,ENSG00000136877,7085,7085
3876,AK1,ENSG00000106992,3270,3270
3877,DPM2,ENSG00000136908,7092,7092
3878,NAIF1,ENSG00000171169,12437,12437
3879,PTGES2,ENSG00000148334,8724,8724
3880,C9orf16,ENSG00000171159,12433,12433
3881,CIZ1,ENSG00000148337,8726,8726
3882,DNM1,ENSG00000106976,3268,3268
3883,GOLGA2,ENSG00000167110,11534,11534
3884,SWI5,ENSG00000175854,13303,13303
3885,TRUB2,ENSG00000167112,11535,11535
3886,COQ4,ENSG00000167113,11536,11536
3887,SLC27A4,ENSG00000167114,11537,11537
3888,URM1,ENSG00000167118,11539,11539
3889,CERCAM,ENSG00000167123,11540,11540
3890,ODF2,ENSG00000136811,7059,7059
3891,GLE1,ENSG00000119392,4736,4736
3892,SPTAN1,ENSG00000197694,16075,16075
3893,WDR34,ENSG00000119333,4733,4733
3894,SET,ENSG00000119335,4734,4734
3895,PKN3,ENSG00000160447,10079,10079
3896,ZDHHC12,ENSG00000160446,10078,10078
3897,TBC1D13,ENSG00000107021,3275,3275
3898,ENDOG,ENSG00000167136,11542,11542
3899,SPOUT1,ENSG00000198917,16441,16441
3900,LRRC8A,ENSG00000136802,7057,7057
3901,PHYHD1,ENSG00000175287,13215,13215
3902,DOLK,ENSG00000175283,13214,13214
3903,NUP188,ENSG00000095319,1963,1963
3904,SH3GLB2,ENSG00000148341,8728,8728
3905,MIGA2,ENSG00000148343,8729,8729
3906,DOLPP1,ENSG00000167130,11541,11541
3907,PTPA,ENSG00000119383,4735,4735
3908,LINC00963,ENSG00000204054,18802,-1
3909,NTMT1,ENSG00000148335,8725,8725
3910,TOR1A,ENSG00000136827,7065,7065
3911,C9orf78,ENSG00000136819,7062,7062
3912,USP20,ENSG00000136878,7086,7086
3913,FNBP1,ENSG00000187239,15229,15229
3914,GPR107,ENSG00000148358,8734,8734
3915,NCS1,ENSG00000107130,3281,3281
3916,FUBP3,ENSG00000107164,3285,3285
3917,EXOSC2,ENSG00000130713,6088,6088
3918,ABL1,ENSG00000097007,2007,2007
3919,NUP214,ENSG00000126883,5664,5664
3920,AL157938.3,ENSG00000246851,18803,-1
3921,FAM78A,ENSG00000126882,5663,5663
3922,PRRC2B,ENSG00000130723,6092,6092
3923,UCK1,ENSG00000130717,6090,6090
3924,RAPGEF1,ENSG00000107263,3295,3295
3925,MED27,ENSG00000160563,10087,10087
3926,SETX,ENSG00000107290,3298,3298
3927,TTF1,ENSG00000125482,5459,5459
3928,DDX31,ENSG00000125485,5461,5461
3929,GTF3C4,ENSG00000125484,5460,5460
3930,TSC1,ENSG00000165699,11194,11194
3931,GFI1B,ENSG00000165702,11195,11195
3932,GTF3C5,ENSG00000148308,8722,8722
3933,RALGDS,ENSG00000160271,10049,10049
3934,GBGT1,ENSG00000148288,8716,8716
3935,ABO,ENSG00000175164,13189,13189
3936,SURF6,ENSG00000148296,8719,8719
3937,MED22,ENSG00000148297,8720,8720
3938,RPL7A,ENSG00000148303,18804,-1
3939,SURF1,ENSG00000148290,8717,8717
3940,SURF2,ENSG00000148291,8718,8718
3941,SURF4,ENSG00000148248,8715,8715
3942,REXO4,ENSG00000148300,8721,8721
3943,BRD3,ENSG00000169925,12165,12165
3944,WDR5,ENSG00000196363,15733,15733
3945,RXRA,ENSG00000186350,15058,15058
3946,MRPS2,ENSG00000122140,18805,-1
3947,CAMSAP1,ENSG00000130559,6061,6061
3948,UBAC1,ENSG00000130560,6062,6062
3949,NACC2,ENSG00000148411,8743,8743
3950,TMEM250,ENSG00000238227,17610,17610
3951,QSOX2,ENSG00000165661,11180,11180
3952,SNAPC4,ENSG00000165684,11187,11187
3953,ENTR1,ENSG00000165689,11190,11190
3954,PMPCA,ENSG00000165688,11189,11189
3955,SEC16A,ENSG00000148396,8739,8739
3956,EGFL7,ENSG00000172889,12803,12803
3957,AGPAT2,ENSG00000169692,12114,12114
3958,DIPK1B,ENSG00000165716,11198,11198
3959,SNHG7,ENSG00000233016,18806,-1
3960,TMEM141,ENSG00000244187,17771,17771
3961,RABL6,ENSG00000196642,15821,15821
3962,PHPT1,ENSG00000054148,702,702
3963,EDF1,ENSG00000107223,3292,3292
3964,TRAF2,ENSG00000127191,5687,5687
3965,FBXW5,ENSG00000159069,9892,9892
3966,PAXX,ENSG00000148362,8735,8735
3967,SAPCD2,ENSG00000186193,15030,15030
3968,MAN1B1,ENSG00000177239,13521,13521
3969,DPP7,ENSG00000176978,13478,13478
3970,SSNA1,ENSG00000176101,13339,13339
3971,TPRN,ENSG00000176058,13333,13333
3972,TMEM203,ENSG00000187713,15296,15296
3973,BX255925.3,ENSG00000284976,18497,18497
3974,RNF208,ENSG00000212864,16980,16980
3975,TUBB4B,ENSG00000188229,15407,15407
3976,NELFB,ENSG00000188986,15559,15559
3977,TOR4A,ENSG00000198113,16193,16193
3978,NRARP,ENSG00000198435,16261,16261
3979,NSMF,ENSG00000165802,11214,11214
3980,MRPL41,ENSG00000182154,18807,-1
3981,DPH7,ENSG00000148399,8740,8740
3982,ZMYND19,ENSG00000165724,11199,11199
3983,ARRDC1,ENSG00000197070,15927,15927
3984,ARRDC1-AS1,ENSG00000203993,18808,-1
3985,EHMT1,ENSG00000181090,14086,14086
3986,ZMYND11,ENSG00000015171,349,349
3987,LARP4B,ENSG00000107929,3361,3361
3988,GTPBP4,ENSG00000107937,3362,3362
3989,IDI1,ENSG00000067064,966,966
3990,PFKP,ENSG00000067057,965,965
3991,PITRM1,ENSG00000107959,3368,3368
3992,KLF6,ENSG00000067082,968,968
3993,NET1,ENSG00000173848,12981,12981
3994,TASOR2,ENSG00000108021,3375,3375
3995,GDI2,ENSG00000057608,754,754
3996,ANKRD16,ENSG00000134461,6644,6644
3997,FBH1,ENSG00000134452,6641,6641
3998,RBM17,ENSG00000134453,6642,6642
3999,PRKCQ,ENSG00000065675,915,915
4000,PRKCQ-AS1,ENSG00000237943,18809,-1
4001,SFMBT2,ENSG00000198879,16420,16420
4002,KIN,ENSG00000151657,9069,9069
4003,ATP5F1C,ENSG00000165629,11169,11169
4004,TAF3,ENSG00000165632,11171,11171
4005,CELF2,ENSG00000048740,631,631
4006,USP6NL,ENSG00000148429,8745,8745
4007,ECHDC3,ENSG00000134463,6645,6645
4008,PROSER2,ENSG00000148426,8744,8744
4009,UPF2,ENSG00000151461,9039,9039
4010,DHTKD1,ENSG00000181192,14092,14092
4011,NUDT5,ENSG00000165609,11164,11164
4012,CDC123,ENSG00000151465,9040,9040
4013,MCM10,ENSG00000065328,894,894
4014,PHYH,ENSG00000107537,3314,3314
4015,SEPHS1,ENSG00000086475,1642,1642
4016,PRPF18,ENSG00000165630,11170,11170
4017,HSPA14_ENSG00000284024,ENSG00000284024,18810,-1
4018,HSPA14_ENSG00000187522,ENSG00000187522,18811,-1
4019,SUV39H2,ENSG00000152455,9169,9169
4020,DCLRE1C,ENSG00000152457,9170,9170
4021,RPP38,ENSG00000152464,9172,9172
4022,NMT2,ENSG00000152465,9173,9173
4023,FAM171A1,ENSG00000148468,8749,8749
4024,MINDY3,ENSG00000148481,8750,8750
4025,PTER,ENSG00000165983,11256,11256
4026,RSU1,ENSG00000148484,8753,8753
4027,TRDMT1,ENSG00000107614,3323,3323
4028,VIM,ENSG00000026025,441,441
4029,ST8SIA6,ENSG00000148488,8754,8754
4030,STAM,ENSG00000136738,7051,7051
4031,NSUN6,ENSG00000241058,17666,17666
4032,ARL5B,ENSG00000165997,11260,11260
4033,MLLT10,ENSG00000078403,1382,1382
4034,DNAJC1,ENSG00000136770,7055,7055
4035,COMMD3,ENSG00000148444,8746,8746
4036,BMI1,ENSG00000168283,11811,11811
4037,PIP4K2A,ENSG00000150867,8974,8974
4038,MSRB2,ENSG00000148450,8747,8747
4039,ARHGAP21,ENSG00000107863,3353,3353
4040,PRTFDC1,ENSG00000099256,2019,2019
4041,PDSS1,ENSG00000148459,8748,8748
4042,ABI1,ENSG00000136754,7053,7053
4043,ANKRD26,ENSG00000107890,3358,3358
4044,YME1L1,ENSG00000136758,7054,7054
4045,MASTL,ENSG00000120539,4900,4900
4046,ACBD5,ENSG00000107897,3359,3359
4047,RAB18,ENSG00000099246,2017,2017
4048,WAC-AS1,ENSG00000254635,18812,-1
4049,WAC,ENSG00000095787,1982,1982
4050,BAMBI,ENSG00000095739,1979,1979
4051,MTPAP,ENSG00000107951,3365,3365
4052,MAP3K8,ENSG00000107968,3370,3370
4053,ZEB1,ENSG00000148516,8757,8757
4054,ARHGAP12,ENSG00000165322,11106,11106
4055,KIF5B,ENSG00000170759,12339,12339
4056,EPC1,ENSG00000120616,4904,4904
4057,ITGB1,ENSG00000150093,8920,8920
4058,PARD3,ENSG00000148498,8755,8755
4059,CUL2,ENSG00000108094,3381,3381
4060,CREM,ENSG00000095794,1983,1983
4061,CCNY,ENSG00000108100,3382,3382
4062,ZNF248,ENSG00000198105,16191,16191
4063,ZNF33A,ENSG00000189180,15604,15604
4064,ZNF37A,ENSG00000075407,1264,1264
4065,ZNF33B,ENSG00000196693,15836,15836
4066,BMS1,ENSG00000165733,11203,11203
4067,HNRNPF,ENSG00000169813,12136,12136
4068,ZNF32,ENSG00000169740,12125,12125
4069,ZNF22,ENSG00000165512,11145,11145
4070,MARCH8,ENSG00000165406,11119,11119
4071,WASHC2C,ENSG00000172661,18813,-1
4072,TIMM23,ENSG00000265354,18133,18133
4073,NCOA4,ENSG00000266412,18145,18145
4074,MAPK8,ENSG00000107643,3325,3325
4075,ARHGAP22,ENSG00000128805,5855,5855
4076,TMEM273,ENSG00000204161,16562,16562
4077,ERCC6,ENSG00000225830,17377,17377
4078,PARG,ENSG00000227345,17410,17410
4079,TIMM23B,ENSG00000204152,18814,-1
4080,WASHC2A,ENSG00000099290,2023,2023
4081,SGMS1,ENSG00000198964,16466,16466
4082,CSTF2T,ENSG00000177613,13581,13581
4083,ZWINT,ENSG00000122952,5151,5151
4084,CISD1,ENSG00000122873,5146,5146
4085,UBE2D1,ENSG00000072401,1151,1151
4086,TFAM,ENSG00000108064,3379,3379
4087,SLC16A9,ENSG00000165449,11127,11127
4088,CCDC6,ENSG00000108091,3380,3380
4089,CDK1,ENSG00000170312,12243,12243
4090,ARID5B,ENSG00000150347,8929,8929
4091,RTKN2,ENSG00000182010,14198,14198
4092,ADO,ENSG00000181915,14186,14186
4093,NRBF2,ENSG00000148572,8759,8759
4094,JMJD1C,ENSG00000171988,12622,12622
4095,REEP3,ENSG00000165476,11134,11134
4096,SIRT1,ENSG00000096717,2003,2003
4097,HERC4,ENSG00000148634,8765,8765
4098,HNRNPH3,ENSG00000096746,2004,2004
4099,RUFY2,ENSG00000204130,16556,16556
4100,DNA2,ENSG00000138346,7358,7358
4101,SLC25A16,ENSG00000122912,5150,5150
4102,TET1,ENSG00000138336,7357,7357
4103,CCAR1,ENSG00000060339,790,790
4104,DDX50,ENSG00000107625,3324,3324
4105,DDX21,ENSG00000165732,11202,11202
4106,KIF1BP,ENSG00000198954,16461,16461
4107,VPS26A,ENSG00000122958,5152,5152
4108,SUPV3L1,ENSG00000156502,9603,9603
4109,HK1,ENSG00000156515,9607,9607
4110,AIFM2,ENSG00000042286,567,567
4111,SAR1A,ENSG00000079332,1416,1416
4112,PPA1,ENSG00000180817,14035,14035
4113,EIF4EBP2,ENSG00000148730,8778,8778
4114,PCBD1,ENSG00000166228,11320,11320
4115,PSAP,ENSG00000197746,16087,16087
4116,ASCC1,ENSG00000138303,7352,7352
4117,ANAPC16,ENSG00000166295,11337,11337
4118,DDIT4,ENSG00000168209,11791,11791
4119,DNAJB12,ENSG00000148719,8777,8777
4120,MICU1,ENSG00000107745,3335,3335
4121,MCU,ENSG00000156026,9544,9544
4122,P4HA1,ENSG00000122884,5149,5149
4123,ECD,ENSG00000122882,5148,5148
4124,DNAJC9,ENSG00000213551,17046,17046
4125,MRPS16,ENSG00000182180,18815,-1
4126,ANXA7,ENSG00000138279,7350,7350
4127,PPP3CB,ENSG00000107758,3336,3336
4128,SEC24C,ENSG00000176986,13480,13480
4129,FUT11,ENSG00000196968,15900,15900
4130,CHCHD1,ENSG00000172586,12750,12750
4131,ZSWIM8,ENSG00000214655,17159,17159
4132,CAMK2G,ENSG00000148660,8767,8767
4133,VCL,ENSG00000035403,505,505
4134,AP3M1,ENSG00000185009,14771,14771
4135,ADK,ENSG00000156110,9554,9554
4136,KAT6B,ENSG00000156650,9619,9619
4137,SAMD8,ENSG00000156671,9620,9620
4138,VDAC2,ENSG00000165637,11173,11173
4139,COMTD1,ENSG00000165644,11175,11175
4140,LRMDA,ENSG00000148655,8766,8766
4141,POLR3A,ENSG00000148606,8764,8764
4142,RPS24,ENSG00000138326,18816,-1
4143,PPIF,ENSG00000108179,3386,3386
4144,NUTM2B-AS1,ENSG00000225484,18817,-1
4145,ANXA11,ENSG00000122359,5081,5081
4146,PRXL2A,ENSG00000122378,5085,5085
4147,TSPAN14,ENSG00000108219,3388,3388
4148,GHITM,ENSG00000165678,11185,11185
4149,CCSER2,ENSG00000107771,3337,3337
4150,WAPL,ENSG00000062650,821,821
4151,BMPR1A,ENSG00000107779,3338,3338
4152,GLUD1,ENSG00000148672,8769,8769
4153,SHLD2,ENSG00000122376,5084,5084
4154,NUTM2A-AS1,ENSG00000223482,18818,-1
4155,ATAD1,ENSG00000138138,7333,7333
4156,PTEN,ENSG00000171862,12595,12595
4157,KIF20B,ENSG00000138182,7342,7342
4158,RPP30,ENSG00000148688,8772,8772
4159,PCGF5,ENSG00000180628,14012,14012
4160,TNKS2,ENSG00000107854,3350,3350
4161,BTAF1,ENSG00000095564,1972,1972
4162,MARCH5,ENSG00000198060,16176,16176
4163,IDE,ENSG00000119912,4815,4815
4164,KIF11,ENSG00000138160,7335,7335
4165,HHEX,ENSG00000152804,9215,9215
4166,EXOC6,ENSG00000138190,7344,7344
4167,CEP55,ENSG00000138180,7341,7341
4168,FRA10AC1,ENSG00000148690,8773,8773
4169,NOC3L,ENSG00000173145,12846,12846
4170,HELLS,ENSG00000119969,4829,4829
4171,PDLIM1,ENSG00000107438,3308,3308
4172,ALDH18A1,ENSG00000059573,778,778
4173,TCTN3,ENSG00000119977,4831,4831
4174,ENTPD1-AS1,ENSG00000226688,18819,-1
4175,CCNJ,ENSG00000107443,3309,3309
4176,ZNF518A,ENSG00000177853,13616,13616
4177,TM9SF3,ENSG00000077147,1327,1327
4178,LCOR,ENSG00000196233,15698,15698
4179,ARHGAP19,ENSG00000213390,17028,17028
4180,FRAT2,ENSG00000181274,14102,14102
4181,RRP12,ENSG00000052749,683,683
4182,PGAM1,ENSG00000171314,12469,12469
4183,EXOSC1,ENSG00000171311,12468,12468
4184,ZDHHC16,ENSG00000171307,12466,12466
4185,MMS19,ENSG00000155229,9462,9462
4186,ZFYVE27,ENSG00000155256,9466,9466
4187,R3HCC1L,ENSG00000166024,11266,11266
4188,HPS1,ENSG00000107521,3313,3313
4189,GOT1,ENSG00000120053,4838,4838
4190,CUTC,ENSG00000119929,4822,4822
4191,COX15,ENSG00000014919,346,346
4192,ERLIN1,ENSG00000107566,3319,3319
4193,CHUK,ENSG00000213341,17024,17024
4194,CWF19L1,ENSG00000095485,1970,1970
4195,BLOC1S2,ENSG00000196072,15650,15650
4196,SCD,ENSG00000099194,2013,2013
4197,NDUFB8,ENSG00000166136,11289,11289
4198,HIF1AN,ENSG00000166135,11288,11288
4199,SLF2,ENSG00000119906,4814,4814
4200,MRPL43,ENSG00000055950,18820,-1
4201,TWNK,ENSG00000107815,3343,3343
4202,LZTS2,ENSG00000107816,3344,3344
4203,BTRC,ENSG00000166167,11301,11301
4204,DPCD,ENSG00000166171,11304,11304
4205,POLL,ENSG00000166169,11302,11302
4206,NPM3,ENSG00000107833,3349,3349
4207,OGA,ENSG00000198408,16256,16256
4208,LDB1,ENSG00000198728,16343,16343
4209,PPRC1,ENSG00000148840,8792,8792
4210,NOLC1,ENSG00000166197,11311,11311
4211,GBF1,ENSG00000107862,3352,3352
4212,FBXL15,ENSG00000107872,3355,3355
4213,CUEDC2,ENSG00000107874,3356,3356
4214,RPARP-AS1,ENSG00000269609,18821,-1
4215,ACTR1A,ENSG00000138107,7324,7324
4216,TRIM8,ENSG00000171206,12446,12446
4217,ARL3,ENSG00000138175,7340,7340
4218,WBP1L,ENSG00000166272,11332,11332
4219,BORCS7,ENSG00000166275,11333,11333
4220,NT5C2,ENSG00000076685,1311,1311
4221,PCGF6,ENSG00000156374,9585,9585
4222,TAF5,ENSG00000148835,8791,8791
4223,ATP5MD,ENSG00000173915,12992,12992
4224,PDCD11,ENSG00000148843,8795,8795
4225,SLK,ENSG00000065613,910,910
4226,GSTO1,ENSG00000148834,8790,8790
4227,XPNPEP1,ENSG00000108039,3376,3376
4228,ADD3,ENSG00000148700,8774,8774
4229,MXI1,ENSG00000119950,4826,4826
4230,SMNDC1,ENSG00000119953,4827,4827
4231,SMC3,ENSG00000108055,3377,3377
4232,PDCD4,ENSG00000150593,8946,8946
4233,BBIP1,ENSG00000214413,17139,17139
4234,SHOC2,ENSG00000108061,3378,3378
4235,ZDHHC6,ENSG00000023041,410,410
4236,VTI1A,ENSG00000151532,9052,9052
4237,TCF7L2,ENSG00000148737,8781,8781
4238,DCLRE1A,ENSG00000198924,16444,16444
4239,NHLRC2,ENSG00000196865,15876,15876
4240,CCDC186,ENSG00000165813,11219,11219
4241,TRUB1,ENSG00000165832,11224,11224
4242,SHTN1,ENSG00000187164,15215,15215
4243,PDZD8,ENSG00000165650,11177,11177
4244,FAM204A,ENSG00000165669,11181,11181
4245,CACUL1,ENSG00000151893,9104,9104
4246,EIF3A,ENSG00000107581,3320,3320
4247,DENND10,ENSG00000119979,4832,4832
4248,SFXN4,ENSG00000183605,14494,14494
4249,PRDX3,ENSG00000165672,11183,11183
4250,RGS10,ENSG00000148908,8797,8797
4251,TIAL1,ENSG00000151923,9107,9107
4252,BAG3,ENSG00000151929,9108,9108
4253,MCMBP,ENSG00000197771,16095,16095
4254,SEC23IP,ENSG00000107651,3326,3326
4255,WDR11,ENSG00000120008,4834,4834
4256,ATE1,ENSG00000107669,3327,3327
4257,NSMCE4A,ENSG00000107672,3328,3328
4258,PLEKHA1,ENSG00000107679,3329,3329
4259,FAM24B,ENSG00000213185,17007,17007
4260,PSTK,ENSG00000179988,13930,13930
4261,IKZF5,ENSG00000095574,1973,1973
4262,ACADSB,ENSG00000196177,15681,15681
4263,HMX3,ENSG00000188620,15480,15480
4264,BUB3,ENSG00000154473,9389,9389
4265,OAT,ENSG00000065154,887,887
4266,EEF1AKMT2,ENSG00000203791,16501,16501
4267,ABRAXAS2,ENSG00000165660,11179,11179
4268,EDRF1,ENSG00000107938,3363,3363
4269,UROS,ENSG00000188690,15496,15496
4270,BCCIP,ENSG00000107949,3364,3364
4271,DHX32,ENSG00000089876,1799,1799
4272,MKI67,ENSG00000148773,8782,8782
4273,GLRX3,ENSG00000108010,3373,3373
4274,PPP2R2D,ENSG00000175470,13245,13245
4275,BNIP3,ENSG00000176171,18822,-1
4276,STK32C,ENSG00000165752,11204,11204
4277,TUBGCP2,ENSG00000130640,6072,6072
4278,ZNF511,ENSG00000198546,16287,16287
4279,FUOM,ENSG00000148803,8785,8785
4280,ECHS1,ENSG00000127884,5747,5747
4281,MTG1,ENSG00000148824,8787,8787
4282,SYCE1,ENSG00000171772,12567,12567
4283,BET1L,ENSG00000177951,13630,13630
4284,RIC8A,ENSG00000177963,13631,13631
4285,PSMD13,ENSG00000185627,14897,14897
4286,IFITM2,ENSG00000185201,14813,14813
4287,IFITM1,ENSG00000185885,14954,14954
4288,PKP3,ENSG00000184363,14646,14646
4289,SIGIRR,ENSG00000185187,14810,14810
4290,PTDSS2,ENSG00000174915,13142,13142
4291,RNH1,ENSG00000023191,412,412
4292,HRAS,ENSG00000174775,13116,13116
4293,PHRF1,ENSG00000070047,1065,1065
4294,DEAF1,ENSG00000177030,13485,13485
4295,TMEM80,ENSG00000177042,13487,13487
4296,TALDO1,ENSG00000177156,13507,13507
4297,GATD1,ENSG00000177225,13519,13519
4298,RPLP2,ENSG00000177600,18823,-1
4299,PNPLA2,ENSG00000177666,13587,13587
4300,CD151,ENSG00000177697,13600,13600
4301,POLR2L,ENSG00000177700,13601,13601
4302,TSPAN4,ENSG00000214063,17109,17109
4303,CHID1,ENSG00000177830,13613,13613
4304,AP2A2,ENSG00000183020,14389,14389
4305,TOLLIP,ENSG00000078902,1401,1401
4306,MOB2,ENSG00000182208,14238,14238
4307,CTSD,ENSG00000117984,4615,4615
4308,MRPL23,ENSG00000214026,18824,-1
4309,H19,ENSG00000130600,18825,-1
4310,ASCL2,ENSG00000183734,14529,14529
4311,TSPAN32,ENSG00000064201,848,848
4312,CD81,ENSG00000110651,3671,3671
4313,TSSC4,ENSG00000184281,14628,14628
4314,KCNQ1OT1,ENSG00000269821,18826,-1
4315,CDKN1C,ENSG00000129757,5958,5958
4316,PHLDA2,ENSG00000181649,14145,14145
4317,NAP1L4,ENSG00000205531,16839,16839
4318,CARS,ENSG00000110619,3669,3669
4319,ZNF195,ENSG00000005801,101,101
4320,NUP98,ENSG00000110713,3680,3680
4321,PGAP2,ENSG00000148985,8806,8806
4322,RHOG,ENSG00000177105,13498,13498
4323,STIM1,ENSG00000167323,11576,11576
4324,RRM1,ENSG00000167325,11577,11577
4325,HBD,ENSG00000223609,17347,17347
4326,HBG1,ENSG00000213934,17090,17090
4327,HBG2,ENSG00000196565,15800,15800
4328,ARFIP2,ENSG00000132254,6305,6305
4329,TIMM10B,ENSG00000132286,6310,6310
4330,RRP8,ENSG00000132275,6309,6309
4331,ILK,ENSG00000166333,11345,11345
4332,TAF10,ENSG00000166337,11346,11346
4333,TPP1,ENSG00000166340,11347,11347
4334,MRPL17,ENSG00000158042,18827,-1
4335,EIF3F,ENSG00000175390,13234,13234
4336,RPL27A,ENSG00000166441,18828,-1
4337,AKIP1,ENSG00000166452,11381,11381
4338,TMEM9B,ENSG00000175348,13228,13228
4339,NRIP3,ENSG00000175352,13229,13229
4340,DENND5A,ENSG00000184014,14584,14584
4341,TMEM41B,ENSG00000166471,11384,11384
4342,IPO7,ENSG00000205339,18829,-1
4343,ZNF143,ENSG00000166478,11386,11386
4344,WEE1,ENSG00000166483,11389,11389
4345,SWAP70,ENSG00000133789,6533,6533
4346,MTRNR2L8,ENSG00000255823,18830,-1
4347,RNF141,ENSG00000110315,3643,3643
4348,CTR9,ENSG00000198730,16345,16345
4349,EIF4G2,ENSG00000110321,3645,3645
4350,ZBED5,ENSG00000236287,17566,17566
4351,USP47,ENSG00000170242,12223,12223
4352,MICAL2,ENSG00000133816,6538,6538
4353,TEAD1,ENSG00000187079,15198,15198
4354,LINC00958,ENSG00000251381,18831,-1
4355,FAR1,ENSG00000197601,16057,16057
4356,RRAS2,ENSG00000133818,6539,6539
4357,COPB1,ENSG00000129083,5883,5883
4358,PSMA1,ENSG00000129084,5884,5884
4359,C11orf58,ENSG00000110696,3677,3677
4360,RPS13,ENSG00000110700,18832,-1
4361,PIK3C2A,ENSG00000011405,288,288
4362,NUCB2,ENSG00000070081,1067,1067
4363,NCR3LG1,ENSG00000188211,15403,15403
4364,SERGEF,ENSG00000129158,5890,5890
4365,SAAL1,ENSG00000166788,11443,11443
4366,HPS5,ENSG00000110756,3685,3685
4367,GTF2H1,ENSG00000110768,3686,3686
4368,LDHA,ENSG00000134333,18833,-1
4369,TSG101,ENSG00000074319,1218,1218
4370,SPTY2D1,ENSG00000179119,13811,13811
4371,E2F8,ENSG00000129173,5894,5894
4372,HTATIP2,ENSG00000109854,3591,3591
4373,PRMT3,ENSG00000185238,14820,14820
4374,FANCF,ENSG00000183161,14419,14419
4375,SVIP,ENSG00000198168,16205,16205
4376,BBOX1-AS1,ENSG00000254560,18834,-1
4377,CCDC34,ENSG00000109881,3593,3593
4378,LGR4,ENSG00000205213,16798,16798
4379,LIN7C,ENSG00000148943,8802,8802
4380,KIF18A,ENSG00000121621,5010,5010
4381,METTL15,ENSG00000169519,12082,12082
4382,ARL14EP,ENSG00000152219,9138,9138
4383,DNAJC24,ENSG00000170946,12384,12384
4384,IMMP1L,ENSG00000148950,8804,8804
4385,ELP4,ENSG00000109911,3595,3595
4386,PAX6,ENSG00000007372,178,178
4387,RCN1,ENSG00000049449,645,645
4388,WT1,ENSG00000184937,14751,14751
4389,EIF3M,ENSG00000149100,8816,8816
4390,QSER1,ENSG00000060749,799,799
4391,CSTF3,ENSG00000176102,13340,13340
4392,HIPK3,ENSG00000110422,3654,3654
4393,CD59,ENSG00000085063,1593,1593
4394,FBXO3,ENSG00000110429,3656,3656
4395,LMO2,ENSG00000135363,6794,6794
4396,CAPRIN1,ENSG00000135387,6800,6800
4397,NAT10,ENSG00000135372,6796,6796
4398,CAT,ENSG00000121691,5017,5017
4399,APIP,ENSG00000149089,8813,8813
4400,PDHX,ENSG00000110435,3657,3657
4401,FJX1,ENSG00000179431,13854,13854
4402,TRIM44,ENSG00000166326,11343,11343
4403,COMMD9,ENSG00000110442,3659,3659
4404,C11orf74,ENSG00000166352,11355,11355
4405,AC021723.2,ENSG00000285751,18835,-1
4406,API5,ENSG00000166181,11306,11306
4407,TTC17,ENSG00000052841,686,686
4408,HSD17B12,ENSG00000149084,8812,8812
4409,EXT2,ENSG00000151348,9024,9024
4410,TSPAN18,ENSG00000157570,9723,9723
4411,PEX16,ENSG00000121680,5015,5015
4412,PHF21A,ENSG00000135365,6795,6795
4413,DGKZ,ENSG00000149091,8815,8815
4414,MDK,ENSG00000110492,3664,3664
4415,ATG13,ENSG00000175224,13206,13206
4416,ARHGAP1,ENSG00000175220,13204,13204
4417,ZNF408,ENSG00000175213,13201,13201
4418,CKAP5,ENSG00000175216,13203,13203
4419,C11orf49,ENSG00000149179,8824,8824
4420,ARFGAP2,ENSG00000149182,8825,8825
4421,PACSIN3,ENSG00000165912,11238,11238
4422,ACP2,ENSG00000134575,6664,6664
4423,MADD,ENSG00000110514,3666,3666
4424,SPI1,ENSG00000066336,941,941
4425,PSMC3,ENSG00000165916,11241,11241
4426,CELF1,ENSG00000149187,8826,8826
4427,NDUFS3,ENSG00000213619,17053,17053
4428,PTPMT1,ENSG00000110536,3667,3667
4429,MTCH2,ENSG00000109919,3597,3597
4430,FNBP4,ENSG00000109920,3598,3598
4431,NUP160,ENSG00000030066,470,470
4432,SSRP1,ENSG00000149136,8821,8821
4433,PRG2,ENSG00000186652,15115,15115
4434,SLC43A3,ENSG00000134802,6696,6696
4435,SLC43A1,ENSG00000149150,8822,8822
4436,TIMM10,ENSG00000134809,6697,6697
4437,UBE2L6,ENSG00000156587,9614,9614
4438,SERPING1,ENSG00000149131,8819,8819
4439,CLP1,ENSG00000172409,18836,-1
4440,ZDHHC5,ENSG00000156599,9615,9615
4441,MED19,ENSG00000156603,9616,9616
4442,TMX2,ENSG00000213593,17051,17051
4443,SELENOH,ENSG00000211450,16941,16941
4444,CTNND1,ENSG00000198561,16292,16292
4445,ZFP91,ENSG00000186660,15117,15117
4446,OSBP,ENSG00000110048,3614,3614
4447,PATL1,ENSG00000166889,11479,11479
4448,STX3,ENSG00000166900,11482,11482
4449,MRPL16,ENSG00000166902,18837,-1
4450,MS4A3,ENSG00000149516,8866,8866
4451,MS4A4A,ENSG00000110079,3623,3623
4452,CCDC86,ENSG00000110104,3627,3627
4453,PRPF19,ENSG00000110107,3628,3628
4454,TMEM109,ENSG00000110108,3629,3629
4455,DDB1,ENSG00000167986,11742,11742
4456,TKFC,ENSG00000149476,8857,8857
4457,CYB561A3,ENSG00000162144,10264,10264
4458,TMEM138,ENSG00000149483,8859,8859
4459,CPSF7,ENSG00000149532,8868,8868
4460,SDHAF2,ENSG00000167985,11741,11741
4461,MYRF,ENSG00000124920,5406,5406
4462,TMEM258,ENSG00000134825,6702,6702
4463,FEN1,ENSG00000168496,11861,11861
4464,FADS1,ENSG00000149485,8860,8860
4465,FADS3,ENSG00000221968,17319,17319
4466,FTH1,ENSG00000167996,11747,11747
4467,INCENP,ENSG00000149503,8863,8863
4468,ASRGL1,ENSG00000162174,10266,10266
4469,AHNAK,ENSG00000124942,5409,5409
4470,EEF1G,ENSG00000254772,17934,17934
4471,TUT1,ENSG00000149016,8807,8807
4472,MTA2,ENSG00000149480,8858,8858
4473,EML3,ENSG00000149499,18838,-1
4474,B3GAT3,ENSG00000149541,8870,8870
4475,GANAB,ENSG00000089597,1787,1787
4476,INTS5,ENSG00000185085,14791,14791
4477,CSKMT,ENSG00000214756,17171,17171
4478,UQCC3,ENSG00000204922,16744,16744
4479,UBXN1,ENSG00000162191,10268,10268
4480,BSCL2,ENSG00000168000,11748,11748
4481,HNRNPUL2,ENSG00000214753,17170,17170
4482,TTC9C,ENSG00000162222,10270,10270
4483,POLR2G,ENSG00000168002,11749,11749
4484,TAF6L,ENSG00000162227,10271,10271
4485,TMEM223,ENSG00000168569,11878,11878
4486,TMEM179B,ENSG00000185475,14866,14866
4487,NXF1,ENSG00000162231,10272,10272
4488,STX5,ENSG00000162236,10273,10273
4489,WDR74,ENSG00000133316,6490,6490
4490,SNHG1,ENSG00000255717,18839,-1
4491,SLC3A2,ENSG00000168003,11750,11750
4492,ATL3,ENSG00000184743,14720,14720
4493,RTN3,ENSG00000133318,6492,6492
4494,SPINDOC,ENSG00000168005,11752,11752
4495,MARK2,ENSG00000072518,1156,1156
4496,NAA40,ENSG00000110583,3668,3668
4497,COX8A,ENSG00000176340,13379,13379
4498,OTUB1,ENSG00000167770,11692,11692
4499,MACROD1,ENSG00000133315,6489,6489
4500,STIP1,ENSG00000168439,11847,11847
4501,TRPT1,ENSG00000149743,8898,8898
4502,NUDT22,ENSG00000149761,8899,8899
4503,DNAJC4,ENSG00000110011,3607,3607
4504,VEGFB,ENSG00000173511,12918,12918
4505,PPP1R14B,ENSG00000173457,12910,12910
4506,BAD,ENSG00000002330,20,20
4507,GPR137,ENSG00000173264,12875,12875
4508,ESRRA,ENSG00000173153,12847,12847
4509,TRMT112,ENSG00000173113,12841,12841
4510,PRDX5,ENSG00000126432,5611,5611
4511,CCDC88B,ENSG00000168071,11769,11769
4512,RASGRP2,ENSG00000068831,1024,1024
4513,SF1,ENSG00000168066,11766,11766
4514,MAP4K2,ENSG00000168067,11767,11767
4515,MEN1,ENSG00000133895,6547,6547
4516,EHD1,ENSG00000110047,3613,3613
4517,ATG2A,ENSG00000110046,3612,3612
4518,ARL2,ENSG00000213465,17040,17040
4519,SNX15,ENSG00000110025,3609,3609
4520,SAC3D1,ENSG00000168061,11763,11763
4521,CDCA5,ENSG00000146670,8532,8532
4522,ZFPL1,ENSG00000162300,10277,10277
4523,VPS51,ENSG00000149823,8904,8904
4524,TM7SF2,ENSG00000149809,8903,8903
4525,ZNHIT2,ENSG00000174276,13044,13044
4526,FAU,ENSG00000149806,18840,-1
4527,SYVN1,ENSG00000162298,10276,10276
4528,MRPL49,ENSG00000149792,18841,-1
4529,SPDYC,ENSG00000204710,16716,16716
4530,CAPN1,ENSG00000014216,341,341
4531,POLA2,ENSG00000014138,339,339
4532,DPF2,ENSG00000133884,6546,6546
4533,FRMD8,ENSG00000126391,5610,5610
4534,NEAT1,ENSG00000245532,18842,-1
4535,MALAT1,ENSG00000251562,18843,-1
4536,SCYL1,ENSG00000142186,7903,7903
4537,ZNRD2,ENSG00000173465,12912,12912
4538,FAM89B,ENSG00000176973,13476,13476
4539,EHBP1L1,ENSG00000173442,12906,12906
4540,MAP3K11,ENSG00000173327,12886,12886
4541,PCNX3,ENSG00000197136,15946,15946
4542,SIPA1,ENSG00000213445,17037,17037
4543,RELA,ENSG00000173039,12829,12829
4544,KAT5,ENSG00000172977,12820,12820
4545,RNASEH2C,ENSG00000172922,12807,12807
4546,AP5B1,ENSG00000254470,18844,-1
4547,CFL1,ENSG00000172757,12776,12776
4548,MUS81,ENSG00000172732,12770,12770
4549,FIBP,ENSG00000172500,12735,12735
4550,CCDC85B,ENSG00000175602,13272,13272
4551,C11orf68,ENSG00000175573,13265,13265
4552,DRAP1,ENSG00000175550,13261,13261
4553,SART1,ENSG00000175467,13244,13244
4554,EIF1AD,ENSG00000175376,13232,13232
4555,BANF1,ENSG00000175334,13225,13225
4556,SF3B2,ENSG00000087365,1691,1691
4557,PACS1,ENSG00000175115,13182,13182
4558,RAB1B,ENSG00000174903,13140,13140
4559,YIF1A,ENSG00000174851,13133,13133
4560,BRMS1,ENSG00000174744,13114,13114
4561,B4GAT1,ENSG00000174684,13105,13105
4562,SLC29A2,ENSG00000174669,13103,13103
4563,MRPL11,ENSG00000174547,18845,-1
4564,DPP3,ENSG00000254986,17939,17939
4565,ZDHHC24,ENSG00000174165,13029,13029
4566,CTSF,ENSG00000174080,13016,13016
4567,CCS,ENSG00000173992,13005,13005
4568,RBM14,ENSG00000239306,17615,17615
4569,RBM4,ENSG00000173933,12998,12998
4570,RBM4B,ENSG00000173914,12991,12991
4571,RCE1,ENSG00000173653,12949,12949
4572,LRFN4,ENSG00000173621,12944,12944
4573,KDM2A,ENSG00000173120,12843,12843
4574,GRK2,ENSG00000173020,12828,12828
4575,ANKRD13D,ENSG00000172932,12809,12809
4576,RAD9A,ENSG00000172613,12753,12753
4577,POLD4,ENSG00000175482,13247,13247
4578,PPP1CA,ENSG00000172531,12739,12739
4579,RPS6KB2,ENSG00000175634,18846,-1
4580,CORO1B,ENSG00000172725,12767,12767
4581,TMEM134,ENSG00000172663,12757,12757
4582,AIP,ENSG00000110711,3679,3679
4583,PITPNM1,ENSG00000110697,3678,3678
4584,CDK2AP2,ENSG00000167797,11702,11702
4585,GSTP1,ENSG00000084207,1574,1574
4586,NDUFV1,ENSG00000167792,11701,11701
4587,NUDT8,ENSG00000167799,11703,11703
4588,NDUFS8,ENSG00000110717,3681,3681
4589,TCIRG1,ENSG00000110719,3682,3682
4590,CHKA,ENSG00000110721,3683,3683
4591,KMT5B,ENSG00000110066,3618,3618
4592,C11orf24,ENSG00000171067,12412,12412
4593,LRP5,ENSG00000162337,10278,10278
4594,PPP6R3,ENSG00000110075,3620,3620
4595,GAL,ENSG00000069482,1045,1045
4596,MRPL21,ENSG00000197345,18847,-1
4597,IGHMBP2,ENSG00000132740,18848,-1
4598,LTO1,ENSG00000149716,8895,8895
4599,FADD,ENSG00000168040,11760,11760
4600,PPFIA1,ENSG00000131626,18849,-1
4601,CTTN,ENSG00000085733,1616,1616
4602,DHCR7,ENSG00000172893,12804,12804
4603,AP002387.2,ENSG00000254682,18850,-1
4604,NADSYN1,ENSG00000172890,18851,-1
4605,RNF121,ENSG00000137522,7207,7207
4606,NUMA1,ENSG00000137497,7199,7199
4607,LAMTOR1,ENSG00000149357,8848,8848
4608,ANAPC15,ENSG00000110200,3635,3635
4609,INPPL1,ENSG00000165458,11129,11129
4610,CLPB,ENSG00000162129,10262,10262
4611,ARAP1,ENSG00000186635,15111,15111
4612,FCHSD2,ENSG00000137478,7193,7193
4613,RAB6A,ENSG00000175582,13267,13267
4614,MRPL48,ENSG00000175581,18852,-1
4615,COA4,ENSG00000181924,14187,14187
4616,PAAF1,ENSG00000175575,13266,13266
4617,UCP2,ENSG00000175567,13264,13264
4618,PPME1,ENSG00000214517,17148,17148
4619,PGM2L1,ENSG00000165434,11125,11125
4620,POLD3,ENSG00000077514,1347,1347
4621,RNF169,ENSG00000166439,11375,11375
4622,XRRA1,ENSG00000166435,11373,11373
4623,SPCS2,ENSG00000118363,4647,4647
4624,NEU3,ENSG00000162139,10263,10263
4625,ARRB1,ENSG00000137486,7194,7194
4626,RPS3,ENSG00000149273,18853,-1
4627,SERPINH1,ENSG00000149257,8834,8834
4628,UVRAG,ENSG00000198382,16250,16250
4629,THAP12,ENSG00000137492,7196,7196
4630,GVQW3,ENSG00000179240,13828,13828
4631,AP002360.1,ENSG00000255135,18854,-1
4632,EMSY,ENSG00000158636,9846,9846
4633,ACER3,ENSG00000078124,1369,1369
4634,PAK1,ENSG00000149269,8837,8837
4635,CLNS1A,ENSG00000074201,1212,1212
4636,RSF1,ENSG00000048649,629,629
4637,AAMDC,ENSG00000087884,1701,1701
4638,INTS4,ENSG00000149262,8836,8836
4639,NDUFC2,ENSG00000151366,9029,9029
4640,ALG8,ENSG00000159063,9891,9891
4641,GAB2,ENSG00000033327,491,491
4642,NARS2,ENSG00000137513,7206,7206
4643,PRCP,ENSG00000137509,7205,7205
4644,DDIAS,ENSG00000165490,11138,11138
4645,RAB30,ENSG00000137502,7202,7202
4646,RAB30-DT,ENSG00000246067,18855,-1
4647,PCF11,ENSG00000165494,11139,11139
4648,AP000873.2,ENSG00000247137,18856,-1
4649,CCDC90B,ENSG00000137500,7200,7200
4650,TMEM126B,ENSG00000171204,12445,12445
4651,TMEM126A,ENSG00000171202,12444,12444
4652,CREBZF,ENSG00000137504,7203,7203
4653,PICALM,ENSG00000073921,1207,1207
4654,EED,ENSG00000074266,1215,1215
4655,HIKESHI,ENSG00000149196,8827,8827
4656,TMEM135,ENSG00000166575,11410,11410
4657,CTSC,ENSG00000109861,3592,3592
4658,CHORDC1,ENSG00000110172,3633,3633
4659,CEP295,ENSG00000166004,11262,11262
4660,TAF1D,ENSG00000166012,11264,11264
4661,C11orf54,ENSG00000182919,14367,14367
4662,MED17,ENSG00000042429,570,570
4663,MRE11,ENSG00000020922,392,392
4664,ANKRD49,ENSG00000168876,11937,11937
4665,AMOTL1,ENSG00000166025,11267,11267
4666,CWC15,ENSG00000150316,8927,8927
4667,SRSF8,ENSG00000263465,18116,18116
4668,ENDOD1,ENSG00000149218,8830,8830
4669,FAM76B,ENSG00000077458,1344,1344
4670,CEP57,ENSG00000166037,11270,11270
4671,MTMR2,ENSG00000087053,1661,1661
4672,CCDC82,ENSG00000149231,8831,8831
4673,BIRC2,ENSG00000110330,3648,3648
4674,TMEM123,ENSG00000152558,9184,9184
4675,DCUN1D5,ENSG00000137692,7226,7226
4676,AASDHPPT,ENSG00000149313,8845,8845
4677,CWF19L2,ENSG00000152404,9160,9160
4678,SLC35F2,ENSG00000110660,3672,3672
4679,CUL5,ENSG00000166266,11330,11330
4680,ACAT1,ENSG00000075239,1253,1253
4681,NPAT,ENSG00000149308,8843,8843
4682,ATM,ENSG00000149311,8844,8844
4683,POGLUT3,ENSG00000178202,13672,13672
4684,EXPH5,ENSG00000110723,3684,3684
4685,DDX10,ENSG00000178105,13656,13656
4686,RDX,ENSG00000137710,7232,7232
4687,FDX1,ENSG00000137714,7234,7234
4688,PPP2R1B,ENSG00000137713,7233,7233
4689,ALG9,ENSG00000086848,1657,1657
4690,C11orf1,ENSG00000137720,7235,7235
4691,DIXDC1,ENSG00000150764,8966,8966
4692,DLAT,ENSG00000150768,8967,8967
4693,NKAPD1,ENSG00000150776,8969,8969
4694,TIMM8B,ENSG00000150779,8970,8970
4695,SDHD,ENSG00000204370,18857,-1
4696,PTS,ENSG00000150787,8973,8973
4697,ZW10,ENSG00000086827,1656,1656
4698,USP28,ENSG00000048028,618,618
4699,C11orf71,ENSG00000180425,13989,13989
4700,RBM7,ENSG00000076053,1292,1292
4701,REXO2,ENSG00000076043,1291,1291
4702,BUD13,ENSG00000137656,7220,7220
4703,ZPR1,ENSG00000109917,3596,3596
4704,SIK3,ENSG00000160584,10089,10089
4705,PAFAH1B2,ENSG00000168092,11775,11775
4706,PCSK7,ENSG00000160613,10094,10094
4707,RNF214,ENSG00000167257,11562,11562
4708,CEP164,ENSG00000110274,3642,3642
4709,UBE4A,ENSG00000110344,3649,3649
4710,ATP5MG,ENSG00000167283,11569,11569
4711,KMT2A,ENSG00000118058,4620,4620
4712,IFT46,ENSG00000118096,4622,4622
4713,ARCN1,ENSG00000095139,1958,1958
4714,DDX6,ENSG00000110367,3650,3650
4715,CCDC84,ENSG00000186166,15022,15022
4716,RPS25,ENSG00000118181,18858,-1
4717,TRAPPC4,ENSG00000196655,15825,15825
4718,SLC37A4,ENSG00000137700,7229,7229
4719,HYOU1,ENSG00000149428,8852,8852
4720,VPS11,ENSG00000160695,10103,10103
4721,HMBS,ENSG00000256269,17985,17985
4722,H2AFX,ENSG00000188486,15452,15452
4723,DPAGT1,ENSG00000172269,12679,12679
4724,HINFP,ENSG00000172273,12681,12681
4725,CBL,ENSG00000110395,3652,3652
4726,MCAM,ENSG00000076706,1312,1312
4727,RNF26,ENSG00000173456,12909,12909
4728,USP2,ENSG00000036672,520,520
4729,ARHGEF12,ENSG00000196914,15886,15886
4730,SC5D,ENSG00000109929,3600,3600
4731,HSPA8,ENSG00000109971,3604,3604
4732,TBRG1,ENSG00000154144,9352,9352
4733,SPA17,ENSG00000064199,847,847
4734,NRGN,ENSG00000154146,9353,9353
4735,ESAM,ENSG00000149564,8875,8875
4736,TMEM218,ENSG00000150433,8934,8934
4737,FEZ1,ENSG00000149557,8874,8874
4738,EI24,ENSG00000149547,8871,8871
4739,STT3A,ENSG00000134910,6720,6720
4740,CHEK1,ENSG00000149554,8873,8873
4741,HYLS1,ENSG00000198331,16238,16238
4742,PUS3,ENSG00000110060,3616,3616
4743,RPUSD4,ENSG00000165526,11149,11149
4744,FAM118B,ENSG00000197798,16104,16104
4745,SRPRA,ENSG00000182934,14370,14370
4746,FOXRED1,ENSG00000110074,3619,3619
4747,DCPS,ENSG00000110063,3617,3617
4748,NFRKB,ENSG00000170322,12245,12245
4749,APLP2,ENSG00000084234,1575,1575
4750,ZBTB44,ENSG00000196323,15719,15719
4751,NCAPD3,ENSG00000151503,9051,9051
4752,VPS26B,ENSG00000151502,9050,9050
4753,THYN1,ENSG00000151500,9049,9049
4754,ACAD8,ENSG00000151498,9048,9048
4755,KDM5A,ENSG00000073614,1194,1194
4756,CCDC77,ENSG00000120647,4906,4906
4757,WNK1,ENSG00000060237,789,789
4758,ERC1,ENSG00000082805,1532,1532
4759,ADIPOR2,ENSG00000006831,157,157
4760,FKBP4,ENSG00000004478,49,49
4761,ITFG2,ENSG00000111203,3733,3733
4762,FOXM1,ENSG00000111206,3734,3734
4763,RHNO1,ENSG00000171792,12573,12573
4764,TEAD4,ENSG00000197905,16132,16132
4765,CCND2,ENSG00000118971,4706,4706
4766,C12orf4,ENSG00000047621,611,611
4767,RAD51AP1,ENSG00000111247,3742,3742
4768,DYRK4,ENSG00000010219,244,244
4769,NDUFA9,ENSG00000139180,7492,7492
4770,CD9,ENSG00000010278,248,248
4771,TNFRSF1A,ENSG00000067182,973,973
4772,LTBR,ENSG00000111321,3757,3757
4773,MRPL51,ENSG00000111639,18859,-1
4774,NCAPD2,ENSG00000010292,250,250
4775,GAPDH,ENSG00000111640,18860,-1
4776,NOP2,ENSG00000111641,3790,3790
4777,CHD4,ENSG00000111642,3791,3791
4778,ZNF384,ENSG00000126746,5637,5637
4779,COPS7A,ENSG00000111652,3793,3793
4780,MLF2,ENSG00000089693,1792,1792
4781,PTMS,ENSG00000159335,9932,9932
4782,CDCA3,ENSG00000111665,3796,3796
4783,USP5,ENSG00000111667,3798,3798
4784,TPI1,ENSG00000111669,18861,-1
4785,ENO2,ENSG00000111674,3801,3801
4786,ATN1,ENSG00000111676,3802,3802
4787,C12orf57,ENSG00000111678,3803,3803
4788,PHB2,ENSG00000215021,17194,17194
4789,EMG1,ENSG00000126749,5638,5638
4790,LPCAT3,ENSG00000111684,3805,3805
4791,SLC2A3,ENSG00000059804,784,784
4792,NECAP1,ENSG00000089818,1796,1796
4793,RIMKLB,ENSG00000166532,11401,11401
4794,M6PR,ENSG00000003056,31,31
4795,GABARAPL1,ENSG00000139112,7475,7475
4796,AC022075.1,ENSG00000245648,18862,-1
4797,MAGOHB,ENSG00000111196,3731,3731
4798,YBX3,ENSG00000060138,787,787
4799,PRH1,ENSG00000231887,18532,18532
4800,SMIM10L1,ENSG00000256537,17992,17992
4801,ETV6,ENSG00000139083,7474,7474
4802,LRP6,ENSG00000070018,1062,1062
4803,BORCS5,ENSG00000165714,11197,11197
4804,CDKN1B,ENSG00000111276,3752,3752
4805,GPRC5D-AS1,ENSG00000247498,18863,-1
4806,ATF7IP,ENSG00000171681,12550,12550
4807,PLBD1,ENSG00000121316,4987,4987
4808,WBP11,ENSG00000084463,1578,1578
4809,STRAP,ENSG00000023734,422,422
4810,DERA,ENSG00000023697,421,421
4811,MGST1,ENSG00000008394,214,214
4812,PLEKHA5,ENSG00000052126,680,680
4813,AEBP2,ENSG00000139154,7484,7484
4814,RECQL,ENSG00000004700,53,53
4815,GOLT1B,ENSG00000111711,3811,3811
4816,LDHB,ENSG00000111716,3813,3813
4817,CMAS,ENSG00000111726,3815,3815
4818,ETNK1,ENSG00000139163,7487,7487
4819,BCAT1,ENSG00000060982,802,802
4820,LRMP,ENSG00000118308,4645,4645
4821,ETFRF1,ENSG00000205707,18864,-1
4822,KRAS,ENSG00000133703,6524,6524
4823,ITPR2,ENSG00000123104,5165,5165
4824,INTS13,ENSG00000064102,844,844
4825,FGFR1OP2,ENSG00000111790,3827,3827
4826,TM7SF3,ENSG00000064115,845,845
4827,MED21,ENSG00000152944,9226,9226
4828,STK38L,ENSG00000211455,16943,16943
4829,ARNTL2,ENSG00000029153,462,462
4830,PPFIBP1,ENSG00000110841,3692,3692
4831,MRPS35,ENSG00000061794,18865,-1
4832,KLHL42,ENSG00000087448,1692,1692
4833,CCDC91,ENSG00000123106,5166,5166
4834,FAR2,ENSG00000064763,871,871
4835,ERGIC2,ENSG00000087502,1696,1696
4836,IPO8,ENSG00000133704,6525,6525
4837,DDX11,ENSG00000013573,332,332
4838,SINHCAF,ENSG00000139146,7482,7482
4839,AC023157.3,ENSG00000276900,18866,-1
4840,RESF1,ENSG00000174718,13109,13109
4841,BICD1,ENSG00000151746,9085,9085
4842,DNM1L,ENSG00000087470,1693,1693
4843,YARS2,ENSG00000139131,7478,7478
4844,ALG10B,ENSG00000175548,13260,13260
4845,CPNE8,ENSG00000139117,7477,7477
4846,KIF21A,ENSG00000139116,7476,7476
4847,GXYLT1,ENSG00000151233,9011,9011
4848,YAF2,ENSG00000015153,348,348
4849,PPHLN1,ENSG00000134283,6612,6612
4850,ZCRB1,ENSG00000139168,7488,7488
4851,PUS7L,ENSG00000129317,5912,5912
4852,IRAK4,ENSG00000198001,16160,16160
4853,TWF1,ENSG00000151239,9012,9012
4854,ANO6,ENSG00000177119,13501,13501
4855,AC008124.1,ENSG00000273015,18867,-1
4856,ARID2,ENSG00000189079,15585,15585
4857,SCAF11,ENSG00000139218,7503,7503
4858,SLC38A1,ENSG00000111371,3769,3769
4859,SLC38A2,ENSG00000134294,6616,6616
4860,RPAP3,ENSG00000005175,80,80
4861,SLC48A1,ENSG00000211584,16946,16946
4862,HDAC7,ENSG00000061273,803,803
4863,TMEM106C,ENSG00000134291,6615,6615
4864,COL2A1,ENSG00000139219,7504,7504
4865,SENP1,ENSG00000079387,1420,1420
4866,PFKM,ENSG00000152556,9183,9183
4867,ASB8,ENSG00000177981,13633,13633
4868,KANSL2,ENSG00000139620,7558,7558
4869,CCNT1,ENSG00000129315,5911,5911
4870,DDX23,ENSG00000174243,13042,13042
4871,FKBP11,ENSG00000134285,6613,6613
4872,ARF3,ENSG00000134287,6614,6614
4873,PRKAG1,ENSG00000181929,14189,14189
4874,KMT2D,ENSG00000167548,11616,11616
4875,RHEBL1,ENSG00000167550,11618,11618
4876,LMBR1L,ENSG00000139636,7564,7564
4877,TUBA1B,ENSG00000123416,5206,5206
4878,TUBA1A,ENSG00000167552,11619,11619
4879,TUBA1C,ENSG00000167553,11620,11620
4880,TROAP,ENSG00000135451,6819,6819
4881,SPATS2,ENSG00000123352,5193,5193
4882,MCRS1,ENSG00000187778,15314,15314
4883,TMBIM6,ENSG00000139644,7567,7567
4884,NCKAP5L,ENSG00000167566,11625,11625
4885,RACGAP1,ENSG00000161800,10215,10215
4886,SMARCD1,ENSG00000066117,932,932
4887,COX14,ENSG00000178449,13706,13706
4888,CERS5,ENSG00000139624,7559,7559
4889,LIMA1,ENSG00000050405,661,661
4890,LARP4,ENSG00000161813,10217,10217
4891,DIP2B,ENSG00000066084,931,931
4892,ATF1,ENSG00000123268,5186,5186
4893,SLC11A2,ENSG00000110911,3705,3705
4894,LETMD1,ENSG00000050426,662,662
4895,TFCP2,ENSG00000135457,6822,6822
4896,DAZAP2,ENSG00000183283,14436,14436
4897,SMAGP,ENSG00000170545,12304,12304
4898,GALNT6,ENSG00000139629,7562,7562
4899,ACVR1B,ENSG00000135503,6830,6830
4900,ATG101,ENSG00000123395,5201,5201
4901,KRT8,ENSG00000170421,12268,12268
4902,KRT18,ENSG00000111057,3721,3721
4903,EIF4B,ENSG00000063046,826,826
4904,ZNF740,ENSG00000139651,7570,7570
4905,MFSD5,ENSG00000182544,14296,14296
4906,ESPL1,ENSG00000135476,6826,6826
4907,PFDN5,ENSG00000123349,5192,5192
4908,AAAS,ENSG00000094914,1949,1949
4909,SP1,ENSG00000185591,14889,14889
4910,AMHR2,ENSG00000135409,6806,6806
4911,PRR13,ENSG00000205352,18868,-1
4912,PCBP2,ENSG00000197111,15936,15936
4913,TARBP2,ENSG00000139546,7548,7548
4914,ATF7,ENSG00000170653,12327,12327
4915,ATP5MC2,ENSG00000135390,6801,6801
4916,HOXC10,ENSG00000180818,14036,14036
4917,HOXC9,ENSG00000180806,14033,14033
4918,HOXC8,ENSG00000037965,529,529
4919,SMUG1,ENSG00000123415,5205,5205
4920,CBX5,ENSG00000094916,1950,1950
4921,HNRNPA1,ENSG00000135486,18869,-1
4922,NFE2,ENSG00000123405,5202,5202
4923,COPZ1,ENSG00000111481,3778,3778
4924,ZNF385A,ENSG00000161642,10200,10200
4925,GTSF1,ENSG00000170627,12321,12321
4926,NCKAP1L,ENSG00000123338,5190,5190
4927,BLOC1S1,ENSG00000135441,6815,6815
4928,CD63,ENSG00000135404,6803,6803
4929,GDF11,ENSG00000135414,6808,6808
4930,SARNP,ENSG00000205323,16810,16810
4931,ORMDL2,ENSG00000123353,5194,5194
4932,DNAJC14,ENSG00000135392,6802,6802
4933,PYM1,ENSG00000170473,12285,12285
4934,CDK2,ENSG00000123374,5198,5198
4935,RAB5B,ENSG00000111540,3783,3783
4936,IKZF4,ENSG00000123411,5204,5204
4937,RPS26,ENSG00000197728,18870,-1
4938,PA2G4,ENSG00000170515,12296,12296
4939,RPL41,ENSG00000229117,18871,-1
4940,ESYT1,ENSG00000139641,7566,7566
4941,MYL6B,ENSG00000196465,15773,15773
4942,MYL6,ENSG00000092841,1923,1923
4943,SMARCC2,ENSG00000139613,7556,7556
4944,RNF41,ENSG00000181852,14177,14177
4945,NABP2,ENSG00000139579,7553,7553
4946,ANKRD52,ENSG00000139645,7568,7568
4947,CS,ENSG00000062485,818,818
4948,CNPY2,ENSG00000257727,18020,18020
4949,TIMELESS,ENSG00000111602,3787,3787
4950,SPRYD4,ENSG00000176422,13395,13395
4951,BAZ2A,ENSG00000076108,1294,1294
4952,ATP5F1B,ENSG00000110955,3712,3712
4953,PTGES3,ENSG00000110958,3713,3713
4954,NACA,ENSG00000196531,18872,-1
4955,PRIM1,ENSG00000198056,16175,16175
4956,ZBTB39,ENSG00000166860,11469,11469
4957,TAC3,ENSG00000166863,11471,11471
4958,NEMP1,ENSG00000166881,11474,11474
4959,STAT6,ENSG00000166888,11478,11478
4960,SHMT2,ENSG00000182199,14237,14237
4961,STAC3,ENSG00000185482,14870,14870
4962,R3HDM2,ENSG00000179912,13912,13912
4963,MARS,ENSG00000166986,11509,11509
4964,DDIT3,ENSG00000175197,13196,13196
4965,MBD6,ENSG00000166987,11510,11510
4966,DCTN2,ENSG00000175203,13199,13199
4967,PIP4K2C,ENSG00000166908,11483,11483
4968,OS9,ENSG00000135506,6831,6831
4969,TSPAN31,ENSG00000135452,6820,6820
4970,CDK4,ENSG00000135446,6817,6817
4971,MARCH9,ENSG00000139266,7509,7509
4972,METTL1,ENSG00000037897,528,528
4973,TSFM,ENSG00000123297,5187,5187
4974,CTDSP2,ENSG00000175215,13202,13202
4975,ATP23,ENSG00000166896,11480,11480
4976,GIHCG,ENSG00000257698,18873,-1
4977,TAFA2,ENSG00000198673,16319,16319
4978,USP15,ENSG00000135655,6858,6858
4979,MON2,ENSG00000061987,812,812
4980,RXYLT1,ENSG00000118600,4677,4677
4981,XPOT,ENSG00000184575,14690,14690
4982,TBK1,ENSG00000183735,14530,14530
4983,RASSF3,ENSG00000153179,9257,9257
4984,LEMD3,ENSG00000174106,13018,13018
4985,LLPH,ENSG00000139233,7507,7507
4986,TMBIM4,ENSG00000155957,9531,9531
4987,HELB,ENSG00000127311,5692,5692
4988,CAND1,ENSG00000111530,3780,3780
4989,DYRK2,ENSG00000127334,5698,5698
4990,MDM1,ENSG00000111554,3784,3784
4991,RAP1B,ENSG00000127314,18874,-1
4992,NUP107,ENSG00000111581,3785,3785
4993,SLC35E3,ENSG00000175782,13293,13293
4994,MDM2,ENSG00000135679,6861,6861
4995,CPSF6,ENSG00000111605,3788,3788
4996,LYZ,ENSG00000090382,1817,1817
4997,YEATS4,ENSG00000127337,5699,5699
4998,CCT2,ENSG00000166226,11319,11319
4999,AC025159.1,ENSG00000257815,18875,-1
5000,CNOT2,ENSG00000111596,3786,3786
5001,ZFC3H1,ENSG00000133858,6541,6541
5002,TMEM19,ENSG00000139291,7514,7514
5003,RAB21,ENSG00000080371,1449,1449
5004,TBC1D15,ENSG00000121749,5022,5022
5005,AC090015.1,ENSG00000251138,18876,-1
5006,ATXN7L3B,ENSG00000253719,17901,17901
5007,KRR1,ENSG00000111615,3789,3789
5008,NAP1L1,ENSG00000187109,18877,-1
5009,OSBPL8,ENSG00000091039,1851,1851
5010,ZDHHC17,ENSG00000186908,15163,15163
5011,PPP1R12A,ENSG00000058272,765,765
5012,CCDC59,ENSG00000133773,6532,6532
5013,C12orf29,ENSG00000133641,6518,6518
5014,CEP290,ENSG00000198707,16333,16333
5015,TMTC3,ENSG00000139324,7519,7519
5016,POC1B,ENSG00000139323,7518,7518
5017,ATP2B1,ENSG00000070961,1104,1104
5018,BTG1,ENSG00000133639,6516,6516
5019,EEA1,ENSG00000102189,2560,2560
5020,NUDT4,ENSG00000173598,12938,12938
5021,UBE2N,ENSG00000177889,13624,13624
5022,MRPL42,ENSG00000198015,18878,-1
5023,SOCS2,ENSG00000120833,4939,4939
5024,CRADD,ENSG00000169372,12051,12051
5025,CEP83,ENSG00000173588,12936,12936
5026,NDUFA12,ENSG00000184752,14721,14721
5027,NR2C1,ENSG00000120798,4933,4933
5028,FGD6,ENSG00000180263,13965,13965
5029,VEZT,ENSG00000028203,457,457
5030,METAP2,ENSG00000111142,3726,3726
5031,USP44,ENSG00000136014,6928,6928
5032,SNRPF,ENSG00000139343,7522,7522
5033,LTA4H,ENSG00000111144,3727,3727
5034,ELK3,ENSG00000111145,3728,3728
5035,CDK17,ENSG00000059758,782,782
5036,NEDD1,ENSG00000139350,7524,7524
5037,TMPO-AS1,ENSG00000257167,18879,-1
5038,TMPO,ENSG00000120802,4935,4935
5039,SLC25A3,ENSG00000075415,1266,1266
5040,IKBIP,ENSG00000166130,11286,11286
5041,APAF1,ENSG00000120868,4942,4942
5042,UHRF1BP1L,ENSG00000111647,3792,3792
5043,ACTR6,ENSG00000075089,1244,1244
5044,SCYL2,ENSG00000136021,6929,6929
5045,UTP20,ENSG00000120800,4934,4934
5046,ARL1,ENSG00000120805,4936,4936
5047,CHPT1,ENSG00000111666,3797,3797
5048,GNPTAB,ENSG00000111670,3799,3799
5049,DRAM1,ENSG00000136048,6934,6934
5050,WASHC3,ENSG00000120860,4941,4941
5051,NUP37,ENSG00000075188,1248,1248
5052,PARPBP,ENSG00000185480,14869,14869
5053,HELLPAR,ENSG00000281344,18880,-1
5054,HSP90B1,ENSG00000166598,11418,11418
5055,C12orf73,ENSG00000204954,16754,16754
5056,TDG,ENSG00000139372,7530,7530
5057,NFYB,ENSG00000120837,4940,4940
5058,TXNRD1,ENSG00000198431,16260,16260
5059,CHST11,ENSG00000171310,12467,12467
5060,C12orf45,ENSG00000151131,9000,9000
5061,ALDH1L2,ENSG00000136010,6926,6926
5062,WASHC4,ENSG00000136051,6935,6935
5063,POLR3B,ENSG00000013503,328,328
5064,TMEM263,ENSG00000151135,9001,9001
5065,MTERF2,ENSG00000120832,4938,4938
5066,CRY1,ENSG00000008405,215,215
5067,PWP1,ENSG00000136045,6933,6933
5068,PRDM4,ENSG00000110851,3695,3695
5069,SART3,ENSG00000075856,1283,1283
5070,ISCU,ENSG00000136003,6925,6925
5071,CORO1C,ENSG00000110880,3699,3699
5072,SSH1,ENSG00000084112,1573,1573
5073,ALKBH2,ENSG00000189046,15575,15575
5074,UNG,ENSG00000076248,1297,1297
5075,KCTD10,ENSG00000110906,3704,3704
5076,UBE3B,ENSG00000151148,9003,9003
5077,MMAB,ENSG00000139428,7533,7533
5078,MVK,ENSG00000110921,3707,3707
5079,GLTP,ENSG00000139433,7534,7534
5080,TCHP,ENSG00000139437,7536,7536
5081,GIT2,ENSG00000139436,7535,7535
5082,ANKRD13A,ENSG00000076513,1304,1304
5083,C12orf76,ENSG00000174456,13071,13071
5084,IFT81,ENSG00000122970,5155,5155
5085,ATP2A2,ENSG00000174437,13065,13065
5086,ANAPC7,ENSG00000196510,15787,15787
5087,ARPC3,ENSG00000111229,3737,3737
5088,GPN3,ENSG00000111231,3738,3738
5089,FAM216A,ENSG00000204856,16730,16730
5090,VPS29,ENSG00000111237,3739,3739
5091,PPTC7,ENSG00000196850,15872,15872
5092,TCTN1,ENSG00000204852,16729,16729
5093,PPP1CC,ENSG00000186298,15047,15047
5094,SH2B3,ENSG00000111252,3744,3744
5095,ATXN2,ENSG00000204842,16725,16725
5096,BRAP,ENSG00000089234,1774,1774
5097,ALDH2,ENSG00000111275,3751,3751
5098,MAPKAPK5-AS1,ENSG00000234608,18881,-1
5099,MAPKAPK5,ENSG00000089022,1751,1751
5100,TMEM116,ENSG00000198270,16227,16227
5101,ERP29,ENSG00000089248,1775,1775
5102,NAA25,ENSG00000111300,3754,3754
5103,TRAFD1,ENSG00000135148,6759,6759
5104,HECTD4,ENSG00000173064,12832,12832
5105,RPL6,ENSG00000089009,18882,-1
5106,PTPN11,ENSG00000179295,13837,13837
5107,DDX54,ENSG00000123064,5158,5158
5108,RITA1,ENSG00000139405,7531,7531
5109,RBM19,ENSG00000122965,5153,5153
5110,MED13L,ENSG00000123066,5159,5159
5111,C12orf49,ENSG00000111412,3772,3772
5112,TESC,ENSG00000088992,1748,1748
5113,FBXO21,ENSG00000135108,6751,6751
5114,RFC5,ENSG00000111445,3775,3775
5115,WSB2,ENSG00000176871,13455,13455
5116,VSIG10,ENSG00000176834,13451,13451
5117,PEBP1,ENSG00000089220,1772,1772
5118,TAOK3,ENSG00000135090,6746,6746
5119,SUDS3,ENSG00000111707,3810,3810
5120,PRKAB1,ENSG00000111725,3814,3814
5121,CIT,ENSG00000122966,5154,5154
5122,RAB35,ENSG00000111737,3821,3821
5123,GCN1,ENSG00000089154,1765,1765
5124,RPLP0,ENSG00000089157,18883,-1
5125,PXN-AS1,ENSG00000255857,18884,-1
5126,PXN,ENSG00000089159,1766,1766
5127,COX6A1,ENSG00000111775,3823,3823
5128,TRIAP1,ENSG00000170855,12362,12362
5129,GATC,ENSG00000257218,18012,18012
5130,SRSF9,ENSG00000111786,3826,3826
5131,DYNLL1,ENSG00000088986,1747,1747
5132,COQ5,ENSG00000110871,3697,3697
5133,RNF10,ENSG00000022840,408,408
5134,POP5,ENSG00000167272,11566,11566
5135,MLEC,ENSG00000110917,3706,3706
5136,ACADS,ENSG00000122971,5156,5156
5137,SPPL3,ENSG00000157837,9750,9750
5138,C12orf43,ENSG00000157895,9759,9759
5139,CAMKK2,ENSG00000110931,3709,3709
5140,ANAPC5,ENSG00000089053,1755,1755
5141,RNF34,ENSG00000170633,12324,12324
5142,KDM2B,ENSG00000089094,1760,1760
5143,ORAI1,ENSG00000276045,18317,18317
5144,TMEM120B,ENSG00000188735,15507,15507
5145,LINC01089,ENSG00000212694,18885,-1
5146,SETD1B,ENSG00000139718,7578,7578
5147,PSMD9,ENSG00000110801,3690,3690
5148,BCL7A,ENSG00000110987,3715,3715
5149,MLXIP,ENSG00000175727,13286,13286
5150,VPS33A,ENSG00000139719,7579,7579
5151,CLIP1,ENSG00000130779,6112,6112
5152,ZCCHC8,ENSG00000033030,485,485
5153,RSRC2,ENSG00000111011,3716,3716
5154,KNTC1,ENSG00000184445,14662,14662
5155,DENR,ENSG00000139726,7582,7582
5156,VPS37B,ENSG00000139722,7580,7580
5157,OGFOD2,ENSG00000111325,3758,3758
5158,ARL6IP4,ENSG00000182196,14235,14235
5159,MPHOSPH9,ENSG00000051825,679,679
5160,C12orf65,ENSG00000130921,6132,6132
5161,CDK2AP1,ENSG00000111328,3759,3759
5162,SBNO1,ENSG00000139697,7576,7576
5163,SBNO1-AS1,ENSG00000256092,18886,-1
5164,KMT5A,ENSG00000183955,14574,14574
5165,RILPL2,ENSG00000150977,8981,8981
5166,SNRNP35,ENSG00000184209,14614,14614
5167,RILPL1,ENSG00000188026,15364,15364
5168,TMED2,ENSG00000086598,1648,1648
5169,DDX55,ENSG00000111364,3768,3768
5170,EIF2B1,ENSG00000111361,3767,3767
5171,GTF2H3,ENSG00000111358,3766,3766
5172,ATP6V0A2,ENSG00000185344,14846,14846
5173,CCDC92,ENSG00000119242,4724,4724
5174,ZNF664,ENSG00000179195,13824,13824
5175,NCOR2,ENSG00000196498,15781,15781
5176,SCARB1,ENSG00000073060,1178,1178
5177,UBC,ENSG00000150991,8983,8983
5178,DHX37,ENSG00000150990,8982,8982
5179,BRI3BP,ENSG00000184992,14765,14765
5180,AACS,ENSG00000081760,1496,1496
5181,AC025160.1,ENSG00000286662,18887,-1
5182,STX2,ENSG00000111450,3776,3776
5183,RAN,ENSG00000132341,18888,-1
5184,SFSWAP,ENSG00000061936,810,810
5185,PUS1,ENSG00000177192,13514,13514
5186,EP400,ENSG00000183495,14475,14475
5187,DDX51,ENSG00000185163,14807,14807
5188,NOC4L,ENSG00000184967,14757,14757
5189,FBRSL1,ENSG00000112787,3976,3976
5190,POLE,ENSG00000177084,13494,13494
5191,PXMP2,ENSG00000176894,13459,13459
5192,PGAM5,ENSG00000247077,17802,17802
5193,ANKLE2,ENSG00000176915,13466,13466
5194,GOLGA3,ENSG00000090615,1832,1832
5195,CHFR,ENSG00000072609,1158,1158
5196,ZNF26,ENSG00000198393,16252,16252
5197,ZNF84,ENSG00000198040,16169,16169
5198,ZNF891,ENSG00000214029,17105,17105
5199,ZNF268,ENSG00000090612,1831,1831
5200,AL137001.2,ENSG00000287861,18889,-1
5201,MPHOSPH8,ENSG00000196199,15688,15688
5202,PSPC1,ENSG00000121390,4994,4994
5203,ZMYM5,ENSG00000132950,6431,6431
5204,ZMYM2,ENSG00000121741,5019,5019
5205,IFT88,ENSG00000032742,483,483
5206,EEF1AKMT1,ENSG00000150456,8936,8936
5207,XPO4,ENSG00000132953,6433,6433
5208,SAP18,ENSG00000150459,8938,8938
5209,SKA3,ENSG00000165480,11136,11136
5210,MRPL57,ENSG00000173141,18890,-1
5211,ZDHHC20,ENSG00000180776,14028,14028
5212,MICU2,ENSG00000165487,11137,11137
5213,SACS,ENSG00000151835,9095,9095
5214,MIPEP,ENSG00000027001,449,449
5215,PARP4,ENSG00000102699,2609,2609
5216,CENPJ,ENSG00000151849,9098,9098
5217,MTMR6,ENSG00000139505,7540,7540
5218,NUP58,ENSG00000139496,7539,7539
5219,RNF6,ENSG00000127870,5746,5746
5220,CDK8,ENSG00000132964,6436,6436
5221,USP12,ENSG00000152484,9176,9176
5222,RPL21,ENSG00000122026,18891,-1
5223,GTF3A,ENSG00000122034,5057,5057
5224,MTIF3,ENSG00000122033,5056,5056
5225,POLR1D,ENSG00000186184,15024,15024
5226,PAN3,ENSG00000152520,9181,9181
5227,POMP,ENSG00000132963,6435,6435
5228,SLC7A1,ENSG00000139514,7542,7542
5229,UBL3,ENSG00000122042,5059,5059
5230,KATNAL1,ENSG00000102781,2617,2617
5231,HMGB1,ENSG00000189403,18892,-1
5232,USPL1,ENSG00000132952,6432,6432
5233,HSPH1,ENSG00000120694,4918,4918
5234,BRCA2,ENSG00000139618,7557,7557
5235,N4BP2L2,ENSG00000244754,17797,17797
5236,PDS5B,ENSG00000083642,1551,1551
5237,RFC3,ENSG00000133119,6467,6467
5238,AL161891.1,ENSG00000276672,18893,-1
5239,SPART,ENSG00000133104,6458,6458
5240,RFXAP,ENSG00000133111,6463,6463
5241,ALG5,ENSG00000120697,4920,4920
5242,EXOSC8,ENSG00000120699,4921,4921
5243,SUPT20H,ENSG00000102710,2610,2610
5244,UFM1,ENSG00000120686,4914,4914
5245,PROSER1,ENSG00000120685,4913,4913
5246,NHLRC3,ENSG00000188811,15527,15527
5247,COG6,ENSG00000133103,6457,6457
5248,FOXO1,ENSG00000150907,8977,8977
5249,MRPS31,ENSG00000102738,18894,-1
5250,SLC25A15,ENSG00000102743,2611,2611
5251,ELF1,ENSG00000120690,4916,4916
5252,WBP4,ENSG00000120688,4915,4915
5253,KBTBD6,ENSG00000165572,11158,11158
5254,MTRF1,ENSG00000120662,4910,4910
5255,NAA16,ENSG00000172766,12778,12778
5256,VWA8,ENSG00000102763,2615,2615
5257,DGKH,ENSG00000102780,2616,2616
5258,AKAP11,ENSG00000023516,418,418
5259,TSC22D1,ENSG00000102804,2622,2622
5260,NUFIP1,ENSG00000083635,1550,1550
5261,GPALPP1,ENSG00000133114,6464,6464
5262,GTF2F2,ENSG00000188342,15432,15432
5263,TPT1,ENSG00000133112,18895,-1
5264,TPT1-AS1,ENSG00000170919,18896,-1
5265,COG3,ENSG00000136152,6953,6953
5266,ZC3H13,ENSG00000123200,5181,5181
5267,LCP1,ENSG00000136167,6961,6961
5268,LRCH1,ENSG00000136141,6948,6948
5269,ESD,ENSG00000139684,7574,7574
5270,SUCLA2,ENSG00000136143,6949,6949
5271,NUDT15,ENSG00000136159,6958,6958
5272,MED4,ENSG00000136146,6951,6951
5273,ITM2B,ENSG00000136156,6956,6956
5274,RB1,ENSG00000139687,7575,7575
5275,RCBTB2,ENSG00000136161,6960,6960
5276,FNDC3A,ENSG00000102531,2597,2597
5277,CDADC1,ENSG00000102543,2599,2599
5278,SETDB2,ENSG00000136169,6962,6962
5279,RCBTB1,ENSG00000136144,6950,6950
5280,ARL11,ENSG00000152213,9135,9135
5281,EBPL,ENSG00000123179,5179,5179
5282,KPNA3,ENSG00000102753,2612,2612
5283,SPRYD7,ENSG00000123178,5178,5178
5284,DLEU2,ENSG00000231607,18897,-1
5285,TRIM13,ENSG00000204977,16763,16763
5286,DLEU1,ENSG00000176124,18898,-1
5287,RNASEH2B,ENSG00000136104,6942,6942
5288,INTS6,ENSG00000102786,2618,2618
5289,WDFY2,ENSG00000139668,7572,7572
5290,ATP7B,ENSG00000123191,5180,5180
5291,ALG11,ENSG00000253710,17900,17900
5292,VPS36,ENSG00000136100,6941,6941
5293,CKAP2,ENSG00000136108,6943,6943
5294,SUGT1,ENSG00000165416,11122,11122
5295,DIAPH3,ENSG00000139734,7583,7583
5296,TDRD3,ENSG00000083544,1549,1549
5297,LINC00355,ENSG00000227674,18899,-1
5298,MZT1,ENSG00000204899,16740,16740
5299,BORA,ENSG00000136122,6947,6947
5300,DIS3,ENSG00000083520,1547,1547
5301,PIBF1,ENSG00000083535,1548,1548
5302,TBC1D4,ENSG00000136111,6945,6945
5303,COMMD6,ENSG00000188243,15409,15409
5304,UCHL3,ENSG00000118939,4701,4701
5305,CLN5,ENSG00000102805,2623,2623
5306,FBXL3,ENSG00000005812,103,103
5307,MYCBP2,ENSG00000005810,102,102
5308,POU4F1,ENSG00000152192,9131,9131
5309,OBI1,ENSG00000152193,9132,9132
5310,RBM26,ENSG00000139746,7585,7585
5311,NDFIP2,ENSG00000102471,2595,2595
5312,SPRY2,ENSG00000136158,6957,6957
5313,MIR17HG,ENSG00000215417,18900,-1
5314,TGDS,ENSG00000088451,1722,1722
5315,GPR180,ENSG00000152749,9204,9204
5316,ABCC4,ENSG00000125257,5428,5428
5317,DNAJC3-DT,ENSG00000247400,18901,-1
5318,DNAJC3,ENSG00000102580,2604,2604
5319,UGGT2,ENSG00000102595,2605,2605
5320,MBNL2,ENSG00000139793,7588,7588
5321,RAP2A,ENSG00000125249,5426,5426
5322,IPO5,ENSG00000065150,886,886
5323,STK24,ENSG00000102572,2602,2602
5324,DOCK9,ENSG00000088387,1720,1720
5325,UBAC2,ENSG00000134882,6712,6712
5326,TM9SF2,ENSG00000125304,5431,5431
5327,ZIC2,ENSG00000043355,581,581
5328,PCCA-DT,ENSG00000274605,18902,-1
5329,PCCA,ENSG00000175198,13197,13197
5330,TMTC4,ENSG00000125247,5425,5425
5331,TPP2,ENSG00000134900,6716,6716
5332,TEX30,ENSG00000151287,9016,9016
5333,POGLUT2,ENSG00000134901,6717,6717
5334,BIVM,ENSG00000134897,6714,6714
5335,ERCC5,ENSG00000134899,6715,6715
5336,ARGLU1,ENSG00000134884,6713,6713
5337,ABHD13,ENSG00000139826,7591,7591
5338,RAB20,ENSG00000139832,7592,7592
5339,NAXD,ENSG00000213995,17099,17099
5340,CARS2,ENSG00000134905,6718,6718
5341,ING1,ENSG00000153487,9286,9286
5342,ANKRD10,ENSG00000088448,1721,1721
5343,ANKRD10-IT1,ENSG00000229152,18903,-1
5344,ARHGEF7,ENSG00000102606,2606,2606
5345,SOX1,ENSG00000182968,14377,14377
5346,TUBGCP3,ENSG00000126216,5588,5588
5347,ATP11A,ENSG00000068650,1017,1017
5348,PCID2,ENSG00000126226,5591,5591
5349,CUL4A,ENSG00000139842,7594,7594
5350,LAMP1,ENSG00000185896,14956,14956
5351,GRTP1,ENSG00000139835,7593,7593
5352,TMCO3,ENSG00000150403,8933,8933
5353,TFDP1,ENSG00000198176,16209,16209
5354,GAS6,ENSG00000183087,14403,14403
5355,RASA3,ENSG00000185989,14983,14983
5356,CDC16,ENSG00000130177,5996,5996
5357,UPF3A,ENSG00000169062,11982,11982
5358,CHAMP1,ENSG00000198824,16388,16388
5359,TTC5,ENSG00000136319,6989,6989
5360,CCNB1IP1,ENSG00000100814,2314,2314
5361,PARP2,ENSG00000129484,5930,5930
5362,OSGEP,ENSG00000092094,1898,1898
5363,APEX1,ENSG00000100823,2316,2316
5364,PIP4P1,ENSG00000165782,11208,11208
5365,PNP,ENSG00000198805,16379,16379
5366,RNASE1,ENSG00000129538,5938,5938
5367,METTL17,ENSG00000165792,11209,11209
5368,NDRG2,ENSG00000165795,11211,11211
5369,HNRNPC,ENSG00000092199,1904,1904
5370,SUPT16H,ENSG00000092201,1906,1906
5371,CHD8,ENSG00000100888,2323,2323
5372,RAB2B,ENSG00000129472,5926,5926
5373,TOX4,ENSG00000092203,1907,1907
5374,METTL3,ENSG00000165819,11221,11221
5375,SALL2,ENSG00000165821,11222,11222
5376,DAD1,ENSG00000129562,5940,5940
5377,OXA1L,ENSG00000155463,9484,9484
5378,MRPL52,ENSG00000172590,18904,-1
5379,LRP10,ENSG00000197324,15986,15986
5380,RBM23,ENSG00000100461,2244,2244
5381,PRMT5,ENSG00000100462,2245,2245
5382,HAUS4,ENSG00000092036,1893,1893
5383,PSMB5,ENSG00000100804,2311,2311
5384,ACIN1,ENSG00000100813,2313,2313
5385,C14orf119,ENSG00000179933,13921,13921
5386,SLC7A8,ENSG00000092068,1897,1897
5387,HOMEZ,ENSG00000215271,17213,17213
5388,PPP1R3E,ENSG00000235194,17545,17545
5389,BCL2L2,ENSG00000129473,5927,5927
5390,PABPN1,ENSG00000100836,18905,-1
5391,NGDN,ENSG00000129460,5923,5923
5392,AP1G2,ENSG00000213983,17097,17097
5393,DHRS4-AS1,ENSG00000215256,18906,-1
5394,DHRS4,ENSG00000157326,9693,9693
5395,DHRS4L2,ENSG00000187630,15281,15281
5396,PCK2,ENSG00000100889,2324,2324
5397,DCAF11,ENSG00000100897,2326,2326
5398,PSME1,ENSG00000092010,1891,1891
5399,EMC9,ENSG00000100908,2328,2328
5400,PSME2,ENSG00000100911,2329,2329
5401,RNF31,ENSG00000092098,1900,1900
5402,IPO4,ENSG00000196497,15780,15780
5403,TM9SF1,ENSG00000100926,2332,2332
5404,CHMP4A,ENSG00000254505,17922,17922
5405,MDP1,ENSG00000213920,17083,17083
5406,NEDD8,ENSG00000129559,5939,5939
5407,GMPR2,ENSG00000100938,2334,2334
5408,TINF2,ENSG00000092330,1910,1910
5409,RABGGTA,ENSG00000100949,2336,2336
5410,DHRS1,ENSG00000157379,9701,9701
5411,NOP9,ENSG00000196943,15893,15893
5412,LTB4R,ENSG00000213903,17080,17080
5413,SDR39U1,ENSG00000100445,2240,2240
5414,STXBP6,ENSG00000168952,11961,11961
5415,FOXG1,ENSG00000176165,13350,13350
5416,LINC02327,ENSG00000258038,18907,-1
5417,G2E3,ENSG00000092140,1902,1902
5418,SCFD1,ENSG00000092108,1901,1901
5419,COCH,ENSG00000100473,2246,2246
5420,STRN3,ENSG00000196792,15859,15859
5421,AP4S1,ENSG00000100478,2247,2247
5422,HECTD1,ENSG00000092148,1903,1903
5423,HEATR5A,ENSG00000129493,5931,5931
5424,DTD2,ENSG00000129480,5929,5929
5425,NUBPL,ENSG00000151413,9033,9033
5426,ARHGAP5,ENSG00000100852,2318,2318
5427,EGLN3,ENSG00000129521,5935,5935
5428,SPTSSA,ENSG00000165389,11117,11117
5429,EAPP,ENSG00000129518,5934,5934
5430,SNX6,ENSG00000129515,5933,5933
5431,CFL2,ENSG00000165410,11121,11121
5432,BAZ1A,ENSG00000198604,16305,16305
5433,SRP54,ENSG00000100883,2321,2321
5434,FAM177A1,ENSG00000151327,9021,9021
5435,PPP2R3C,ENSG00000092020,1892,1892
5436,PRORP,ENSG00000100890,2325,2325
5437,PSMA6,ENSG00000100902,18908,-1
5438,NFKBIA,ENSG00000100906,2327,2327
5439,RALGAPA1,ENSG00000174373,13060,13060
5440,BRMS1L,ENSG00000100916,2330,2330
5441,MBIP,ENSG00000151332,9022,9022
5442,SLC25A21,ENSG00000183032,14392,14392
5443,MIPOL1,ENSG00000151338,9023,9023
5444,SEC23A,ENSG00000100934,2333,2333
5445,GEMIN2,ENSG00000092208,1908,1908
5446,TRAPPC6B,ENSG00000182400,14275,14275
5447,PNN,ENSG00000100941,2335,2335
5448,MIA2,ENSG00000150527,8942,8942
5449,FBXO33,ENSG00000165355,11111,11111
5450,LINC02315,ENSG00000251363,18909,-1
5451,KLHL28,ENSG00000179454,13855,13855
5452,TOGARAM1,ENSG00000198718,16336,16336
5453,PRPF39,ENSG00000185246,14821,14821
5454,FKBP3,ENSG00000100442,2239,2239
5455,FANCM,ENSG00000187790,15316,15316
5456,MIS18BP1,ENSG00000129534,5936,5936
5457,RPS29,ENSG00000213741,18910,-1
5458,LRR1,ENSG00000165501,11141,11141
5459,RPL36AL,ENSG00000165502,18911,-1
5460,MGAT2,ENSG00000168282,11810,11810
5461,DNAAF2,ENSG00000165506,11142,11142
5462,POLE2,ENSG00000100479,2248,2248
5463,KLHDC2,ENSG00000165516,11146,11146
5464,NEMF,ENSG00000165525,11148,11148
5465,AL627171.2,ENSG00000282885,18912,-1
5466,ARF6,ENSG00000165527,11150,11150
5467,SOS2,ENSG00000100485,2250,2250
5468,L2HGDH,ENSG00000087299,1686,1686
5469,DMAC2L,ENSG00000125375,5441,5441
5470,MAP4K5,ENSG00000012983,316,316
5471,SAV1,ENSG00000151748,9086,9086
5472,NIN,ENSG00000100503,2252,2252
5473,PYGL,ENSG00000100504,2253,2253
5474,TMX1,ENSG00000139921,7604,7604
5475,RTRAF,ENSG00000087302,1688,1688
5476,ERO1A,ENSG00000197930,16138,16138
5477,PSMC6,ENSG00000100519,2255,2255
5478,STYX,ENSG00000198252,16224,16224
5479,GNPNAT1,ENSG00000100522,2256,2256
5480,FERMT2,ENSG00000073712,1197,1197
5481,DDHD1,ENSG00000100523,2257,2257
5482,CDKN3,ENSG00000100526,2258,2258
5483,CNIH1,ENSG00000100528,2259,2259
5484,GMFB,ENSG00000197045,15918,15918
5485,WDHD1,ENSG00000198554,16290,16290
5486,SOCS4,ENSG00000180008,13931,13931
5487,MAPK1IP1L,ENSG00000168175,11790,11790
5488,DLGAP5,ENSG00000126787,5649,5649
5489,FBXO34,ENSG00000178974,13780,13780
5490,KTN1,ENSG00000126777,5646,5646
5491,EXOC5,ENSG00000070367,1076,1076
5492,AP5M1,ENSG00000053770,697,697
5493,ACTR10,ENSG00000131966,6277,6277
5494,PSMA3,ENSG00000100567,2266,2266
5495,PSMA3-AS1,ENSG00000257621,18913,-1
5496,ARID4A,ENSG00000032219,480,480
5497,TIMM9,ENSG00000100575,2268,2268
5498,KIAA0586,ENSG00000100578,2270,2270
5499,DAAM1,ENSG00000100592,2274,2274
5500,JKAMP,ENSG00000050130,656,656
5501,PCNX4,ENSG00000126773,5644,5644
5502,DHRS7,ENSG00000100612,2283,2283
5503,PPM1A,ENSG00000100614,2284,2284
5504,SIX1,ENSG00000126778,5647,5647
5505,MNAT1,ENSG00000020426,389,389
5506,TRMT5,ENSG00000126814,5653,5653
5507,SLC38A6,ENSG00000139974,7610,7610
5508,HIF1A,ENSG00000100644,2290,2290
5509,PPP2R5E,ENSG00000154001,9331,9331
5510,WDR89,ENSG00000140006,7616,7616
5511,MTHFD1,ENSG00000100714,2299,2299
5512,ZBTB1,ENSG00000126804,5652,5652
5513,CHURC1,ENSG00000258289,18028,18028
5514,MAX,ENSG00000125952,5559,5559
5515,FUT8,ENSG00000033170,489,489
5516,GPHN,ENSG00000171723,12558,12558
5517,MPP5,ENSG00000072415,1152,1152
5518,ATP6V1D,ENSG00000100554,2261,2261
5519,EIF2S1,ENSG00000134001,6558,6558
5520,PIGH,ENSG00000100564,2264,2264
5521,ARG2,ENSG00000081181,1484,1484
5522,VTI1B,ENSG00000100568,2267,2267
5523,RDH11,ENSG00000072042,1134,1134
5524,ZFP36L1,ENSG00000185650,14902,14902
5525,ACTN1,ENSG00000072110,1138,1138
5526,DCAF5,ENSG00000139990,7614,7614
5527,ERH,ENSG00000100632,2289,2289
5528,SLC39A9,ENSG00000029364,464,464
5529,SRSF5,ENSG00000100650,2292,2292
5530,COX16,ENSG00000133983,6555,6555
5531,SYNJ2BP,ENSG00000213463,17039,17039
5532,MED6,ENSG00000133997,6557,6557
5533,PCNX1,ENSG00000100731,2303,2303
5534,DCAF4,ENSG00000119599,4762,4762
5535,RBM25,ENSG00000119707,4787,4787
5536,PSEN1,ENSG00000080815,1463,1463
5537,NUMB,ENSG00000133961,6552,6552
5538,PNMA1,ENSG00000176903,13463,13463
5539,ELMSAN1,ENSG00000156030,9545,9545
5540,PTGR2,ENSG00000140043,7621,7621
5541,ZNF410,ENSG00000119725,4794,4794
5542,ALDH6A1,ENSG00000119711,4788,4788
5543,ABCD4,ENSG00000119688,4781,4781
5544,NPC2,ENSG00000119655,4772,4772
5545,ISCA2,ENSG00000165898,11235,11235
5546,FCF1,ENSG00000119616,4765,4765
5547,YLPM1,ENSG00000119596,18914,-1
5548,DLST,ENSG00000119689,4782,4782
5549,EIF2B2,ENSG00000119718,4791,4791
5550,MLH3,ENSG00000119684,4778,4778
5551,ACYP1,ENSG00000119640,4770,4770
5552,NEK9,ENSG00000119638,4769,4769
5553,TMED10,ENSG00000170348,12251,12251
5554,JDP2,ENSG00000140044,7622,7622
5555,ERG28,ENSG00000133935,6548,6548
5556,IFT43,ENSG00000119650,4771,4771
5557,GPATCH2L,ENSG00000089916,1801,1801
5558,GSTZ1,ENSG00000100577,2269,2269
5559,TMED8,ENSG00000100580,2271,2271
5560,AHSA1,ENSG00000100591,2273,2273
5561,SPTLC2,ENSG00000100596,2276,2276
5562,SLIRP,ENSG00000119705,4786,4786
5563,SNW1,ENSG00000100603,2280,2280
5564,GTF2A1,ENSG00000165417,11123,11123
5565,STON2,ENSG00000140022,7618,7618
5566,SEL1L,ENSG00000071537,1117,1117
5567,GALC,ENSG00000054983,721,721
5568,ZC3H14,ENSG00000100722,2301,2301
5569,TTC8,ENSG00000165533,11151,11151
5570,FOXN3,ENSG00000053254,689,689
5571,EFCAB11,ENSG00000140025,7619,7619
5572,TDP1,ENSG00000042088,566,566
5573,PSMC1,ENSG00000100764,2307,2307
5574,NRDE2,ENSG00000119720,4792,4792
5575,CALM1,ENSG00000198668,16318,16318
5576,TTC7B,ENSG00000165914,11239,11239
5577,RPS6KA5,ENSG00000100784,18915,-1
5578,DGLUCY,ENSG00000133943,6550,6550
5579,CCDC88C,ENSG00000015133,347,347
5580,PPP4R3A,ENSG00000100796,2309,2309
5581,TRIP11,ENSG00000100815,2315,2315
5582,ATXN3,ENSG00000066427,946,946
5583,NDUFB1,ENSG00000183648,14506,14506
5584,CPSF2,ENSG00000165934,11245,11245
5585,LGMN,ENSG00000100600,2278,2278
5586,GOLGA5,ENSG00000066455,947,947
5587,ITPK1,ENSG00000100605,2282,2282
5588,TMEM251,ENSG00000153485,9285,9285
5589,GON7,ENSG00000170270,12231,12231
5590,UBR7,ENSG00000012963,315,315
5591,BTBD7,ENSG00000011114,275,275
5592,DDX24,ENSG00000089737,1794,1794
5593,IFI27L1,ENSG00000165948,11248,11248
5594,DICER1,ENSG00000100697,2297,2297
5595,SNHG10,ENSG00000247092,18916,-1
5596,GLRX5,ENSG00000182512,14291,14291
5597,PAPOLA,ENSG00000090060,1806,1806
5598,VRK1,ENSG00000100749,2306,2306
5599,SETD3,ENSG00000183576,14489,14489
5600,CCNK,ENSG00000090061,1807,1807
5601,EVL,ENSG00000196405,15747,15747
5602,YY1,ENSG00000100811,2312,2312
5603,SLC25A29,ENSG00000197119,15938,15938
5604,WARS,ENSG00000140105,7629,7629
5605,PPP2R5C,ENSG00000078304,1377,1377
5606,DYNC1H1,ENSG00000197102,15933,15933
5607,HSP90AA1,ENSG00000080824,1467,1467
5608,WDR20,ENSG00000140153,7631,7631
5609,CINP,ENSG00000100865,2319,2319
5610,ANKRD9,ENSG00000156381,9586,9586
5611,RCOR1,ENSG00000089902,1800,1800
5612,TRAF3,ENSG00000131323,6195,6195
5613,CDC42BPB,ENSG00000198752,16354,16354
5614,TNFAIP2,ENSG00000185215,14814,14814
5615,EIF5,ENSG00000100664,2294,2294
5616,MARK3,ENSG00000075413,1265,1265
5617,CKB,ENSG00000166165,11299,11299
5618,TRMT61A,ENSG00000166166,11300,11300
5619,BAG5,ENSG00000166170,11303,11303
5620,KLC1,ENSG00000126214,5586,5586
5621,COA8,ENSG00000256053,17976,17976
5622,ZFYVE21,ENSG00000100711,2298,2298
5623,ATP5MPL,ENSG00000156411,9590,9590
5624,INF2,ENSG00000203485,16469,16469
5625,SIVA1,ENSG00000184990,14764,14764
5626,AKT1,ENSG00000142208,7908,7908
5627,CDCA4,ENSG00000170779,12343,12343
5628,JAG2,ENSG00000184916,14745,14745
5629,NUDT14,ENSG00000183828,14555,14555
5630,MTA1,ENSG00000182979,14380,14380
5631,TEDC1,ENSG00000185347,14848,14848
5632,LINC00221,ENSG00000270816,18917,-1
5633,NIPA2,ENSG00000140157,7632,7632
5634,CYFIP1,ENSG00000273749,18250,18250
5635,TUBGCP5,ENSG00000275835,18310,18310
5636,UBE3A,ENSG00000114062,4116,4116
5637,HERC2,ENSG00000128731,5851,5851
5638,APBA2,ENSG00000034053,495,495
5639,NSMCE3,ENSG00000185115,14798,14798
5640,TJP1,ENSG00000104067,2783,2783
5641,FAN1,ENSG00000198690,16327,16327
5642,KLF13,ENSG00000169926,12166,12166
5643,ARHGAP11A,ENSG00000198826,16390,16390
5644,AVEN,ENSG00000169857,12144,12144
5645,EMC7,ENSG00000134153,6583,6583
5646,KATNBL1,ENSG00000134152,6582,6582
5647,EMC4,ENSG00000128463,5809,5809
5648,NOP10,ENSG00000182117,14215,14215
5649,GOLGA8A,ENSG00000175265,13210,13210
5650,GOLGA8B,ENSG00000215252,17211,17211
5651,AQR,ENSG00000021776,400,400
5652,ZNF770,ENSG00000198146,16201,16201
5653,DPH6,ENSG00000134146,6581,6581
5654,C15orf41,ENSG00000186073,14996,14996
5655,MEIS2,ENSG00000134138,6580,6580
5656,SPRED1,ENSG00000166068,11273,11273
5657,FAM98B,ENSG00000171262,12460,12460
5658,EIF2AK4,ENSG00000128829,5857,5857
5659,SRP14,ENSG00000140319,18918,-1
5660,BUB1B,ENSG00000156970,9651,9651
5661,KNSTRN,ENSG00000128944,5870,5870
5662,CCDC32,ENSG00000128891,5863,5863
5663,RPUSD2,ENSG00000166133,11287,11287
5664,KNL1,ENSG00000137812,7255,7255
5665,RAD51-AS1,ENSG00000245849,18919,-1
5666,RAD51,ENSG00000051180,673,673
5667,RMDN3,ENSG00000137824,7262,7262
5668,GCHFR,ENSG00000137880,7279,7279
5669,DNAJC17,ENSG00000104129,18920,-1
5670,INO80,ENSG00000128908,5864,5864
5671,CHP1,ENSG00000187446,15245,15245
5672,OIP5-AS1,ENSG00000247556,18921,-1
5673,OIP5,ENSG00000104147,2791,2791
5674,NUSAP1,ENSG00000137804,7251,7251
5675,NDUFAF1,ENSG00000137806,7252,7252
5676,RTF1,ENSG00000137815,7257,7257
5677,ITPKA,ENSG00000137825,7263,7263
5678,RPAP1,ENSG00000103932,2771,2771
5679,TYRO3,ENSG00000092445,1915,1915
5680,MGA,ENSG00000174197,13033,13033
5681,EHD4,ENSG00000103966,2773,2773
5682,TMEM87A,ENSG00000103978,2774,2774
5683,ZNF106,ENSG00000103994,2775,2775
5684,SNAP23,ENSG00000092531,1918,1918
5685,LRRC57,ENSG00000180979,14063,14063
5686,HAUS2,ENSG00000137814,7256,7256
5687,UBR1,ENSG00000159459,18922,-1
5688,CCNDBP1,ENSG00000166946,11496,11496
5689,ADAL,ENSG00000168803,11922,11922
5690,TUBGCP4,ENSG00000137822,7261,7261
5691,TP53BP1,ENSG00000067369,981,981
5692,MAP1A,ENSG00000166963,11503,11503
5693,PDIA3,ENSG00000167004,11512,11512
5694,SERF2,ENSG00000140264,7638,7638
5695,MFAP1,ENSG00000140259,7635,7635
5696,WDR76,ENSG00000092470,1916,1916
5697,CASC4,ENSG00000166734,11434,11434
5698,CTDSPL2,ENSG00000137770,7247,7247
5699,EIF3J-DT,ENSG00000179523,18923,-1
5700,EIF3J,ENSG00000104131,2787,2787
5701,SPG11,ENSG00000104133,2788,2788
5702,B2M,ENSG00000166710,11432,11432
5703,SORD,ENSG00000140263,7637,7637
5704,SPATA5L1,ENSG00000171763,12565,12565
5705,BLOC1S6,ENSG00000104164,2793,2793
5706,DUT,ENSG00000128951,5871,5871
5707,CEP152,ENSG00000103995,2776,2776
5708,EID1,ENSG00000255302,17953,17953
5709,SECISBP2L,ENSG00000138593,7394,7394
5710,COPS2,ENSG00000166200,11313,11313
5711,GALK2,ENSG00000156958,9647,9647
5712,DTWD1,ENSG00000104047,2779,2779
5713,SLC27A2,ENSG00000140284,7643,7643
5714,GABPB1,ENSG00000104064,2782,2782
5715,GABPB1-IT1,ENSG00000285410,18924,-1
5716,GABPB1-AS1,ENSG00000244879,18925,-1
5717,USP8,ENSG00000138592,7393,7393
5718,TRPM7,ENSG00000092439,1914,1914
5719,SPPL2A,ENSG00000138600,7396,7396
5720,DMXL2,ENSG00000104093,2785,2785
5721,TMOD3,ENSG00000138594,7395,7395
5722,LEO1,ENSG00000166477,11385,11385
5723,MAPK6,ENSG00000069956,1057,1057
5724,ARPP19,ENSG00000128989,5874,5874
5725,RSL24D1,ENSG00000137876,7276,7276
5726,RAB27A,ENSG00000069974,1059,1059
5727,PIGBOS1,ENSG00000225973,17383,17383
5728,CCPG1,ENSG00000260916,18074,18074
5729,RFX7,ENSG00000181827,14174,14174
5730,ZNF280D,ENSG00000137871,7273,7273
5731,TCF12,ENSG00000140262,7636,7636
5732,POLR2M,ENSG00000255529,17963,17963
5733,ADAM10,ENSG00000137845,7269,7269
5734,MINDY2,ENSG00000128923,5868,5868
5735,RNF111,ENSG00000157450,9709,9709
5736,SLTM,ENSG00000137776,7248,7248
5737,CCNB2,ENSG00000157456,9710,9710
5738,GTF2A2,ENSG00000140307,7648,7648
5739,BNIP2,ENSG00000140299,7647,7647
5740,ANXA2,ENSG00000182718,14332,14332
5741,ICE2,ENSG00000128915,5865,5865
5742,VPS13C,ENSG00000129003,5875,5875
5743,TPM1,ENSG00000140416,7667,7667
5744,LACTB,ENSG00000103642,2755,2755
5745,RPS27L,ENSG00000185088,18926,-1
5746,RAB8B,ENSG00000166128,11285,11285
5747,USP3,ENSG00000140455,7671,7671
5748,HERC1,ENSG00000103657,2758,2758
5749,CIAO2A,ENSG00000166797,11447,11447
5750,SNX1,ENSG00000028528,460,460
5751,PPIB,ENSG00000166794,11445,11445
5752,CSNK1G1,ENSG00000169118,11994,11994
5753,PCLAF,ENSG00000166803,11450,11450
5754,TRIP4,ENSG00000103671,2759,2759
5755,ZNF609,ENSG00000180357,13981,13981
5756,OAZ2,ENSG00000180304,13969,13969
5757,RBPMS2,ENSG00000166831,11459,11459
5758,PIF1,ENSG00000140451,7670,7670
5759,SPG21,ENSG00000090487,1822,1822
5760,MTFMT,ENSG00000103707,2760,2760
5761,PDCD7,ENSG00000090470,1821,1821
5762,CLPX,ENSG00000166855,11467,11467
5763,DPP8,ENSG00000074603,1226,1226
5764,HACD3,ENSG00000074696,1230,1230
5765,INTS14,ENSG00000138614,7400,7400
5766,DENND4A,ENSG00000174485,13077,13077
5767,RAB11A,ENSG00000103769,2765,2765
5768,DIS3L,ENSG00000166938,11495,11495
5769,TIPIN,ENSG00000075131,1245,1245
5770,MAP2K1,ENSG00000169032,11977,11977
5771,SNAPC5,ENSG00000174446,13067,13067
5772,RPL4,ENSG00000174444,18927,-1
5773,ZWILCH,ENSG00000174442,13066,13066
5774,AAGAB,ENSG00000103591,2753,2753
5775,IQCH-AS1,ENSG00000259673,18928,-1
5776,C15orf61,ENSG00000189227,15612,15612
5777,MAP2K5,ENSG00000137764,7244,7244
5778,PIAS1,ENSG00000033800,493,493
5779,CALML4,ENSG00000129007,5876,5876
5780,CLN6,ENSG00000128973,5873,5873
5781,FEM1B,ENSG00000169018,11971,11971
5782,ANP32A,ENSG00000140350,7653,7653
5783,GLCE,ENSG00000138604,7397,7397
5784,KIF23,ENSG00000137807,7253,7253
5785,RPLP1,ENSG00000137818,18929,-1
5786,TLE3,ENSG00000140332,7652,7652
5787,MYO9A,ENSG00000066933,963,963
5788,PKM,ENSG00000067225,977,977
5789,HEXA,ENSG00000213614,17052,17052
5790,ARIH1,ENSG00000166233,11321,11321
5791,BBS4,ENSG00000140463,7673,7673
5792,ADPGK,ENSG00000159322,9931,9931
5793,NPTN,ENSG00000156642,9618,9618
5794,CD276,ENSG00000103855,2768,2768
5795,PML,ENSG00000140464,7674,7674
5796,UBL7,ENSG00000138629,7406,7406
5797,UBL7-AS1,ENSG00000247240,18930,-1
5798,ARID3B,ENSG00000179361,13844,13844
5799,CLK3,ENSG00000179335,13842,13842
5800,EDC3,ENSG00000179151,13817,13817
5801,CSK,ENSG00000103653,2757,2757
5802,ULK3,ENSG00000140474,7678,7678
5803,SCAMP2,ENSG00000140497,7683,7683
5804,MPI,ENSG00000178802,13752,13752
5805,FAM219B,ENSG00000178761,13744,13744
5806,COX5A,ENSG00000178741,18931,-1
5807,RPP25,ENSG00000178718,13738,13738
5808,PPCDC,ENSG00000138621,7403,7403
5809,COMMD4,ENSG00000140365,7654,7654
5810,MAN2C1,ENSG00000140400,18932,-1
5811,SIN3A,ENSG00000169375,12052,12052
5812,PTPN9,ENSG00000169410,12060,12060
5813,SNUPN,ENSG00000169371,12050,12050
5814,IMP3,ENSG00000177971,13632,13632
5815,UBE2Q2,ENSG00000140367,7655,7655
5816,FBXO22,ENSG00000167196,11553,11553
5817,ETFA,ENSG00000140374,7657,7657
5818,ISL2,ENSG00000159556,9958,9958
5819,SCAPER,ENSG00000140386,7660,7660
5820,RCN2,ENSG00000117906,4612,4612
5821,TSPAN3,ENSG00000140391,7661,7661
5822,PEAK1,ENSG00000173517,12919,12919
5823,HMG20A,ENSG00000140382,7659,7659
5824,CIB2,ENSG00000136425,6999,6999
5825,IDH3A,ENSG00000166411,11368,11368
5826,WDR61,ENSG00000140395,7662,7662
5827,IREB2,ENSG00000136381,6996,6996
5828,PSMA4,ENSG00000041357,559,559
5829,CHRNA5,ENSG00000169684,12111,12111
5830,MORF4L1,ENSG00000185787,14931,14931
5831,CTSH,ENSG00000103811,2766,2766
5832,TMED3,ENSG00000166557,11405,11405
5833,MTHFS,ENSG00000136371,6993,6993
5834,ZFAND6,ENSG00000086666,1650,1650
5835,FAH,ENSG00000103876,2769,2769
5836,MESD,ENSG00000117899,4611,4611
5837,TLNRD1,ENSG00000140406,7666,7666
5838,AC104041.1,ENSG00000259692,18933,-1
5839,MEX3B,ENSG00000183496,14476,14476
5840,EFL1,ENSG00000140598,7704,7704
5841,RPS17,ENSG00000182774,18934,-1
5842,CPEB1,ENSG00000214575,17153,17153
5843,SNHG21,ENSG00000250988,18935,-1
5844,WHAMM,ENSG00000156232,9569,9569
5845,RAMAC,ENSG00000169612,12101,12101
5846,C15orf40,ENSG00000169609,12100,12100
5847,BTBD1,ENSG00000064726,870,870
5848,HDGFL3,ENSG00000166503,11392,11392
5849,WDR73,ENSG00000177082,13493,13493
5850,SEC11A,ENSG00000140612,7706,7706
5851,ZNF592,ENSG00000166716,11433,11433
5852,PDE8A,ENSG00000073417,1187,1187
5853,AKAP13,ENSG00000170776,12341,12341
5854,MRPL46,ENSG00000259494,18936,-1
5855,MRPS11,ENSG00000181991,18937,-1
5856,AEN,ENSG00000181026,14074,14074
5857,MFGE8,ENSG00000140545,7696,7696
5858,ABHD2,ENSG00000140526,7691,7691
5859,FANCI,ENSG00000140525,7690,7690
5860,POLG,ENSG00000140521,7688,7688
5861,TICRR,ENSG00000140534,7693,7693
5862,AP3S2,ENSG00000157823,9747,9747
5863,IDH2,ENSG00000182054,14205,14205
5864,CIB1,ENSG00000185043,14782,14782
5865,NGRN,ENSG00000182768,14339,14339
5866,IQGAP1,ENSG00000140575,7702,7702
5867,CRTC3,ENSG00000140577,7703,7703
5868,BLM,ENSG00000197299,15980,15980
5869,FURIN,ENSG00000140564,7701,7701
5870,FES,ENSG00000182511,14290,14290
5871,MAN2A2,ENSG00000196547,15795,15795
5872,HDDC3,ENSG00000184508,14678,14678
5873,UNC45A,ENSG00000140553,7698,7698
5874,RCCD1,ENSG00000166965,11504,11504
5875,PRC1,ENSG00000198901,16434,16434
5876,LINC01578,ENSG00000272888,18938,-1
5877,CHD2,ENSG00000173575,12932,12932
5878,AC015574.1,ENSG00000275016,18939,-1
5879,NR2F2,ENSG00000185551,14883,14883
5880,LINC00923,ENSG00000251209,18940,-1
5881,IGF1R,ENSG00000140443,7668,7668
5882,LRRC28,ENSG00000168904,11946,11946
5883,MEF2A,ENSG00000068305,1006,1006
5884,LINS1,ENSG00000140471,7677,7677
5885,LRRK1,ENSG00000154237,9364,9364
5886,CHSY1,ENSG00000131873,6267,6267
5887,SELENOS,ENSG00000131871,6266,6266
5888,SNRPA1,ENSG00000131876,6268,6268
5889,PCSK6,ENSG00000140479,7680,7680
5890,TM2D3,ENSG00000184277,14627,14627
5891,TARSL2,ENSG00000185418,14857,14857
5892,POLR3K,ENSG00000161980,10239,10239
5893,SNRNP25,ENSG00000161981,10240,10240
5894,MPG,ENSG00000103152,2683,2683
5895,NPRL3,ENSG00000103148,2681,2681
5896,HBZ,ENSG00000130656,6076,6076
5897,HBA1,ENSG00000206172,16914,16914
5898,HBQ1,ENSG00000086506,1643,1643
5899,LUC7L,ENSG00000007392,181,181
5900,FAM234A,ENSG00000167930,11727,11727
5901,ARHGDIG,ENSG00000242173,17704,17704
5902,AXIN1,ENSG00000103126,2679,2679
5903,MRPL28,ENSG00000086504,18941,-1
5904,TMEM8A,ENSG00000129925,5962,5962
5905,NME4,ENSG00000103202,2695,2695
5906,CAPN15,ENSG00000103326,2715,2715
5907,PIGQ,ENSG00000007541,185,185
5908,METTL26,ENSG00000130731,6096,6096
5909,MCRIP2,ENSG00000172366,12704,12704
5910,RHOT2,ENSG00000140983,7749,7749
5911,STUB1,ENSG00000103266,2707,2707
5912,JMJD8,ENSG00000161999,10243,10243
5913,METRN,ENSG00000103260,2705,2705
5914,ANTKMT,ENSG00000103254,2703,2703
5915,HAGHL,ENSG00000103253,2702,2702
5916,CIAO3,ENSG00000103245,2699,2699
5917,RPUSD1,ENSG00000007376,179,179
5918,CHTF18,ENSG00000127586,5730,5730
5919,UBE2I,ENSG00000103275,2710,2710
5920,TSR3,ENSG00000007520,184,184
5921,GNPTG,ENSG00000090581,1830,1830
5922,UNKL,ENSG00000059145,18942,-1
5923,C16orf91,ENSG00000174109,13019,13019
5924,CLCN7,ENSG00000103249,2701,2701
5925,TELO2,ENSG00000100726,2302,2302
5926,CRAMP1,ENSG00000007545,186,186
5927,JPT2,ENSG00000206053,16899,16899
5928,NME3,ENSG00000103024,2661,2661
5929,MRPS34,ENSG00000074071,18943,-1
5930,SPSB3,ENSG00000162032,10247,10247
5931,NUBP2,ENSG00000095906,1984,1984
5932,HAGH,ENSG00000063854,840,840
5933,FAHD1,ENSG00000180185,13953,13953
5934,MEIOB,ENSG00000162039,10248,10248
5935,MSRB1,ENSG00000198736,16348,16348
5936,NDUFB10,ENSG00000140990,7751,7751
5937,RPS2,ENSG00000140988,18944,-1
5938,SNHG9,ENSG00000255198,18945,-1
5939,TBL3,ENSG00000183751,14534,14534
5940,GFER,ENSG00000127554,5724,5724
5941,SYNGR3,ENSG00000127561,5725,5725
5942,ZNF598,ENSG00000167962,11729,11729
5943,NPW,ENSG00000183971,14577,14577
5944,SLC9A3R2,ENSG00000065054,882,882
5945,NTHL1,ENSG00000065057,883,883
5946,TSC2,ENSG00000103197,2693,2693
5947,PKD1,ENSG00000008710,221,221
5948,SNHG19,ENSG00000260260,18946,-1
5949,TRAF7,ENSG00000131653,6236,6236
5950,MLST8,ENSG00000167965,11731,11731
5951,PGP,ENSG00000184207,14613,14613
5952,E4F1,ENSG00000167967,11732,11732
5953,ECI1,ENSG00000167969,11734,11734
5954,RNPS1,ENSG00000205937,16891,16891
5955,CCNF,ENSG00000162063,10251,10251
5956,TEDC2,ENSG00000162062,10250,10250
5957,TBC1D24,ENSG00000162065,10252,10252
5958,ATP6V0C,ENSG00000185883,14953,14953
5959,AMDHD2,ENSG00000162066,10253,10253
5960,PDPK1,ENSG00000140992,7752,7752
5961,ERVK13-1,ENSG00000260565,18947,-1
5962,KCTD5,ENSG00000167977,11737,11737
5963,SRRM2,ENSG00000167978,11738,11738
5964,ELOB,ENSG00000103363,2723,2723
5965,PRSS21,ENSG00000007038,160,160
5966,FLYWCH2,ENSG00000162076,10257,10257
5967,PKMYT1,ENSG00000127564,5726,5726
5968,PAQR4,ENSG00000162073,10256,10256
5969,CLDN6,ENSG00000184697,14710,14710
5970,TNFRSF12A,ENSG00000006327,128,128
5971,HCFC1R1,ENSG00000103145,2680,2680
5972,THOC6,ENSG00000131652,6235,6235
5973,ZNF213-AS1,ENSG00000263072,18948,-1
5974,ZNF205,ENSG00000122386,5086,5086
5975,ZNF200,ENSG00000010539,260,260
5976,ZNF263,ENSG00000006194,124,124
5977,ZNF75A,ENSG00000162086,10259,10259
5978,NAA60,ENSG00000122390,5087,5087
5979,CLUAP1,ENSG00000103351,2719,2719
5980,TRAP1,ENSG00000126602,5630,5630
5981,CREBBP,ENSG00000005339,89,89
5982,TFAP4,ENSG00000090447,1820,1820
5983,PAM16,ENSG00000217930,17256,17256
5984,CORO7,ENSG00000262246,18100,18100
5985,DNAJA3,ENSG00000103423,2729,2729
5986,NMRAL1,ENSG00000153406,9282,9282
5987,HMOX2,ENSG00000103415,2728,2728
5988,UBALD1,ENSG00000153443,9283,9283
5989,MGRN1,ENSG00000102858,2626,2626
5990,NUDT16L1,ENSG00000168101,11777,11777
5991,ANKS3,ENSG00000168096,11776,11776
5992,ZNF500,ENSG00000103199,2694,2694
5993,ROGDI,ENSG00000067836,992,992
5994,GLYR1,ENSG00000140632,7708,7708
5995,UBN1,ENSG00000118900,4699,4699
5996,NAGPA,ENSG00000103174,2687,2687
5997,ALG1,ENSG00000033011,484,484
5998,EEF2KMT,ENSG00000118894,4697,4697
5999,AC093515.1,ENSG00000260289,18949,-1
6000,METTL22,ENSG00000067365,980,980
6001,TMEM186,ENSG00000184857,14733,14733
6002,PMM2,ENSG00000140650,7709,7709
6003,CARHSP1,ENSG00000153048,9240,9240
6004,USP7,ENSG00000187555,15264,15264
6005,C16orf72,ENSG00000182831,14350,14350
6006,ATF7IP2,ENSG00000166669,11423,11423
6007,NUBP1,ENSG00000103274,2709,2709
6008,DEXI,ENSG00000182108,14213,14213
6009,RMI2,ENSG00000175643,13275,13275
6010,SOCS1,ENSG00000185338,14843,14843
6011,LITAF,ENSG00000189067,15582,15582
6012,TXNDC11,ENSG00000153066,9243,9243
6013,ZC3H7A,ENSG00000122299,5078,5078
6014,RSL1D1,ENSG00000171490,12510,12510
6015,GSPT1,ENSG00000103342,2717,2717
6016,CPPED1,ENSG00000103381,2726,2726
6017,ERCC4,ENSG00000175595,13270,13270
6018,MRTFB,ENSG00000186260,15039,15039
6019,PARN,ENSG00000140694,7715,7715
6020,BFAR,ENSG00000103429,2730,2730
6021,NOMO1,ENSG00000103512,2743,2743
6022,PDXDC1,ENSG00000179889,13909,13909
6023,NTAN1,ENSG00000157045,9661,9661
6024,RRN3,ENSG00000085721,1615,1615
6025,MARF1,ENSG00000166783,11442,11442
6026,NDE1,ENSG00000072864,1172,1172
6027,FOPNL,ENSG00000133393,6496,6496
6028,ABCC1,ENSG00000103222,2696,2696
6029,RPS15A,ENSG00000134419,18950,-1
6030,ARL6IP1,ENSG00000170540,12302,12302
6031,SMG1,ENSG00000157106,9668,9668
6032,COQ7,ENSG00000167186,11549,11549
6033,GDE1,ENSG00000006007,111,111
6034,CCP110,ENSG00000103540,2747,2747
6035,VPS35L,ENSG00000103544,2748,2748
6036,KNOP1,ENSG00000103550,2751,2751
6037,ACSM3,ENSG00000005187,81,81
6038,THUMPD1,ENSG00000066654,953,953
6039,ERI2,ENSG00000196678,15832,15832
6040,REXO5,ENSG00000005189,82,82
6041,LYRM1,ENSG00000102897,2636,2636
6042,TMEM159,ENSG00000011638,300,300
6043,CRYM,ENSG00000103316,2713,2713
6044,METTL9,ENSG00000197006,15907,15907
6045,UQCRC2,ENSG00000140740,7717,7717
6046,MOSMO,ENSG00000185716,14916,14916
6047,EEF2K,ENSG00000103319,2714,2714
6048,POLR3E,ENSG00000058600,769,769
6049,AC092338.3,ENSG00000286808,18951,-1
6050,CDR2,ENSG00000140743,7718,7718
6051,NPIPB5,ENSG00000243716,18952,-1
6052,COG7,ENSG00000168434,11845,11845
6053,GGA2,ENSG00000103365,2724,2724
6054,EARS2,ENSG00000103356,2722,2722
6055,UBFD1,ENSG00000103353,2720,2720
6056,NDUFAB1,ENSG00000004779,57,57
6057,PALB2,ENSG00000083093,1536,1536
6058,DCTN5,ENSG00000166847,11464,11464
6059,PLK1,ENSG00000166851,11466,11466
6060,PRKCB,ENSG00000166501,11391,11391
6061,RBBP6,ENSG00000122257,5077,5077
6062,TNRC6A,ENSG00000090905,1843,1843
6063,ARHGAP17,ENSG00000140750,7720,7720
6064,LCMT1,ENSG00000205629,16848,16848
6065,ZKSCAN2-DT,ENSG00000274925,18953,-1
6066,NSMCE1,ENSG00000169189,12009,12009
6067,GTF3C1,ENSG00000077235,1332,1332
6068,XPO6,ENSG00000169180,12005,12005
6069,CLN3,ENSG00000188603,15475,15475
6070,APOBR,ENSG00000184730,14717,14717
6071,SGF29,ENSG00000176476,13404,13404
6072,EIF3C,ENSG00000184110,18954,-1
6073,ATXN2L,ENSG00000168488,11857,11857
6074,TUFM,ENSG00000178952,13776,13776
6075,SH2B1,ENSG00000178188,13669,13669
6076,ATP2A1-AS1,ENSG00000260442,18955,-1
6077,RABEP2,ENSG00000177548,13569,13569
6078,NFATC2IP,ENSG00000176953,13473,13473
6079,SPNS1,ENSG00000169682,12109,12109
6080,BOLA2,ENSG00000183336,18956,-1
6081,SPN,ENSG00000197471,16024,16024
6082,QPRT,ENSG00000103485,2734,2734
6083,KIF22,ENSG00000079616,1428,1428
6084,MAZ,ENSG00000103495,2738,2738
6085,PAGR1,ENSG00000280789,18411,18411
6086,CDIPT,ENSG00000103502,2740,2740
6087,SEZ6L2,ENSG00000174938,13146,13146
6088,KCTD13,ENSG00000174943,13148,13148
6089,TMEM219,ENSG00000149932,8911,8911
6090,TAOK2,ENSG00000149930,8910,8910
6091,HIRIP3,ENSG00000149929,8909,8909
6092,INO80E,ENSG00000169592,12093,12093
6093,ALDOA,ENSG00000149925,18957,-1
6094,PPP4C,ENSG00000149923,8906,8906
6095,YPEL3,ENSG00000090238,1810,1810
6096,MAPK3,ENSG00000102882,2631,2631
6097,CORO1A,ENSG00000102879,2630,2630
6098,CD2BP2,ENSG00000169217,12015,12015
6099,TBC1D10B,ENSG00000169221,12018,12018
6100,ZNF771,ENSG00000179965,13928,13928
6101,DCTPP1,ENSG00000179958,13927,13927
6102,SEPHS2,ENSG00000179918,13916,13916
6103,ZNF768,ENSG00000169957,12171,12171
6104,ZNF764,ENSG00000169951,12169,12169
6105,ZNF785,ENSG00000197162,15953,15953
6106,ZNF689,ENSG00000156853,9634,9634
6107,PRR14,ENSG00000156858,9635,9635
6108,FBRS,ENSG00000156860,9636,9636
6109,SRCAP,ENSG00000080603,1457,1457
6110,PHKG2,ENSG00000156873,9638,9638
6111,RNF40,ENSG00000103549,2750,2750
6112,ZNF629,ENSG00000102870,2627,2627
6113,BCL7C,ENSG00000099385,2035,2035
6114,FBXL19,ENSG00000099364,2031,2031
6115,ORAI3,ENSG00000175938,13318,13318
6116,SETD1A,ENSG00000099381,2034,2034
6117,STX4,ENSG00000103496,2739,2739
6118,ZNF668,ENSG00000167394,11590,11590
6119,VKORC1,ENSG00000167397,11592,11592
6120,BCKDK,ENSG00000103507,2741,2741
6121,KAT8,ENSG00000103510,2742,2742
6122,FUS,ENSG00000089280,1777,1777
6123,PYCARD,ENSG00000103490,2736,2736
6124,ZNF720,ENSG00000197302,15981,15981
6125,ZNF267,ENSG00000185947,14969,14969
6126,SHCBP1,ENSG00000171241,12457,12457
6127,VPS35,ENSG00000069329,1040,1040
6128,ORC6,ENSG00000091651,1880,1880
6129,C16orf87,ENSG00000155330,9476,9476
6130,GPT2,ENSG00000166123,11283,11283
6131,DNAJA2,ENSG00000069345,1041,1041
6132,NETO2,ENSG00000171208,12447,12447
6133,ITFG1,ENSG00000129636,5945,5945
6134,PHKB,ENSG00000102893,2635,2635
6135,LONP2,ENSG00000102910,2642,2642
6136,SIAH1,ENSG00000196470,15776,15776
6137,N4BP1,ENSG00000102921,2643,2643
6138,HEATR3,ENSG00000155393,9482,9482
6139,TENT4B,ENSG00000121274,4981,4981
6140,ADCY7,ENSG00000121281,4982,4982
6141,BRD7,ENSG00000166164,11298,11298
6142,HNRNPA1P48,ENSG00000224578,18958,-1
6143,CHD9,ENSG00000177200,13515,13515
6144,RBL2,ENSG00000103479,2733,2733
6145,RPGRIP1L,ENSG00000103494,2737,2737
6146,FTO,ENSG00000140718,7716,7716
6147,CRNDE,ENSG00000245694,18959,-1
6148,LPCAT2,ENSG00000087253,1680,1680
6149,AMFR,ENSG00000159461,9952,9952
6150,NUDT21,ENSG00000167005,11513,11513
6151,OGFOD1,ENSG00000087263,1682,1682
6152,MT2A,ENSG00000125148,5418,5418
6153,MT1F,ENSG00000198417,16257,16257
6154,MT1X,ENSG00000187193,15224,15224
6155,NUP93,ENSG00000102900,2638,2638
6156,HERPUD1,ENSG00000051108,671,671
6157,FAM192A,ENSG00000172775,12782,12782
6158,RSPRY1,ENSG00000159579,9959,9959
6159,ARL2BP,ENSG00000102931,2645,2645
6160,CIAPIN1,ENSG00000005194,83,83
6161,COQ9,ENSG00000088682,1725,1725
6162,POLR2C,ENSG00000102978,2653,2653
6163,KATNB1,ENSG00000140854,7732,7732
6164,KIFC3,ENSG00000140859,7733,7733
6165,USB1,ENSG00000103005,2657,2657
6166,CFAP20,ENSG00000070761,1094,1094
6167,CSNK2A2,ENSG00000070770,1095,1095
6168,CCDC113,ENSG00000103021,2659,2659
6169,GINS3,ENSG00000181938,14190,14190
6170,SETD6,ENSG00000103037,2664,2664
6171,CNOT1,ENSG00000125107,5414,5414
6172,SLC38A7,ENSG00000103042,2665,2665
6173,GOT2,ENSG00000125166,5420,5420
6174,CKLF,ENSG00000217555,17255,17255
6175,CMTM3,ENSG00000140931,7737,7737
6176,CMTM4,ENSG00000183723,14525,14525
6177,DYNC1LI2,ENSG00000135720,6867,6867
6178,NAE1,ENSG00000159593,9962,9962
6179,CIAO2B,ENSG00000166595,11416,11416
6180,CES2,ENSG00000172831,12796,12796
6181,CBFB,ENSG00000067955,996,996
6182,C16orf70,ENSG00000125149,5419,5419
6183,TRADD,ENSG00000102871,2628,2628
6184,FBXL8,ENSG00000135722,6868,6868
6185,E2F4,ENSG00000205250,16801,16801
6186,TMEM208,ENSG00000168701,11901,11901
6187,FHOD1,ENSG00000135723,6869,6869
6188,ATP6V0D1,ENSG00000159720,9975,9975
6189,CTCF,ENSG00000102974,2651,2651
6190,ACD,ENSG00000102977,2652,2652
6191,ENKD1,ENSG00000124074,5262,5262
6192,GFOD2,ENSG00000141098,7769,7769
6193,RANBP10,ENSG00000141084,7766,7766
6194,CENPT,ENSG00000102901,2639,2639
6195,THAP11,ENSG00000168286,11812,11812
6196,NUTF2,ENSG00000102898,2637,2637
6197,EDC4,ENSG00000038358,535,535
6198,PSKH1,ENSG00000159792,9983,9983
6199,PSMB10,ENSG00000205220,16799,16799
6200,DUS2,ENSG00000167264,11565,11565
6201,DDX28,ENSG00000182810,14347,14347
6202,NFATC3,ENSG00000072736,1162,1162
6203,SLC7A6,ENSG00000103064,2672,2672
6204,SLC7A6OS,ENSG00000103061,2671,2671
6205,PRMT7,ENSG00000132600,6367,6367
6206,UTP4,ENSG00000141076,7765,7765
6207,SNTB2,ENSG00000168807,11924,11924
6208,VPS4A,ENSG00000132612,6370,6370
6209,COG8,ENSG00000213380,17027,17027
6210,NIP7,ENSG00000132603,6368,6368
6211,TERF2,ENSG00000132604,6369,6369
6212,CYB5B,ENSG00000103018,2658,2658
6213,NFAT5,ENSG00000102908,2641,2641
6214,NQO1,ENSG00000181019,14072,14072
6215,NOB1,ENSG00000141101,7770,7770
6216,PDPR,ENSG00000090857,1839,1839
6217,EXOSC6,ENSG00000223496,17340,17340
6218,AARS,ENSG00000090861,1840,1840
6219,DDX19B,ENSG00000157349,9697,9697
6220,DDX19A,ENSG00000168872,11934,11934
6221,ST3GAL2,ENSG00000157350,9698,9698
6222,COG4,ENSG00000103051,2669,2669
6223,SF3B3,ENSG00000189091,15586,15586
6224,VAC14,ENSG00000103043,2666,2666
6225,CMTR2,ENSG00000180917,14053,14053
6226,AP1G1,ENSG00000166747,11438,11438
6227,ATXN1L,ENSG00000224470,17357,17357
6228,IST1,ENSG00000182149,14220,14220
6229,DHODH,ENSG00000102967,2649,2649
6230,TXNL4B,ENSG00000140830,7725,7725
6231,DHX38,ENSG00000140829,7724,7724
6232,ZFHX3,ENSG00000140836,7728,7728
6233,PSMD7,ENSG00000103035,2663,2663
6234,GLG1,ENSG00000090863,1841,1841
6235,RFWD3,ENSG00000168411,11840,11840
6236,WDR59,ENSG00000103091,2676,2676
6237,ZNRF1,ENSG00000186187,15026,15026
6238,BCAR1,ENSG00000050820,669,669
6239,CFDP1,ENSG00000153774,9301,9301
6240,TMEM170A,ENSG00000166822,11455,11455
6241,GABARAPL2,ENSG00000034713,18529,18529
6242,ADAT1,ENSG00000065457,900,900
6243,KARS,ENSG00000065427,899,899
6244,TERF2IP,ENSG00000166848,11465,11465
6245,MON1B,ENSG00000103111,2677,2677
6246,WWOX,ENSG00000186153,15020,15020
6247,CMC2,ENSG00000103121,2678,2678
6248,CENPN,ENSG00000166451,11380,11380
6249,ATMIN,ENSG00000166454,11382,11382
6250,GCSH,ENSG00000140905,7736,7736
6251,CMIP,ENSG00000153815,9308,9308
6252,PLCG2,ENSG00000197943,16143,16143
6253,MPHOSPH6,ENSG00000135698,6864,6864
6254,HSBP1,ENSG00000230989,17468,17468
6255,MLYCD,ENSG00000103150,2682,2682
6256,MBTPS1,ENSG00000140943,7742,7742
6257,HSDL1,ENSG00000103160,2685,2685
6258,COTL1,ENSG00000103187,2690,2690
6259,KLHL36,ENSG00000135686,6862,6862
6260,USP10,ENSG00000103194,2691,2691
6261,ZDHHC7,ENSG00000153786,9303,9303
6262,GSE1,ENSG00000131149,6178,6178
6263,GINS2,ENSG00000131153,6179,6179
6264,EMC8,ENSG00000131148,6177,6177
6265,COX4I1,ENSG00000131143,6176,6176
6266,C16orf95,ENSG00000260456,18068,18068
6267,MAP1LC3B,ENSG00000140941,7741,7741
6268,ZCCHC14,ENSG00000140948,7744,7744
6269,JPH3,ENSG00000154118,9345,9345
6270,KLHDC4,ENSG00000104731,2862,2862
6271,SLC7A5,ENSG00000103257,2704,2704
6272,BANP,ENSG00000172530,12738,12738
6273,ZFPM1,ENSG00000179588,18960,-1
6274,ZC3H18,ENSG00000158545,9836,9836
6275,CYBA,ENSG00000051523,676,676
6276,MVD,ENSG00000167508,11605,11605
6277,RNF166,ENSG00000158717,9856,9856
6278,CTU2,ENSG00000174177,13032,13032
6279,PIEZO1,ENSG00000103335,2716,2716
6280,CDT1,ENSG00000167513,11606,11606
6281,APRT,ENSG00000198931,16448,16448
6282,TRAPPC2L,ENSG00000167515,11607,11607
6283,CBFA2T3,ENSG00000129993,5971,5971
6284,ACSF3,ENSG00000176715,13435,13435
6285,ANKRD11,ENSG00000167522,11608,11608
6286,SPG7,ENSG00000197912,16133,16133
6287,RPL13,ENSG00000167526,18961,-1
6288,CPNE7,ENSG00000178773,13747,13747
6289,CHMP1A,ENSG00000131165,6180,6180
6290,SPATA33,ENSG00000167523,11609,11609
6291,CDK10,ENSG00000185324,18962,-1
6292,ZNF276,ENSG00000158805,9866,9866
6293,FANCA,ENSG00000187741,15303,15303
6294,TCF25,ENSG00000141002,7755,7755
6295,DEF8,ENSG00000140995,7754,7754
6296,CENPBD1,ENSG00000177946,13628,13628
6297,RFLNB,ENSG00000183688,14515,14515
6298,VPS53,ENSG00000141252,7779,7779
6299,GEMIN4,ENSG00000179409,13853,13853
6300,GLOD4,ENSG00000167699,11666,11666
6301,MRM3,ENSG00000171861,12594,12594
6302,TIMM22,ENSG00000177370,13537,13537
6303,ABR,ENSG00000159842,9985,9985
6304,YWHAE,ENSG00000108953,3494,3494
6305,CRK,ENSG00000167193,11551,11551
6306,MYO1C,ENSG00000197879,16122,16122
6307,PITPNA-AS1,ENSG00000236618,18963,-1
6308,PITPNA,ENSG00000174238,13041,13041
6309,RILP,ENSG00000167705,11671,11671
6310,PRPF8,ENSG00000174231,13038,13038
6311,SERPINF1,ENSG00000132386,6328,6328
6312,SMYD4,ENSG00000186532,15100,15100
6313,RPA1,ENSG00000132383,6327,6327
6314,SMG6,ENSG00000070366,1075,1075
6315,TSR1,ENSG00000167721,11675,11675
6316,MNT,ENSG00000070444,18964,-1
6317,METTL16,ENSG00000127804,5740,5740
6318,PAFAH1B1,ENSG00000007168,165,165
6319,CLUH,ENSG00000132361,6324,6324
6320,SPATA22,ENSG00000141255,7780,7780
6321,EMC6,ENSG00000127774,5738,5738
6322,P2RX5,ENSG00000083454,1546,1546
6323,ITGAE,ENSG00000083457,18965,-1
6324,NCBP3,ENSG00000074356,1219,1219
6325,ATP2A3,ENSG00000074370,1220,1220
6326,ZZEF1,ENSG00000074755,1232,1232
6327,ANKFY1,ENSG00000185722,14918,14918
6328,UBE2G1,ENSG00000132388,6329,6329
6329,MYBBP1A,ENSG00000132382,6326,6326
6330,PELP1,ENSG00000141456,7816,7816
6331,ARRB2,ENSG00000141480,7819,7819
6332,MED11,ENSG00000161920,10229,10229
6333,PSMB6,ENSG00000142507,7930,7930
6334,SLC25A11,ENSG00000108528,3430,3430
6335,RNF167,ENSG00000108523,3429,3429
6336,PFN1,ENSG00000108518,3428,3428
6337,SPAG7,ENSG00000091640,1879,1879
6338,KIF1C,ENSG00000129250,5907,5907
6339,AC012146.1,ENSG00000234327,18966,-1
6340,RABEP1,ENSG00000029725,468,468
6341,NUP88,ENSG00000108559,3434,3434
6342,RPAIN,ENSG00000129197,5898,5898
6343,AC004148.1,ENSG00000263272,18967,-1
6344,C1QBP,ENSG00000108561,3435,3435
6345,DHX33,ENSG00000005100,76,76
6346,DERL2,ENSG00000072849,1170,1170
6347,MIS12,ENSG00000167842,11709,11709
6348,NLRP1,ENSG00000091592,1877,1877
6349,TXNDC17,ENSG00000129235,5904,5904
6350,MED31,ENSG00000108590,3441,3441
6351,ALOX12-AS1,ENSG00000215067,18968,-1
6352,RNASEK,ENSG00000219200,17264,17264
6353,C17orf49,ENSG00000258315,18029,18029
6354,ACADVL,ENSG00000072778,1164,1164
6355,DVL2,ENSG00000004975,69,69
6356,PHF23,ENSG00000040633,555,555
6357,GABARAP,ENSG00000170296,12240,12240
6358,CTDNEP1,ENSG00000175826,13301,13301
6359,ELP5,ENSG00000170291,12238,12238
6360,EIF5A,ENSG00000132507,18969,-1
6361,GPS2,ENSG00000132522,6355,6355
6362,TMEM256,ENSG00000205544,16841,16841
6363,POLR2A,ENSG00000181222,14097,14097
6364,EIF4A1,ENSG00000161960,10237,10237
6365,AC016876.1,ENSG00000233223,18970,-1
6366,MPDU1,ENSG00000129255,5908,5908
6367,FXR2,ENSG00000129245,5906,5906
6368,WRAP53,ENSG00000141499,7822,7822
6369,KDM6B,ENSG00000132510,6352,6352
6370,NAA38,ENSG00000183011,14386,14386
6371,CHD3,ENSG00000170004,12182,12182
6372,TRAPPC1,ENSG00000170043,12189,12189
6373,VAMP2,ENSG00000220205,17273,17273
6374,TMEM107,ENSG00000179029,13792,13792
6375,AURKB,ENSG00000178999,13786,13786
6376,PFAS,ENSG00000178921,13767,13767
6377,RANGRF,ENSG00000108961,3496,3496
6378,RPL26,ENSG00000161970,18971,-1
6379,MYH10,ENSG00000133026,6443,6443
6380,STX8,ENSG00000170310,12242,12242
6381,SCO1,ENSG00000133028,6445,6445
6382,MAP2K4,ENSG00000065559,907,907
6383,ELAC2,ENSG00000006744,152,152
6384,COX10,ENSG00000006695,147,147
6385,PMP22,ENSG00000109099,3512,3512
6386,ZNF286A,ENSG00000187607,15274,15274
6387,ZSWIM7,ENSG00000214941,17184,17184
6388,TTC19,ENSG00000011295,283,283
6389,NCOR1,ENSG00000141027,7759,7759
6390,PIGL,ENSG00000108474,3421,3421
6391,CENPV,ENSG00000166582,11413,11413
6392,UBB,ENSG00000170315,12244,12244
6393,TRPV2,ENSG00000187688,15291,15291
6394,SNHG29,ENSG00000175061,18972,-1
6395,LRRC75A,ENSG00000181350,14109,14109
6396,MPRIP,ENSG00000133030,6446,6446
6397,PLD6,ENSG00000179598,13871,13871
6398,FLCN,ENSG00000154803,9424,9424
6399,COPS3,ENSG00000141030,7760,7760
6400,PEMT,ENSG00000133027,6444,6444
6401,SREBF1,ENSG00000072310,1148,1148
6402,ATPAF2,ENSG00000171953,12614,12614
6403,GID4,ENSG00000141034,7761,7761
6404,DRG2,ENSG00000108591,3442,3442
6405,ALKBH5,ENSG00000091542,1875,1875
6406,FLII,ENSG00000177731,13607,13607
6407,TOP3A,ENSG00000177302,13530,13530
6408,SHMT1,ENSG00000176974,13477,13477
6409,PRPSAP2,ENSG00000141127,7771,7771
6410,EPN2,ENSG00000072134,1140,1140
6411,B9D1,ENSG00000108641,3449,3449
6412,USP22,ENSG00000124422,5333,5333
6413,DHRS7B,ENSG00000109016,3499,3499
6414,TMEM11,ENSG00000178307,13688,13688
6415,WSB1,ENSG00000109046,3500,3500
6416,KSR1,ENSG00000141068,7764,7764
6417,NLK,ENSG00000087095,1669,1669
6418,TMEM97,ENSG00000109084,3510,3510
6419,IFT20,ENSG00000109083,3509,3509
6420,POLDIP2,ENSG00000004142,46,46
6421,TMEM199,ENSG00000244045,17766,17766
6422,UNC119,ENSG00000109103,3514,3514
6423,PIGS,ENSG00000087111,1670,1670
6424,ALDOC,ENSG00000109107,3515,3515
6425,SPAG5,ENSG00000076382,1303,1303
6426,KIAA0100,ENSG00000007202,168,168
6427,SDF2,ENSG00000132581,6364,6364
6428,SUPT6H,ENSG00000109111,3516,3516
6429,RPL23A,ENSG00000198242,18973,-1
6430,TLCD1,ENSG00000160606,10093,10093
6431,TRAF4,ENSG00000076604,1307,1307
6432,FAM222B,ENSG00000173065,12833,12833
6433,ERAL1,ENSG00000132591,6366,6366
6434,FLOT2,ENSG00000132589,6365,6365
6435,DHRS13,ENSG00000167536,11614,11614
6436,PHF12,ENSG00000109118,3518,3518
6437,MYO18A,ENSG00000196535,15791,15791
6438,NUFIP2,ENSG00000108256,3394,3394
6439,TAOK1,ENSG00000160551,10086,10086
6440,TP53I13,ENSG00000167543,11615,11615
6441,GIT1,ENSG00000108262,3395,3395
6442,SSH2,ENSG00000141298,7786,7786
6443,NSRP1,ENSG00000126653,5632,5632
6444,BLMH,ENSG00000108578,3437,3437
6445,CPD,ENSG00000108582,3438,3438
6446,GOSR1,ENSG00000108587,3439,3439
6447,CRLF3,ENSG00000176390,13386,13386
6448,ATAD5,ENSG00000176208,13358,13358
6449,TEFM,ENSG00000172171,12658,12658
6450,NF1,ENSG00000196712,15841,15841
6451,COPRS,ENSG00000172301,12685,12685
6452,UTP6,ENSG00000108651,3450,3450
6453,SUZ12,ENSG00000178691,13734,13734
6454,RHOT1,ENSG00000126858,5658,5658
6455,C17orf75,ENSG00000108666,3452,3452
6456,ZNF207,ENSG00000010244,245,245
6457,PSMD11,ENSG00000108671,3454,3454
6458,MYO1D,ENSG00000176658,13428,13428
6459,TMEM98,ENSG00000006042,115,115
6460,ZNF830,ENSG00000198783,16365,16365
6461,LIG3,ENSG00000005156,79,79
6462,RAD51D,ENSG00000185379,14853,14853
6463,NLE1,ENSG00000073536,1189,1189
6464,SNHG30,ENSG00000267321,18974,-1
6465,AP2B1,ENSG00000006125,122,122
6466,TAF15,ENSG00000270647,18210,18210
6467,ZNHIT3,ENSG00000273611,18975,-1
6468,MYO19,ENSG00000278259,18367,18367
6469,PIGW,ENSG00000277161,18339,18339
6470,GGNBP2,ENSG00000278311,18368,18368
6471,DHRS11,ENSG00000278535,18372,18372
6472,MRM1,ENSG00000278619,18378,18378
6473,AATF,ENSG00000275700,18303,18303
6474,ACACA,ENSG00000278540,18373,18373
6475,TADA2A,ENSG00000276234,18324,18324
6476,DUSP14,ENSG00000276023,18314,18314
6477,SYNRG,ENSG00000275066,18285,18285
6478,DDX52,ENSG00000278053,18363,18363
6479,MRPL45,ENSG00000278845,18976,-1
6480,AC006449.6,ENSG00000277969,18977,-1
6481,MLLT6,ENSG00000275023,18283,18283
6482,CISD3,ENSG00000277972,18361,18361
6483,PCGF2,ENSG00000277258,18341,18341
6484,PSMB3,ENSG00000277791,18357,18357
6485,PIP4K2B,ENSG00000276293,18327,18327
6486,CWC25,ENSG00000273559,18246,18246
6487,RPL23,ENSG00000125691,18978,-1
6488,LASP1,ENSG00000002834,28,28
6489,RPL19,ENSG00000108298,18979,-1
6490,FBXL20,ENSG00000108306,3396,3396
6491,MED1,ENSG00000125686,5490,5490
6492,CDK12,ENSG00000167258,11563,11563
6493,STARD3,ENSG00000131748,6250,6250
6494,PNMT,ENSG00000141744,7868,7868
6495,MIEN1,ENSG00000141741,7867,7867
6496,IKZF3,ENSG00000161405,10184,10184
6497,ORMDL3,ENSG00000172057,12637,12637
6498,PSMD3,ENSG00000108344,3400,3400
6499,MED24,ENSG00000008838,223,223
6500,THRA,ENSG00000126351,5607,5607
6501,MSL1,ENSG00000188895,15543,15543
6502,CASC3,ENSG00000108349,3401,3401
6503,WIPF2,ENSG00000171475,12504,12504
6504,CDC6,ENSG00000094804,1946,1946
6505,TOP2A,ENSG00000131747,6249,6249
6506,IGFBP4,ENSG00000141753,7871,7871
6507,SMARCE1,ENSG00000073584,1191,1191
6508,KRT10,ENSG00000186395,15065,15065
6509,TMEM99,ENSG00000167920,11725,11725
6510,EIF1,ENSG00000173812,12974,12974
6511,JUP,ENSG00000173801,12971,12971
6512,NT5C3B,ENSG00000141698,7863,7863
6513,ACLY,ENSG00000131473,6219,6219
6514,CNP,ENSG00000173786,12970,12970
6515,DNAJC7,ENSG00000168259,11801,11801
6516,NKIRAS2,ENSG00000168256,11800,11800
6517,KAT2A,ENSG00000108773,3464,3464
6518,RAB5C,ENSG00000108774,3465,3465
6519,GHDC,ENSG00000167925,11726,11726
6520,STAT5B,ENSG00000173757,12967,12967
6521,STAT5A,ENSG00000126561,5626,5626
6522,STAT3,ENSG00000168610,11884,11884
6523,CAVIN1,ENSG00000177469,13556,13556
6524,ATP6V0A1,ENSG00000033627,492,492
6525,AC067852.3,ENSG00000267632,18980,-1
6526,NAGLU,ENSG00000108784,3466,3466
6527,COASY,ENSG00000068120,1004,1004
6528,MLX,ENSG00000108788,3468,3468
6529,PSMC3IP,ENSG00000131470,6217,6217
6530,RETREG3,ENSG00000141699,7864,7864
6531,TUBG1,ENSG00000131462,6215,6215
6532,PLEKHH3,ENSG00000068137,1005,1005
6533,CCR10,ENSG00000184451,14663,14663
6534,EZH1,ENSG00000108799,3471,3471
6535,VPS25,ENSG00000131475,6220,6220
6536,WNK4,ENSG00000126562,5627,5627
6537,COA3,ENSG00000183978,14579,14579
6538,BECN1,ENSG00000126581,5628,5628
6539,PSME3,ENSG00000131467,6216,6216
6540,AARSD1,ENSG00000266967,18150,18150
6541,RUNDC1,ENSG00000198863,16414,16414
6542,RPL27,ENSG00000131469,18981,-1
6543,IFI35,ENSG00000068079,1002,1002
6544,VAT1,ENSG00000108828,3476,3476
6545,BRCA1,ENSG00000012048,302,302
6546,NBR2,ENSG00000198496,18982,-1
6547,AC060780.1,ENSG00000267002,18983,-1
6548,NBR1,ENSG00000188554,15465,15465
6549,DHX8,ENSG00000067596,985,985
6550,ETV4,ENSG00000175832,13302,13302
6551,DUSP3,ENSG00000108861,3486,3486
6552,TMEM101,ENSG00000091947,1887,1887
6553,LSM12,ENSG00000161654,10205,10205
6554,G6PC3,ENSG00000141349,7791,7791
6555,HDAC5,ENSG00000108840,3480,3480
6556,TMUB2,ENSG00000168591,11882,11882
6557,ATXN7L3,ENSG00000087152,1673,1673
6558,UBTF,ENSG00000108312,3398,3398
6559,SLC25A39,ENSG00000013306,322,322
6560,GRN,ENSG00000030582,474,474
6561,GPATCH8,ENSG00000186566,15102,15102
6562,FZD2,ENSG00000180340,13976,13976
6563,CCDC43,ENSG00000180329,13973,13973
6564,DBF4B,ENSG00000161692,10211,10211
6565,GJC1,ENSG00000182963,14376,14376
6566,EFTUD2,ENSG00000108883,3488,3488
6567,KIF18B,ENSG00000186185,15025,15025
6568,DCAKD,ENSG00000172992,12824,12824
6569,NMT1,ENSG00000136448,7002,7002
6570,HEXIM1,ENSG00000186834,15145,15145
6571,FMNL1,ENSG00000184922,14746,14746
6572,MAPT,ENSG00000186868,15154,15154
6573,KANSL1,ENSG00000120071,4844,4844
6574,ARL17A,ENSG00000185829,14943,14943
6575,NSF,ENSG00000073969,1208,1208
6576,GOSR2,ENSG00000108433,3415,3415
6577,AC005670.3,ENSG00000262879,18984,-1
6578,CDC27,ENSG00000004897,65,65
6579,AC002558.3,ENSG00000262265,18985,-1
6580,MYL4,ENSG00000198336,16239,16239
6581,NPEPPS,ENSG00000141279,7782,7782
6582,KPNB1,ENSG00000108424,3414,3414
6583,MRPL10,ENSG00000159111,18986,-1
6584,AC018521.5,ENSG00000264920,18987,-1
6585,SP2,ENSG00000167182,11547,11547
6586,PNPO,ENSG00000108439,3416,3416
6587,CDK5RAP3,ENSG00000108465,3418,3418
6588,NFE2L1,ENSG00000082641,1528,1528
6589,CBX1,ENSG00000108468,3419,3419
6590,HOXB2,ENSG00000173917,12993,12993
6591,HOXB-AS1,ENSG00000230148,18988,-1
6592,HOXB3,ENSG00000120093,4847,4847
6593,HOXB4,ENSG00000182742,14334,14334
6594,HOXB7,ENSG00000260027,18060,18060
6595,HOXB9,ENSG00000170689,12333,12333
6596,CALCOCO2,ENSG00000136436,7000,7000
6597,ATP5MC1,ENSG00000159199,9910,9910
6598,UBE2Z,ENSG00000159202,9912,9912
6599,SNF8,ENSG00000159210,9914,9914
6600,IGF2BP1,ENSG00000159217,9918,9918
6601,ZNF652,ENSG00000198740,16350,16350
6602,PHB,ENSG00000167085,11524,11524
6603,SPOP,ENSG00000121067,4969,4969
6604,SLC35B1,ENSG00000121073,4971,4971
6605,FAM117A,ENSG00000121104,4974,4974
6606,KAT7,ENSG00000136504,7014,7014
6607,DLX4,ENSG00000108813,3472,3472
6608,PPP1R9B,ENSG00000108819,3473,3473
6609,MRPL27,ENSG00000108826,18989,-1
6610,EME1,ENSG00000154920,9436,9436
6611,LRRC59,ENSG00000108829,3477,3477
6612,RSAD1,ENSG00000136444,7001,7001
6613,ANKRD40,ENSG00000154945,9439,9439
6614,LUC7L3,ENSG00000108848,3482,3482
6615,TOB1,ENSG00000141232,7778,7778
6616,SPAG9,ENSG00000008294,208,208
6617,NME1,ENSG00000239672,17623,17623
6618,NME2,ENSG00000243678,17749,17749
6619,MBTD1,ENSG00000011258,280,280
6620,AC006141.1,ENSG00000264895,18990,-1
6621,UTP18,ENSG00000011260,281,281
6622,COX11,ENSG00000166260,11325,11325
6623,STXBP4,ENSG00000166263,11328,11328
6624,DGKE,ENSG00000153933,9322,9322
6625,TRIM25,ENSG00000121060,4967,4967
6626,COIL,ENSG00000121058,4966,4966
6627,AKAP1,ENSG00000121057,4965,4965
6628,MSI2,ENSG00000153944,9324,9324
6629,MRPS23,ENSG00000181610,18991,-1
6630,VEZF1,ENSG00000136451,7005,7005
6631,AC015813.1,ENSG00000264112,18992,-1
6632,SRSF1,ENSG00000136450,7004,7004
6633,DYNLL2,ENSG00000264364,18126,18126
6634,MKS1,ENSG00000011143,276,276
6635,AC004687.1,ENSG00000265206,18993,-1
6636,SUPT4H1,ENSG00000213246,17018,17018
6637,MTMR4,ENSG00000108389,3408,3408
6638,RAD51C,ENSG00000108384,3406,3406
6639,TRIM37,ENSG00000108395,3409,3409
6640,SKA2,ENSG00000182628,14316,14316
6641,PRR11,ENSG00000068489,1015,1015
6642,SMG8,ENSG00000167447,11596,11596
6643,GDPD1,ENSG00000153982,9328,9328
6644,DHX40,ENSG00000108406,3411,3411
6645,CLTC,ENSG00000141367,7792,7792
6646,PTRH2,ENSG00000141378,7795,7795
6647,VMP1,ENSG00000062716,822,822
6648,TUBD1,ENSG00000108423,3413,3413
6649,RPS6KB1,ENSG00000108443,18994,-1
6650,RNFT1,ENSG00000189050,15576,15576
6651,HEATR6,ENSG00000068097,1003,1003
6652,USP32,ENSG00000170832,12354,12354
6653,APPBP2,ENSG00000062725,823,823
6654,PPM1D,ENSG00000170836,12356,12356
6655,TBX2-AS1,ENSG00000267280,18995,-1
6656,BRIP1,ENSG00000136492,7013,7013
6657,INTS2,ENSG00000108506,3423,3423
6658,MED13,ENSG00000108510,3425,3425
6659,METTL2A,ENSG00000087995,1703,1703
6660,TLK2,ENSG00000146872,8557,8557
6661,CYB561,ENSG00000008283,207,207
6662,DCAF7,ENSG00000136485,7009,7009
6663,TACO1,ENSG00000136463,7007,7007
6664,MAP3K3,ENSG00000198909,16435,16435
6665,STRADA,ENSG00000266173,18142,18142
6666,LIMD2,ENSG00000136490,7012,7012
6667,CCDC47,ENSG00000108588,3440,3440
6668,DDX42,ENSG00000198231,16222,16222
6669,FTSJ3,ENSG00000108592,3443,3443
6670,PSMC5,ENSG00000087191,1675,1675
6671,SMARCD2,ENSG00000108604,3446,3446
6672,ICAM2,ENSG00000108622,3447,3447
6673,SNHG25,ENSG00000266402,18996,-1
6674,POLG2,ENSG00000256525,17991,17991
6675,DDX5,ENSG00000108654,3451,3451
6676,CEP95,ENSG00000258890,18043,18043
6677,SMURF2,ENSG00000108854,3485,3485
6678,GNA13,ENSG00000120063,4842,4842
6679,PRKCA,ENSG00000154229,9363,9363
6680,HELZ,ENSG00000198265,16226,16226
6681,PSMD12,ENSG00000197170,15955,15955
6682,PITPNC1,ENSG00000154217,9360,9360
6683,NOL11,ENSG00000130935,6133,6133
6684,BPTF,ENSG00000171634,12545,12545
6685,C17orf58,ENSG00000186665,15118,15118
6686,KPNA2,ENSG00000182481,14285,14285
6687,AMZ2,ENSG00000196704,15838,15838
6688,PRKAR1A,ENSG00000108946,3491,3491
6689,COG1,ENSG00000166685,11428,11428
6690,FAM104A,ENSG00000133193,6476,6476
6691,C17orf80,ENSG00000141219,7777,7777
6692,CDC42EP4,ENSG00000179604,13874,13874
6693,RPL38,ENSG00000172809,18997,-1
6694,GPRC5C,ENSG00000170412,12265,12265
6695,SLC9A3R1,ENSG00000109062,3503,3503
6696,NAT9,ENSG00000109065,3505,3505
6697,FDXR,ENSG00000161513,10186,10186
6698,MRPL58,ENSG00000167862,18998,-1
6699,KCTD2,ENSG00000180901,14050,14050
6700,ATP5PD,ENSG00000167863,11714,11714
6701,NT5C,ENSG00000125458,5456,5456
6702,JPT1,ENSG00000189159,15599,15599
6703,SUMO2,ENSG00000188612,15478,15478
6704,NUP85,ENSG00000125450,5453,5453
6705,GGA3,ENSG00000125447,5451,5451
6706,MRPS7,ENSG00000125445,18999,-1
6707,MIF4GD,ENSG00000125457,5455,5455
6708,SLC25A19,ENSG00000125454,5454,5454
6709,GRB2,ENSG00000177885,13622,13622
6710,TMEM94,ENSG00000177728,13606,13606
6711,TSEN54,ENSG00000182173,14227,14227
6712,RECQL5,ENSG00000108469,3420,3420
6713,SAP30BP,ENSG00000161526,10187,10187
6714,GALK1,ENSG00000108479,3422,3422
6715,H3F3B,ENSG00000132475,6348,6348
6716,UNK,ENSG00000132478,6349,6349
6717,UNC13D,ENSG00000092929,1928,1928
6718,WBP2,ENSG00000132471,6347,6347
6719,TRIM65,ENSG00000141569,7843,7843
6720,MRPL38,ENSG00000204316,19000,-1
6721,ACOX1,ENSG00000161533,10188,10188
6722,TEN1,ENSG00000257949,18023,18023
6723,SRP68,ENSG00000167881,11717,11717
6724,EXOC7,ENSG00000182473,14284,14284
6725,RNF157,ENSG00000141576,7846,7846
6726,UBALD2,ENSG00000185262,14826,14826
6727,PRPSAP1,ENSG00000161542,10189,10189
6728,SPHK1,ENSG00000176170,13351,13351
6729,UBE2O,ENSG00000175931,13317,13317
6730,SNHG16,ENSG00000163597,19001,-1
6731,ST6GALNAC1,ENSG00000070526,1085,1085
6732,MXRA7,ENSG00000182534,14294,14294
6733,JMJD6,ENSG00000070495,1083,1083
6734,METTL23,ENSG00000181038,14080,14080
6735,SRSF2,ENSG00000161547,10191,10191
6736,MFSD11,ENSG00000092931,1929,1929
6737,SNHG20,ENSG00000234912,19002,-1
6738,SEC14L1,ENSG00000129657,5948,5948
6739,SEPTIN9,ENSG00000184640,14701,14701
6740,TNRC6C,ENSG00000078687,1391,1391
6741,TMC6,ENSG00000141524,7830,7830
6742,SYNGR2,ENSG00000108639,3448,3448
6743,TK1,ENSG00000167900,11720,11720
6744,AFMID,ENSG00000183077,19003,-1
6745,BIRC5,ENSG00000089685,1790,1790
6746,PGS1,ENSG00000087157,1674,1674
6747,CYTH1,ENSG00000108669,3453,3453
6748,USP36,ENSG00000055483,731,731
6749,CANT1,ENSG00000171302,12464,12464
6750,CBX2,ENSG00000173894,12987,12987
6751,CBX4,ENSG00000141582,7850,7850
6752,GAA,ENSG00000171298,12463,12463
6753,EIF4A3,ENSG00000141543,7835,7835
6754,RNF213,ENSG00000173821,12976,12976
6755,ENDOV,ENSG00000173818,12975,12975
6756,RPTOR,ENSG00000141564,7841,7841
6757,CHMP6,ENSG00000176108,13342,13342
6758,BAIAP2,ENSG00000175866,13305,13305
6759,NDUFAF8,ENSG00000224877,17360,17360
6760,SLC38A10,ENSG00000157637,9731,9731
6761,BAHCC1,ENSG00000266074,18140,18140
6762,ACTG1,ENSG00000184009,14582,14582
6763,FAAP100,ENSG00000185504,14873,14873
6764,NPLOC4,ENSG00000182446,14278,14278
6765,OXLD1,ENSG00000204237,16580,16580
6766,CCDC137,ENSG00000185298,14837,14837
6767,ARL16,ENSG00000214087,17111,17111
6768,HGS,ENSG00000185359,14850,14850
6769,AC139530.1,ENSG00000262049,19004,-1
6770,MRPL12,ENSG00000262814,19005,-1
6771,SLC25A10,ENSG00000183048,14397,14397
6772,MCRIP1,ENSG00000225663,17372,17372
6773,P4HB,ENSG00000185624,14896,14896
6774,ARHGDIA,ENSG00000141522,7829,7829
6775,ALYREF,ENSG00000183684,14514,14514
6776,ANAPC11,ENSG00000141552,7837,7837
6777,PCYT2,ENSG00000185813,14938,14938
6778,SIRT7,ENSG00000187531,15256,15256
6779,MAFG,ENSG00000197063,15926,15926
6780,PYCR1,ENSG00000183010,14385,14385
6781,NOTUM,ENSG00000185269,14829,14829
6782,ASPSCR1,ENSG00000169696,12115,12115
6783,CENPX,ENSG00000169689,12113,12113
6784,RAC3,ENSG00000169750,12127,12127
6785,DCXR,ENSG00000169738,12124,12124
6786,RFNG,ENSG00000169733,12123,12123
6787,GPS1,ENSG00000169727,12122,12122
6788,DUS1L,ENSG00000169718,12121,12121
6789,FASN,ENSG00000169710,12117,12117
6790,CCDC57,ENSG00000176155,13348,13348
6791,CSNK1D,ENSG00000141551,7836,7836
6792,CD7,ENSG00000173762,12968,12968
6793,OGFOD3,ENSG00000181396,14114,14114
6794,HEXD,ENSG00000169660,12106,12106
6795,CYBC1,ENSG00000178927,13769,13769
6796,NARF,ENSG00000141562,7840,7840
6797,FOXK2,ENSG00000141568,7842,7842
6798,WDR45B,ENSG00000141580,7849,7849
6799,FN3KRP,ENSG00000141560,7839,7839
6800,TBCD,ENSG00000141556,7838,7838
6801,METRNL,ENSG00000176845,13453,13453
6802,USP14,ENSG00000101557,2470,2470
6803,THOC1,ENSG00000079134,1406,1406
6804,TYMSOS,ENSG00000176912,19006,-1
6805,TYMS,ENSG00000176890,13457,13457
6806,ENOSF1,ENSG00000132199,6303,6303
6807,YES1,ENSG00000176105,13341,13341
6808,LINC00470,ENSG00000132204,19007,-1
6809,METTL4,ENSG00000101574,2472,2472
6810,NDC80,ENSG00000080986,1472,1472
6811,SMCHD1,ENSG00000101596,2474,2474
6812,EMILIN2,ENSG00000132205,6304,6304
6813,LPIN2,ENSG00000101577,2473,2473
6814,MYL12A,ENSG00000101608,2476,2476
6815,MYL12B,ENSG00000118680,4681,4681
6816,TGIF1,ENSG00000177426,13545,13545
6817,LINC00667,ENSG00000263753,19008,-1
6818,AP001531.1,ENSG00000287719,19009,-1
6819,NDUFV2,ENSG00000178127,13659,13659
6820,ANKRD12,ENSG00000101745,2485,2485
6821,TWSG1,ENSG00000128791,5854,5854
6822,RALBP1,ENSG00000017797,366,366
6823,PPP4R1,ENSG00000154845,9430,9430
6824,RAB31,ENSG00000168461,11851,11851
6825,VAPA,ENSG00000101558,2471,2471
6826,NAPG,ENSG00000134265,6610,6610
6827,CHMP1B,ENSG00000255112,17944,17944
6828,TUBB6,ENSG00000176014,13324,13324
6829,AFG3L2,ENSG00000141385,7798,7798
6830,PSMG2,ENSG00000128789,5853,5853
6831,CEP76,ENSG00000101624,2477,2477
6832,PTPN2,ENSG00000175354,13230,13230
6833,SEH1L,ENSG00000085415,1603,1603
6834,CEP192,ENSG00000101639,2479,2479
6835,FAM210A,ENSG00000177150,13505,13505
6836,RNMT,ENSG00000101654,2480,2480
6837,ZNF519,ENSG00000175322,13221,13221
6838,ROCK1,ENSG00000067900,995,995
6839,ESCO1,ENSG00000141446,7811,7811
6840,SNRPD1,ENSG00000167088,11525,11525
6841,ABHD3,ENSG00000158201,9796,9796
6842,MIB1,ENSG00000101752,2488,2488
6843,RBBP8,ENSG00000101773,2489,2489
6844,RIOK3,ENSG00000101782,2490,2490
6845,IMPACT,ENSG00000154059,9337,9337
6846,SS18,ENSG00000141380,7796,7796
6847,TAF4B,ENSG00000141384,7797,7797
6848,DSC2,ENSG00000134755,6685,6685
6849,DSG2,ENSG00000046604,592,592
6850,TRAPPC8,ENSG00000153339,9277,9277
6851,RNF125,ENSG00000101695,2484,2484
6852,RNF138,ENSG00000134758,6687,6687
6853,MAPRE2,ENSG00000166974,11506,11506
6854,ZNF397,ENSG00000186812,15139,15139
6855,ZSCAN30,ENSG00000186814,15140,15140
6856,ZNF24,ENSG00000172466,12726,12726
6857,INO80C,ENSG00000153391,9279,9279
6858,GALNT1,ENSG00000141429,7805,7805
6859,C18orf21,ENSG00000141428,7804,7804
6860,RPRD1A,ENSG00000141425,7803,7803
6861,SLC39A6,ENSG00000141424,7802,7802
6862,ELP2,ENSG00000134759,6688,6688
6863,TPGS2,ENSG00000134779,6694,6694
6864,MIR924HG,ENSG00000267374,19010,-1
6865,PIK3C3,ENSG00000078142,1371,1371
6866,PSTPIP2,ENSG00000152229,9140,9140
6867,ATP5F1A,ENSG00000152234,9141,9141
6868,HAUS1,ENSG00000152240,9142,9142
6869,C18orf25,ENSG00000152242,9143,9143
6870,PIAS2,ENSG00000078043,1362,1362
6871,HDHD2,ENSG00000167220,11559,11559
6872,IER3IP1,ENSG00000134049,6567,6567
6873,SMAD2,ENSG00000175387,13233,13233
6874,DYM,ENSG00000141627,7852,7852
6875,C18orf32,ENSG00000177576,13576,13576
6876,RPL17,ENSG00000265681,19011,-1
6877,ACAA2,ENSG00000167315,11575,11575
6878,CXXC1,ENSG00000154832,9428,9428
6879,SKA1,ENSG00000154839,9429,9429
6880,ME2,ENSG00000082212,1515,1515
6881,SMAD4,ENSG00000141646,7856,7856
6882,MBD2,ENSG00000134046,6566,6566
6883,TCF4,ENSG00000196628,15817,15817
6884,TXNL1,ENSG00000091164,1862,1862
6885,ONECUT2,ENSG00000119547,4759,4759
6886,FECH,ENSG00000066926,962,962
6887,NARS,ENSG00000134440,6638,6638
6888,SEC11C,ENSG00000166562,11407,11407
6889,LMAN1,ENSG00000074695,1229,1229
6890,PMAIP1,ENSG00000141682,7861,7861
6891,PIGN,ENSG00000197563,16044,16044
6892,RELCH,ENSG00000134444,6640,6640
6893,KDSR,ENSG00000119537,4757,4757
6894,VPS4B,ENSG00000119541,4758,4758
6895,TMX3,ENSG00000166479,11387,11387
6896,CD226,ENSG00000150637,8953,8953
6897,RTTN,ENSG00000176225,13362,13362
6898,AC079062.1,ENSG00000263711,19012,-1
6899,CYB5A,ENSG00000166347,11351,11351
6900,CNDP2,ENSG00000133313,6488,6488
6901,ZADH2,ENSG00000180011,13932,13932
6902,TXNL4A,ENSG00000141759,7873,7873
6903,RBFA,ENSG00000101546,2469,2469
6904,ADNP2,ENSG00000101544,2468,2468
6905,MIER2,ENSG00000105556,3037,3037
6906,TPGS1,ENSG00000141933,7878,7878
6907,CDC34,ENSG00000099804,2050,2050
6908,BSG,ENSG00000172270,12680,12680
6909,POLRMT,ENSG00000099821,2055,2055
6910,RNF126,ENSG00000070423,1081,1081
6911,PRSS57,ENSG00000185198,14812,14812
6912,PALM,ENSG00000099864,2061,2061
6913,PTBP1,ENSG00000011304,284,284
6914,PLPPR3,ENSG00000129951,5966,5966
6915,CFD,ENSG00000197766,16092,16092
6916,MED16,ENSG00000175221,13205,13205
6917,R3HDM4,ENSG00000198858,16411,16411
6918,KISS1R,ENSG00000116014,4374,4374
6919,ARID3A,ENSG00000116017,4376,4376
6920,WDR18,ENSG00000065268,890,890
6921,TMEM259,ENSG00000182087,14208,14208
6922,CNN2,ENSG00000064666,866,866
6923,ABCA7,ENSG00000064687,867,867
6924,POLR2E,ENSG00000099817,2054,2054
6925,GPX4,ENSG00000167468,11599,11599
6926,SBNO2,ENSG00000064932,874,874
6927,STK11,ENSG00000118046,4619,4619
6928,ATP5F1D,ENSG00000099624,2039,2039
6929,MIDN,ENSG00000167470,11600,11600
6930,CIRBP,ENSG00000099622,2038,2038
6931,FAM174C,ENSG00000228300,17422,17422
6932,PWWP3A,ENSG00000160953,10143,10143
6933,NDUFS7,ENSG00000115286,4260,4260
6934,GAMT,ENSG00000130005,5972,5972
6935,DAZAP1,ENSG00000071626,1122,1122
6936,RPS15,ENSG00000115268,19013,-1
6937,C19orf25,ENSG00000119559,4760,4760
6938,REEP6,ENSG00000115255,4251,4251
6939,MEX3D,ENSG00000181588,14136,14136
6940,MBD3,ENSG00000071655,1123,1123
6941,UQCR11,ENSG00000127540,5723,5723
6942,TCF3,ENSG00000071564,1120,1120
6943,REXO1,ENSG00000079313,1415,1415
6944,KLF16,ENSG00000129911,5961,5961
6945,AC012615.1,ENSG00000261526,19014,-1
6946,ABHD17A,ENSG00000129968,5967,5967
6947,SCAMP4,ENSG00000227500,17412,17412
6948,CSNK1G2,ENSG00000133275,6486,6486
6949,BTBD2,ENSG00000133243,6480,6480
6950,MKNK2,ENSG00000099875,2063,2063
6951,MOB3A,ENSG00000172081,12642,12642
6952,AP3D1,ENSG00000065000,880,880
6953,DOT1L,ENSG00000104885,2897,2897
6954,PLEKHJ1,ENSG00000104886,2898,2898
6955,SF3A2,ENSG00000104897,2903,2903
6956,OAZ1,ENSG00000104904,2907,2907
6957,LSM7,ENSG00000130332,6023,6023
6958,SPPL2B,ENSG00000005206,84,84
6959,TIMM13,ENSG00000099800,2049,2049
6960,LMNB2,ENSG00000176619,13423,13423
6961,GNG7,ENSG00000176533,13410,13410
6962,SLC39A3,ENSG00000141873,7876,7876
6963,SGTA,ENSG00000104969,2922,2922
6964,THOP1,ENSG00000172009,12629,12629
6965,TLE5,ENSG00000104964,2920,2920
6966,GNA11,ENSG00000088256,1711,1711
6967,NCLN,ENSG00000125912,5555,5555
6968,NFIC,ENSG00000141905,7877,7877
6969,DOHH,ENSG00000129932,5963,5963
6970,FZR1,ENSG00000105325,2981,2981
6971,MFSD12,ENSG00000161091,10165,10165
6972,HMG20B,ENSG00000064961,876,876
6973,GIPC3,ENSG00000179855,13903,13903
6974,TBXA2R,ENSG00000006638,144,144
6975,CACTIN,ENSG00000105298,2978,2978
6976,PIP5K1C,ENSG00000186111,15008,15008
6977,MRPL54,ENSG00000183617,19015,-1
6978,MATK,ENSG00000007264,172,172
6979,DAPK3,ENSG00000167657,11655,11655
6980,EEF2,ENSG00000167658,11656,11656
6981,PIAS4,ENSG00000105229,2963,2963
6982,ZBTB7A,ENSG00000178951,13775,13775
6983,MAP2K2,ENSG00000126934,5668,5668
6984,SIRT6,ENSG00000077463,1345,1345
6985,YJU2,ENSG00000105248,2966,2966
6986,SH3GL1,ENSG00000141985,7886,7886
6987,CHAF1A,ENSG00000167670,11658,11658
6988,UBXN6,ENSG00000167671,11659,11659
6989,HDGFL2,ENSG00000167674,11660,11660
6990,LRG1,ENSG00000171236,12456,12456
6991,TNFAIP8L1,ENSG00000185361,14851,14851
6992,MYDGF,ENSG00000074842,1236,1236
6993,DPP9,ENSG00000142002,7888,7888
6994,FEM1A,ENSG00000141965,7882,7882
6995,PLIN3,ENSG00000105355,2987,2987
6996,UHRF1,ENSG00000276043,18316,18316
6997,KDM4B,ENSG00000127663,5734,5734
6998,SAFB2,ENSG00000130254,6009,6009
6999,SAFB,ENSG00000160633,10095,10095
7000,RPL36,ENSG00000130255,19016,-1
7001,MICOS13,ENSG00000174917,13143,13143
7002,LONP1,ENSG00000196365,15734,15734
7003,DUS3L,ENSG00000141994,7887,7887
7004,NDUFA11,ENSG00000174886,13136,13136
7005,RANBP3,ENSG00000031823,479,479
7006,RFX2,ENSG00000087903,1702,1702
7007,MLLT1,ENSG00000130382,6032,6032
7008,CLPP,ENSG00000125656,5486,5486
7009,ALKBH7,ENSG00000125652,5485,5485
7010,GTF2F1,ENSG00000125651,5484,5484
7011,KHSRP,ENSG00000088247,1710,1710
7012,SLC25A23,ENSG00000125648,5482,5482
7013,TNFSF9,ENSG00000125657,5487,5487
7014,GPR108,ENSG00000125734,5496,5496
7015,TRIP10,ENSG00000125733,5495,5495
7016,ZNF358,ENSG00000198816,16384,16384
7017,MCOLN1,ENSG00000090674,1836,1836
7018,PNPLA6,ENSG00000032444,482,482
7019,XAB2,ENSG00000076924,1317,1317
7020,PET100,ENSG00000229833,17444,17444
7021,STXBP2,ENSG00000076944,1319,1319
7022,TRAPPC5,ENSG00000181029,14076,14076
7023,MAP2K7,ENSG00000076984,1320,1320
7024,SNAPC2,ENSG00000104976,2926,2926
7025,TIMM44,ENSG00000104980,2928,2928
7026,ELAVL1,ENSG00000066044,929,929
7027,CD320,ENSG00000167775,11695,11695
7028,NDUFA7,ENSG00000267855,18166,18166
7029,RPS28,ENSG00000233927,19017,-1
7030,RAB11B,ENSG00000185236,14819,14819
7031,HNRNPM,ENSG00000099783,2045,2045
7032,ZNF414,ENSG00000133250,6483,6483
7033,ZNF317,ENSG00000130803,6115,6115
7034,ZNF426,ENSG00000130818,6121,6121
7035,ZNF121,ENSG00000197961,16149,16149
7036,ZNF561,ENSG00000171469,12503,12503
7037,ZNF562,ENSG00000171466,12501,12501
7038,FBXL12,ENSG00000127452,5709,5709
7039,UBL5,ENSG00000198258,16225,16225
7040,PIN1,ENSG00000127445,5708,5708
7041,PPAN,ENSG00000130810,6116,6116
7042,EIF3G,ENSG00000130811,6117,6117
7043,DNMT1,ENSG00000130816,6120,6120
7044,MRPL4,ENSG00000105364,19018,-1
7045,ICAM1,ENSG00000090339,1814,1814
7046,ICAM4,ENSG00000105371,2992,2992
7047,FDX2,ENSG00000267673,18161,18161
7048,RAVER1,ENSG00000161847,10219,10219
7049,ICAM3,ENSG00000076662,1310,1310
7050,TYK2,ENSG00000105397,3001,3001
7051,CDC37,ENSG00000105401,3003,3003
7052,PDE4A,ENSG00000065989,926,926
7053,KEAP1,ENSG00000079999,1439,1439
7054,ATG4D,ENSG00000130734,6098,6098
7055,KRI1,ENSG00000129347,5913,5913
7056,CDKN2D,ENSG00000129355,5917,5917
7057,SLC44A2,ENSG00000129353,5915,5915
7058,ILF3-DT,ENSG00000267100,19019,-1
7059,ILF3,ENSG00000129351,5914,5914
7060,QTRT1,ENSG00000213339,17023,17023
7061,DNM2,ENSG00000079805,1433,1433
7062,TMED1,ENSG00000099203,2014,2014
7063,CARM1,ENSG00000142453,7926,7926
7064,YIPF2,ENSG00000130733,6097,6097
7065,TIMM29,ENSG00000142444,7924,7924
7066,SMARCA4,ENSG00000127616,5733,5733
7067,LDLR,ENSG00000130164,5990,5990
7068,SPC24,ENSG00000161888,10223,10223
7069,TMEM205,ENSG00000105518,3029,3029
7070,PLPPR2,ENSG00000105520,3031,3031
7071,SWSAP1,ENSG00000173928,12996,12996
7072,EPOR,ENSG00000187266,19020,-1
7073,PRKCSH,ENSG00000130175,5994,5994
7074,ECSIT,ENSG00000130159,5989,5989
7075,ELOF1,ENSG00000130165,5991,5991
7076,ACP5,ENSG00000102575,2603,2603
7077,ZNF440,ENSG00000171295,12462,12462
7078,ZNF700,ENSG00000196757,15851,15851
7079,ZNF433-AS1,ENSG00000219665,19021,-1
7080,ZNF791,ENSG00000173875,12984,12984
7081,MAN2B1,ENSG00000104774,2869,2869
7082,WDR83,ENSG00000123154,5174,5174
7083,WDR83OS,ENSG00000105583,3041,3041
7084,DHPS,ENSG00000095059,1955,1955
7085,FBXW9,ENSG00000132004,6284,6284
7086,TNPO2,ENSG00000105576,3040,3040
7087,TRIR,ENSG00000123144,5172,5172
7088,GET3,ENSG00000198356,16245,16245
7089,HOOK2,ENSG00000095066,1956,1956
7090,JUNB,ENSG00000171223,12452,12452
7091,PRDX2,ENSG00000167815,11705,11705
7092,MAST1,ENSG00000105613,3047,3047
7093,DNASE2,ENSG00000105612,3046,3046
7094,KLF1,ENSG00000105610,3045,3045
7095,GCDH,ENSG00000105607,3043,3043
7096,FARSA,ENSG00000179115,13810,13810
7097,CALR,ENSG00000179218,13826,13826
7098,RAD23A,ENSG00000179262,13832,13832
7099,GADD45GIP1,ENSG00000179271,13834,13834
7100,LYL1,ENSG00000104903,2906,2906
7101,TRMT1,ENSG00000104907,2908,2908
7102,NACC1,ENSG00000160877,10132,10132
7103,STX10,ENSG00000104915,2909,2909
7104,IER2,ENSG00000160888,10136,10136
7105,CCDC130,ENSG00000104957,2918,2918
7106,MRI1,ENSG00000037757,527,527
7107,C19orf53,ENSG00000104979,2927,2927
7108,CC2D1A,ENSG00000132024,6289,6289
7109,DCAF15,ENSG00000132017,6288,6288
7110,RFX1,ENSG00000132005,6285,6285
7111,IL27RA,ENSG00000104998,2930,2930
7112,SAMD1,ENSG00000141858,7874,7874
7113,PRKACA,ENSG00000072062,1135,1135
7114,ASF1B,ENSG00000105011,2931,2931
7115,ADGRL1,ENSG00000072071,1136,1136
7116,ADGRE5,ENSG00000123146,5173,5173
7117,DDX39A,ENSG00000123136,5170,5170
7118,PKN1,ENSG00000123143,5171,5171
7119,GIPC1,ENSG00000123159,5175,5175
7120,DNAJB1,ENSG00000132002,6282,6282
7121,TECR,ENSG00000099797,2048,2048
7122,NDUFB7,ENSG00000099795,2047,2047
7123,ILVBL,ENSG00000105135,2942,2942
7124,BRD4,ENSG00000141867,7875,7875
7125,AKAP8,ENSG00000105127,2940,2940
7126,AKAP8L,ENSG00000011243,279,279
7127,WIZ,ENSG00000011451,291,291
7128,UCA1,ENSG00000214049,19022,-1
7129,TPM4,ENSG00000167460,11597,11597
7130,RAB8A,ENSG00000167461,11598,11598
7131,FAM32A,ENSG00000105058,2934,2934
7132,AP1M1,ENSG00000072958,1175,1175
7133,EPS15L1,ENSG00000127527,5718,5718
7134,CHERP,ENSG00000085872,1624,1624
7135,SLC35E1,ENSG00000127526,5717,5717
7136,MED26,ENSG00000105085,2937,2937
7137,SMIM7,ENSG00000214046,17107,17107
7138,SIN3B,ENSG00000127511,5715,5715
7139,HAUS8,ENSG00000131351,6196,6196
7140,MYO9B,ENSG00000099331,2027,2027
7141,USE1,ENSG00000053501,694,694
7142,OCEL1,ENSG00000099330,2026,2026
7143,NR2F6,ENSG00000160113,10013,10013
7144,BABAM1,ENSG00000105393,3000,3000
7145,MRPL34,ENSG00000130312,19023,-1
7146,DDA1,ENSG00000130311,6021,6021
7147,GTPBP3,ENSG00000130299,6014,6014
7148,BST2,ENSG00000130303,6016,6016
7149,MVB12A,ENSG00000141971,7884,7884
7150,PGLS,ENSG00000130313,6022,6022
7151,COLGALT1,ENSG00000130309,6020,6020
7152,MAP1S,ENSG00000130479,6045,6045
7153,RPL18A,ENSG00000105640,19024,-1
7154,CCDC124,ENSG00000007080,163,163
7155,PIK3R2,ENSG00000105647,3055,3055
7156,IFI30,ENSG00000216490,17248,17248
7157,MPV17L2,ENSG00000254858,17937,17937
7158,JUND,ENSG00000130522,6053,6053
7159,LSM4,ENSG00000130520,6052,6052
7160,PGPEP1,ENSG00000130517,6050,6050
7161,GDF15,ENSG00000130513,6049,6049
7162,SSBP4,ENSG00000130511,6048,6048
7163,ISYNA1,ENSG00000105655,3058,3058
7164,ELL,ENSG00000105656,3059,3059
7165,FKBP8,ENSG00000105701,3075,3075
7166,KXD1,ENSG00000105700,3074,3074
7167,UBA52,ENSG00000221983,17323,17323
7168,REX1BD,ENSG00000006015,112,112
7169,UPF1,ENSG00000005007,71,71
7170,COPE,ENSG00000105669,3063,3063
7171,DDX49,ENSG00000105671,3064,3064
7172,HOMER3,ENSG00000051128,672,672
7173,SUGP2,ENSG00000064607,862,862
7174,ARMC6,ENSG00000105676,3067,3067
7175,TMEM161A,ENSG00000064545,859,859
7176,BORCS8,ENSG00000254901,17938,17938
7177,RFXANK,ENSG00000064490,858,858
7178,NR2C2AP,ENSG00000184162,14602,14602
7179,SUGP1,ENSG00000105705,3076,3076
7180,MAU2,ENSG00000129933,5964,5964
7181,GATAD2A,ENSG00000167491,11604,11604
7182,NDUFA13,ENSG00000186010,14987,14987
7183,ATP13A1,ENSG00000105726,3083,3083
7184,ZNF430,ENSG00000118620,4678,4678
7185,ZNF714,ENSG00000160352,10068,10068
7186,ZNF431,ENSG00000196705,15839,15839
7187,ZNF708,ENSG00000182141,14219,14219
7188,ZNF493,ENSG00000196268,15709,15709
7189,ZNF429,ENSG00000197013,15909,15909
7190,ZNF100,ENSG00000197020,15912,15912
7191,ZNF724,ENSG00000196081,15652,15652
7192,ZNF91,ENSG00000167232,11560,11560
7193,ZNF675,ENSG00000197372,15996,15996
7194,ZNF681,ENSG00000196172,15680,15680
7195,AC092279.1,ENSG00000268362,19025,-1
7196,ZNF254,ENSG00000213096,17001,17001
7197,LINC00662,ENSG00000261824,19026,-1
7198,AC006504.5,ENSG00000267575,19027,-1
7199,AC079466.1,ENSG00000266976,19028,-1
7200,UQCRFS1,ENSG00000169021,11974,11974
7201,POP4,ENSG00000105171,2948,2948
7202,C19orf12,ENSG00000131943,6274,6274
7203,CCNE1,ENSG00000105173,2949,2949
7204,URI1,ENSG00000105176,2950,2950
7205,ZNF507,ENSG00000168813,11926,11926
7206,DPY19L3,ENSG00000178904,13763,13763
7207,PDCD5,ENSG00000105185,2951,2951
7208,ANKRD27,ENSG00000105186,2952,2952
7209,NUDT19,ENSG00000213965,17093,17093
7210,CEP89,ENSG00000121289,4983,4983
7211,FAAP24,ENSG00000131944,6275,6275
7212,GPATCH1,ENSG00000076650,1309,1309
7213,CEBPG,ENSG00000153879,9314,9314
7214,PEPD,ENSG00000124299,5319,5319
7215,KCTD15,ENSG00000153885,9315,9315
7216,LSM14A,ENSG00000257103,18008,18008
7217,KIAA0355,ENSG00000166398,11363,11363
7218,GPI,ENSG00000105220,2959,2959
7219,PDCD2L,ENSG00000126249,5597,5597
7220,UBA2,ENSG00000126261,5601,5601
7221,AC008555.4,ENSG00000271109,19029,-1
7222,GRAMD1A,ENSG00000089351,1781,1781
7223,FXYD5,ENSG00000089327,1779,1779
7224,LSR,ENSG00000105699,3073,3073
7225,USF2,ENSG00000105698,3072,3072
7226,TMEM147-AS1,ENSG00000236144,19030,-1
7227,TMEM147,ENSG00000105677,3068,3068
7228,HAUS5,ENSG00000249115,17825,17825
7229,RBM42,ENSG00000126254,5599,5599
7230,COX6B1,ENSG00000126267,5605,5605
7231,KMT2B,ENSG00000272333,18227,18227
7232,IGFLR1,ENSG00000126246,5595,5595
7233,PSENEN,ENSG00000205155,16791,16791
7234,TYROBP,ENSG00000011600,299,299
7235,SDHAF1,ENSG00000205138,16789,16789
7236,ALKBH6,ENSG00000239382,17616,17616
7237,WDR62,ENSG00000075702,1278,1278
7238,POLR2I,ENSG00000105258,2970,2970
7239,TBCB,ENSG00000105254,2968,2968
7240,CAPNS1,ENSG00000126247,5596,5596
7241,ZNF146,ENSG00000167635,11645,11645
7242,ZNF566,ENSG00000186017,14988,14988
7243,ZNF260,ENSG00000254004,17910,17910
7244,ZNF529,ENSG00000186020,14989,14989
7245,ZNF567,ENSG00000189042,15572,15572
7246,SPINT2,ENSG00000167642,11648,11648
7247,PPP1R14A,ENSG00000167641,11647,11647
7248,YIF1B,ENSG00000167645,11650,11650
7249,PSMD8,ENSG00000099341,2030,2030
7250,FAM98C,ENSG00000130244,6008,6008
7251,EIF3K,ENSG00000178982,13782,13782
7252,ACTN4,ENSG00000130402,6036,6036
7253,ECH1,ENSG00000104823,2876,2876
7254,HNRNPL,ENSG00000104824,2877,2877
7255,SIRT2,ENSG00000068903,1027,1027
7256,NFKBIB,ENSG00000104825,2878,2878
7257,SARS2,ENSG00000104835,2882,2882
7258,MRPS12,ENSG00000128626,19031,-1
7259,FBXO17,ENSG00000269190,18188,18188
7260,PAK4,ENSG00000130669,6077,6077
7261,GMFG,ENSG00000130755,6103,6103
7262,SAMD4B,ENSG00000179134,13813,13813
7263,PAF1,ENSG00000006712,149,149
7264,MED29,ENSG00000063322,834,834
7265,RPS16,ENSG00000105193,19032,-1
7266,SUPT5H,ENSG00000196235,15699,15699
7267,TIMM50,ENSG00000105197,2953,2953
7268,DLL3,ENSG00000090932,1845,1845
7269,EID2B,ENSG00000176401,13390,13390
7270,EID2,ENSG00000176396,13388,13388
7271,FBL,ENSG00000105202,2955,2955
7272,PSMC4,ENSG00000013275,318,318
7273,ZNF780A,ENSG00000197782,16100,16100
7274,AKT2,ENSG00000105221,2960,2960
7275,C19orf47,ENSG00000160392,10070,10070
7276,PLD3,ENSG00000105223,2961,2961
7277,SERTAD1,ENSG00000197019,15911,15911
7278,SERTAD3,ENSG00000167565,11624,11624
7279,BLVRB,ENSG00000090013,1803,1803
7280,SHKBP1,ENSG00000160410,10075,10075
7281,LTBP4,ENSG00000090006,1802,1802
7282,COQ8B,ENSG00000123815,5244,5244
7283,C19orf54,ENSG00000188493,15455,15455
7284,SNRPA,ENSG00000077312,1338,1338
7285,EGLN2,ENSG00000269858,18203,18203
7286,HNRNPUL1,ENSG00000105323,2980,2980
7287,TGFB1,ENSG00000105329,2983,2983
7288,CCDC97,ENSG00000142039,7890,7890
7289,EXOSC5,ENSG00000077348,1340,1340
7290,BCKDHA,ENSG00000248098,17808,17808
7291,DMAC2,ENSG00000105341,2985,2985
7292,RPS19,ENSG00000105372,19033,-1
7293,ARHGEF1,ENSG00000076928,1318,1318
7294,RABAC1,ENSG00000105404,3005,3005
7295,ZNF574,ENSG00000105732,3084,3084
7296,DEDD2,ENSG00000160570,10088,10088
7297,ZNF526,ENSG00000167625,11641,11641
7298,GSK3A,ENSG00000105723,3082,3082
7299,ERF,ENSG00000105722,3081,3081
7300,CIC,ENSG00000079432,1422,1422
7301,PAFAH1B3,ENSG00000079462,1425,1425
7302,MEGF8,ENSG00000105429,3011,3011
7303,ETHE1,ENSG00000105755,3088,3088
7304,XRCC1,ENSG00000073050,1177,1177
7305,IRGQ,ENSG00000167378,11586,11586
7306,ZNF576,ENSG00000124444,5336,5336
7307,ZNF428,ENSG00000131116,6172,6172
7308,PLAUR,ENSG00000011422,289,289
7309,SMG9,ENSG00000105771,3090,3090
7310,ZNF283,ENSG00000167637,11646,11646
7311,ZNF224,ENSG00000267680,18162,18162
7312,ZNF226,ENSG00000167380,11587,11587
7313,NECTIN2,ENSG00000130202,5999,5999
7314,TOMM40,ENSG00000130204,6001,6001
7315,APOE,ENSG00000130203,6000,6000
7316,APOC1,ENSG00000130208,6002,6002
7317,CLPTM1,ENSG00000104853,2885,2885
7318,CLASRP,ENSG00000104859,2887,2887
7319,GEMIN7,ENSG00000142252,7913,7913
7320,MARK4,ENSG00000007047,161,161
7321,PPP1R37,ENSG00000104866,2889,2889
7322,TRAPPC6A,ENSG00000007255,171,171
7323,EXOC3L2,ENSG00000283632,18446,18446
7324,ERCC2,ENSG00000104884,2896,2896
7325,CD3EAP,ENSG00000117877,4610,4610
7326,ERCC1,ENSG00000012061,303,303
7327,RTN2,ENSG00000125744,5501,5501
7328,PPM1N,ENSG00000213889,17077,17077
7329,VASP,ENSG00000125753,5503,5503
7330,OPA3,ENSG00000125741,5499,5499
7331,EML2,ENSG00000125746,5502,5502
7332,SNRPD2,ENSG00000125743,5500,5500
7333,FBXO46,ENSG00000177051,13490,13490
7334,DMWD,ENSG00000185800,14934,14934
7335,SYMPK,ENSG00000125755,5504,5504
7336,IRF2BP1,ENSG00000170604,12313,12313
7337,CCDC61,ENSG00000104983,2929,2929
7338,IGFL2-AS1,ENSG00000268621,19034,-1
7339,PPP5C,ENSG00000011485,295,295
7340,CCDC8,ENSG00000169515,12081,12081
7341,PNMA8A,ENSG00000182013,14199,14199
7342,CALM3,ENSG00000160014,10000,10000
7343,PRKD2,ENSG00000105287,2975,2975
7344,STRN4,ENSG00000090372,1815,1815
7345,SLC1A5,ENSG00000105281,2974,2974
7346,AP2S1,ENSG00000042753,573,573
7347,ARHGAP35,ENSG00000160007,9998,9998
7348,TMEM160,ENSG00000130748,6100,6100
7349,ZC3H4,ENSG00000130749,6101,6101
7350,SAE1,ENSG00000142230,7911,7911
7351,BBC3,ENSG00000105327,2982,2982
7352,CCDC9,ENSG00000105321,2979,2979
7353,INAFM1,ENSG00000257704,18019,18019
7354,DHX34,ENSG00000134815,6699,6699
7355,NAPA,ENSG00000105402,3004,3004
7356,NOP53,ENSG00000105373,2993,2993
7357,SELENOW,ENSG00000178980,13781,13781
7358,LIG1,ENSG00000105486,3020,3020
7359,CARD8,ENSG00000105483,3019,3019
7360,CARD8-AS1,ENSG00000268001,19035,-1
7361,EMP3,ENSG00000142227,7910,7910
7362,KDELR1,ENSG00000105438,3012,3012
7363,GRWD1,ENSG00000105447,3014,3014
7364,CYTH2,ENSG00000105443,3013,3013
7365,RPL18,ENSG00000063177,19036,-1
7366,CA11,ENSG00000063180,830,830
7367,BCAT2,ENSG00000105552,3036,3036
7368,PPP1R15A,ENSG00000087074,1662,1662
7369,NUCB1,ENSG00000104805,2872,2872
7370,BAX,ENSG00000087088,1668,1668
7371,FTL,ENSG00000087086,1666,1666
7372,RUVBL2,ENSG00000183207,14426,14426
7373,SNRNP70,ENSG00000104852,2884,2884
7374,PPFIA3,ENSG00000177380,13539,13539
7375,TRPM4,ENSG00000130529,6055,6055
7376,PIH1D1,ENSG00000104872,2891,2891
7377,ALDH16A1,ENSG00000161618,10196,10196
7378,RPL13A,ENSG00000142541,19037,-1
7379,RPS11,ENSG00000142534,19038,-1
7380,FCGRT,ENSG00000104870,2890,2890
7381,NOSIP,ENSG00000142546,7939,7939
7382,PRR12,ENSG00000126464,5618,5618
7383,SCAF1,ENSG00000126461,5617,5617
7384,IRF3,ENSG00000126456,5613,5613
7385,BCL2L12,ENSG00000126453,5612,5612
7386,PRMT1,ENSG00000126457,5614,5614
7387,AP2A1,ENSG00000196961,15898,15898
7388,MED25,ENSG00000104973,2924,2924
7389,PTOV1,ENSG00000104960,2919,2919
7390,PNKP,ENSG00000039650,19039,-1
7391,AKT1S1,ENSG00000204673,16704,16704
7392,NUP62,ENSG00000213024,16994,16994
7393,ATF5,ENSG00000169136,11999,11999
7394,VRK3,ENSG00000105053,2933,2933
7395,NR1H2,ENSG00000131408,6209,6209
7396,POLD1,ENSG00000062822,824,824
7397,EMC10,ENSG00000161671,10207,10207
7398,JOSD2,ENSG00000161677,10208,10208
7399,C19orf81,ENSG00000235034,17537,17537
7400,CLEC11A,ENSG00000105472,3017,3017
7401,C19orf48,ENSG00000167747,11680,11680
7402,CTU1,ENSG00000142544,7938,7938
7403,CD33,ENSG00000105383,2997,2997
7404,ETFB,ENSG00000105379,2996,2996
7405,ZNF175,ENSG00000105497,3022,3022
7406,PPP2R1A,ENSG00000105568,3039,3039
7407,ZNF766,ENSG00000196214,15691,15691
7408,ZNF480,ENSG00000198464,16267,16267
7409,ZNF83,ENSG00000167766,11688,11688
7410,ZNF611,ENSG00000213020,16991,16991
7411,ZNF28,ENSG00000198538,16285,16285
7412,ZNF160,ENSG00000170949,12386,12386
7413,ZNF761,ENSG00000160336,19040,-1
7414,MYADM,ENSG00000179820,13897,13897
7415,NDUFA3,ENSG00000170906,12374,12374
7416,TFPT,ENSG00000105619,3050,3050
7417,PRPF31,ENSG00000105618,3049,3049
7418,CNOT3,ENSG00000088038,1706,1706
7419,LENG1,ENSG00000105617,3048,3048
7420,MBOAT7,ENSG00000125505,5465,5465
7421,TSEN34,ENSG00000170892,12370,12370
7422,RPS9,ENSG00000170889,19041,-1
7423,LENG8,ENSG00000167615,11637,11637
7424,NLRP2,ENSG00000022556,406,406
7425,RDH13,ENSG00000160439,10076,10076
7426,PPP1R12C,ENSG00000125503,5464,5464
7427,TNNT1,ENSG00000105048,2932,2932
7428,TNNI3,ENSG00000129991,5970,5970
7429,DNAAF3,ENSG00000167646,11651,11651
7430,PPP6R1,ENSG00000105063,2935,2935
7431,HSPBP1,ENSG00000133265,6485,6485
7432,KMT5C,ENSG00000133247,6482,6482
7433,TMEM238,ENSG00000233493,17507,17507
7434,RPL28,ENSG00000108107,19042,-1
7435,UBE2S,ENSG00000108106,3383,3383
7436,ISOC2,ENSG00000063241,831,831
7437,NAT14,ENSG00000090971,1846,1846
7438,ZNF579,ENSG00000218891,17262,17262
7439,FIZ1,ENSG00000179943,13924,13924
7440,ZNF580,ENSG00000213015,16990,16990
7441,ZNF581,ENSG00000171425,12486,12486
7442,CCDC106,ENSG00000173581,12934,12934
7443,U2AF2,ENSG00000063244,832,832
7444,EPN1,ENSG00000063245,833,833
7445,ZNF787,ENSG00000142409,7923,7923
7446,ZNF444,ENSG00000167685,11663,11663
7447,AC005261.1,ENSG00000268205,19043,-1
7448,TRAPPC2B,ENSG00000256060,17977,17977
7449,ZNF749,ENSG00000186230,19044,-1
7450,ZNF587B,ENSG00000269343,18191,18191
7451,ZNF587,ENSG00000198466,16268,16268
7452,ZNF274,ENSG00000171606,12538,12538
7453,ZNF544,ENSG00000198131,16198,16198
7454,ZNF8,ENSG00000278129,18365,18365
7455,ERVK3-1,ENSG00000142396,7920,7920
7456,AC010642.2,ENSG00000283103,19045,-1
7457,A1BG,ENSG00000121410,19046,-1
7458,RPS5,ENSG00000083845,19047,-1
7459,SLC27A5,ENSG00000083807,1556,1556
7460,TRIM28,ENSG00000130726,6095,6095
7461,CHMP2A,ENSG00000130724,6093,6093
7462,UBE2M,ENSG00000130725,6094,6094
7463,AC016629.2,ENSG00000269600,19048,-1
7464,C20orf96,ENSG00000196476,15778,15778
7465,ZCCHC3,ENSG00000247315,17803,17803
7466,SOX12,ENSG00000177732,13608,13608
7467,NRSN2,ENSG00000125841,5528,5528
7468,TRIB3,ENSG00000101255,2405,2405
7469,RBCK1,ENSG00000125826,5523,5523
7470,TBC1D20,ENSG00000125875,5544,5544
7471,CSNK2A1,ENSG00000101266,2407,2407
7472,TCF15,ENSG00000125878,5546,5546
7473,PSMF1,ENSG00000125818,5519,5519
7474,TMEM74B,ENSG00000125895,5550,5550
7475,FKBP1A,ENSG00000088832,1735,1735
7476,NSFL1C,ENSG00000088833,1736,1736
7477,STK35,ENSG00000125834,5526,5526
7478,SNRPB,ENSG00000125835,5527,5527
7479,NOP56,ENSG00000101361,2431,2431
7480,IDH3B,ENSG00000101365,2433,2433
7481,CPXM1,ENSG00000088882,1741,1741
7482,PCED1A,ENSG00000132635,6375,6375
7483,VPS16,ENSG00000215305,17217,17217
7484,PTPRA,ENSG00000132670,6382,6382
7485,MRPS26,ENSG00000125901,19049,-1
7486,FASTKD5,ENSG00000215251,17210,17210
7487,DDRGK1,ENSG00000198171,16207,16207
7488,ITPA,ENSG00000125877,5545,5545
7489,ATRN,ENSG00000088812,1732,1732
7490,C20orf27,ENSG00000101220,2397,2397
7491,CENPB,ENSG00000125817,5518,5518
7492,CDC25B,ENSG00000101224,2399,2399
7493,AP5S1,ENSG00000125843,5529,5529
7494,MAVS,ENSG00000088888,1742,1742
7495,PANK2,ENSG00000125779,5507,5507
7496,RNF24,ENSG00000101236,2401,2401
7497,TMEM230,ENSG00000089063,1758,1758
7498,PCNA,ENSG00000132646,6378,6378
7499,CDS2,ENSG00000101290,2411,2411
7500,GPCPD1,ENSG00000125772,5505,5505
7501,SHLD1,ENSG00000171984,12620,12620
7502,TRMT6,ENSG00000089195,1770,1770
7503,MCM8,ENSG00000125885,5548,5548
7504,CRLS1,ENSG00000088766,1729,1729
7505,TMX4,ENSG00000125827,5524,5524
7506,PLCB1,ENSG00000182621,14315,14315
7507,PLCB4,ENSG00000101333,2421,2421
7508,MKKS,ENSG00000125863,5537,5537
7509,SLX4IP,ENSG00000149346,8847,8847
7510,ESF1,ENSG00000089048,1753,1753
7511,NDUFAF5,ENSG00000101247,2403,2403
7512,KIF16B,ENSG00000089177,1769,1769
7513,SNRPB2,ENSG00000125870,5541,5541
7514,DSTN,ENSG00000125868,5539,5539
7515,RRBP1,ENSG00000125844,5530,5530
7516,SNX5,ENSG00000089006,1749,1749
7517,MGME1,ENSG00000125871,5542,5542
7518,PET117,ENSG00000232838,17500,17500
7519,POLR3F,ENSG00000132664,6380,6380
7520,SEC23B,ENSG00000101310,2416,2416
7521,SMIM26,ENSG00000232388,17493,17493
7522,DTD1,ENSG00000125821,5521,5521
7523,NAA20,ENSG00000173418,12901,12901
7524,CRNKL1,ENSG00000101343,2426,2426
7525,RALGAPA2,ENSG00000188559,15467,15467
7526,KIZ,ENSG00000088970,1746,1746
7527,XRN2,ENSG00000088930,1745,1745
7528,NXT1,ENSG00000132661,6379,6379
7529,GZF1,ENSG00000125812,5513,5513
7530,CST3,ENSG00000101439,2447,2447
7531,APMAP,ENSG00000101474,2464,2464
7532,ENTPD6,ENSG00000197586,16052,16052
7533,ABHD12,ENSG00000100997,2345,2345
7534,GINS1,ENSG00000101003,2347,2347
7535,NANP,ENSG00000170191,12216,12216
7536,HM13,ENSG00000101294,2412,2412
7537,ID1,ENSG00000125968,5564,5564
7538,BCL2L1,ENSG00000171552,12526,12526
7539,TPX2,ENSG00000088325,1716,1716
7540,PDRG1,ENSG00000088356,1717,1717
7541,TM9SF4,ENSG00000101337,2424,2424
7542,PLAGL2,ENSG00000126003,5574,5574
7543,POFUT1,ENSG00000101346,2427,2427
7544,KIF3B,ENSG00000101350,2430,2430
7545,ASXL1,ENSG00000171456,12498,12498
7546,NOL4L,ENSG00000197183,15959,15959
7547,C20orf203,ENSG00000198547,19050,-1
7548,COMMD7,ENSG00000149600,8884,8884
7549,DNMT3B,ENSG00000088305,1714,1714
7550,MAPRE1,ENSG00000101367,2434,2434
7551,CDK5RAP1,ENSG00000101391,2436,2436
7552,SNTA1,ENSG00000101400,2437,2437
7553,CBFA2T2,ENSG00000078699,1392,1392
7554,NECAB3,ENSG00000125967,5563,5563
7555,E2F1,ENSG00000101412,2440,2440
7556,PXMP4,ENSG00000101417,2442,2442
7557,CHMP4B,ENSG00000101421,2443,2443
7558,RALY,ENSG00000125970,5565,5565
7559,EIF2S2,ENSG00000125977,5568,5568
7560,AHCY,ENSG00000101444,2452,2452
7561,ITCH,ENSG00000078747,1394,1394
7562,DYNLRB1,ENSG00000125971,5566,5566
7563,PIGU,ENSG00000101464,2461,2461
7564,NCOA6,ENSG00000198646,16314,16314
7565,ACSS2,ENSG00000131069,6163,6163
7566,GSS,ENSG00000100983,2340,2340
7567,TRPC4AP,ENSG00000100991,2343,2343
7568,MMP24OS,ENSG00000126005,5575,5575
7569,EIF6,ENSG00000242372,17712,17712
7570,UQCC1,ENSG00000101019,2350,2350
7571,CEP250,ENSG00000126001,5573,5573
7572,ERGIC3,ENSG00000125991,5569,5569
7573,CPNE1,ENSG00000214078,17110,17110
7574,RBM12,ENSG00000244462,17781,17781
7575,NFS1,ENSG00000244005,17762,17762
7576,ROMO1,ENSG00000125995,5570,5570
7577,RBM39,ENSG00000131051,6157,6157
7578,PHF20,ENSG00000025293,433,433
7579,SCAND1,ENSG00000171222,12451,12451
7580,NORAD,ENSG00000260032,19051,-1
7581,AAR2,ENSG00000131043,6154,6154
7582,DLGAP4,ENSG00000080845,1469,1469
7583,TGIF2,ENSG00000118707,4686,4686
7584,RAB5IF,ENSG00000101084,2359,2359
7585,NDRG3,ENSG00000101079,2357,2357
7586,DSN1,ENSG00000149636,8888,8888
7587,SAMHD1,ENSG00000101347,2428,2428
7588,RBL1,ENSG00000080839,1468,1468
7589,RPN2,ENSG00000118705,4685,4685
7590,MANBAL,ENSG00000101363,2432,2432
7591,BLCAP,ENSG00000166619,11420,11420
7592,CTNNBL1,ENSG00000132792,6406,6406
7593,TTI1,ENSG00000101407,2439,2439
7594,RPRD1B,ENSG00000101413,2441,2441
7595,SNHG17,ENSG00000196756,19052,-1
7596,SNHG11,ENSG00000174365,19053,-1
7597,RALGAPB,ENSG00000170471,12284,12284
7598,FAM83D,ENSG00000101447,2455,2455
7599,TOP1,ENSG00000198900,16433,16433
7600,ZHX3,ENSG00000174306,13048,13048
7601,CHD6,ENSG00000124177,5285,5285
7602,SRSF6,ENSG00000124193,5288,5288
7603,IFT52,ENSG00000101052,2353,2353
7604,MYBL2,ENSG00000101057,2354,2354
7605,OSER1,ENSG00000132823,6411,6411
7606,TTPAL,ENSG00000124120,5272,5272
7607,SERINC3,ENSG00000132824,6412,6412
7608,PKIG,ENSG00000168734,11906,11906
7609,ADA,ENSG00000196839,15869,15869
7610,YWHAB,ENSG00000166913,11485,11485
7611,TOMM34,ENSG00000025772,438,438
7612,STK4,ENSG00000101109,2363,2363
7613,SYS1,ENSG00000204070,16546,16546
7614,DBNDD2,ENSG00000244274,17775,17775
7615,PIGT,ENSG00000124155,5279,5279
7616,DNTTIP1,ENSG00000101457,2458,2458
7617,ACOT8,ENSG00000101473,2463,2463
7618,CTSA,ENSG00000064601,861,861
7619,PLTP,ENSG00000100979,2338,2338
7620,PCIF1,ENSG00000100982,2339,2339
7621,NCOA5,ENSG00000124160,5281,5281
7622,SLC35C2,ENSG00000080189,1443,1443
7623,TP53RK,ENSG00000172315,12686,12686
7624,ZMYND8,ENSG00000101040,2351,2351
7625,NCOA3,ENSG00000124151,5278,5278
7626,ARFGEF2,ENSG00000124198,5291,5291
7627,CSE1L,ENSG00000124207,5295,5295
7628,STAU1,ENSG00000124214,5298,5298
7629,DDX27,ENSG00000124228,5306,5306
7630,ZNFX1,ENSG00000124201,5292,5292
7631,ZFAS1,ENSG00000177410,19054,-1
7632,B4GALT5,ENSG00000158470,9821,9821
7633,RNF114,ENSG00000124226,5304,5304
7634,UBE2V1,ENSG00000244687,17793,17793
7635,TMEM189,ENSG00000240849,17661,17661
7636,CEBPB,ENSG00000172216,12668,12668
7637,PTPN1,ENSG00000196396,15746,15746
7638,RIPOR3,ENSG00000042062,565,565
7639,PARD6B,ENSG00000124171,5283,5283
7640,ADNP,ENSG00000101126,2365,2365
7641,DPM1,ENSG00000000419,2,2
7642,MOCS3,ENSG00000124217,5301,5301
7643,ZNF217,ENSG00000171940,12609,12609
7644,PFDN4,ENSG00000101132,2366,2366
7645,FAM210B,ENSG00000124098,5266,5266
7646,AURKA,ENSG00000087586,1698,1698
7647,CSTF1,ENSG00000101138,2368,2368
7648,RTF2,ENSG00000022277,404,404
7649,RAE1,ENSG00000101146,2370,2370
7650,RBM38,ENSG00000132819,6409,6409
7651,CTCFL,ENSG00000124092,5265,5265
7652,RAB22A,ENSG00000124209,5296,5296
7653,VAPB,ENSG00000124164,5282,5282
7654,STX16,ENSG00000124222,5302,5302
7655,GNAS,ENSG00000087460,19055,-1
7656,NELFCD,ENSG00000101158,2373,2373
7657,CTSZ,ENSG00000101160,2374,2374
7658,ATP5F1E,ENSG00000124172,5284,5284
7659,PRELID3B,ENSG00000101166,2377,2377
7660,SYCP2,ENSG00000196074,15651,15651
7661,FAM217B,ENSG00000196227,15695,15695
7662,TAF4,ENSG00000130699,6081,6081
7663,LSM14B,ENSG00000149657,8892,8892
7664,PSMA7,ENSG00000101182,2380,2380
7665,SS18L1,ENSG00000184402,14656,14656
7666,MTG2,ENSG00000101181,2379,2379
7667,OSBPL2,ENSG00000130703,6085,6085
7668,ADRM1,ENSG00000130706,6086,6086
7669,RPS21,ENSG00000171858,19056,-1
7670,MRGBP,ENSG00000101189,2383,2383
7671,OGFR,ENSG00000060491,791,791
7672,DIDO1,ENSG00000101191,2385,2385
7673,GID8,ENSG00000101193,2386,2386
7674,YTHDF1,ENSG00000149658,8893,8893
7675,ARFGAP1,ENSG00000101199,2390,2390
7676,PPDPF,ENSG00000125534,5472,5472
7677,GMEB2,ENSG00000101216,2396,2396
7678,MHENCR,ENSG00000232442,19057,-1
7679,STMN3,ENSG00000197457,16020,16020
7680,ARFRP1,ENSG00000101246,2402,2402
7681,ZGPAT,ENSG00000197114,15937,15937
7682,SLC2A4RG,ENSG00000125520,5468,5468
7683,TPD52L2,ENSG00000101150,2371,2371
7684,DNAJC5,ENSG00000101152,2372,2372
7685,UCKL1,ENSG00000198276,16229,16229
7686,ZNF512B,ENSG00000196700,15837,15837
7687,PRPF6,ENSG00000101161,2375,2375
7688,SOX18,ENSG00000203883,16514,16514
7689,TCEA2,ENSG00000171703,12553,12553
7690,RGS19,ENSG00000171700,12552,12552
7691,PCMTD2,ENSG00000203880,16513,16513
7692,GATD3B,ENSG00000280071,18402,18402
7693,AC079801.1,ENSG00000279669,19058,-1
7694,CU638689.4,ENSG00000280145,19059,-1
7695,CR381653.1,ENSG00000278932,19060,-1
7696,AP003900.1,ENSG00000277693,19061,-1
7697,HSPA13,ENSG00000155304,9471,9471
7698,SAMSN1,ENSG00000155307,9472,9472
7699,NRIP1,ENSG00000180530,14000,14000
7700,USP25,ENSG00000155313,9473,9473
7701,BTG3,ENSG00000154640,9405,9405
7702,C21orf91,ENSG00000154642,9406,9406
7703,LINC02573,ENSG00000233236,19062,-1
7704,NCAM2,ENSG00000154654,9409,9409
7705,MRPL39,ENSG00000154719,19063,-1
7706,ATP5PF,ENSG00000154723,9414,9414
7707,GABPA,ENSG00000154727,9415,9415
7708,N6AMT1,ENSG00000156239,9571,9571
7709,LTN1,ENSG00000198862,16413,16413
7710,RWDD2B,ENSG00000156253,9572,9572
7711,USP16,ENSG00000156256,9573,9573
7712,CCT8,ENSG00000156261,9574,9574
7713,BACH1,ENSG00000156273,9577,9577
7714,SOD1,ENSG00000142168,7899,7899
7715,SCAF4,ENSG00000156304,9582,9582
7716,MIS18A,ENSG00000159055,9890,9890
7717,URB1,ENSG00000142207,7907,7907
7718,URB1-AS1,ENSG00000256073,19064,-1
7719,CFAP298,ENSG00000159079,9893,9893
7720,PAXBP1,ENSG00000159086,9895,9895
7721,IFNAR2,ENSG00000159110,9896,9896
7722,IL10RB,ENSG00000243646,17745,17745
7723,IFNAR1,ENSG00000142166,7898,7898
7724,IFNGR2,ENSG00000159128,9897,9897
7725,TMEM50B,ENSG00000142188,7904,7904
7726,GART,ENSG00000159131,9898,9898
7727,SON,ENSG00000159140,9899,9899
7728,DONSON,ENSG00000159147,9900,9900
7729,CRYZL1,ENSG00000205758,16864,16864
7730,ITSN1,ENSG00000205726,16860,16860
7731,ATP5PO,ENSG00000241837,17693,17693
7732,MRPS6,ENSG00000243927,19065,-1
7733,SLC5A3,ENSG00000198743,16352,16352
7734,RCAN1,ENSG00000159200,9911,9911
7735,RUNX1,ENSG00000159216,9917,9917
7736,SETD4,ENSG00000185917,14961,14961
7737,MORC3,ENSG00000159256,9924,9924
7738,CHAF1B,ENSG00000159259,9925,9925
7739,HLCS,ENSG00000159267,9928,9928
7740,PIGP,ENSG00000185808,14936,14936
7741,TTC3,ENSG00000182670,14323,14323
7742,VPS26C,ENSG00000157538,9717,9717
7743,DYRK1A,ENSG00000157540,9718,9718
7744,DSCR4-IT1,ENSG00000223608,19066,-1
7745,DSCR8,ENSG00000198054,19067,-1
7746,ETS2,ENSG00000157557,9722,9722
7747,PSMG1,ENSG00000183527,14480,14480
7748,BRWD1,ENSG00000185658,14905,14905
7749,HMGN1,ENSG00000205581,16844,16844
7750,GET1,ENSG00000182093,14209,14209
7751,ZBTB21,ENSG00000173276,12881,12881
7752,UBASH3A,ENSG00000160185,10024,10024
7753,SLC37A1,ENSG00000160190,10026,10026
7754,WDR4,ENSG00000160193,10028,10028
7755,NDUFV3,ENSG00000160194,10029,10029
7756,PKNOX1,ENSG00000160199,10030,10030
7757,CBS,ENSG00000160200,10031,10031
7758,RRP1B,ENSG00000160208,10034,10034
7759,PDXK,ENSG00000160209,10035,10035
7760,CSTB,ENSG00000160213,10037,10037
7761,RRP1,ENSG00000160214,10038,10038
7762,AGPAT3,ENSG00000160216,10039,10039
7763,TRAPPC10,ENSG00000160218,10040,10040
7764,PFKL,ENSG00000141959,19068,-1
7765,CFAP410,ENSG00000160226,10044,10044
7766,UBE2G2,ENSG00000184787,14724,14724
7767,SUMO3,ENSG00000184900,14741,14741
7768,PTTG1IP,ENSG00000183255,14430,14430
7769,FAM207A,ENSG00000160256,10048,10048
7770,ADARB1,ENSG00000197381,15999,15999
7771,COL18A1,ENSG00000182871,14357,14357
7772,SLC19A1,ENSG00000173638,12947,12947
7773,LINC01694,ENSG00000233922,19069,-1
7774,SPATC1L,ENSG00000160284,10051,10051
7775,LSS,ENSG00000160285,10052,10052
7776,MCM3AP-AS1,ENSG00000215424,19070,-1
7777,MCM3AP,ENSG00000160294,10054,10054
7778,YBEY,ENSG00000182362,14269,14269
7779,C21orf58,ENSG00000160298,10055,10055
7780,PCNT,ENSG00000160299,10056,10056
7781,DIP2A,ENSG00000160305,10057,10057
7782,PRMT2,ENSG00000160310,10059,10059
7783,DUXAP8,ENSG00000206195,19071,-1
7784,AP000547.3,ENSG00000283633,19072,-1
7785,XKR3,ENSG00000172967,12818,12818
7786,IL17RA,ENSG00000177663,13586,13586
7787,HDHD5,ENSG00000069998,1060,1060
7788,ATP6V1E1,ENSG00000131100,6170,6170
7789,BCL2L13,ENSG00000099968,2079,2079
7790,BID,ENSG00000015475,352,352
7791,MICAL3,ENSG00000243156,17730,17730
7792,PEX26,ENSG00000215193,17206,17206
7793,DGCR2,ENSG00000070413,1080,1080
7794,ESS2,ENSG00000100056,2104,2104
7795,LINC01311,ENSG00000260924,19073,-1
7796,SLC25A1,ENSG00000100075,2108,2108
7797,HIRA,ENSG00000100084,2113,2113
7798,C22orf39,ENSG00000242259,17709,17709
7799,MRPL40,ENSG00000185608,19074,-1
7800,UFD1,ENSG00000070010,1061,1061
7801,CDC45,ENSG00000093009,1934,1934
7802,SEPTIN5,ENSG00000184702,14711,14711
7803,GP1BB,ENSG00000203618,16471,16471
7804,TBX1,ENSG00000184058,14588,14588
7805,GNB1L,ENSG00000185838,14944,14944
7806,RTL10,ENSG00000215012,17192,17192
7807,TXNRD2,ENSG00000184470,14667,14667
7808,COMT,ENSG00000093010,1935,1935
7809,ARVCF,ENSG00000099889,2064,2064
7810,TANGO2,ENSG00000183597,14493,14493
7811,DGCR8,ENSG00000128191,5777,5777
7812,TRMT2A,ENSG00000099899,2065,2065
7813,RANBP1,ENSG00000099901,19075,-1
7814,ZDHHC8,ENSG00000099904,2066,2066
7815,DGCR6L,ENSG00000128185,5776,5776
7816,ZNF74,ENSG00000185252,14824,14824
7817,KLHL22,ENSG00000099910,2067,2067
7818,MED15,ENSG00000099917,2068,2068
7819,PI4KA,ENSG00000241973,17698,17698
7820,SNAP29,ENSG00000099940,2070,2070
7821,CRKL,ENSG00000099942,2071,2071
7822,LZTR1,ENSG00000099949,2072,2072
7823,THAP7,ENSG00000184436,14661,14661
7824,HIC2,ENSG00000169635,12104,12104
7825,UBE2L3,ENSG00000185651,14903,14903
7826,YDJC,ENSG00000161179,10167,10167
7827,SDF2L1,ENSG00000128228,5780,5780
7828,PPIL2,ENSG00000100023,2092,2092
7829,MAPK1,ENSG00000100030,2097,2097
7830,PPM1F,ENSG00000100034,2099,2099
7831,AC245452.1,ENSG00000224086,19076,-1
7832,TOP3B,ENSG00000100038,2101,2101
7833,AC245060.5,ENSG00000274422,19077,-1
7834,ZNF280B,ENSG00000275004,18282,18282
7835,PRAME,ENSG00000185686,14913,14913
7836,BCR,ENSG00000186716,15125,15125
7837,PCAT14,ENSG00000280623,19078,-1
7838,CHCHD10,ENSG00000250479,17856,17856
7839,SMARCB1,ENSG00000099956,2075,2075
7840,MIF,ENSG00000240972,17665,17665
7841,DDT,ENSG00000099977,2081,2081
7842,CABIN1,ENSG00000099991,2083,2083
7843,SPECC1L,ENSG00000100014,2091,2091
7844,GUCD1,ENSG00000138867,7466,7466
7845,SNRPD3,ENSG00000100028,2095,2095
7846,GRK3,ENSG00000100077,2109,2109
7847,MYO18B,ENSG00000133454,6502,6502
7848,HPS4,ENSG00000100099,2117,2117
7849,SRRD,ENSG00000100104,2119,2119
7850,TFIP11,ENSG00000100109,2122,2122
7851,TPST2,ENSG00000128294,5794,5794
7852,PITPNB,ENSG00000180957,14060,14060
7853,TTC28-AS1,ENSG00000235954,19079,-1
7854,CHEK2,ENSG00000183765,14538,14538
7855,HSCB,ENSG00000100209,2146,2146
7856,CCDC117,ENSG00000159873,9987,9987
7857,XBP1,ENSG00000100219,2150,2150
7858,RHBDD3,ENSG00000100263,2166,2166
7859,EWSR1,ENSG00000182944,14372,14372
7860,GAS2L1,ENSG00000185340,14845,14845
7861,AP1B1,ENSG00000100280,2170,2170
7862,NEFH,ENSG00000100285,2173,2173
7863,THOC5,ENSG00000100296,2178,2178
7864,NIPSNAP1,ENSG00000184117,14594,14594
7865,NF2,ENSG00000186575,15104,15104
7866,ZMAT5,ENSG00000100319,2188,2188
7867,UQCR10,ENSG00000184076,14590,14590
7868,ASCC2,ENSG00000100325,2192,2192
7869,SF3A1,ENSG00000099995,2086,2086
7870,MTFP1,ENSG00000242114,17702,17702
7871,PES1,ENSG00000100029,2096,2096
7872,MORC2,ENSG00000133422,6499,6499
7873,TUG1,ENSG00000253352,19080,-1
7874,SMTN,ENSG00000183963,14576,14576
7875,LIMK2,ENSG00000182541,14295,14295
7876,PATZ1,ENSG00000100105,2120,2120
7877,DRG1,ENSG00000185721,14917,14917
7878,EIF4ENIF1,ENSG00000184708,14712,14712
7879,SFI1,ENSG00000198089,16185,16185
7880,PISD,ENSG00000241878,17696,17696
7881,PRR14L,ENSG00000183530,14481,14481
7882,DEPDC5,ENSG00000100150,2133,2133
7883,YWHAH,ENSG00000128245,5782,5782
7884,RTCB,ENSG00000100220,2151,2151
7885,FBXO7,ENSG00000100225,2153,2153
7886,HMGXB4,ENSG00000100281,2171,2171
7887,MCM5,ENSG00000100297,2179,2179
7888,RBFOX2,ENSG00000100320,2189,2189
7889,MYH9,ENSG00000100345,2199,2199
7890,TXN2,ENSG00000100348,2202,2202
7891,FOXRED2,ENSG00000100350,2203,2203
7892,EIF3D,ENSG00000100353,2205,2205
7893,IFT27,ENSG00000100360,2208,2208
7894,TST,ENSG00000128311,5798,5798
7895,MPST,ENSG00000128309,5796,5796
7896,RAC2,ENSG00000128340,5802,5802
7897,CDC42EP1,ENSG00000128283,5791,5791
7898,GGA1,ENSG00000100083,2112,2112
7899,SH3BP1,ENSG00000100092,2114,2114
7900,PDXP,ENSG00000241360,17678,17678
7901,LGALS1,ENSG00000100097,2116,2116
7902,NOL12,ENSG00000273899,18255,18255
7903,TRIOBP,ENSG00000100106,2121,2121
7904,GCAT,ENSG00000100116,2123,2123
7905,ANKRD54,ENSG00000100124,2126,2126
7906,EIF3L,ENSG00000100129,2127,2127
7907,AL022311.1,ENSG00000279738,19081,-1
7908,POLR2F,ENSG00000100142,2130,2130
7909,PICK1,ENSG00000100151,2134,2134
7910,CSNK1E,ENSG00000213923,17085,17085
7911,KDELR3,ENSG00000100196,2141,2141
7912,DDX17,ENSG00000100201,2143,2143
7913,CBY1,ENSG00000100211,2147,2147
7914,TOMM22,ENSG00000100216,2148,2148
7915,JOSD1,ENSG00000100221,2152,2152
7916,GTPBP1,ENSG00000100226,2154,2154
7917,CBX6,ENSG00000183741,14531,14531
7918,APOBEC3C,ENSG00000244509,17786,17786
7919,RPL3,ENSG00000100316,19082,-1
7920,SYNGR1,ENSG00000100321,2190,2190
7921,TAB1,ENSG00000100324,2191,2191
7922,MGAT3,ENSG00000128268,5786,5786
7923,MIEF1,ENSG00000100335,2194,2194
7924,ATF4,ENSG00000128272,5788,5788
7925,RPS19BP1,ENSG00000187051,19083,-1
7926,TNRC6B,ENSG00000100354,2206,2206
7927,ADSL,ENSG00000239900,17633,17633
7928,SGSM3,ENSG00000100359,2207,2207
7929,MRTFA,ENSG00000196588,15808,15808
7930,SLC25A17,ENSG00000100372,2213,2213
7931,ST13,ENSG00000100380,2217,2217
7932,XPNPEP3,ENSG00000196236,15700,15700
7933,RBX1,ENSG00000100387,2219,2219
7934,EP300,ENSG00000100393,2220,2220
7935,L3MBTL2,ENSG00000100395,2221,2221
7936,RANGAP1,ENSG00000100401,2223,2223
7937,ZC3H7B,ENSG00000100403,2224,2224
7938,TOB2,ENSG00000183864,14565,14565
7939,PHF5A,ENSG00000100410,2225,2225
7940,ACO2,ENSG00000100412,2226,2226
7941,POLR3H,ENSG00000100413,2227,2227
7942,PMM1,ENSG00000100417,2229,2229
7943,DESI1,ENSG00000100418,2230,2230
7944,XRCC6,ENSG00000196419,15755,15755
7945,SNU13,ENSG00000100138,2128,2128
7946,SREBF2,ENSG00000198911,16437,16437
7947,CENPM,ENSG00000100162,2137,2137
7948,NAGA,ENSG00000198951,16459,16459
7949,SMDT1,ENSG00000183172,14421,14421
7950,NDUFA6,ENSG00000184983,14759,14759
7951,TCF20,ENSG00000100207,2145,2145
7952,RRP7A,ENSG00000189306,15624,15624
7953,POLDIP3,ENSG00000100227,2155,2155
7954,CYB5R3,ENSG00000100243,2161,2161
7955,ARFGAP3,ENSG00000242247,17707,17707
7956,PACSIN2,ENSG00000100266,2167,2167
7957,MCAT,ENSG00000100294,2177,2177
7958,TSPO,ENSG00000100300,2182,2182
7959,TTLL12,ENSG00000100304,2184,2184
7960,SAMM50,ENSG00000100347,2201,2201
7961,PARVB,ENSG00000188677,15494,15494
7962,PRR5,ENSG00000186654,15116,15116
7963,NUP50,ENSG00000093000,1933,1933
7964,FAM118A,ENSG00000100376,2215,2215
7965,Z95331.1,ENSG00000280383,19084,-1
7966,ATXN10,ENSG00000130638,6071,6071
7967,PPARA,ENSG00000186951,15171,15171
7968,GTSE1,ENSG00000075218,1250,1250
7969,TRMU,ENSG00000100416,2228,2228
7970,CERK,ENSG00000100422,2231,2231
7971,AL118516.1,ENSG00000260708,19085,-1
7972,TBC1D22A,ENSG00000054611,712,712
7973,AL117329.1,ENSG00000224271,19086,-1
7974,C22orf34,ENSG00000188511,19087,-1
7975,Z97192.3,ENSG00000235111,19088,-1
7976,BRD1,ENSG00000100425,2232,2232
7977,ZBED4,ENSG00000100426,2233,2233
7978,ALG12,ENSG00000182858,14354,14354
7979,CRELD2,ENSG00000184164,14604,14604
7980,PIM3,ENSG00000198355,16244,16244
7981,TRABD,ENSG00000170638,12326,12326
7982,SELENOO,ENSG00000073169,1183,1183
7983,HDAC10,ENSG00000100429,2235,2235
7984,MAPK12,ENSG00000188130,15386,15386
7985,PPP6R2,ENSG00000100239,2158,2158
7986,SBF1,ENSG00000100241,2159,2159
7987,LMF2,ENSG00000100258,2165,2165
7988,NCAPH2,ENSG00000025770,437,437
7989,SCO2,ENSG00000284194,18463,18463
7990,TYMP,ENSG00000025708,436,436
7991,PLCXD1,ENSG00000182378,14271,14271
7992,GTPBP6,ENSG00000178605,13726,13726
7993,PPP2R3B,ENSG00000167393,11589,11589
7994,SLC25A6,ENSG00000169100,11991,11991
7995,AKAP17A,ENSG00000197976,16153,16153
7996,DHRSX,ENSG00000169084,11987,11987
7997,ZBED1,ENSG00000214717,17167,17167
7998,CD99,ENSG00000002586,22,22
7999,PRKX,ENSG00000183943,14573,14573
8000,BX890604.2,ENSG00000285756,19089,-1
8001,PUDP,ENSG00000130021,5973,5973
8002,PNPLA4,ENSG00000006757,155,155
8003,TBL1X,ENSG00000101849,2498,2498
8004,HCCS,ENSG00000004961,68,68
8005,ARHGAP6,ENSG00000047648,614,614
8006,MSL3,ENSG00000005302,88,88
8007,PRPS2,ENSG00000101911,2509,2509
8008,TMSB4X,ENSG00000205542,16840,16840
8009,RAB9A,ENSG00000123595,5228,5228
8010,TRAPPC2,ENSG00000196459,15771,15771
8011,OFD1,ENSG00000046651,594,594
8012,GEMIN8,ENSG00000046647,593,593
8013,FANCB,ENSG00000181544,14131,14131
8014,AP1S2,ENSG00000182287,14254,14254
8015,SYAP1,ENSG00000169895,12154,12154
8016,TXLNG,ENSG00000086712,1652,1652
8017,RBBP7,ENSG00000102054,2539,2539
8018,SCML2,ENSG00000102098,2546,2546
8019,PDHA1,ENSG00000131828,6259,6259
8020,SH3KBP1,ENSG00000147010,8568,8568
8021,EIF1AX,ENSG00000173674,12953,12953
8022,RPS6KA3,ENSG00000177189,19090,-1
8023,MBTPS2,ENSG00000012174,306,306
8024,SMS,ENSG00000102172,2556,2556
8025,PRDX4,ENSG00000123131,5169,5169
8026,ACOT9,ENSG00000123130,5168,5168
8027,SAT1,ENSG00000130066,5984,5984
8028,APOO,ENSG00000184831,14729,14729
8029,EIF2S3,ENSG00000130741,6099,6099
8030,ZFX,ENSG00000005889,107,107
8031,POLA1,ENSG00000101868,2501,2501
8032,XK,ENSG00000047597,609,609
8033,DYNLT3,ENSG00000165169,11070,11070
8034,MID1IP1,ENSG00000165175,11072,11072
8035,BCOR,ENSG00000183337,14449,14449
8036,ATP6AP2,ENSG00000182220,14240,14240
8037,CXorf38,ENSG00000185753,14926,14926
8038,MED14,ENSG00000180182,13952,13952
8039,USP9X,ENSG00000124486,5342,5342
8040,DDX3X,ENSG00000215301,17216,17216
8041,EFHC2,ENSG00000183690,14516,14516
8042,FUNDC1,ENSG00000069509,1047,1047
8043,KDM6A,ENSG00000147050,8573,8573
8044,NDUFB11,ENSG00000147123,8584,8584
8045,RBM10,ENSG00000182872,14358,14358
8046,UBA1,ENSG00000130985,6143,6143
8047,CDK16,ENSG00000102225,2563,2563
8048,USP11,ENSG00000102226,2564,2564
8049,ARAF,ENSG00000078061,1364,1364
8050,TIMP1,ENSG00000102265,2570,2570
8051,ELK1,ENSG00000126767,5642,5642
8052,UXT,ENSG00000126756,5640,5640
8053,SLC38A5,ENSG00000017483,365,365
8054,FTSJ1,ENSG00000068438,1014,1014
8055,EBP,ENSG00000147155,8593,8593
8056,RBM3,ENSG00000102317,2579,2579
8057,WDR13,ENSG00000101940,2514,2514
8058,WAS,ENSG00000015285,350,350
8059,GATA1,ENSG00000102145,2554,2554
8060,HDAC6,ENSG00000094631,1942,1942
8061,PQBP1,ENSG00000102103,2548,2548
8062,TIMM17B,ENSG00000126768,5643,5643
8063,PIM2,ENSG00000102096,2545,2545
8064,OTUD5,ENSG00000068308,1007,1007
8065,GRIPAP1,ENSG00000068400,1013,1013
8066,WDR45,ENSG00000196998,15906,15906
8067,GPKOW,ENSG00000068394,1012,1012
8068,PLP2,ENSG00000102007,2528,2528
8069,CCDC22,ENSG00000101997,2525,2525
8070,CLCN5,ENSG00000171365,12476,12476
8071,KDM5C,ENSG00000126012,5577,5577
8072,SMC1A,ENSG00000072501,1154,1154
8073,HSD17B10,ENSG00000072506,1155,1155
8074,HUWE1,ENSG00000086758,1655,1655
8075,PHF8,ENSG00000172943,12815,12815
8076,TSR2,ENSG00000158526,9834,9834
8077,GNL3L,ENSG00000130119,5985,5985
8078,MAGED2,ENSG00000102316,2578,2578
8079,APEX2,ENSG00000169188,12008,12008
8080,ALAS2,ENSG00000158578,9842,9842
8081,FAM104B,ENSG00000182518,14292,14292
8082,USP51,ENSG00000247746,17807,17807
8083,UBQLN2,ENSG00000188021,15363,15363
8084,NBDY,ENSG00000204272,16588,16588
8085,SPIN4,ENSG00000186767,15129,15129
8086,LAS1L,ENSG00000001497,12,12
8087,MSN,ENSG00000147065,8574,8574
8088,AL034397.3,ENSG00000274536,19091,-1
8089,HEPH,ENSG00000089472,1783,1783
8090,YIPF6,ENSG00000181704,14152,14152
8091,IGBP1,ENSG00000089289,1778,1778
8092,PDZD11,ENSG00000120509,4896,4896
8093,KIF4A,ENSG00000090889,1842,1842
8094,MED12,ENSG00000184634,14699,14699
8095,ZMYM3,ENSG00000147130,8587,8587
8096,NONO,ENSG00000147140,8590,8590
8097,TAF1,ENSG00000147133,8588,8588
8098,OGT,ENSG00000147162,8595,8595
8099,PIN4,ENSG00000102309,2575,2575
8100,ERCC6L,ENSG00000186871,15155,15155
8101,RPS4X,ENSG00000198034,19092,-1
8102,HDAC8,ENSG00000147099,8577,8577
8103,XIST,ENSG00000229807,19093,-1
8104,FTX,ENSG00000230590,19094,-1
8105,JPX,ENSG00000225470,19095,-1
8106,RLIM,ENSG00000131263,6192,6192
8107,ABCB7,ENSG00000131269,6194,6194
8108,PBDC1,ENSG00000102390,2587,2587
8109,ATRX,ENSG00000085224,1596,1596
8110,MAGT1,ENSG00000102158,2555,2555
8111,COX7B,ENSG00000131174,6182,6182
8112,ATP7A,ENSG00000165240,11089,11089
8113,PGK1,ENSG00000102144,2553,2553
8114,TAF9B,ENSG00000187325,15240,15240
8115,ITM2A,ENSG00000078596,1387,1387
8116,BRWD3,ENSG00000165288,11101,11101
8117,HMGN5,ENSG00000198157,16202,16202
8118,SH3BGRL,ENSG00000131171,6181,6181
8119,APOOL,ENSG00000155008,9444,9444
8120,ZNF711,ENSG00000147180,8600,8600
8121,CHM,ENSG00000188419,15447,15447
8122,SYTL4,ENSG00000102362,2582,2582
8123,CSTF2,ENSG00000101811,2491,2491
8124,TIMM8A,ENSG00000126953,5673,5673
8125,BTK,ENSG00000010671,263,263
8126,RPL36A,ENSG00000241343,19096,-1
8127,GLA,ENSG00000102393,2588,2588
8128,HNRNPH2,ENSG00000126945,5669,5669
8129,ARMCX6,ENSG00000198960,16463,16463
8130,ARMCX3,ENSG00000102401,2589,2589
8131,BEX4,ENSG00000102409,2590,2590
8132,TCEAL8,ENSG00000180964,14061,14061
8133,BEX2,ENSG00000133134,6471,6471
8134,TCEAL9,ENSG00000185222,14817,14817
8135,MORF4L2,ENSG00000123562,5221,5221
8136,FAM199X,ENSG00000123575,5225,5225
8137,RBM41,ENSG00000089682,1789,1789
8138,PRPS1,ENSG00000147224,8605,8605
8139,PSMD10,ENSG00000101843,2495,2495
8140,ATG4A,ENSG00000101844,2496,2496
8141,COL4A5,ENSG00000188153,15389,15389
8142,NXT2,ENSG00000101888,2505,2505
8143,ACSL4,ENSG00000068366,1010,1010
8144,TMEM164,ENSG00000157600,9726,9726
8145,AMMECR1,ENSG00000101935,2512,2512
8146,ALG13,ENSG00000101901,2508,2508
8147,XACT,ENSG00000241743,19097,-1
8148,WDR44,ENSG00000131725,6243,6243
8149,DOCK11,ENSG00000147251,8609,8609
8150,IL13RA1,ENSG00000131724,6242,6242
8151,PGRMC1,ENSG00000101856,2500,2500
8152,SLC25A5,ENSG00000005022,73,73
8153,CXorf56,ENSG00000018610,372,372
8154,UBE2A,ENSG00000077721,1354,1354
8155,NKRF,ENSG00000186416,15069,15069
8156,SEPTIN6,ENSG00000125354,5437,5437
8157,RPL39,ENSG00000198918,19098,-1
8158,UPF3B,ENSG00000125351,5435,5435
8159,RNF113A,ENSG00000125352,5436,5436
8160,NDUFA1,ENSG00000125356,5439,5439
8161,NKAP,ENSG00000101882,2503,2503
8162,RHOXF2B,ENSG00000203989,16531,16531
8163,ZBTB33,ENSG00000177485,13560,13560
8164,LAMP2,ENSG00000005893,108,108
8165,CUL4B,ENSG00000158290,9803,9803
8166,MCTS1,ENSG00000232119,17486,17486
8167,THOC2,ENSG00000125676,5489,5489
8168,XIAP,ENSG00000101966,2519,2519
8169,STAG2,ENSG00000101972,2520,2520
8170,SMARCA1,ENSG00000102038,2535,2535
8171,UTP14A,ENSG00000156697,9624,9624
8172,BCORL1,ENSG00000085185,1595,1595
8173,AIFM1,ENSG00000156709,9625,9625
8174,SLC25A14,ENSG00000102078,2543,2543
8175,RBMX2,ENSG00000134597,6669,6669
8176,ENOX2,ENSG00000165675,11184,11184
8177,STK26,ENSG00000134602,6670,6670
8178,RAP2C,ENSG00000123728,5240,5240
8179,PHF6,ENSG00000156531,9609,9609
8180,HPRT1,ENSG00000165704,11196,11196
8181,FAM122B,ENSG00000156504,9604,9604
8182,SMIM10,ENSG00000184785,14722,14722
8183,RTL8C,ENSG00000134590,6666,6666
8184,RTL8A,ENSG00000203950,16524,16524
8185,MMGT1,ENSG00000169446,12069,12069
8186,MAP7D3,ENSG00000129680,5952,5952
8187,HTATSF1,ENSG00000102241,2567,2567
8188,ARHGEF6,ENSG00000129675,5951,5951
8189,RBMX,ENSG00000147274,8614,8614
8190,FGF13,ENSG00000129682,5953,5953
8191,ATP11C,ENSG00000101974,2521,2521
8192,MAGEC1,ENSG00000155495,9486,9486
8193,FMR1,ENSG00000102081,2544,2544
8194,HMGB3,ENSG00000029993,469,469
8195,VMA21,ENSG00000160131,10016,10016
8196,MAGEA3,ENSG00000221867,17291,17291
8197,CSAG1,ENSG00000198930,16447,16447
8198,MAGEA12,ENSG00000213401,17031,17031
8199,MAGEA6,ENSG00000197172,15956,15956
8200,CETN2,ENSG00000147400,8622,8622
8201,NSDHL,ENSG00000147383,8620,8620
8202,CCNQ,ENSG00000262919,18108,18108
8203,SLC6A8,ENSG00000130821,6122,6122
8204,BCAP31,ENSG00000185825,14942,14942
8205,IDH3G,ENSG00000067829,991,991
8206,SSR4,ENSG00000180879,14045,14045
8207,NAA10,ENSG00000102030,2532,2532
8208,HCFC1,ENSG00000172534,12740,12740
8209,IRAK1,ENSG00000184216,14616,14616
8210,MECP2,ENSG00000169057,11980,11980
8211,FLNA,ENSG00000196924,15889,15889
8212,EMD,ENSG00000102119,2551,2551
8213,RPL10,ENSG00000147403,19099,-1
8214,TAZ,ENSG00000102125,2552,2552
8215,ATP6AP1,ENSG00000071553,1119,1119
8216,GDI1,ENSG00000203879,16512,16512
8217,FAM50A,ENSG00000071859,1126,1126
8218,LAGE3,ENSG00000196976,15903,15903
8219,UBL4A,ENSG00000102178,2558,2558
8220,FAM3A,ENSG00000071889,1127,1127
8221,G6PD,ENSG00000160211,10036,10036
8222,CTAG2,ENSG00000126890,5665,5665
8223,DKC1,ENSG00000130826,6124,6124
8224,MPP1,ENSG00000130830,6127,6127
8225,FUNDC2,ENSG00000165775,11207,11207
8226,CMC4,ENSG00000182712,14331,14331
8227,BRCC3,ENSG00000185515,14876,14876
8228,VBP1,ENSG00000155959,9532,9532
8229,TMLHE,ENSG00000185973,14978,14978
8230,VAMP7,ENSG00000124333,5322,5322
8231,MT-ND1,ENSG00000198888,16426,16426
8232,MT-ND2,ENSG00000198763,16359,16359
8233,MT-CO1,ENSG00000198804,16378,16378
8234,MT-CO2,ENSG00000198712,16334,16334
8235,MT-ATP8,ENSG00000228253,19100,-1
8236,MT-ATP6,ENSG00000198899,16432,16432
8237,MT-CO3,ENSG00000198938,16453,16453
8238,MT-ND3,ENSG00000198840,16399,16399
8239,MT-ND4L,ENSG00000212907,16984,16984
8240,MT-ND4,ENSG00000198886,16424,16424
8241,MT-ND5,ENSG00000198786,16367,16367
8242,MT-ND6,ENSG00000198695,16330,16330
8243,MT-CYB,ENSG00000198727,16342,16342
8244,BX004987.1,ENSG00000278704,19101,-1
8245,AL354822.1,ENSG00000278384,19102,-1
8246,AC240274.1,ENSG00000271254,19103,-1
8247,AC004556.3,ENSG00000276345,19104,-1
