local_index,gene_symbol,ensembl_id,global_index,output_index
0,NOC2L,,15556,15556
1,PLEKHN1,,15270,15270
2,HES4,,15417,15417
3,ISG15,,15275,15275
4,AGRN,,15391,15391
5,SDF4,,1397,1397
6,B3GALT6,,13326,13326
7,UBE2J2,,10009,10009
8,ACAP3,,6230,6230
9,PUSL1,,12175,12175
10,INTS11,,5676,5676
11,CPTP,,17352,17352
12,DVL1,,3307,3307
13,MXRA8,,10335,10335
14,AURKAIP1,,13288,13288
15,CCNL2,,17322,17322
16,MRPL20-AS1,,18538,-1
17,MRPL20,,18539,-1
18,ATAD3B,,10007,10007
19,ATAD3A,,16101,16101
20,SSU72,,10008,10008
21,MIB2,,16034,16034
22,CDK11B,,17813,17813
23,CDK11A,,199,199
24,NADK,,200,200
25,GNB1,,1379,1379
26,FAAP20,,10336,10336
27,SKI,,9763,9763
28,RER1,,9761,9761
29,PEX10,,9760,9760
30,PRXL2B,,9754,9754
31,MEGF6,,10337,10337
32,TPRG1L,,9784,9784
33,WRAP73,,4406,4406
34,LRRC47,,6106,6106
35,CEP104,,4401,4401
36,C1orf174,,16438,16438
37,RPL22,,18540,-1
38,RNF207,,9802,9802
39,ICMT,,4408,4408
40,ACOT7,,2008,2008
41,NOL9,,10299,10299
42,KLHL21,,10301,10301
43,PHF13,,4412,4412
44,THAP3,,564,564
45,DNAJC11,,189,189
46,CAMTA1,,12561,12561
47,VAMP3,,639,639
48,PER3,,640,640
49,PARK7,,4414,4414
50,ERRFI1,,4413,4413
51,RERE,,7944,7944
52,ENO1,,1234,1234
53,SPSB1,,12543,12543
54,SLC25A33,,12541,12541
55,CLSTN1,,12536,12536
56,CTNNBIP1,,13721,13721
57,LZIC,,10310,10310
58,NMNAT1,,12943,12943
59,UBE4B,,6134,6134
60,KIF1B,,710,710
61,PGD,,7956,7956
62,CENPS,,13213,13213
63,DFFA,,10001,10001
64,PEX14,,7955,7955
65,TARDBP,,4956,4956
66,SRM,,4440,4440
67,EXOSC10,,12585,12585
68,MTOR,,16371,16371
69,UBIAD1,,4955,4955
70,MAD2L2,,4445,4445
71,AGTRAP,,13590,13590
72,KIAA2013,,4449,4449
73,PLOD1,,1545,1545
74,MFN2,,4450,4450
75,MIIP,,4452,4452
76,VPS13D,,630,630
77,DHRS3,,10319,10319
78,PRDM2,,4462,4462
79,EFHD2,,7954,7954
80,DNAJC16,,4392,4392
81,DDI2,,15983,15983
82,PLEKHM2,,4475,4475
83,FBLIM1,,10313,10313
84,SPEN,,904,904
85,ZBTB17,,4478,4478
86,EPHA2,,7952,7952
87,FBXO42,,525,525
88,SZRD1,,723,723
89,NECAP2,,9679,9679
90,NBPF1,,17267,17267
91,MFAP2,,4519,4519
92,ATP13A2,,9938,9938
93,SDHB,,4518,4518
94,RCC2,,13796,13796
95,IFFO2,,12179,12179
96,UBR4,,5712,5712
97,EMC1,,5710,5710
98,MRTO4,,692,692
99,AKR7A2,,691,691
100,SLC66A1,,552,552
101,CAPZB,,1349,1349
102,MICOS10,,12905,12905
103,OTUD3,,12162,12162
104,CAMK2N1,,10330,10330
105,MUL1,,1819,1819
106,PINK1,,9872,9872
107,DDOST,,17765,17765
108,HP1BP3,,5713,5713
109,EIF4G3,,1247,1247
110,ECE1,,4539,4539
111,USP48,,1837,1837
112,HSPG2,,7975,7975
113,CDC42,,18544,-1
114,ZBTB40,,14708,14708
115,EPHB2,,6478,6478
116,KDM1A,,50,50
117,LUZP1,,12105,12105
118,HNRNPR,,5557,5557
119,ID3,,4542,4542
120,RPL11,,18545,-1
121,ELOA,,269,269
122,PITHD1,,758,758
123,LYPLA2,,270,270
124,GALE,,4541,4541
125,HMGCL,,4540,4540
126,FUCA1,,13819,13819
127,PNRC2,,15617,15617
128,SRSF10,,15461,15461
129,STPG1,,10,10
130,NIPAL3,,11,11
131,RCAN3,,4587,4587
132,SRRM1,,6479,6479
133,CLIC4,,12077,12077
134,SYF2,,4588,4588
135,RSRP1,,4589,4589
136,TMEM50A,,14526,14526
137,MACO1,,16567,16567
138,SELENON,,10305,10305
139,MTFR1L,,4593,4593
140,STMN1,,4592,4592
141,ZNF593,,7961,7961
142,SH3BGRL3,,7958,7958
143,DHDDS,,4596,4596
144,HMGN2,,18547,-1
145,ARID1A,,4600,4600
146,PIGV,,794,794
147,GPN2,,7970,7970
148,NUDC,,1812,1812
149,TRNP1,,17892,17892
150,SLC9A1,,1804,1804
151,WDTC1,,7972,7972
152,TMEM222,,15091,15091
153,WASF2,,9795,9795
154,AHDC1,,5634,5634
155,IFI6,,5635,5635
156,FAM76A,,234,234
157,STX12,,4604,4604
158,PPP1R8,,4603,4603
159,RPA2,,4602,4602
160,XKR8,,9788,9788
161,EYA3,,9790,9790
162,DNAJC8,,5633,5633
163,ATP5IF1,,6109,6109
164,SESN2,,6107,6107
165,PHACTR4,,16558,16558
166,RCC1,,13955,13955
167,SNHG3,,18549,-1
168,TRNAU1AP,,13945,13945
169,SNHG12,,18550,-1
170,TAF12,,4907,4907
171,GMEB1,,10303,10303
172,YTHDF2,,16275,16275
173,EPB41,,9889,9889
174,SRSF4,,4418,4418
175,MECR,,4419,4419
176,PUM1,,6673,6673
177,SNRNP40,,796,796
178,ZCCHC17,,5025,5025
179,SERINC2,,11869,11869
180,PEF1,,10323,10323
181,SPOCD1,,6674,6674
182,PTP4A2,,18551,-1
183,KHDRBS1,,5027,5027
184,TMEM39B,,5028,5028
185,KPNA6,,440,440
186,TXLNA,,1582,1582
187,CCDC28B,,10002,10002
188,TMEM234,,10004,10004
189,EIF3I,,1579,1579
190,HDAC1,,4425,4425
191,MARCKSL1,,13184,13184
192,BSDC1,,10005,10005
193,ZBTB8A,,10006,10006
194,ZBTB8OS,,13371,13371
195,RBBP4,,10325,10325
196,SYNC,,10324,10324
197,KIAA1522,,10326,10326
198,YARS,,6675,6675
199,S100PBP,,4427,4427
200,TMEM54,,5041,5041
201,AK2,,18552,-1
202,PHC2,,6676,6676
203,SMIM12,,10705,10705
204,TMEM35B,,17755,17755
205,ZMYM6,,10706,10706
206,ZMYM1,,15922,15922
207,SFPQ,,4433,4433
208,ZMYM4,,8518,8518
209,KIAA0319L,,7963,7963
210,NCDN,,386,386
211,PSMB2,,5580,5580
212,C1orf216,,7962,7962
213,CLSPN,,1926,1926
214,AGO1,,1924,1924
215,AGO3,,5581,5581
216,ADPRHL2,,4486,4486
217,TRAPPC3,,700,700
218,MAP7D1,,4487,4487
219,THRAP3,,701,701
220,SH3D21,,17120,17120
221,EVA1B,,7964,7964
222,STK40,,15682,15682
223,LSM10,,14172,14172
224,MRPS15,,18553,-1
225,MEAF6,,10711,10711
226,SNIP1,,10712,10712
227,DNALI1,,10713,10713
228,GNL2,,6678,6678
229,C1orf109,,4494,4494
230,CDCA8,,6677,6677
231,MANEAL,,14792,14792
232,YRDC,,15766,15766
233,C1orf122,,16156,16156
234,MTF1,,15523,15523
235,SF3A3,,14464,14464
236,FHL3,,14456,14456
237,UTP11,,14479,14479
238,RRAGC,,4495,4495
239,MYCBP,,17116,17116
240,AKIRIN1,,13090,13090
241,NDUFS5,,11892,11892
242,MACF1,,5732,5732
243,PABPC4,,1833,1833
244,PPIE,,1567,1567
245,TRIT1,,583,583
246,CAP1,,6189,6189
247,PPT1,,6190,6190
248,RLF,,4505,4505
249,ZMPSTE24,,1568,1568
250,SMAP2,,1566,1566
251,NFYC,,934,934
252,CITED4,,13905,13905
253,CTPS1,,12574,12574
254,SCMH1,,265,265
255,FOXJ3,,16383,16383
256,PPCS,,5683,5683
257,PPIH,,12617,12617
258,YBX1,,925,925
259,P3H1,,4547,4547
260,C1orf50,,18555,-1
261,SVBP,,13618,13618
262,SLC2A1,,4548,4548
263,EBNA1BP2,,4549,4549
264,CDC20,,4550,4550
265,ELOVL1,,940,940
266,MED8,,9953,9953
267,SZT2,,16215,16215
268,HYI,,13768,13768
269,PTPRF,,7985,7985
270,KDM4A,,933,933
271,ST3GAL3,,5583,5583
272,IPO13,,4553,4553
273,DPH2,,6402,6402
274,ATP6V0B,,4554,4554
275,B4GALT2,,4555,4555
276,DMAP1,,13642,13642
277,ERI3,,4556,4556
278,RNF220,,15213,15213
279,KIF2C,,7984,7984
280,RPS8,,18557,-1
281,PLK3,,12980,12980
282,EIF2B3,,1097,1097
283,UROD,,5582,5582
284,TOE1,,6403,6403
285,PRDX1,,4559,4559
286,AKR1A1,,4558,4558
287,NASP,,6404,6404
288,GPBP1L1,,9961,9961
289,TMEM69,,9963,9963
290,IPP,,16011,16011
291,MAST2,,1629,1629
292,PIK3R3,,4560,4560
293,POMGNT1,,1627,1627
294,LRRC41,,6294,6294
295,UQCRH,,12950,12950
296,NSUN4,,4566,4566
297,MKNK1,,1413,1413
298,ATPAF1,,5211,5211
299,EFCAB14,,9969,9969
300,STIL,,5212,5212
301,CMPK1,,10284,10284
302,FAF1,,14795,14795
303,CDKN2C,,5160,5160
304,RNF11,,5161,5161
305,EPS15,,1621,1621
306,OSBPL9,,4607,4607
307,NRDC,,1388,1388
308,RAB3B,,12013,12013
309,TXNDC12,,4608,4608
310,KTI12,,16400,16400
311,BTF3L4,,6682,6682
312,ZFYVE9,,9664,9664
313,CC2D1B,,9361,9361
314,ORC1,,1622,1622
315,PRPF38A,,6684,6684
316,TUT4,,6683,6683
317,COA7,,10287,10287
318,ZYG11B,,10288,10288
319,ECHDC2,,4985,4985
320,SCP2,,4396,4396
321,CPT2,,9678,9678
322,CZIB,,10290,10290
323,MAGOH,,10291,10291
324,LRP8,,9680,9680
325,NDC1,,774,774
326,YIPF1,,773,773
327,HSPB11,,1503,1503
328,LRRC42,,4405,4405
329,TMEM59,,4404,4404
330,MRPL37,,18558,-1
331,SSBP3,,9684,9684
332,TTC4,,17753,17753
333,DHCR24,,4391,4391
334,USP24,,10297,10297
335,PLPP3,,10298,10298
336,PRKAA2,,10300,10300
337,MYSM1,,10344,10344
338,JUN,,13580,13580
339,NFIA,,10342,10342
340,TM2D1,,10345,10345
341,PATJ,,6418,6418
342,USP1,,10346,10346
343,DOCK7,,4439,4439
344,ATG4C,,5491,5491
345,ITGB3BP,,7976,7976
346,PGM1,,1431,1431
347,ROR1,,14871,14871
348,JAK1,,10307,10307
349,AK4,,10306,10306
350,LEPROT,,17054,17054
351,SGIP1,,4657,4657
352,MIER1,,16203,16203
353,SLC35D1,,4456,4456
354,SERBP1,,7977,7977
355,GADD45A,,4458,4458
356,GNG12,,12709,12709
357,WLS,,4461,4461
358,DEPDC1,,429,429
359,LRRC40,,949,949
360,SRSF11,,4469,4469
361,ANKRD13C,,4656,4656
362,ZRANB2,,6351,6351
363,NEGR1,,12676,12676
364,CRYZ,,4476,4476
365,TYW3,,10353,10353
366,ACADM,,4512,4512
367,RABGGTB,,7286,7286
368,PIGK,,7981,7981
369,AK5,,9335,9335
370,AC118549.1,,518,518
371,USP33,,1334,1334
372,MIGA1,,13999,13999
373,NEXN,,10348,10348
374,FUBP1,,10347,10347
375,DNAJB4,,10349,10349
376,ADGRL4,,10350,10350
377,TTLL7,,7281,7281
378,PRKACB,,7980,7980
379,RPF1,,4520,4520
380,GNG5,,13012,13012
381,CTBS,,4524,4524
382,SSX2IP,,4528,4528
383,C1orf52,,10360,10360
384,BCL10,,7978,7978
385,DDAH1,,9319,9319
386,AC092807.3,,19197,-1
387,CCN1,,7979,7979
388,ZNHIT6,,4529,4529
389,ODF2L,,5088,5088
390,SH3GLB1,,2009,2009
391,SELENOF,,14438,14438
392,HS2ST1,,9323,9323
393,LMO4,,7991,7991
394,PKN2,,889,889
395,GTF2B,,7284,7284
396,KYAT3,,7283,7283
397,RBMXL1,,17043,17043
398,GBP3,,4532,4532
399,GBP1,,4533,4533
400,LRRC8C,,12508,12508
401,LRRC8D,,12511,12511
402,ZNF326,,10365,10365
403,ZNF644,,5094,5094
404,EPHX4,,12633,12633
405,GLMN,,13131,13131
406,RPAP2,,5096,5096
407,EVI5,,975,975
408,RPL5,,18561,-1
409,DIPK1A,,9394,9394
410,MTF2,,7994,7994
411,TMED5,,4567,4567
412,CCDC18,,5095,5095
413,CCDC18-AS1,,18562,-1
414,DR1,,4569,4569
415,FNBP1L,,7282,7282
416,BCAR3,,7280,7280
417,DNTTIP2,,979,979
418,GCLM,,426,426
419,ARHGAP29,,7289,7289
420,ABCD3,,4573,4573
421,F3,,4572,4572
422,CNN3,,4570,4570
423,ALG14,,12693,12693
424,RWDD3,,5093,5093
425,PTBP2,,4577,4577
426,DPYD,,15485,15485
427,MIR137HG,,19198,-1
428,SNX7,,10355,10355
429,PALMD,,2020,2020
430,AGL,,10370,10370
431,SLC35A3,,4590,4590
432,MFSD14A,,9639,9639
433,SASS6,,9640,9640
434,TRMT13,,5091,5091
435,DBT,,7294,7294
436,RTCA,,7295,7295
437,EXTL2,,10372,10372
438,SLC30A7,,10373,10373
439,DPH5,,4575,4575
440,AC093157.1,,18563,-1
441,RNPC3,,14968,14968
442,PRMT6,,16428,16428
443,NTNG1,,10357,10357
444,SLC25A24,,1607,1607
445,PRPF38B,,6587,6587
446,STXBP3,,4411,4411
447,GPSM2,,5048,5048
448,CLCC1,,5047,5047
449,WDR47,,1604,1604
450,TAF13,,16099,16099
451,TMEM167B,,17237,17237
452,SARS,,478,478
453,PSRC1,,6595,6595
454,SORT1,,6598,6598
455,PSMA5,,8001,8001
456,GNAI3,,885,885
457,AMPD2,,4417,4417
458,GSTM3,,6591,6591
459,CSF1,,14648,14648
460,AHCYL1,,11904,11904
461,STRIP1,,7999,7999
462,SLC16A4,,11899,11899
463,LAMTOR5,,6601,6601
464,LRIF1,,5045,5045
465,DRAM2,,9562,9562
466,CEPT1,,6605,6605
467,WDR77,,4422,4422
468,ATP5PB,,4423,4423
469,RAP1A,,4424,4424
470,DDX20,,869,869
471,CTTNBP2NL,,7998,7998
472,ST7L,,176,176
473,CAPZA1,,4426,4426
474,MOV10,,9477,9477
475,RHOC,,9478,9478
476,SLC16A1,,9481,9481
477,SLC16A1-AS1,,18564,-1
478,LRIG2,,16377,16377
479,MAGI3,,1475,1475
480,PHTF1,,4477,4477
481,RSBN1,,1474,1474
482,HIPK1,,10538,10538
483,TRIM33,,15985,15985
484,BCAS2,,4468,4468
485,NRAS,,17020,17020
486,CSDE1,,227,227
487,SIKE1,,682,682
488,NGF,,6608,6608
489,VANGL1,,12863,12863
490,ATP1A1,,10553,10553
491,CD58,,4479,4479
492,TTF2,,4482,4482
493,MAN1A2,,16204,16204
494,GDAP2,,15785,15785
495,WDR3,,888,888
496,WARS2,,4488,4488
497,PHGDH,,1920,1920
498,NOTCH2,,6603,6603
499,SEC22B,,18136,18136
500,SRGAP2C,,12611,12611
501,LINC02802,,18566,-1
502,SRGAP2B,,15737,15737
503,RNF115,,18134,18134
504,POLR3C,,15016,15016
505,PIAS3,,6256,6256
506,PEX11B,,6254,6254
507,RBM8A,,18132,18132
508,LIX1L,,18221,18221
509,POLR3GL,,5031,5031
510,TXNIP,,18138,18138
511,NBPF10,,19199,-1
512,NOTCH2NLA,,19200,-1
513,PRKAB2,,6257,6257
514,NBPF14,,19201,-1
515,PDE4DIP,,13655,13655
516,AC245297.3,,18568,-1
517,HIST2H2AC,,18569,-1
518,BOLA1,,13654,13654
519,SV2A,,9901,9901
520,SF3B4,,8062,8062
521,OTUD7B,,18128,18128
522,VPS45,,7031,7031
523,PLEKHO1,,425,425
524,ANP32E,,8075,8075
525,APH1A,,4546,4546
526,MRPS21,,18570,-1
527,PRPF3,,4545,4545
528,RPRD2,,10484,10484
529,TARS2,,8065,8065
530,ECM1,,8063,8063
531,MCL1,,8070,8070
532,ENSA,,8080,8080
533,GOLPH3L,,8087,8087
534,CTSK,,8071,8071
535,ARNT,,8082,8082
536,SETDB1,,8068,8068
537,CERS2,,8079,8079
538,C1orf56,,8084,8084
539,CDC42SE1,,16063,16063
540,MLLT11,,17009,17009
541,GABPB2,,8088,8088
542,SCNM1,,10493,10493
543,VPS72,,10495,10495
544,PIP5K1A,,8074,8074
545,PSMD4,,9937,9937
546,PI4KB,,8073,8073
547,RFX5,,8072,8072
548,PSMB4,,9940,9940
549,POGZ,,8083,8083
550,TUFT1,,8061,8061
551,SNX27,,8067,8067
552,MRPL9,,18571,-1
553,THEM4,,9949,9949
554,S100A10,,16088,16088
555,S100A11,,10501,10501
556,S100A6,,16147,16147
557,S100A2,,15850,15850
558,S100A16,,15486,15486
559,S100A13,,15603,15603
560,CHTOP,,10098,10098
561,SNAPIN,,8110,8110
562,ILF2,,8122,8122
563,INTS3,,8124,8124
564,GATAD2B,,8121,8121
565,DENND4B,,16396,16396
566,SLC39A1,,8114,8114
567,JTB,,8106,8106
568,RAB13,,8107,8107
569,RPS27,,18572,-1
570,TPM3,,18573,-1
571,C1orf43,,8120,8120
572,UBAP2L,,8113,8113
573,HAX1,,8115,8115
574,ATP8B2,,8102,8102
575,UBE2Q1,,10107,10107
576,ADAR,,10105,10105
577,PMVK,,10534,10534
578,PBXIP1,,10535,10535
579,SHC1,,10102,10102
580,CKS1B,,12857,12857
581,FLAD1,,10101,10101
582,ADAM15,,8105,8105
583,EFNA4,,17736,17736
584,SLC50A1,,12025,12025
585,DPM3,,13803,13803
586,KRTCAP2,,10567,10567
587,MTX1,,12852,12852
588,GBA,,13584,13584
589,FAM189B,,10113,10113
590,SCAMP3,,4429,4429
591,FDPS,,10111,10111
592,RUSC1,,10112,10112
593,ASH1L,,4431,4431
594,MSTO1,,5457,5457
595,YY1AP1,,10544,10544
596,DAP3,,6384,6384
597,GON4L,,4435,4435
598,SYT11,,6397,6397
599,RIT1,,8123,8123
600,KHDC4,,6386,6386
601,ARHGEF2,,4436,4436
602,SSR2,,10573,10573
603,UBQLN4,,10122,10122
604,LAMTOR2,,4437,4437
605,LMNA,,10117,10117
606,SLC25A44,,10116,10116
607,PMF1,,10115,10115
608,SMG5,,16460,16460
609,GLMP,,16335,16335
610,CCT3,,10571,10571
611,MEF2D,,4438,4438
612,IQGAP3,,14563,14563
613,NAXE,,10548,10548
614,GPATCH4,,10125,10125
615,ISG20L2,,8047,8047
616,MRPL24,,18575,-1
617,HDGF,,8049,8049
618,PRCC,,8042,8042
619,KIRREL1,,14562,14562
620,IFI16,,10608,10608
621,DUSP23,,9855,9855
622,TAGLN2,,9851,9851
623,PIGM,,8045,8045
624,PEA15,,10385,10385
625,DCAF8,,6396,6396
626,PEX19,,10386,10386
627,COPA,,5073,5073
628,NCSTN,,10387,10387
629,PFDN2,,8038,8038
630,NIT1,,9864,9864
631,DEDD,,9865,9865
632,UFC1,,8032,8032
633,B4GALT3,,9873,9873
634,NDUFS2,,9877,9877
635,SDHC,,8037,8037
636,DUSP12,,1495,1495
637,ATF6,,4632,4632
638,UHMK1,,9153,9153
639,UAP1,,4522,4522
640,DDR2,,10384,10384
641,RGS4,,4525,4525
642,NUF2,,8035,8035
643,PBX1,,14898,14898
644,MGST3,,8028,8028
645,ALDH9A1,,8009,8009
646,TMCO1,,8021,8021
647,UCK2,,8020,8020
648,POGK,,8013,8013
649,POU2F1,,8024,8024
650,MPZL1,,16150,16150
651,MPC2,,8014,8014
652,DCAF6,,8016,8016
653,GPR161,,8008,8008
654,TIPRL,,8011,8011
655,SFT2D2,,16996,16996
656,ATP1B1,,8010,8010
657,NME7,,8012,8012
658,BLZF1,,4562,4562
659,KIFAP3,,1288,1288
660,GORAB,,4885,4885
661,PRRX1,,4390,4390
662,PRRC2C,,4571,4571
663,VAMP4,,4574,4574
664,EEF1AKNMT,,243,243
665,PIGC,,6891,6891
666,SUCO,,1952,1952
667,PRDX6,,4579,4579
668,KLHL20,,1299,1299
669,CENPL,,4882,4882
670,DARS2,,4580,4580
671,GAS5,,18577,-1
672,ZBTB37,,14833,14833
673,RC3H1,,6893,6893
674,RABGAP1L,,9116,9116
675,CACYBP,,18578,-1
676,MRPS14,,18579,-1
677,COP1,,8030,8030
678,RASAL2,,1262,1262
679,RALGPS2,,4399,4399
680,FAM20B,,4402,4402
681,TOR3A,,15044,15044
682,ABL2,,8050,8050
683,SOAT1,,750,750
684,TOR1AIP2,,12159,12159
685,TOR1AIP1,,8053,8053
686,CEP350,,6888,6888
687,QSOX1,,4410,4410
688,ACBD6,,17452,17452
689,XPR1,,8051,8051
690,STX6,,6883,6883
691,MR1,,18580,-1
692,IER5,,10405,10405
693,GLUL,,6882,6882
694,DHX9,,6886,6886
695,LAMC1,,6892,6892
696,NMNAT2,,9663,9663
697,SMG7,,4453,4453
698,ARPC5,,10375,10375
699,RGL1,,8056,8056
700,TSEN15,,16412,16412
701,C1orf21,,4443,4443
702,EDEM3,,4421,4421
703,NIBAN1,,6890,6890
704,RNF2,,5001,5001
705,TRMT1L,,5002,5002
706,IVNS1ABP,,4448,4448
707,TPR,,605,605
708,ODR4,,9677,9677
709,PLA2G4A,,4457,4457
710,UCHL5,,4467,4467
711,RO60,,4465,4465
712,GLRX2,,419,419
713,CDC73,,6632,6632
714,CFH,,6,6
715,ASPM,,938,938
716,ZBTB41,,13623,13623
717,DENND1B,,16995,16995
718,C1orf53,,16483,16483
719,NEK7,,9034,9034
720,MIR181A1HG,,19202,-1
721,ZNF281,,10374,10374
722,KIF14,,4628,4628
723,DDX59,,4630,4630
724,CAMSAP2,,4631,4631
725,TMEM9,,4485,4485
726,PHLDA3,,13049,13049
727,CSRP1,,9905,9905
728,NAV1,,6631,6631
729,IPO9,,16331,16331
730,SHISA4,,16429,16429
731,TIMM17A,,6633,6633
732,RNPEP,,13387,13387
733,ARL8A,,8165,8165
734,UBE2T,,1329,1329
735,KDM5B,,4521,4521
736,RABIF,,14417,14417
737,ADIPOR1,,9935,9935
738,CYB5R1,,9936,9936
739,TMEM183A,,10563,10563
740,ATP2B4,,770,770
741,SNRPE,,14197,14197
742,PPP1R15B,,9844,9844
743,MDM4,,16309,16309
744,NFASC,,10597,10597
745,RBBP5,,4531,4531
746,DSTYK,,6450,6450
747,ELK4,,9852,9852
748,NUCKS1,,1039,1039
749,RAB29,,4537,4537
750,SLC41A1,,6452,6452
751,SRGAP2,,18139,18139
752,EIF2D,,8093,8093
753,DYRK3,,8092,8092
754,MAPKAPK2,,10424,10424
755,CD55,,15728,15728
756,CD46,,4544,4544
757,PLXNA2,,1302,1302
758,G0S2,,5238,5238
759,UTP25,,4583,4583
760,SYT14,,8089,8089
761,SERTAD4-AS1,,19203,-1
762,RCOR3,,4591,4591
763,TRAF5,,1525,1525
764,LINC00467,,18582,-1
765,SLC30A1,,12262,12262
766,NEK2,,4595,4595
767,LPGAT1,,5236,5236
768,INTS7,,8094,8094
769,DTL,,8091,8091
770,PPP2R5A,,927,927
771,PACC1,,908,908
772,NENF,,4597,4597
773,ATF3,,10400,10400
774,NSL1,,4598,4598
775,TATDN3,,16480,16480
776,ANGEL2,,13096,13096
777,RPS6KC1,,18584,-1
778,SMYD2,,8097,8097
779,PTPN14,,9124,9124
780,CENPF,,4601,4601
781,KCNK2,,1523,1523
782,KCTD3,,7033,7033
783,GPATCH2,,1932,1932
784,RRP15,,983,983
785,TGFB2,,1931,1931
786,LYPLAL1,,8057,8057
787,EPRS,,7029,7029
788,BPNT1,,10407,10407
789,IARS2,,988,988
790,RAB3GAP2,,4696,4696
791,MIA3,,9373,9373
792,AIDA,,14995,14995
793,BROX,,10410,10410
794,AL392172.1,,19204,-1
795,CAPN2,,10430,10430
796,TP53BP2,,8101,8101
797,FBXO28,,8142,8142
798,DEGS1,,8141,8141
799,NVL,,8139,8139
800,CNIH4,,8145,8145
801,WDR26,,10431,10431
802,DNAH14,,14945,14945
803,LBR,,8155,8155
804,ENAH,,9383,9383
805,SRP9,,8138,8138
806,EPHX1,,8157,8157
807,TMEM63A,,15684,15684
808,PYCR2,,8154,8154
809,SDE2,,8140,8140
810,H3F3A,,10464,10464
811,ACBD3,,14349,14349
812,LIN9,,14553,14553
813,PARP1,,8152,8152
814,PSEN2,,8153,8153
815,CDC42BPA,,8148,8148
816,SNAP47,,8137,8137
817,JMJD4,,1494,1494
818,ARF1,,8143,8143
819,C1orf35,,8150,8150
820,MRPL55,,18585,-1
821,GUK1,,8147,8147
822,TRIM11,,9382,9382
823,HIST3H2A,,14095,14095
824,RNF187,,11788,11788
825,RAB4A,,11779,11779
826,CCSAP,,9385,9385
827,NUP133,,1038,1038
828,ABCB10,,6879,6879
829,TAF5L,,6881,6881
830,GALNT2,,8130,8130
831,COG2,,6878,6878
832,C1orf198,,4725,4725
833,ARV1,,12900,12900
834,C1orf131,,8129,8129
835,GNPAT,,4492,4492
836,EXOC8,,4491,4491
837,SPRTN,,242,242
838,EGLN1,,6876,6876
839,AL445524.1,,18587,-1
840,TSNAX,,4493,4493
841,NTPCR,,6880,6880
842,COA6,,11808,11808
843,TARBP1,,779,779
844,IRF2BP2,,11803,11803
845,TOMM20,,12964,12964
846,ARID4B,,705,705
847,GGPS1,,9219,9219
848,B3GALNT2,,10423,10423
849,LYST,,8133,8133
850,NID1,,4496,4496
851,LGALS8,,4497,4497
852,HEATR1,,4727,4727
853,MTR,,4500,4500
854,FMN2,,9513,9513
855,FH,,1870,1870
856,OPN3,,706,706
857,CHML,,16476,16476
858,EXO1,,13059,13059
859,CEP170,,8135,8135
860,SDCCAG8,,707,707
861,AKT3,,4510,4510
862,ADSS,,509,509
863,DESI2,,5012,5012
864,COX20,,16475,16475
865,HNRNPU,,9258,9258
866,EFCAB2,,16474,16474
867,SMYD3,,14858,14858
868,TFB2M,,10415,10415
869,CNST,,10416,10416
870,SCCPDH,,8132,8132
871,AHCTF1,,9259,9259
872,ZNF496,,10378,10378
873,SH3BP5L,,13185,13185
874,ZNF672,,12435,12435
875,SH3YL1,,503,503
876,ACP1,,8136,8136
877,TMEM18,,9025,9025
878,PXDN,,6047,6047
879,EIPR1,,481,481
880,TRAPPC12,,12591,12591
881,ADI1,,14298,14298
882,RNASEH1,,12597,12597
883,RNASEH1-AS1,,18591,-1
884,RPS7,,18592,-1
885,SOX11,,19182,-1
886,ID2,,4335,4335
887,KIDINS220,,6618,6618
888,MBOAT2,,8151,8151
889,ASAP2,,9075,9075
890,ITGB1BP1,,4720,4720
891,CPSF3,,4721,4721
892,IAH1,,6625,6625
893,ADAM17,,9076,9076
894,YWHAQ,,6617,6617
895,TAF1B,,4336,4336
896,RRM2,,12590,12590
897,HPCAL1,,4337,4337
898,ODC1,,4338,4338
899,NOL10,,4340,4340
900,PDIA6,,8168,8168
901,ROCK2,,6620,6620
902,E2F6,,11970,11970
903,LPIN1,,6623,6623
904,NBAS,,9089,9089
905,DDX1,,1432,1432
906,SMC6,,10461,10461
907,GEN1,,13685,13685
908,RDH14,,17662,17662
909,TTC32,,14570,14570
910,WDR35,,4705,4705
911,LAPTM4A,,1019,1019
912,SDC1,,4355,4355
913,PUM2,,735,735
914,RHOB,,8169,8169
915,HS1BP3,,4703,4703
916,LDAH,,4704,4704
917,UBXN2A,,13001,13001
918,FKBP1B,,4801,4801
919,SF3B6,,4227,4227
920,FAM228B,,17270,17270
921,TP53I3,,4228,4228
922,ITSN2,,16254,16254
923,NCOA1,,1584,1584
924,PTRHD1,,14748,14748
925,CENPO,,7320,7320
926,ADCY3,,7301,7301
927,ASXL2,,8181,8181
928,KIF3C,,1587,1587
929,RAB10,,1588,1588
930,HADHA,,1590,1590
931,HADHB,,7299,7299
932,SELENOI,,7297,7297
933,SLC35F6,,17063,17063
934,CENPA,,4234,4234
935,MAPRE3,,1591,1591
936,TMEM214,,4799,4799
937,AGBL5,,1585,1585
938,OST4,,17423,17423
939,PREB,,7311,7311
940,SLC5A6,,7312,7312
941,ATRAID,,7319,7319
942,CAD,,1592,1592
943,MPV17,,4239,4239
944,GTF3C2,,4240,4240
945,EIF2B4,,4241,4241
946,SNX17,,4247,4247
947,PPM1G,,4249,4249
948,NRBP1,,4242,4242
949,FNDC4,,4244,4244
950,ZNF512,,17758,17758
951,GPN1,,16282,16282
952,SUPT7L,,4796,4796
953,SLC4A1AP,,10684,10684
954,MRPL33,,18594,-1
955,BABAM2,,9772,9772
956,FOSL2,,1268,1268
957,PPP1CB,,17057,17057
958,TRMT61B,,12417,12417
959,WDR43,,10690,10690
960,CLIP4,,4263,4263
961,YPEL5,,4803,4803
962,LBH,,17055,17055
963,LCLAT1,,12816,12816
964,EHD3,,317,317
965,DPY30,,10442,10442
966,SPAST,,397,397
967,SLC30A6,,9199,9199
968,YIPF4,,4805,4805
969,BIRC6,,4339,4339
970,TTC27,,374,374
971,LTBP1,,644,644
972,FAM98A,,4804,4804
973,CRIM1-DT,,19205,-1
974,CRIM1,,8978,8978
975,FEZ2,,12409,12409
976,STRN,,4343,4343
977,GPATCH11,,9127,9127
978,EIF2AK2,,730,730
979,CEBPZOS,,17259,17259
980,CEBPZ,,4344,4344
981,NDUFAF7,,40,40
982,PRKD3,,4345,4345
983,CDC42EP3,,10500,10500
984,CYP1B1,,7307,7307
985,ATL2,,4802,4802
986,HNRNPLL,,8171,8171
987,SRSF7,,4354,4354
988,GEMIN6,,9129,9129
989,DHX57,,10506,10506
990,MORN2,,15360,15360
991,SOS1,,4358,4358
992,MAP4K3,,297,297
993,MAP4K3-DT,,18595,-1
994,THUMPD2,,7306,7306
995,SLC8A1,,14390,14390
996,EML4,,8175,8175
997,COX7A2L,,4362,4362
998,MTA3,,759,759
999,ZFP36L2,,9180,9180
1000,THADA,,4368,4368
1001,DYNC2LI1,,7304,7304
1002,LRPPRC,,7321,7321
1003,PPM1B,,7302,7302
1004,PREPL,,7314,7314
1005,LINC01833,,19206,-1
1006,SIX3,,7318,7318
1007,SRBD1,,1022,1022
1008,EPAS1,,4375,4375
1009,RHOQ,,4795,4795
1010,PIGF,,9070,9070
1011,CRIPT,,4810,4810
1012,SOCS5,,12431,12431
1013,MCFD2,,13986,13986
1014,TTC7A,,1020,1020
1015,CALM2,,8176,8176
1016,MSH2,,1953,1953
1017,MSH6,,4382,4382
1018,FBXO11,,7317,7317
1019,FOXN2,,12350,12350
1020,PPP1R21,,10417,10417
1021,ASB3,,4248,4248
1022,CHAC2,,8177,8177
1023,ERLEC1,,1028,1028
1024,PSME4,,1025,1025
1025,ACYP2,,12325,12325
1026,SPTBN1,,4265,4265
1027,RTN4,,4267,4267
1028,CLHC1,,10451,10451
1029,RPS27A,,18596,-1
1030,MTIF2,,1618,1618
1031,CCDC88A,,4274,4274
1032,CFAP36,,10454,10454
1033,PPP4R3B,,18284,18284
1034,PNPT1,,7303,7303
1035,EFEMP1,,4279,4279
1036,VRK2,,455,455
1037,FANCL,,4281,4281
1038,PEX13,,10434,10434
1039,KIAA1841,,10435,10435
1040,AC016747.1,,19207,-1
1041,C2orf74,,17602,17602
1042,USP34,,4292,4292
1043,XPO1,,1533,1533
1044,FAM161A,,12228,12228
1045,CCT4,,4295,4295
1046,COMMD1,,12850,12850
1047,EHBP1,,4298,4298
1048,MDH1,,343,343
1049,UGP2,,12133,12133
1050,VPS54,,8179,8179
1051,AFTPH,,4806,4806
1052,SERTAD2,,13900,13900
1053,RAB1A,,7309,7309
1054,ACTR2,,7310,7310
1055,SPRED2,,16247,16247
1056,ETAA1,,8182,8182
1057,C1D,,15964,15964
1058,WDR92,,17748,17748
1059,PNO1,,4363,4363
1060,PPP3R1,,17278,17278
1061,CNRIP1,,4808,4808
1062,ANTXR1,,12097,12097
1063,GFPT1,,16249,16249
1064,NFU1,,12096,12096
1065,AAK1,,4369,4369
1066,ANXA4,,15902,15902
1067,GMCL1,,1690,1690
1068,SNRNP27,,5329,5329
1069,PCBP1,,12088,12088
1070,TIA1,,4372,4372
1071,PCYOX1,,4373,4373
1072,SNRPG,,8183,8183
1073,FAM136A,,504,504
1074,TEX261,,8196,8196
1075,NAGK,,5326,5326
1076,MCEE,,5327,5327
1077,MPHOSPH10,,5330,5330
1078,ZNF638,,1257,1257
1079,DYSF,,6854,6854
1080,EXOC6B,,8194,8194
1081,SPR,,4384,4384
1082,SFXN5,,8195,8195
1083,RAB11FIP5,,6852,6852
1084,PRADC1,,6849,6849
1085,CCT7,,18598,-1
1086,ALMS1,,4388,4388
1087,TPRKB,,8192,8192
1088,DUSP11,,8198,8198
1089,STAMBP,,5325,5325
1090,DGUOK,,4208,4208
1091,BOLA3,,10499,10499
1092,MOB1A,,4209,4209
1093,MTHFD2,,922,922
1094,DCTN1,,16726,16726
1095,WDR54,,94,94
1096,INO80B,,4257,4257
1097,WBP1,,17628,17628
1098,MOGS,,4258,4258
1099,TTC31,,4259,4259
1100,AUP1,,4266,4266
1101,HTRA2,,4268,4268
1102,DOK1,,4270,4270
1103,HK2,,9944,9944
1104,POLE4,,4272,4272
1105,EVA1A,,4276,4276
1106,MRPL19,,18600,-1
1107,GCFC2,,93,93
1108,SUCLG1,,10602,10602
1109,TMSB10,,498,498
1110,KCMF1,,13393,13393
1111,TGOLN2,,9150,9150
1112,RETSAT,,571,571
1113,ELMOD3,,4290,4290
1114,MAT2A,,11947,11947
1115,GGCX,,4296,4296
1116,VAMP5,,11944,11944
1117,RNF181,,11943,11943
1118,USP39,,11939,11939
1119,C2orf68,,11941,11941
1120,ATOH8,,11935,11935
1121,POLR1A,,1018,1018
1122,PTCD3,,6313,6313
1123,IMMT,,6314,6314
1124,MRPL35,,18601,-1
1125,KDM3A,,4309,4309
1126,CHMP3,,4311,4311
1127,RNF103,,17614,17614
1128,RMND5A,,9293,9293
1129,CYTOR,,18602,-1
1130,KRCC1,,12643,12643
1131,RPIA,,9295,9295
1132,MRPS5,,18603,-1
1133,FAHD2A,,4218,4218
1134,LINC00342,,18604,-1
1135,ANKRD36C,,13080,13080
1136,STARD7,,1569,1569
1137,TMEM127,,6916,6916
1138,CIAO1,,8188,8188
1139,SNRNP200,,8190,8190
1140,NCAPH,,4975,4975
1141,ARID5A,,15870,15870
1142,KANSL3,,4210,4210
1143,LMAN2L,,4211,4211
1144,ANKRD39,,17022,17022
1145,ANKRD36,,6922,6922
1146,AC092683.1,,19208,-1
1147,COX5B,,6912,6912
1148,ACTR1B,,4220,4220
1149,TMEM131,,1272,1272
1150,COA5,,14478,14478
1151,UNC50,,4288,4288
1152,MITD1,,9811,9811
1153,MRPL30,,18605,-1
1154,TXNDC9,,4300,4300
1155,EIF5B,,9812,9812
1156,REV1,,6913,6913
1157,AFF3,,8215,8215
1158,PDCL3,,4306,4306
1159,NPAS2,,12290,12290
1160,RPL31,,18606,-1
1161,CNOT11,,9816,9816
1162,RNF149,,10497,10497
1163,MAP4K4,,1107,1107
1164,MRPS9,,18607,-1
1165,TGFBRAP1,,6918,6918
1166,C2orf49,,6921,6921
1167,FHL2,,4323,4323
1168,NCK2,,1106,1106
1169,UXS1,,4326,4326
1170,GCC2,,6919,6919
1171,LIMS1,,12129,12129
1172,RANBP2,,18609,-1
1173,CCDC138,,10456,10456
1174,SEPTIN10,,15096,15096
1175,NPHP1,,8200,8200
1176,MTLN,,13282,13282
1177,BUB1,,12108,12108
1178,MIR4435-2HG,,18610,-1
1179,ANAPC1,,9248,9248
1180,TMEM87B,,9261,9261
1181,ZC3H8,,8210,8210
1182,ZC3H6,,15399,15399
1183,TTL,,4213,4213
1184,POLR1B,,5479,5479
1185,CHCHD5,,5476,5476
1186,SLC20A1,,8208,8208
1187,CKAP2L,,12099,12099
1188,IL1B,,5473,5473
1189,PAX8-AS1,,18612,-1
1190,PAX8,,5477,5477
1191,SLC35F5,,4221,4221
1192,ACTR3,,4223,4223
1193,DDX18,,1709,1709
1194,CCDC93,,5480,5480
1195,INSIG2,,5478,5478
1196,STEAP3,,4224,4224
1197,C2orf76,,15014,15014
1198,DBI,,9480,9480
1199,TMEM177,,8205,8205
1200,PTPN4,,1708,1708
1201,TMEM185B,,17391,17391
1202,RALB,,8203,8203
1203,CLASP1,,1210,1210
1204,NIFK,,9483,9483
1205,TSN,,16945,16945
1206,BIN1,,7046,7046
1207,CYP27C1,,15121,15121
1208,ERCC3,,10496,10496
1209,MAP3K2,,12174,12174
1210,IWS1,,10498,10498
1211,WDR33,,7043,7043
1212,SFT2D3,,12890,12890
1213,POLR2D,,8221,8221
1214,AMMECR1L,,8222,8222
1215,SAP130,,7045,7045
1216,UGGT1,,7049,7049
1217,SMPD4,,7042,7042
1218,MZT2B,,9119,9119
1219,CCDC115,,7044,7044
1220,IMP4,,7047,7047
1221,FAM168B,,9123,9123
1222,PLEKHB2,,4341,4341
1223,MZT2A,,12878,12878
1224,CCDC74A,,10463,10463
1225,C2orf27A,,18615,-1
1226,MGAT5,,9125,9125
1227,CCNT2,,1517,1517
1228,RAB3GAP1,,4348,4348
1229,ZRANB3,,5051,5051
1230,R3HDM1,,633,633
1231,UBXN4,,8216,8216
1232,MCM6,,1290,1290
1233,DARS,,4353,4353
1234,SPOPL,,8218,8218
1235,ZEB2,,12086,12086
1236,ORC4,,4364,4364
1237,MBD5,,16627,16627
1238,EPC2,,6923,6923
1239,MMADHC,,11813,11813
1240,RND3,,4366,4366
1241,NMI,,5231,5231
1242,RIF1,,1448,1448
1243,ARL5A,,10447,10447
1244,AC097448.1,,18616,-1
1245,STAM2,,4231,4231
1246,FMNL2,,9748,9748
1247,PRPF40A,,15784,15784
1248,ARL6IP6,,13625,13625
1249,GALNT13,,8223,8223
1250,GPD2,,4233,4233
1251,ACVR1,,4236,4236
1252,PKP4,,8224,8224
1253,TANC1,,4237,4237
1254,WDSUB1,,15672,15672
1255,BAZ2B,,5234,5234
1256,MARCH7,,7021,7021
1257,PLA2R1,,9266,9266
1258,RBMS1,,9267,9267
1259,TANK,,7025,7025
1260,PSMD14,,4246,4246
1261,FAP,,1367,1367
1262,FIGN,,14250,14250
1263,COBLL1,,1521,1521
1264,TTC21B,,5230,5230
1265,SCN9A,,12064,12064
1266,STK39,,16315,16315
1267,CERS6,,12683,12683
1268,SPC25,,9144,9144
1269,PPIG,,7371,7371
1270,KLHL23,,17005,17005
1271,SSB,,18617,-1
1272,METTL5,,7368,7368
1273,UBR3,,8233,8233
1274,GORASP2,,4342,4342
1275,TLK1,,16300,16300
1276,METTL8,,5229,5229
1277,DCAF17,,4346,4346
1278,CYBRD1,,1130,1130
1279,DYNC1I2,,1341,1341
1280,SLC25A12,,4349,4349
1281,HAT1,,5846,5846
1282,ITGA6,,1866,1866
1283,PDK1,,9146,9146
1284,MAP3K20,,1868,1868
1285,CDCA7,,8231,8231
1286,SP3,,12798,12798
1287,OLA1,,7376,7376
1288,CIR1,,7377,7377
1289,SCRN3,,8227,8227
1290,WIPF1,,4360,4360
1291,CHN1,,5842,5842
1292,ATF2,,4367,4367
1293,ATP5MC3,,9395,9395
1294,LNPK,,8228,8228
1295,MTX2,,5840,5840
1296,HNRNPA3,,12205,12205
1297,NFE2L2,,4381,4381
1298,AGPS,,371,371
1299,RBM45,,9498,9498
1300,OSBPL6,,1408,1408
1301,CHROMR,,18620,-1
1302,PRKRA,,13960,13960
1303,FKBP7,,1407,1407
1304,PLEKHA3,,4383,4383
1305,TTN-AS1,,18621,-1
1306,SESTD1,,15227,15227
1307,CWC22,,10584,10584
1308,UBE2E3,,12187,12187
1309,ITGA4,,4245,4245
1310,ITPRID2,,7378,7378
1311,DNAJC10,,1331,1331
1312,NCKAP1,,808,808
1313,NUP35,,10455,10455
1314,ZNF804A,,12264,12264
1315,ZC3H15,,906,906
1316,ITGAV,,7383,7383
1317,FAM171B,,8236,8236
1318,TFPI,,39,39
1319,GULP1,,8235,8235
1320,COL5A2,,16584,16584
1321,WDR75,,4278,4278
1322,ASNSD1,,7367,7367
1323,ORMDL1,,5845,5845
1324,PMS1,,875,875
1325,HIBCH,,16197,16197
1326,INPP1,,9072,9072
1327,MFSD6,,9073,9073
1328,NAB1,,7369,7369
1329,GLS,,4284,4284
1330,STAT1,,4283,4283
1331,MYO1B,,5837,5837
1332,NABP1,,12929,12929
1333,SLC39A10,,15896,15896
1334,STK17B,,1490,1490
1335,GTF3C3,,4712,4712
1336,PGAP1,,15939,15939
1337,ANKRD44,,898,898
1338,SF3B1,,4303,4303
1339,COQ10B,,4301,4301
1340,HSPD1,,8237,8237
1341,HSPE1,,4308,4308
1342,MOB4,,4307,4307
1343,SATB2,,4713,4713
1344,C2orf69,,13649,13649
1345,TYW5,,10443,10443
1346,MAIP1,,10444,10444
1347,SPATS2L,,15670,15670
1348,KCTD18,,9505,9505
1349,SGO2,,10599,10599
1350,AOX1,,7360,7360
1351,BZW1,,1512,1512
1352,CLK1,,327,327
1353,PPIL3,,17647,17647
1354,NIF3L1,,15714,15714
1355,ORC2,,4361,4361
1356,FAM126B,,9506,9506
1357,NDUFB3,,4711,4711
1358,CFLAR,,38,38
1359,TRAK2,,4370,4370
1360,STRADB,,1511,1511
1361,TMEM237,,9509,9509
1362,ALS2,,36,36
1363,SUMO1,,18622,-1
1364,NOP58,,722,722
1365,BMPR2,,16574,16574
1366,WDR12,,7381,7381
1367,NBEAL1,,8243,8243
1368,CYP20A1,,4710,4710
1369,ABI2,,7382,7382
1370,RAPH1,,12851,12851
1371,NRP2,,4637,4637
1372,INO80D,,4205,4205
1373,NDUFS1,,413,413
1374,EEF1B2,,4206,4206
1375,GPR1,,14512,14512
1376,ZDBF2,,16570,16570
1377,ADAM23,,4207,4207
1378,FASTKD2,,4636,4636
1379,KLF7,,4639,4639
1380,CREB1,,4638,4638
1381,METTL21A,,8239,8239
1382,CCNYL1,,10515,10515
1383,IDH1,,7375,7375
1384,PIKFYVE,,4216,4216
1385,RPE,,16081,16081
1386,LANCL1,,4277,4277
1387,CPS1,,401,401
1388,SPAG16,,8245,8245
1389,BARD1,,7363,7363
1390,ATIC,,7361,7361
1391,FN1,,4282,4282
1392,XRCC5,,1410,1410
1393,MARCH4,,8265,8265
1394,SMARCAL1,,7362,7362
1395,RPL37A,,18623,-1
1396,IGFBP5,,4291,4291
1397,TNS1,,1414,1414
1398,ARPC2,,10569,10569
1399,AAMP,,5743,5743
1400,PNKD,,5744,5744
1401,TMBIM1,,6907,6907
1402,CTDSP1,,8263,8263
1403,USP37,,6900,6900
1404,CNOT9,,8264,8264
1405,BCS1L,,1224,1224
1406,RNF25,,10574,10574
1407,CNPPD1,,4325,4325
1408,RETREG2,,8262,8262
1409,ZFAND2B,,9837,9837
1410,ABCB6,,4327,4327
1411,ATG9A,,16445,16445
1412,ANKZF1,,10588,10588
1413,STK16,,4328,4328
1414,TUBA4A,,5741,5741
1415,DNAJB2,,6905,6905
1416,DNPEP,,5256,5256
1417,SPEG,,1144,1144
1418,GMPPA,,8267,8267
1419,CHPF,,5255,5255
1420,OBSL1,,5259,5259
1421,FARSB,,4387,4387
1422,ACSL3,,5254,5254
1423,AP1S3,,9115,9115
1424,WDFY1,,1605,1605
1425,MRPL44,,18624,-1
1426,SERPINE2,,6904,6904
1427,CUL3,,514,514
1428,DOCK10,,6898,6898
1429,IRS1,,11979,11979
1430,MFF,,11963,11963
1431,AGFG1,,12966,12966
1432,DAW1,,5253,5253
1433,DNER,,15350,15350
1434,TRIP12,,9312,9312
1435,SLC16A14,,10467,10467
1436,SP110,,6895,6895
1437,SP140,,1412,1412
1438,SP140L,,14856,14856
1439,SP100,,967,967
1440,CAB39,,6911,6911
1441,ITM2C,,6902,6902
1442,PSMD1,,12956,12956
1443,ARMC9,,6910,6910
1444,NCL,,4219,4219
1445,PTMA,,18625,-1
1446,PDE6D,,9652,9652
1447,COPS7B,,8255,8255
1448,DIS3L2,,8256,8256
1449,EIF4E2,,6909,6909
1450,GIGYF2,,16554,16554
1451,ATG16L1,,1625,1625
1452,DGKD,,1322,1322
1453,USP40,,1626,1626
1454,HJURP,,5213,5213
1455,ARL4C,,15370,15370
1456,SH3BP4,,5986,5986
1457,AGAP1,,9766,9766
1458,COPS8,,16307,16307
1459,MLPH,,4324,4324
1460,LRRFIP1,,5401,5401
1461,UBE2F,,14607,14607
1462,SCLY,,6319,6319
1463,ILKAP,,6316,6316
1464,TRAF3IP1,,16552,16552
1465,ASB1,,917,917
1466,TWIST2,,17508,17508
1467,NDUFA10,,6038,6038
1468,COPS9,,12717,12717
1469,GPC1,,839,839
1470,RNPEPL1,,7918,7918
1471,CAPN10,,18626,-1
1472,MTERF4,,5061,5061
1473,PPP1R7,,4331,4331
1474,HDLBP,,4330,4330
1475,SEPTIN2,,11831,11831
1476,FARP2,,140,140
1477,STK25,,4333,4333
1478,BOK,,13436,13436
1479,THAP4,,13472,13472
1480,ATG4B,,11837,11837
1481,DTYMK,,11834,11834
1482,ING5,,11836,11836
1483,D2HGDH,,14051,14051
1484,TRNT1,,1163,1163
1485,CRBN,,4101,4101
1486,SUMF1,,8247,8247
1487,ITPR1,,8984,8984
1488,BHLHE40,,6575,6575
1489,ARL8B,,6576,6576
1490,EDEM1,,6577,6577
1491,OXTR,,14052,14052
1492,RAD18,,1103,1103
1493,THUMPD3-AS1,,18628,-1
1494,THUMPD3,,6573,6573
1495,SETD5,,11782,11782
1496,MTMR14,,10662,10662
1497,BRPF1,,9654,9654
1498,OGG1,,4113,4113
1499,CAMK1,,6572,6572
1500,TADA3,,12430,12430
1501,ARPC4,,17684,17684
1502,RPUSD3,,9655,9655
1503,JAGN1,,12428,12428
1504,IL17RC,,10657,10657
1505,EMC3,,5410,5410
1506,FANCD2,,8258,8258
1507,BRK1,,17941,17941
1508,VHL,,6574,6574
1509,TATDN2,,9657,9657
1510,SEC13,,9659,9659
1511,HRH1,,15820,15820
1512,ATG7,,16038,16038
1513,VGLL4,,8260,8260
1514,TAMM41,,8259,8259
1515,PPARG,,6299,6299
1516,TSEN2,,9418,9418
1517,MKRN2,,1289,1289
1518,RAF1,,6297,6297
1519,RPL32,,18629,-1
1520,CHCHD4,,10595,10595
1521,TMEM43,,12366,12366
1522,XPC,,9421,9421
1523,LSM3,,12363,12363
1524,SLC6A6,,6206,6206
1525,CCDC174,,9422,9422
1526,FGD5-AS1,,18630,-1
1527,NR2C2,,13552,13552
1528,MRPS25,,18631,-1
1529,RBSN,,6204,6204
1530,CAPN7,,6201,6201
1531,SH3BP5,,6198,6198
1532,METTL6,,16937,16937
1533,EAF1,,8269,8269
1534,HACL1,,6199,6199
1535,BTD,,12137,12137
1536,ANKRD28,,16935,16935
1537,DPH3,,9425,9425
1538,RFTN1,,6202,6202
1539,TBC1D5,,6200,6200
1540,RAB5A,,8261,8261
1541,SGO1,,5959,5959
1542,UBE2E2,,14245,14245
1543,UBE2E1,,12204,12204
1544,NKIRAS1,,16123,16123
1545,RPL15,,18632,-1
1546,NR1D2,,13112,13112
1547,RARB,,1325,1325
1548,TOP2B,,1326,1326
1549,NGLY1,,8996,8996
1550,OXSM,,8997,8997
1551,SLC4A7,,494,494
1552,CMC1,,15206,15206
1553,AZI2,,10585,10585
1554,RBMS3,,8272,8272
1555,TGFBR2,,10586,10586
1556,STT3B,,10594,10594
1557,OSBPL10,,8274,8274
1558,CMTM7,,9290,9290
1559,CMTM6,,1865,1865
1560,DYNC1LI1,,8271,8271
1561,CNOT10,,14378,14378
1562,GLB1,,12230,12230
1563,CRTAP,,12233,12233
1564,SUSD5,,12960,12960
1565,FBXL2,,9291,9291
1566,UBP1,,9292,9292
1567,CLASP2,,10601,10601
1568,PDCD6IP,,12224,12224
1569,STAC,,8283,8283
1570,EPM2AIP1,,13718,13718
1571,MLH1,,1296,1296
1572,LRRFIP2,,1939,1939
1573,GOLGA4,,18633,-1
1574,CTDSPL,,8282,8282
1575,ACAA1,,801,801
1576,OXSR1,,12813,12813
1577,EXOG,,9660,9660
1578,WDR48,,4181,4181
1579,SLC25A38,,8279,8279
1580,RPSA,,18634,-1
1581,EIF1B,,4189,4189
1582,RPL14,,18635,-1
1583,ZNF621,,12802,12802
1584,CTNNB1,,11758,11758
1585,TRAK1,,14312,14312
1586,SEC22C,,1940,1940
1587,SS18L2,,212,212
1588,NKTR,,4198,4198
1589,ZBTB47,,4196,4196
1590,HIGD1A,,14082,14082
1591,SNRK,,10679,10679
1592,ANO10,,10110,10110
1593,ABHD5,,277,277
1594,TCAIM,,13818,13818
1595,ZNF445,,14815,14815
1596,ZNF197,,15077,15077
1597,ZNF35,,12177,12177
1598,KIAA1143,,10687,10687
1599,KIF15,,10688,10688
1600,TMEM42,,12173,12173
1601,ZDHHC3,,10691,10691
1602,EXOSC7,,1287,1287
1603,CDCP1,,10692,10692
1604,TMEM158,,17844,17844
1605,LARS2,,287,287
1606,LIMD1,,8294,8294
1607,SACM1L,,16944,16944
1608,FYCO1,,10696,10696
1609,CCDC12,,10120,10120
1610,SETD2,,18636,-1
1611,KIF9,,1727,1727
1612,KLHL18,,4171,4171
1613,PTPN23,,1295,1295
1614,SCAP,,4172,4172
1615,ELP6,,10700,10700
1616,SMARCC1,,12914,12914
1617,DHX30,,6296,6296
1618,MAP4,,615,615
1619,CDC25A,,10759,10759
1620,NME6,,12644,12644
1621,CCDC51,,10764,10764
1622,TMA7,,17484,17484
1623,SHISA5,,10766,10766
1624,PFKFB4,,4132,4132
1625,UQCRC1,,246,246
1626,NCKIPSD,,17060,17060
1627,IP6K2,,1021,1021
1628,PRKAR2A,,4135,4135
1629,ARIH2,,13558,13558
1630,P4HTM,,13709,13709
1631,WDR6,,13681,13681
1632,DALRD3,,13660,13660
1633,NDUFAF3,,13648,13648
1634,IMPDH2,,13645,13645
1635,QRICH1,,16219,16219
1636,QARS,,12636,12636
1637,LAMB2,,12634,12634
1638,USP4,,4137,4137
1639,RHOA,,984,984
1640,TCTA,,8325,8325
1641,DAG1,,12897,12897
1642,APEH,,10769,10769
1643,GMPPB,,12923,12923
1644,IP6K1,,13338,13338
1645,MON1A,,10776,10776
1646,RBM6,,51,51
1647,RBM5,,41,41
1648,GNAI2,,4141,4141
1649,IFRD2,,17165,17165
1650,HYAL2,,998,998
1651,TUSC2,,4145,4145
1652,RASSF1,,1000,1000
1653,NPRL2,,4146,4146
1654,CYB561D2,,4147,4147
1655,TMEM115,,5579,5579
1656,MAPKAPK3,,4179,4179
1657,MANF,,8329,8329
1658,RBM15B,,18058,18058
1659,DCAF1,,8328,8328
1660,RAD54L2,,10778,10778
1661,TEX264,,10779,10779
1662,RRP9,,4185,4185
1663,PARP3,,562,562
1664,PCBP4,,1808,1808
1665,ABHD14B,,4188,4188
1666,ABHD14A,,17818,17818
1667,ACY1,,17761,17761
1668,RPL29,,18637,-1
1669,POC1A,,10782,10782
1670,ALAS1,,416,416
1671,TWF2,,17805,17805
1672,WDR82,,10785,10785
1673,BAP1,,10726,10726
1674,NISCH,,254,254
1675,NT5DC2,,11805,11805
1676,SMIM4,,11807,11807
1677,PBRM1,,10731,10731
1678,GNL3,,10730,10730
1679,GLT8D1,,362,362
1680,SPCS1,,4202,4202
1681,NEK4,,4203,4203
1682,STIMATE,,17045,17045
1683,RFT1,,10728,10728
1684,TKT,,18531,18531
1685,DCP1A,,18236,18236
1686,ACTR8,,4098,4098
1687,SELENOK,,4097,4097
1688,WNT5A,,4131,4131
1689,CCDC66,,13983,13983
1690,TASOR,,10733,10733
1691,APPL1,,9713,9713
1692,PDE12,,13130,13130
1693,ARF4,,11830,11830
1694,DENND6A,,13129,13129
1695,SLMAP,,10649,10649
1696,FLNB,,6938,6938
1697,RPP14,,10651,10651
1698,PXK,,11815,11815
1699,PDHB,,11814,11814
1700,KCTD6,,11818,11818
1701,THOC7,,10635,10635
1702,ATXN7,,10636,10636
1703,PSMD6,,10637,10637
1704,PRICKLE2,,10638,10638
1705,MAGI1,,9015,9015
1706,SLC25A26,,8289,8289
1707,SUCLG2,,12694,12694
1708,SUCLG2-AS1,,19209,-1
1709,EOGT,,10547,10547
1710,TMF1,,8292,8292
1711,UBA3,,8290,8290
1712,ARL6IP5,,8291,8291
1713,MITF,,15203,15203
1714,FOXP1,,4200,4200
1715,RYBP,,10618,10618
1716,SHQ1,,8288,8288
1717,PPP4R2,,10619,10619
1718,LINC00960,,19210,-1
1719,ROBO1,,12142,12142
1720,GBE1,,4156,4156
1721,VGLL3,,16932,16932
1722,CHMP2B,,1565,1565
1723,CGGBP1,,10531,10531
1724,ZNF654,,13180,13180
1725,C3orf38,,13790,13790
1726,PROS1,,14675,14675
1727,ARL13B,,12053,12053
1728,DHFR2,,13737,13737
1729,NSUN3,,13735,13735
1730,MTRNR2L12,,18639,-1
1731,CRYBG3,,1444,1444
1732,RIOX2,,12361,12361
1733,CLDND1,,1465,1465
1734,CPOX,,1464,1464
1735,ST3GAL6-AS1,,19211,-1
1736,ST3GAL6,,851,851
1737,DCBLD2,,748,748
1738,LINC00973,,19212,-1
1739,COL8A1,,8297,8297
1740,CMSS1,,14617,14617
1741,FILIP1L,,11832,11832
1742,TBC1D23,,513,513
1743,NIT2,,4111,4111
1744,TOMM70,,9357,9357
1745,TMEM45A,,14122,14122
1746,TFG,,4142,4142
1747,TRMT10C,,13030,13030
1748,PCNP,,18640,-1
1749,ZBTB11,,945,945
1750,RPL24,,18641,-1
1751,CEP97,,14288,14288
1752,NXPE3,,8298,8298
1753,NFKBIZ,,8296,8296
1754,ALCAM,,12185,12185
1755,CBLB,,4150,4150
1756,DUBR,,19213,-1
1757,BBX,,4151,4151
1758,CD47,,15854,15854
1759,IFT57,,4152,4152
1760,CIP2A,,10582,10582
1761,DZIP3,,16442,16442
1762,NECTIN3,,13603,13603
1763,PHLDB2,,8301,8301
1764,ABHD10,,8302,8302
1765,C3orf52,,4161,4161
1766,ATG3,,8308,8308
1767,SLC35A5,,7385,7385
1768,CCDC80,,1889,1889
1769,GTPBP8,,10621,10621
1770,NEPRO,,10622,10622
1771,BOC,,8310,8310
1772,USF3,,13412,13412
1773,NAA50,,5008,5008
1774,ATP6V1A,,4166,4166
1775,QTRT2,,9057,9057
1776,ZBTB20,,14154,14154
1777,B4GALT4,,5007,5007
1778,TMEM39A,,13345,13345
1779,POGLUT1,,10549,10549
1780,TIMMDC1,,4100,4100
1781,COX17,,7390,7390
1782,GSK3B,,1530,1530
1783,LRRC58,,10558,10558
1784,FSTL1,,10559,10559
1785,NDUFB4,,903,903
1786,RABL3,,8305,8305
1787,GTF2E1,,9300,9300
1788,POLQ,,674,674
1789,GOLGB1,,12867,12867
1790,IQCB1,,12865,12865
1791,CCDC58,,10015,10015
1792,FAM162A,,4112,4112
1793,KPNA1,,4114,4114
1794,PARP9,,7391,7391
1795,DTX3L,,10702,10702
1796,PARP14,,12854,12854
1797,SLC49A4,,7386,7386
1798,SEC22A,,5003,5003
1799,HACD2,,16927,16927
1800,MYLK,,905,905
1801,CCDC14,,13242,13242
1802,UMPS,,4158,4158
1803,ITGB5,,1531,1531
1804,HEG1,,12961,12961
1805,ZNF148,,10703,10703
1806,SNX4,,4160,4160
1807,OSBPL11,,8317,8317
1808,SLC41A3,,4163,4163
1809,ZXDC,,1082,1082
1810,CHCHD6,,9971,9971
1811,PLXNA1,,4165,4165
1812,TPRA1,,10707,10707
1813,MCM2,,1180,1180
1814,PODXL2,,4168,4168
1815,ABTB1,,4167,4167
1816,MGLL,,1222,1222
1817,SEC61A1,,764,764
1818,RUVBL1,,13296,13296
1819,EEFSEC,,6330,6330
1820,RPN1,,10720,10720
1821,RAB7A,,1280,1280
1822,ACAD9,,13585,13585
1823,ISY1,,17655,17655
1824,CNBP,,12118,12118
1825,COPG1,,14168,14168
1826,HMCES,,14498,14498
1827,H1FX,,14739,14739
1828,MBD4,,5882,5882
1829,IFT122,,10723,10723
1830,PIK3R4,,15768,15768
1831,ATP2C1,,363,363
1832,NUDT16,,16299,16299
1833,MRPL3,,18645,-1
1834,DNAJC13,,7348,7348
1835,ACAD11,,17646,17646
1836,UBA5,,1489,1489
1837,NPHP3,,4108,4108
1838,CDV3,,1873,1873
1839,TOPBP1,,10677,10677
1840,SRPRB,,8311,8311
1841,RYK,,10678,10678
1842,AMOTL2,,4110,4110
1843,ANAPC13,,5881,5881
1844,CEP63,,14368,14368
1845,PPP2R3A,,1196,1196
1846,MSL2,,13092,13092
1847,PCCB,,4115,4115
1848,STAG1,,4617,4617
1849,SLC35G2,,11951,11951
1850,NCK1,,9781,9781
1851,DBR1,,7347,7347
1852,ARMC8,,4117,4117
1853,MRAS,,9794,9794
1854,CEP70,,4118,4118
1855,FAIM,,9798,9798
1856,PIK3CB,,675,675
1857,MRPS22,,18646,-1
1858,COPB2,,14659,14659
1859,RBP1,,4120,4120
1860,CLSTN2,,9800,9800
1861,SLC25A36,,4121,4121
1862,ZBTB38,,13532,13532
1863,RASA2,,9527,9527
1864,RNF7,,4123,4123
1865,ATP1B3,,1054,1054
1866,TFDP2,,4124,4124
1867,GK5,,13172,13172
1868,XRN1,,4125,4125
1869,ATR,,13169,13169
1870,PCOLCE2,,10660,10660
1871,U2SURP,,10661,10661
1872,DIPK2A,,14156,14156
1873,PLOD2,,9227,9227
1874,PLSCR1,,15423,15423
1875,GYG1,,10674,10674
1876,HLTF,,1125,1125
1877,HPS3,,10675,10675
1878,TM4SF18,,10676,10676
1879,TM4SF1,,12161,12161
1880,WWTR1,,370,370
1881,COMMD2,,4182,4182
1882,RNF13,,1534,1534
1883,PFN2,,1068,1068
1884,TSC22D2,,15760,15760
1885,SERP1,,4930,4930
1886,EIF2A,,8315,8315
1887,SELENOT,,16402,16402
1888,SIAH2,,14167,14167
1889,MBNL1,,9191,9191
1890,MBNL1-AS1,,19214,-1
1891,RAP2B,,14123,14123
1892,DHX36,,13155,13155
1893,MME,,15796,15796
1894,SLC33A1,,12049,12049
1895,GMPS,,10643,10643
1896,AC091607.2,,19215,-1
1897,SSR3,,4195,4195
1898,TIPARP,,10644,10644
1899,CCNL1,,10645,10645
1900,VEPH1,,16007,16007
1901,PTX3,,10646,10646
1902,SLC66A1L,,13139,13139
1903,SHOX2,,11916,11916
1904,RSRC1,,13137,13137
1905,MLF1,,13647,13647
1906,GFM1,,11930,11930
1907,LXN,,1411,1411
1908,RARRES1,,4694,4694
1909,MFSD1,,4695,4695
1910,IFT80,,1026,1026
1911,SMC4,,4096,4096
1912,TRIM59,,17008,17008
1913,KPNA4,,15072,15072
1914,NMD3,,12031,12031
1915,PDCD10,,4129,4129
1916,GOLIM4,,12989,12989
1917,MECOM,,1599,1599
1918,MYNN,,1598,1598
1919,SEC62,,226,226
1920,PHC3,,12985,12985
1921,PRKCI,,10605,10605
1922,SKIL,,7028,7028
1923,RPL22L1,,18647,-1
1924,EIF5A2,,10611,10611
1925,TNIK,,9375,9375
1926,FNDC3B,,1267,1267
1927,NCEH1,,8319,8319
1928,ECT2,,4139,4139
1929,TBL1XR1,,13573,13573
1930,ZMAT3,,12758,12758
1931,PIK3CA,,5036,5036
1932,ZNF639,,5034,5034
1933,MFN1,,12419,12419
1934,GNB4,,4153,4153
1935,ACTL6A,,7016,7016
1936,MRPL47,,18648,-1
1937,NDUFB5,,7017,7017
1938,USP13,,760,760
1939,TTC14,,10663,10663
1940,FXR1,,4149,4149
1941,DNAJC19,,16894,16894
1942,ATP11B,,761,761
1943,DCUN1D1,,579,579
1944,MCCC1,,1365,1365
1945,YEATS2,,10708,10708
1946,PARL,,13195,13195
1947,ABCC5,,4186,4186
1948,EIF2B5,,8336,8336
1949,DVL3,,10169,10169
1950,AP2M1,,10170,10170
1951,ABCF3,,10171,10171
1952,ALG3,,17119,17119
1953,EEF1AKMT4,,18486,18486
1954,CAMK2N2,,10717,10717
1955,PSMD2,,13190,13190
1956,EIF4G1,,4201,4201
1957,POLR2H,,10714,10714
1958,MAGEF1,,13540,13540
1959,VPS8,,9646,9646
1960,MAP3K13,,1203,1203
1961,TMEM41A,,10719,10719
1962,SENP2,,10721,10721
1963,IGF2BP2,,1202,1202
1964,TRA2B,,7018,7018
1965,ETV5,,17779,17779
1966,DNAJB11,,1824,1824
1967,EIF4A2,,9653,9653
1968,RFC4,,10725,10725
1969,RPL39L,,18649,-1
1970,LPP,,8321,8321
1971,P3H2,,1825,1825
1972,CCDC50,,9177,9177
1973,AC073365.1,,19216,-1
1974,OPA1,,16395,16395
1975,HES1,,4136,4136
1976,ATP13A3,,6519,6519
1977,TMEM44,,8322,8322
1978,LSG1,,561,561
1979,XXYLT1,,13000,13000
1980,ACAP2,,4138,4138
1981,PPP1R2,,14610,14610
1982,TNK2,,811,811
1983,TFRC,,1147,1147
1984,PCYT1A,,10172,10172
1985,TCTEX1D2,,17002,17002
1986,UBXN7,,10739,10739
1987,RNF168,,10740,10740
1988,FBXO45,,13009,13009
1989,PIGX,,10741,10741
1990,PAK2,,13982,13982
1991,SENP5,,4723,4723
1992,NCBP2,,4159,4159
1993,NCBP2AS2,,18206,18206
1994,DLG1,,1279,1279
1995,BDH1,,10176,10176
1996,RUBCN,,8323,8323
1997,FYTTD1,,5060,5060
1998,LRCH3,,14984,14984
1999,RPL35A,,18651,-1
2000,LMLN,,14895,14895
2001,ZNF718,,17850,17850
2002,ZNF721,,14365,14365
2003,PIGG,,13037,13037
2004,ATP5ME,,11973,11973
2005,MYL5,,17221,17221
2006,PCGF3,,14894,14894
2007,GAK,,13774,13774
2008,FGFRL1,,5705,5705
2009,CTBP1,,18653,-1
2010,CTBP1-DT,,18654,-1
2011,MAEA,,1813,1813
2012,SLBP,,10735,10735
2013,TACC3,,337,337
2014,TMEM129,,11957,11957
2015,LETM1,,11953,11953
2016,NSD2,,3570,3570
2017,NELFA,,14784,14784
2018,C4orf48,,17738,17738
2019,HAUS3,,17136,17136
2020,MXD4,,5251,5251
2021,ZFYVE28,,9977,9977
2022,RNF4,,841,841
2023,FAM193A,,5444,5444
2024,TNIP2,,11940,11940
2025,ADD1,,1685,1685
2026,MFSD10,,3574,3574
2027,NOP14-AS1,,19217,-1
2028,NOP14,,1684,1684
2029,HTT,,16001,16001
2030,RGS12,,9982,9982
2031,LRPAP1,,10736,10736
2032,TMEM128,,6332,6332
2033,LYAR,,8343,8343
2034,STX18,,11927,11927
2035,EVC,,1169,1169
2036,WFS1,,3552,3552
2037,MAN2B2,,319,319
2038,MRFAP1,,13789,13789
2039,AC093323.1,,12358,12358
2040,MRFAP1L1,,13783,13783
2041,BLOC1S4,,15037,15037
2042,KIAA0232,,12364,12364
2043,TBC1D14,,6331,6331
2044,TADA2B,,12826,12826
2045,GRPEL1,,3554,3554
2046,AFAP1,,15790,15790
2047,WDR1,,1109,1109
2048,ZNF518B,,13662,13662
2049,RAB28,,9753,9753
2050,BOD1L1,,532,532
2051,CC2D2A,,622,622
2052,FBXL5,,4674,4674
2053,FAM200B,,17605,17605
2054,TAPT1,,12132,12132
2055,QDPR,,9053,9053
2056,LAP3,,21,21
2057,MED28,,4675,4675
2058,DCAF16,,10518,10518
2059,NCAPG,,3585,3585
2060,LCORL,,13666,13666
2061,PACRGL,,10488,10488
2062,ADGRA3,,9232,9232
2063,DHX15,,3560,3560
2064,CCDC149,,14196,14196
2065,PI4K2B,,531,531
2066,ANAPC4,,698,698
2067,SMIM20,,17851,17851
2068,RBPJ,,11792,11792
2069,TBC1D19,,3568,3568
2070,STIM2,,3572,3572
2071,PCDH7,,12141,12141
2072,ARAP2,,604,604
2073,RELL1,,14173,14173
2074,PGM2,,12039,12039
2075,TBC1D1,,920,920
2076,KLF3,,3582,3582
2077,FAM114A1,,16080,16080
2078,TMEM156,,5038,5038
2079,KLHL5,,3583,3583
2080,WDR19,,9745,9745
2081,RFC1,,512,512
2082,RPL9,,18658,-1
2083,LIAS,,5039,5039
2084,UGDH,,3586,3586
2085,SMIM14,,10650,10650
2086,UBE2K,,1370,1370
2087,PDS5A,,5037,5037
2088,N4BP2,,1372,1372
2089,APBB2,,10656,10656
2090,UCHL1,,9372,9372
2091,LIMCH1,,843,843
2092,TMEM33,,3520,3520
2093,SLC30A9,,344,344
2094,GUF1,,9092,9092
2095,GNPDA2,,10521,10521
2096,COMMD8,,11972,11972
2097,ATP10D,,8347,8347
2098,NFXL1,,12276,12276
2099,SLAIN2,,3523,3523
2100,FRYL,,1271,1271
2101,OCIAD1,,3524,3524
2102,OCIAD2,,8348,8348
2103,DCUN1D4,,3527,3527
2104,SGCB,,10469,10469
2105,USP46,,3528,3528
2106,DANCR,,18659,-1
2107,SCFD2,,14606,14606
2108,FIP1L1,,8341,8341
2109,CHIC2,,3532,3532
2110,SRD5A3,,5768,5768
2111,TMEM165,,6705,6705
2112,CLOCK,,6706,6706
2113,NMU,,3533,3533
2114,EXOC1,,1848,1848
2115,CEP135,,13123,13123
2116,AASDH,,9706,9706
2117,PPAT,,5773,5773
2118,PAICS,,5771,5771
2119,SRP72,,13118,13118
2120,REST,,1571,1571
2121,NOA1,,1570,1570
2122,POLR2B,,602,602
2123,IGFBP7,,10565,10565
2124,EPHA5,,8345,8345
2125,CENPC,,8344,8344
2126,UBA6,,490,490
2127,UBA6-AS1,,18660,-1
2128,YTHDC1,,1564,1564
2129,AMTN,,15292,15292
2130,UTP3,,6345,6345
2131,RUFY3,,367,367
2132,GRSF1,,6341,6341
2133,MOB1B,,12924,12924
2134,DCK,,9557,9557
2135,SLC4A4,,1450,1450
2136,COX18,,10629,10629
2137,ANKRD17,,6344,6344
2138,CXCL8,,12063,12063
2139,MTHFD2L,,10668,10668
2140,RCHY1,,10670,10670
2141,THAP6,,13122,13122
2142,G3BP2,,7438,7438
2143,USO1,,7444,7444
2144,SDAD1,,16234,16234
2145,NUP54,,7435,7435
2146,SCARB2,,7441,7441
2147,STBD1,,4692,4692
2148,SHROOM3,,7446,7446
2149,SEPTIN11,,7439,7439
2150,CCNI,,4693,4693
2151,CCNG2,,7442,7442
2152,CNOT6L,,7443,7443
2153,MRPL1,,18661,-1
2154,ANXA3,,7447,7447
2155,BMP2K,,7437,7437
2156,PAQR3,,10526,10526
2157,ANTXR2,,10529,10529
2158,PRDM8,,9212,9212
2159,FGF5,,7421,7421
2160,HNRNPD,,7417,7417
2161,HNRNPDL,,9214,9214
2162,ENOPH1,,8353,8353
2163,SCD5,,8351,8351
2164,SEC31A,,7420,7420
2165,THAP9-AS1,,18663,-1
2166,LIN54,,15625,15625
2167,COPS4,,7416,7416
2168,COQ2,,12838,12838
2169,HELQ,,10530,10530
2170,MRPS18C,,18664,-1
2171,ABRAXAS1,,10532,10532
2172,GPAT3,,7422,7422
2173,WDFY3,,10628,10628
2174,ARHGAP24,,7407,7407
2175,PTPN13,,10630,10630
2176,AFF1,,12733,12733
2177,KLHL8,,8357,8357
2178,HSD17B11,,16214,16214
2179,NUDT9,,12294,12294
2180,SPP1,,4691,4691
2181,PKD2,,4689,4689
2182,PPM1K,,10640,10640
2183,PYURF,,8359,8359
2184,HERC3,,7409,7409
2185,FAM13A,,7408,7408
2186,SNCA,,8358,8358
2187,SMARCAD1,,10478,10478
2188,PDLIM5,,10480,10480
2189,RAP1GDS1,,7428,7428
2190,TSPAN5,,11918,11918
2191,EIF4E,,9014,9014
2192,METAP1,,18665,-1
2193,ADH5,,16130,16130
2194,LAMTOR3,,3535,3535
2195,DNAJB14,,10752,10752
2196,H2AFZ,,10753,10753
2197,PPP3CA,,7460,7460
2198,SLC39A8,,7461,7461
2199,NFKB1,,3537,3537
2200,UBE2D3,,3540,3540
2201,CISD2,,8362,8362
2202,SLC9B2,,10756,10756
2203,BDH2,,10757,10757
2204,CENPE,,7449,7449
2205,TET2,,11913,11913
2206,PPA2,,7448,7448
2207,INTS12,,7451,7451
2208,GSTCD,,7450,7450
2209,TBCK,,8360,8360
2210,AIMP1,,10750,10750
2211,PAPSS1,,7457,7457
2212,SGMS2,,10751,10751
2213,CYP2U1,,9446,9446
2214,HADH,,7455,7455
2215,RPL34,,18666,-1
2216,OSTC,,16410,16410
2217,SEC24B,,7458,7458
2218,MCUB,,74,74
2219,CASP6,,7453,7453
2220,PLA2G12A,,5242,5242
2221,GAR1,,3555,3555
2222,ELOVL6,,12298,12298
2223,AP1AR,,7415,7415
2224,TIFA,,8365,8365
2225,ZGRF1,,7414,7414
2226,LARP7,,13110,13110
2227,CAMK2D,,8361,8361
2228,ARSJ,,14032,14032
2229,SNHG8,,18667,-1
2230,PRSS12,,10788,10788
2231,METTL14,,8369,8369
2232,SEC24D,,8979,8979
2233,USP53,,8370,8370
2234,C4orf3,,10787,10787
2235,PDE5A,,7431,7431
2236,MAD2L1,,10793,10793
2237,ANXA5,,10794,10794
2238,EXOSC9,,5241,5241
2239,CCNA2,,8368,8368
2240,BBS7,,7425,7425
2241,KIAA1109,,7426,7426
2242,FGF2,,7424,7424
2243,NUDT6,,18668,-1
2244,SPATA5,,8366,8366
2245,ANKRD50,,9038,9038
2246,FAT4,,15677,15677
2247,INTU,,10770,10770
2248,HSPA4L,,10772,10772
2249,PLK4,,7967,7967
2250,MFSD8,,10773,10773
2251,LARP1B,,7429,7429
2252,PGRMC2,,10758,10758
2253,JADE1,,1352,1352
2254,SCLT1,,9041,9041
2255,C4orf33,,9043,9043
2256,PCDH10,,7412,7412
2257,SLC7A11,,8987,8987
2258,ELF2,,3542,3542
2259,NDUFC1,,3543,3543
2260,NAA15,,10808,10808
2261,SETD7,,8371,8371
2262,MGST2,,1623,1623
2263,SCOC,,9250,9250
2264,CLGN,,9251,9251
2265,ELMOD2,,13847,13847
2266,TBC1D9,,3545,3545
2267,ZNF330,,3546,3546
2268,INPP4B,,3547,3547
2269,USP38,,12214,12214
2270,SMARCA5,,9253,9253
2271,HHIP-AS1,,19218,-1
2272,HHIP,,10812,10812
2273,ANAPC10,,10813,10813
2274,ABCE1,,10814,10814
2275,OTUD4,,10815,10815
2276,SMAD1,,12253,12253
2277,ZNF827,,9060,9060
2278,LSM6,,10816,10816
2279,TMEM184C,,10817,10817
2280,ARHGAP10,,1112,1112
2281,LRBA,,16301,16301
2282,MAB21L2,,14130,14130
2283,RPS3A,,18670,-1
2284,SH3D19,,3571,3571
2285,GATB,,780,780
2286,FBXW7,,3566,3566
2287,ARFIP1,,10811,10811
2288,TRIM2,,3564,3564
2289,MND1,,4978,4978
2290,TMEM131L,,4977,4977
2291,PLRG1,,12531,12531
2292,MAP9,,10797,10797
2293,PDGFC,,8376,8376
2294,GLRB,,3575,3575
2295,C4orf46,,16795,16795
2296,ETFDH,,12517,12517
2297,PPID,,12514,12514
2298,FNIP2,,684,684
2299,RAPGEF2,,3577,3577
2300,NAF1,,8372,8372
2301,TMA16,,16276,16276
2302,TMEM192,,12196,12196
2303,MSMO1,,685,685
2304,CPE,,3551,3551
2305,ANXA10,,3553,3553
2306,DDX60L,,14112,14112
2307,PALLD,,5886,5886
2308,CBR4,,8377,8377
2309,SH3RF1,,9387,9387
2310,NEK1,,7215,7215
2311,CLCN3,,3557,3557
2312,HPF1,,738,738
2313,GALNT7,,3559,3559
2314,HMGB2,,10790,10790
2315,SAP30,,10791,10791
2316,FBXO8,,10799,10799
2317,CEP44,,10800,10800
2318,SPCS3,,5887,5887
2319,VEGFC,,8951,8951
2320,NEIL3,,3567,3567
2321,AGA,,530,530
2322,TENM3,,17258,17258
2323,DCTD,,5895,5895
2324,WWC2,,9080,9080
2325,CDKN2AIP,,11876,11876
2326,ING2,,11875,11875
2327,RWDD4,,14299,14299
2328,TRAPPC11,,11871,11871
2329,IRF2,,11822,11822
2330,CASP3,,10860,10860
2331,PRIMPOL,,10861,10861
2332,CENPU,,9081,9081
2333,ACSL1,,9082,9082
2334,SLC25A4,,9083,9083
2335,CFAP97,,10866,10866
2336,SNX25,,3579,3579
2337,ANKRD37,,15059,15059
2338,UFSP2,,3581,3581
2339,SORBS2,,9399,9399
2340,FAT1,,1563,1563
2341,FRG1,,3556,3556
2342,CCDC127,,10882,10882
2343,SDHA,,1190,1190
2344,PDCD6,,17841,17841
2345,EXOC3-AS1,,18671,-1
2346,EXOC3,,13946,13946
2347,BRD9,,459,459
2348,TRIP13,,1118,1118
2349,CLPTM1L,,649,649
2350,LPCAT1,,9280,9280
2351,MRPL36,,18672,-1
2352,NDUFS6,,8381,8381
2353,ICE1,,18673,-1
2354,MED10,,6497,6497
2355,NSUN2,,524,524
2356,SRD5A1,,8386,8386
2357,TENT4A,,3990,3990
2358,MTRR,,5317,5317
2359,MIR4458HG,,18674,-1
2360,SEMA5A,,3988,3988
2361,SNHG18,,19219,-1
2362,ATPSCKMT,,8964,8964
2363,CCT5,,8963,8963
2364,CMBL,,10838,10838
2365,MARCH6,,8382,8382
2366,DAP,,3993,3993
2367,TRIO,,536,536
2368,OTULIN,,9347,9347
2369,ZNF622,,12925,12925
2370,RETREG1,,9354,9354
2371,MYO10,,8387,8387
2372,BASP1,,13448,13448
2373,CDH10,,556,556
2374,CDH6,,4038,4038
2375,DROSHA,,4037,4037
2376,C5orf22,,1516,1516
2377,GOLPH3,,4041,4041
2378,MTMR12,,8960,8960
2379,ZFR,,739,739
2380,SUB1,,4042,4042
2381,TARS,,4046,4046
2382,ADAMTS12,,9032,9032
2383,AMACR,,17701,17701
2384,RAI14,,546,546
2385,RAD1,,4050,4050
2386,BRIX1,,4051,4051
2387,DNAJC21,,11905,11905
2388,IL7R,,11900,11900
2389,SKP2,,8389,8389
2390,NADK2,,9193,9193
2391,NIPBL,,10829,10829
2392,CPLANE1,,16058,16058
2393,NUP155,,4062,4062
2394,WDR70,,1508,1508
2395,OSMR,,8390,8390
2396,RICTOR,,10869,10869
2397,DAB2,,9244,9244
2398,TTC33,,4074,4074
2399,PRKAA1,,6321,6321
2400,RPL37,,18677,-1
2401,CARD6,,6322,6322
2402,OXCT1,,1552,1552
2403,C5orf51,,16865,16865
2404,CCDC152,,16415,16415
2405,AC025171.1,,18679,-1
2406,ZNF131,,12677,12677
2407,HMGCS1,,3992,3992
2408,TMEM267,,9100,9100
2409,PAIP1,,12672,12672
2410,NNT-AS1,,18681,-1
2411,NNT,,3997,3997
2412,MRPS30,,18682,-1
2413,EMB,,12308,12308
2414,PARP8,,9102,9102
2415,PELO,,9200,9200
2416,ITGA1,,17092,17092
2417,ITGA2,,10819,10819
2418,MOCS2,,10820,10820
2419,FST,,6629,6629
2420,NDUFS4,,10845,10845
2421,SNX18,,13784,13784
2422,ESM1,,10849,10849
2423,GPX8,,10854,10854
2424,CCNO,,9196,9196
2425,DHX29,,978,978
2426,MTREX,,541,541
2427,PLPP1,,969,969
2428,IL6ST,,6628,6628
2429,SETD9,,9491,9491
2430,GPBP1,,815,815
2431,PLK2,,8392,8392
2432,DEPDC1B,,506,506
2433,ERCC8,,636,636
2434,NDUFAF2,,10825,10825
2435,SMIM15,,15503,15503
2436,LINC02057,,19220,-1
2437,ZSWIM6,,6042,6042
2438,KIF2A,,1023,1023
2439,DIMT1,,1635,1635
2440,IPO11,,1636,1636
2441,SREK1IP1,,9234,9234
2442,CWC27,,9236,9236
2443,ADAMTS6,,637,637
2444,CENPK,,5183,5183
2445,PPWD1,,4067,4067
2446,TRIM23,,4069,4069
2447,TRAPPC13,,4070,4070
2448,SGTB,,16118,16118
2449,NLN,,5182,5182
2450,ERBIN,,3982,3982
2451,SREK1,,18683,-1
2452,MAST4,,1034,1034
2453,PIK3R1,,8395,8395
2454,SLC30A5,,8410,8410
2455,CCNB1,,6568,6568
2456,CENPH,,9238,9238
2457,MRPS36,,18684,-1
2458,CDK7,,6569,6569
2459,CCDC125,,14447,14447
2460,AK6,,1597,1597
2461,TAF9,,18254,18254
2462,RAD17,,9225,9225
2463,GTF2H2,,8409,8409
2464,BDP1,,8408,8408
2465,MCCC2,,6261,6261
2466,MAP1B,,6241,6241
2467,MRPS27,,18685,-1
2468,PTCD2,,654,654
2469,TNPO1,,1544,1544
2470,FCHO2,,9669,9669
2471,FOXD1,,17877,17877
2472,BTF3,,8411,8411
2473,ANKRA2,,10872,10872
2474,UTP15,,10875,10875
2475,ARHGEF28,,17186,17186
2476,ENC1,,12542,12542
2477,HEXB,,653,653
2478,GFM2,,10879,10879
2479,NSA2,,10878,10878
2480,HMGCR,,4009,4009
2481,CERT1,,4010,4010
2482,POLK,,5053,5053
2483,POC5,,9155,9155
2484,F2RL2,,10835,10835
2485,F2R,,14088,14088
2486,AGGF1,,10842,10842
2487,ZBED3,,6417,6417
2488,WDR41,,10843,10843
2489,TBCA,,18686,-1
2490,AP3B1,,6416,6416
2491,SCAMP1,,1600,1600
2492,LHFPL2,,8397,8397
2493,BHMT2,,6415,6415
2494,JMY,,9161,9161
2495,TENT2,,10870,10870
2496,MTX3,,13486,13486
2497,SERINC5,,10857,10857
2498,ZFYVE16,,543,543
2499,AC008771.1,,19221,-1
2500,DHFR,,17431,17431
2501,MSH3,,4032,4032
2502,ZCCHC9,,6245,6245
2503,ATG10,,9154,9154
2504,RPS23,,18688,-1
2505,TMEM167A,,13106,13106
2506,XRCC4,,9163,9163
2507,VCAN,,537,537
2508,EDIL3,,10822,10822
2509,AC113383.1,,19222,-1
2510,COX7C,,5686,5686
2511,RASA1,,8403,8403
2512,CCNH,,6647,6647
2513,TMEM161B,,10823,10823
2514,TMEM161B-AS1,,18689,-1
2515,CETN3,,9252,9252
2516,POLR3G,,4036,4036
2517,LYSMD3,,13325,13325
2518,LUCAT1,,19223,-1
2519,ARRDC3,,4040,4040
2520,NR2F1-AS1,,19224,-1
2521,NR2F1,,13287,13287
2522,FAM172A,,4044,4044
2523,SLF1,,6487,6487
2524,MCTP1,,13246,13246
2525,TTC37,,16321,16321
2526,ARSK,,10852,10852
2527,RHOBTB3,,10853,10853
2528,GLRX,,12864,12864
2529,ELL2,,4708,4708
2530,CAST,,9249,9249
2531,ERAP1,,10862,10862
2532,LNPEP,,4048,4048
2533,RIOK2,,772,772
2534,RGMB,,13024,13024
2535,CHD1,,9320,9320
2536,FAM174A,,13023,13023
2537,PAM,,8407,8407
2538,PPIP5K2,,8406,8406
2539,C5orf30,,14157,14157
2540,NUDT12,,3985,3985
2541,FBXL17,,8412,8412
2542,FER,,9036,9036
2543,PJA2,,16464,16464
2544,MAN2A1,,3987,3987
2545,SLC25A46,,10832,10832
2546,TSLP,,8414,8414
2547,WDR36,,6729,6729
2548,CAMK4,,9178,9178
2549,NREP,,6728,6728
2550,EPB41L4A-AS1,,18690,-1
2551,APC,,6727,6727
2552,SRP19,,9237,9237
2553,REEP5,,5944,5944
2554,DCP2,,12788,12788
2555,MCC,,12492,12492
2556,YTHDC2,,599,599
2557,PGGT1B,,10834,10834
2558,CCDC112,,10836,10836
2559,FEM1C,,8416,8416
2560,TICAM2,,17737,17737
2561,TMED7,,6726,6726
2562,ATG12,,8418,8418
2563,AP3S1,,13621,13621
2564,COMMD10,,8417,8417
2565,DMXL1,,12800,12800
2566,TNFAIP8,,8415,8415
2567,HSD17B4,,6540,6540
2568,PRR16,,14730,14730
2569,SRFBP1,,9018,9018
2570,LOX,,4002,4002
2571,SNX2,,16807,16807
2572,SNX24,,864,864
2573,PPIC,,11958,11958
2574,CSNK1G3,,9017,9017
2575,GRAMD2B,,9474,9474
2576,ALDH7A1,,11007,11007
2577,PHAX,,11006,11006
2578,LMNB1,,4039,4039
2579,MARCH3,,12995,12995
2580,PRRC1,,10840,10840
2581,LINC01184,,18691,-1
2582,SLC12A2,,863,863
2583,FBN2,,7463,7463
2584,ISOC1,,950,950
2585,HINT1,,12089,12089
2586,LYRM7,,15122,15122
2587,CDC42SE2,,9887,9887
2588,RAPGEF6,,9888,9888
2589,FNIP1,,17252,17252
2590,P4HA2,,1160,1160
2591,PDLIM4,,6211,6211
2592,IRF1,,5434,5434
2593,RAD50,,4056,4056
2594,KIF3A,,6212,6212
2595,SEPTIN8,,10888,10888
2596,UQCRQ,,10891,10891
2597,AFF4,,1150,1150
2598,ZCCHC10,,9475,9475
2599,HSPA4,,12315,12315
2600,C5orf15,,4066,4066
2601,VDAC1,,17049,17049
2602,TCF7,,1479,1479
2603,SKP1,,4061,4061
2604,PPP2CA,,4063,4063
2605,UBE2B,,4714,4714
2606,CDKN2AIPNL,,17586,17586
2607,JADE2,,580,580
2608,SAR1B,,9202,9202
2609,SEC24A,,4072,4072
2610,CAMLG,,10933,10933
2611,DDX46,,8426,8426
2612,C5orf24,,14185,14185
2613,TXNDC15,,4073,4073
2614,PCBD2,,6363,6363
2615,H2AFY,,4077,4077
2616,TGFBI,,4923,4923
2617,SMAD5,,4080,4080
2618,SPOCK1,,9156,9156
2619,HNRNPA0,,13609,13609
2620,FAM13B,,475,475
2621,BRD8,,3995,3995
2622,KIF20A,,3996,3996
2623,CDC23,,1948,1948
2624,CDC25C,,9810,9810
2625,FAM53C,,4924,4924
2626,KDM3B,,4928,4928
2627,EGR1,,4929,4929
2628,ETF1,,4922,4922
2629,HSPA9,,3998,3998
2630,CTNNA1,,587,587
2631,SIL1,,4925,4925
2632,SNHG4,,18693,-1
2633,PAIP2,,4926,4926
2634,DNAJC18,,12280,12280
2635,TMEM173,,14691,14691
2636,UBE2D2,,6228,6228
2637,CXXC5,,12537,12537
2638,PURA,,14801,14801
2639,CYSTM1,,4873,4873
2640,PFDN1,,3999,3999
2641,HBEGF,,4000,4000
2642,ANKHD1,,6225,6225
2643,SRA1,,17044,17044
2644,SLC35A4,,13336,13336
2645,NDUFA2,,6224,6224
2646,IK,,4008,4008
2647,WDR55,,4874,4874
2648,HARS,,12275,12275
2649,HARS2,,3984,3984
2650,ZMAT2,,8455,8455
2651,TAF7,,13764,13764
2652,DIAPH1,,6226,6226
2653,HDAC3,,12556,12556
2654,DELE1,,1497,1497
2655,RNF14,,330,330
2656,GNPDA1,,4059,4059
2657,NDFIP1,,6227,6227
2658,FGF1,,4064,4064
2659,ARHGAP26,,8422,8422
2660,NR3C1,,4065,4065
2661,YIPF5,,8421,8421
2662,PRELID2,,15051,15051
2663,SH3RF2,,9595,9595
2664,LARS,,6526,6526
2665,RBM27,,1849,1849
2666,TCERG1,,4078,4078
2667,DPYSL3,,4079,4079
2668,C5orf46,,13748,13748
2669,FBXO38,,8433,8433
2670,ADRB2,,12032,12032
2671,ABLIM3,,12859,12859
2672,GRPEL2,,10850,10850
2673,CSNK1A1,,4081,4081
2674,SLC26A2,,9518,9518
2675,HMGXB3,,4082,4082
2676,PDGFRB,,4084,4084
2677,TCOF1,,1099,1099
2678,RPS14,,18695,-1
2679,NDST1,,1089,1089
2680,SYNPO,,12624,12624
2681,RBM22,,1647,1647
2682,DCTN4,,6427,6427
2683,SMIM3,,17984,17984
2684,TNIP1,,8437,8437
2685,ANXA6,,15916,15916
2686,SPARC,,4007,4007
2687,ATOX1,,13571,13571
2688,G3BP1,,18696,-1
2689,FAM114A2,,726,726
2690,GALNT10,,10922,10922
2691,SAP30L,,10923,10923
2692,LARP1,,9487,9487
2693,CNOT8,,9488,9488
2694,GEMIN5,,1526,1526
2695,MRPL22,,18697,-1
2696,MED7,,9520,9520
2697,CYFIP2,,727,727
2698,ADAM19,,6743,6743
2699,THG1L,,4024,4024
2700,CLINT1,,4026,4026
2701,RNF145,,8429,8429
2702,UBLCP1,,10873,10873
2703,TTC1,,4031,4031
2704,PWWP2A,,12221,12221
2705,SLU7,,10930,10930
2706,PTTG1,,10932,10932
2707,CCNG1,,4035,4035
2708,NUDCD2,,12312,12312
2709,HMMR,,1157,1157
2710,MAT2B,,533,533
2711,WWC1,,4076,4076
2712,RARS,,4075,4075
2713,PANK3,,4850,4850
2714,SLIT3,,14640,14640
2715,SPDL1,,550,550
2716,INSYN2B,,16721,16721
2717,NPM1,,18698,-1
2718,FBXW11,,1166,1166
2719,STK10,,1165,1165
2720,UBTD2,,11799,11799
2721,DUSP1,,4849,4849
2722,ERGIC1,,4083,4083
2723,RPL26L1,,18699,-1
2724,ATP6V0E1,,4086,4086
2725,CREBRF,,10903,10903
2726,BNIP1,,4087,4087
2727,NKX2-5,,14402,14402
2728,STC2,,4088,4088
2729,BOD1,,8442,8442
2730,CPEB4,,4089,4089
2731,SFXN1,,10905,10905
2732,THOC3,,677,677
2733,KIAA1191,,5072,5072
2734,NOP16,,621,621
2735,HIGD2A,,8464,8464
2736,CLTB,,13238,13238
2737,FAF2,,4011,4011
2738,TSPAN17,,620,620
2739,UIMC1,,1676,1676
2740,ZNF346,,4092,4092
2741,NSD1,,11182,11182
2742,MXD3,,17025,17025
2743,PRELID1,,12022,12022
2744,LMAN2,,12019,12019
2745,F12,,6184,6184
2746,GRK6,,16174,16174
2747,PRR7,,6185,6185
2748,DBN1,,4091,4091
2749,PDLIM7,,15888,15888
2750,DDX41,,14431,14431
2751,TMED9,,14731,14731
2752,B4GALT7,,453,453
2753,RMND5B,,8441,8441
2754,NHP2,,8440,8440
2755,HNRNPAB,,16018,16018
2756,PHYKPL,,13217,13217
2757,CLK4,,4018,4018
2758,RUFY1,,13446,13446
2759,HNRNPH1,,18701,-1
2760,CANX,,5675,5675
2761,MAML1,,10157,10157
2762,MGAT4B,,10156,10156
2763,SQSTM1,,10155,10155
2764,MRNIP,,10154,10154
2765,TBC1D9B,,15965,15965
2766,RNF130,,4023,4023
2767,MAPK9,,667,667
2768,CNOT6,,4028,4028
2769,MGAT1,,6213,6213
2770,HEIH,,18702,-1
2771,ZFP62,,15831,15831
2772,TRIM7,,8462,8462
2773,TRIM41,,8463,8463
2774,RACK1,,16693,16693
2775,TRIM52,,14523,14523
2776,TRIM52-AS1,,18704,-1
2777,DUSP22,,3960,3960
2778,EXOC2,,3961,3961
2779,GMDS,,3964,3964
2780,WRNIP1,,5351,5351
2781,SERPINB6,,5357,5357
2782,NQO2,,5361,5361
2783,RIPK1,,7167,7167
2784,BPHL,,7166,7166
2785,TUBB2A,,7162,7162
2786,PSMG4,,14037,14037
2787,PXDC1,,11967,11967
2788,PRPF4B,,3968,3968
2789,ECI2,,16339,16339
2790,CDYL,,9239,9239
2791,RPP40,,5392,5392
2792,LYRM4,,17115,17115
2793,FARS2,,8450,8450
2794,RREB1,,5387,5387
2795,SSR1,,5388,5388
2796,RIOK1,,5389,5389
2797,DSP,,2002,2002
2798,SNRNP48,,11877,11877
2799,TXNDC5,,17612,17612
2800,BLOC1S5,,15449,15449
2801,EEF1E1,,5396,5396
2802,SLC35B3,,5391,5391
2803,TFAP2A,,7149,7149
2804,GCNT2,,3839,3839
2805,PAK1IP1,,3838,3838
2806,TMEM14C,,3837,3837
2807,TMEM14B,,7152,7152
2808,SMIM13,,17358,17358
2809,ADTRP,,3843,3843
2810,HIVEP1,,18706,-1
2811,EDN1,,1381,1381
2812,TBC1D7,,8449,8449
2813,GFOD1,,8451,8451
2814,NOL7,,17379,17379
2815,RANBP9,,240,240
2816,MCUR1,,660,660
2817,JARID2,,196,196
2818,DTNBP1,,608,608
2819,GMPR,,7147,7147
2820,ATXN1,,5393,5393
2821,RBM24,,3886,3886
2822,CAP2,,3887,3887
2823,FAM8A1,,7184,7184
2824,NUP153,,5394,5394
2825,KIF13A,,7144,7144
2826,TPMT,,7177,7177
2827,DEK,,5395,5395
2828,RNF144B,,7179,7179
2829,E2F3,,3899,3899
2830,CDKAL1,,8452,8452
2831,SOX4,,5383,5383
2832,MRS2,,5350,5350
2833,TDP2,,3831,3831
2834,ACOT13,,3912,3912
2835,C6orf62,,3914,3914
2836,GMNN,,3916,3916
2837,CARMIL1,,1430,1430
2838,TRIM38,,3923,3923
2839,HIST1H1C,,15329,15329
2840,HIST1H4C,,15924,15924
2841,HIST1H2AC,,14006,14006
2842,HIST1H1E,,11816,11816
2843,HIST1H1D,,5359,5359
2844,BTN3A2,,15084,15084
2845,BTN2A2,,5348,5348
2846,BTN2A1,,3972,3972
2847,HMGN4,,14374,14374
2848,ABT1,,8472,8472
2849,ZNF322,,14105,14105
2850,HIST1H2AH,,18281,18281
2851,HIST1H1B,,14644,14644
2852,ZSCAN16-AS1,,18715,-1
2853,ZKSCAN8,,16235,16235
2854,ZSCAN26,,15925,15925
2855,PGBD1,,7175,7175
2856,TRIM27,,16718,16718
2857,HLA-A,,19225,-1
2858,ZNRD1,,942,942
2859,PPP1R11,,16691,16691
2860,TRIM26,,17518,17518
2861,HCG18,,18716,-1
2862,RPP21,,17679,17679
2863,HLA-E,,18717,-1
2864,GNL1,,16680,16680
2865,PRR3,,16677,16677
2866,ABCF1,,16676,16676
2867,PPP1R10,,16673,16673
2868,MRPS18B,,18718,-1
2869,C6orf136,,16672,16672
2870,DHX16,,16671,16671
2871,PPP1R18,,8473,8473
2872,NRM,,7180,7180
2873,MDC1,,7174,7174
2874,TUBB,,15697,15697
2875,FLOT1,,7172,7172
2876,IER3,,7173,7173
2877,DDR1,,16678,16678
2878,GTF2H4,,17070,17070
2879,CCHCR1,,16664,16664
2880,TCF19,,7171,7171
2881,HLA-C,,18719,-1
2882,HLA-B,,19147,-1
2883,MICA,,16660,16660
2884,DDX39B,,16293,16293
2885,NFKBIL1,,16651,16651
2886,PRRC2A,,16643,16643
2887,BAG6,,16642,16642
2888,C6orf47,,16637,16637
2889,GPANK1,,16636,16636
2890,CSNK2B,,16635,16635
2891,ABHD16A,,16633,16633
2892,DDAH2,,17066,17066
2893,CLIC1,,17065,17065
2894,VARS,,16624,16624
2895,LSM2,,16623,16623
2896,HSPA1A,,16621,16621
2897,HSPA1B,,16620,16620
2898,SNHG32,,16619,16619
2899,NEU1,,16618,16618
2900,EHMT2,,16615,16615
2901,NELFE,,16611,16611
2902,SKIV2L,,16609,16609
2903,STK19,,16605,16605
2904,ATF6B,,17061,17061
2905,AGPAT1,,16598,16598
2906,RNF5,,16597,16597
2907,PBX2,,16595,16595
2908,TAP2,,16586,16586
2909,PSMB8,,16585,16585
2910,PSMB9,,17641,17641
2911,TAP1,,11835,11835
2912,BRD2,,16583,16583
2913,RXRB,,16579,16579
2914,SLC39A7,,3935,3935
2915,RING1,,16577,16577
2916,VPS52,,17341,17341
2917,RPS18,,18720,-1
2918,WDR46,,17404,17404
2919,PFDN6,,16576,16576
2920,RGL2,,17595,17595
2921,TAPBP,,17479,17479
2922,DAXX,,16573,16573
2923,KIFC1,,17601,17601
2924,PHF1,,3939,3939
2925,CUTA,,3940,3940
2926,BAK1,,471,471
2927,ITPR3,,2000,2000
2928,UQCC2,,7169,7169
2929,LEMD2,,10225,10225
2930,HMGA1,,7170,7170
2931,SMIM29,,15105,15105
2932,NUDT3,,18226,18226
2933,RPS10,,18721,-1
2934,ILRUN,,15866,15866
2935,SNRPC,,5354,5354
2936,UHRF1BP1,,884,884
2937,TAF11,,878,878
2938,ANKS1A,,879,879
2939,PPARD,,3861,3861
2940,RPL10A,,18722,-1
2941,TEAD3,,187,187
2942,FKBP5,,1990,1990
2943,SRPK1,,1991,1991
2944,MAPK14,,3866,3866
2945,BRPF3,,1992,1992
2946,KCTD20,,3868,3868
2947,STK38,,3869,3869
2948,SRSF3,,3870,3870
2949,CDKN1A,,5382,5382
2950,PPIL1,,7142,7142
2951,C6orf89,,16317,16317
2952,MTCH1,,7181,7181
2953,PIM1,,7146,7146
2954,RNF8,,3875,3875
2955,CMTR1,,7148,7148
2956,CCDC167,,16452,16452
2957,ZFAND3,,9617,9617
2958,GLO1,,5384,5384
2959,SAYSD1,,3883,3883
2960,OARD1,,5362,5362
2961,FOXP4,,7141,7141
2962,TOMM6,,17169,17169
2963,BYSL,,3949,3949
2964,CCND3,,3948,3948
2965,TAF8,,7183,7183
2966,MRPS10,,18723,-1
2967,TRERF1,,5346,5346
2968,UBR2,,427,427
2969,TBCC,,5370,5370
2970,RPL7L1,,18724,-1
2971,C6orf226,,17277,17277
2972,CNPY3,,7140,7140
2973,PEX6,,5360,5360
2974,PPP2R5D,,3955,3955
2975,MEA1,,5379,5379
2976,KLHDC3,,5375,5375
2977,RRP36,,5352,5352
2978,MRPL2,,18725,-1
2979,PTK7,,3956,3956
2980,SRF,,3957,3957
2981,DNPH1,,3959,3959
2982,ZNF318,,12502,12502
2983,TJAP1,,7155,7155
2984,POLR1C,,12497,12497
2985,YIPF3,,7151,7151
2986,XPO5,,5358,5358
2987,POLH,,12335,12335
2988,GTPBP2,,12718,12718
2989,MAD2L1BP,,5373,5373
2990,MRPS18A,,18727,-1
2991,VEGFA,,3967,3967
2992,MRPL14,,18728,-1
2993,TMEM63B,,7153,7153
2994,SLC29A1,,3970,3970
2995,HSP90AB1,,1997,1997
2996,SLC35B2,,9725,9725
2997,AARS2,,5364,5364
2998,CDC5L,,1999,1999
2999,SUPT3H,,15712,15712
3000,RUNX2,,5398,5398
3001,CD2AP,,16183,16183
3002,MMUT,,8469,8469
3003,CENPQ,,477,477
3004,MCM3,,3874,3874
3005,EFHC1,,1995,1995
3006,TRAM2,,891,891
3007,TRAM2-AS1,,19226,-1
3008,TMEM14A,,1994,1994
3009,ICK,,3878,3878
3010,FBXO9,,3879,3879
3011,ELOVL5,,311,311
3012,GCLC,,8,8
3013,DST,,9105,9105
3014,BEND6,,9106,9106
3015,KIAA1586,,11778,11778
3016,ZNF451,,3889,3889
3017,BAG2,,3890,3890
3018,RAB23,,3891,3891
3019,PRIM2,,8475,8475
3020,PHF3,,4658,4658
3021,LMBRD1,,11793,11793
3022,SMAP1,,3913,3913
3023,OGFRL1,,4813,4813
3024,LINC00472,,19227,-1
3025,MTO1,,6777,6777
3026,EEF1A1,,18731,-1
3027,SLC17A5,,4812,4812
3028,CD109,,9610,9610
3029,COL12A1,,3829,3829
3030,COX7A2,,3962,3962
3031,TMEM30A,,3963,3963
3032,SENP6,,3965,3965
3033,MYO6,,15807,15807
3034,PHIP,,8488,8488
3035,HMGN3,,4652,4652
3036,LCA5,,6789,6789
3037,TTK,,3969,3969
3038,BCKDHB,,1539,1539
3039,TENT5A,,3974,3974
3040,IBTK,,100,100
3041,TPBG,,8486,8486
3042,PGM3,,325,325
3043,RWDD2A,,326,326
3044,ME1,,919,919
3045,CYB5R4,,911,911
3046,CEP162,,6781,6781
3047,NT5E,,6784,6784
3048,SNX14,,6783,6783
3049,SYNCRIP,,6782,6782
3050,SNHG5,,18732,-1
3051,ZNF292,,15563,15563
3052,SMIM8,,3840,3840
3053,RARS2,,8495,8495
3054,ORC3,,6788,6788
3055,AKIRIN2,,6787,6787
3056,RNGTT,,3847,3847
3057,PNRC1,,8493,8493
3058,PM20D2,,8494,8494
3059,UBE2J1,,16393,16393
3060,LYRM2,,1538,1538
3061,MDN1,,3881,3881
3062,CASP8AP2,,4651,4651
3063,MAP3K7,,6790,6790
3064,MANEA,,12727,12727
3065,UFL1,,338,338
3066,NDUFAF4,,5217,5217
3067,MMS22L,,8490,8490
3068,FBXL4,,3896,3896
3069,COQ3,,6333,6333
3070,PNISR,,6334,6334
3071,USP45,,5218,5218
3072,TSTD3,,18733,-1
3073,CCNC,,3897,3897
3074,ASCC3,,3901,3901
3075,POPDC3,,6335,6335
3076,PREP,,1601,1601
3077,ATG5,,756,756
3078,QRSL1,,6027,6027
3079,MTRES1,,6028,6028
3080,PDSS2,,10910,10910
3081,SEC63,,439,439
3082,OSTM1,,1480,1480
3083,SNX3,,3920,3920
3084,FOXO3,,4682,4682
3085,SESN1,,1453,1453
3086,CEP57L1,,14413,14413
3087,CD164,,6836,6836
3088,MICAL1,,6845,6845
3089,ZBTB24,,3925,3925
3090,FIG4,,3926,3926
3091,WASF1,,3906,3906
3092,CDC40,,11846,11846
3093,CDK19,,9458,9458
3094,AMD1,,5216,5216
3095,GTF3C6,,9459,9459
3096,RPF2,,16031,16031
3097,MFSD4B,,12862,12862
3098,REV3L,,229,229
3099,TRAF3IP2,,746,746
3100,FYN,,266,266
3101,TUBE1,,1238,1238
3102,FAM229B,,16494,16494
3103,LAMA4,,3973,3973
3104,MARCKS,,18346,18346
3105,HDAC2,,15810,15810
3106,NT5DC1,,13704,13704
3107,TSPYL4,,15223,15223
3108,DSE,,3833,3833
3109,TSPYL1,,15614,15614
3110,RWDD1,,3834,3834
3111,ZUP1,,9326,9326
3112,KPNA5,,15884,15884
3113,DCBLD1,,10904,10904
3114,GOPC,,616,616
3115,NUS1,,9329,9329
3116,CEP85L,,3842,3842
3117,ASF1A,,3844,3844
3118,MAN1A1,,3848,3848
3119,GJA1,,9195,9195
3120,HSF2,,432,432
3121,SERINC1,,3850,3850
3122,RNF217,,8500,8500
3123,TPD52L1,,3852,3852
3124,HDDC2,,3851,3851
3125,NCOA7,,3854,3854
3126,HINT3,,3853,3853
3127,TRMT11,,952,952
3128,CENPW,,16492,16492
3129,RNF146,,4669,4669
3130,ECHDC1,,1938,1938
3131,PTPRK,,9218,9218
3132,ARHGAP18,,8502,8502
3133,TMEM200A,,10907,10907
3134,EPB41L2,,1434,1434
3135,AKAP7,,4664,4664
3136,MED23,,3905,3905
3137,ENPP1,,16055,16055
3138,CCN2,,4671,4671
3139,MOXD1,,1436,1436
3140,STX7,,1437,1437
3141,RPS12,,18734,-1
3142,TBPL1,,461,461
3143,SGK1,,4668,4668
3144,HBS1L,,3922,3922
3145,AHI1,,6839,6839
3146,MTFR2,,8509,8509
3147,BCLAF1,,463,463
3148,MAP3K5,,16014,16014
3149,PEX7,,3924,3924
3150,IFNGR1,,452,452
3151,PERP,,3927,3927
3152,ARFGEF3,,3928,3928
3153,HEBP2,,678,678
3154,CCDC28A,,430,430
3155,REPS1,,6846,6846
3156,ABRACL,,8506,8506
3157,CITED2,,10900,10900
3158,VTA1,,237,237
3159,ADGRG6,,3931,3931
3160,HIVEP2,,267,267
3161,AIG1,,8512,8512
3162,PEX3,,501,501
3163,FUCA2,,7,7
3164,PHACTR2,,3932,3932
3165,LTV1,,6834,6834
3166,PLAGL1,,4661,4661
3167,SF3B5,,12176,12176
3168,UTRN,,9216,9216
3169,FBXO30,,4662,4662
3170,SHPRH,,8511,8511
3171,RAB32,,4665,4665
3172,STXBP5,,10912,10912
3173,SASH1,,3856,3856
3174,TAB2,,728,728
3175,PPIL4,,6146,6146
3176,GINM1,,729,729
3177,KATNA1,,15109,15109
3178,LATS1,,6151,6151
3179,NUP43,,4864,4864
3180,PCMT1,,4868,4868
3181,LRP11,,4866,4866
3182,ULBP2,,6147,6147
3183,MTHFD1L,,4865,4865
3184,AKAP12,,6148,6148
3185,RMND1,,9528,9528
3186,ARMT1,,8520,8520
3187,SYNE1,,6149,6149
3188,FBXO5,,3859,3859
3189,MTRF1L,,3860,3860
3190,RGS17,,1886,1886
3191,SCAF8,,16998,16998
3192,TFB1M,,467,467
3193,ARID1B,,648,648
3194,TMEM242,,17236,17236
3195,SNX9,,6025,6025
3196,SYNJ2,,1375,1375
3197,GTF2H5,,18225,18225
3198,TULP4,,6024,6024
3199,TMEM181,,8515,8515
3200,DYNLT1,,8513,8513
3201,EZR,,1922,1922
3202,RSPH3,,6029,6029
3203,SOD2,,3871,3871
3204,WTAP,,8517,8517
3205,ACAT2,,4887,4887
3206,TCP1,,4888,4888
3207,MRPL18,,18737,-1
3208,IGF2R,,15930,15930
3209,MAP3K4,,1608,1608
3210,AGPAT4,,446,446
3211,QKI,,3942,3942
3212,SFT2D1,,16385,16385
3213,MPC1,,800,800
3214,RPS6KA2,,19228,-1
3215,RNASET2,,443,443
3216,FGFR1OP,,16997,16997
3217,AFDN,,6035,6035
3218,C6orf120,,14800,14800
3219,PHF10,,5975,5975
3220,FAM120B,,3950,3950
3221,PSMB1,,194,194
3222,TBP,,3951,3951
3223,PDCD2,,1132,1132
3224,FAM20C,,13602,13602
3225,PRKAR1B,,15401,15401
3226,DNAAF5,,10983,10983
3227,SUN1,,10988,10988
3228,COX19,,17645,17645
3229,C7orf50,,8524,8524
3230,ZFAND2A,,13695,13695
3231,AC091729.3,,19229,-1
3232,INTS1,,10998,10998
3233,MAFK,,16279,16279
3234,PSMG3,,9743,9743
3235,MAD1L1,,27,27
3236,MRM2,,5120,5120
3237,NUDT1,,3174,3174
3238,SNX8,,3173,3173
3239,EIF3B,,3172,3172
3240,CHST12,,6967,6967
3241,BRAT1,,3139,3139
3242,IQCE,,3140,3140
3243,TTYH3,,6986,6986
3244,GNA12,,8523,8523
3245,FOXK1,,11008,11008
3246,RBAK,,8528,8528
3247,WIPI2,,9764,9764
3248,TNRC18,,14210,14210
3249,FBXL18,,9447,9447
3250,ACTB,,1274,1274
3251,FSCN1,,1273,1273
3252,RNF216,,282,282
3253,CCZ1,,5117,5117
3254,PMS2,,5099,5099
3255,AIMP2,,3180,3180
3256,EIF2AK1,,1638,1638
3257,USP42,,3189,3189
3258,RAC1,,6971,6971
3259,KDELR2,,6972,6972
3260,ZDHHC4,,6975,6975
3261,C7orf26,,8527,8527
3262,ZNF12,,10938,10938
3263,C1GALT1,,3196,3196
3264,MIOS,,10944,10944
3265,RPA3,,3198,3198
3266,UMAD1,,17268,17268
3267,NDUFA4,,15573,15573
3268,PHF14,,3204,3204
3269,TMEM106B,,3206,3206
3270,ARL4A,,5116,5116
3271,ETV1,,134,134
3272,ANKMY2,,3213,3213
3273,BZW2,,6977,6977
3274,TSPAN13,,3216,3216
3275,AHR,,3219,3219
3276,SNX13,,1110,1110
3277,HDAC9,,619,619
3278,TWIST1,,5121,5121
3279,TWISTNB,,3102,3102
3280,ITGB8,,3106,3106
3281,CDCA7L,,10942,10942
3282,STEAP1B,,3115,3115
3283,TOMM7,,15833,15833
3284,FAM126A,,5111,5111
3285,KLHL7,,5104,5104
3286,NUP42,,6973,6973
3287,GPNMB,,6969,6969
3288,MALSU1,,9645,9645
3289,IGF2BP3,,6968,6968
3290,TRA2A,,10921,10921
3291,MPP6,,3117,3117
3292,GSDME,,3118,3118
3293,OSBPL3,,1100,1100
3294,CYCS,,12645,12645
3295,NFE2L3,,659,659
3296,HNRNPA2B1,,5107,5107
3297,CBX3,,5106,5106
3298,HIBADH,,3148,3148
3299,TAX1BP1,,3149,3149
3300,JAZF1,,9307,9307
3301,CREB5,,8529,8529
3302,SCRN1,,6963,6963
3303,FKBP14,,3155,3155
3304,PLEKHA8,,3156,3156
3305,MTURN,,13980,13980
3306,GGCT,,142,142
3307,GARS-DT,,18742,-1
3308,GARS,,3159,3159
3309,PDE1C,,9411,9411
3310,LSM5,,3192,3192
3311,AVL9,,3091,3091
3312,KBTBD2,,12360,12360
3313,FKBP9,,5114,5114
3314,NT5C3A,,5115,5115
3315,RP9,,10931,10931
3316,DPY19L1,,12982,12982
3317,HERPUD2,,5105,5105
3318,SEPTIN7,,5102,5102
3319,EEPD1,,5103,5103
3320,ANLN,,290,290
3321,EPDR1,,1640,1640
3322,STARD3NL,,247,247
3323,VPS41,,150,150
3324,YAE1,,17669,17669
3325,RALA,,131,131
3326,CDK13,,921,921
3327,MPLKIP,,11819,11819
3328,SUGCT,,13271,13271
3329,INHBA,,5113,5113
3330,C7orf25,,6964,6964
3331,PSMA2,,3224,3224
3332,MRPL32,,18744,-1
3333,STK17A,,10920,10920
3334,COA1,,3225,3225
3335,BLVRA,,3226,3226
3336,MRPS24,,18745,-1
3337,URGCP,,3227,3227
3338,UBE2D4,,1402,1402
3339,AC004951.1,,18746,-1
3340,DBNL,,6983,6983
3341,POLD2,,3232,3232
3342,YKT6,,3236,3236
3343,NUDCD3,,356,356
3344,DDX56,,6980,6980
3345,TMED4,,9843,9843
3346,OGDH,,3122,3122
3347,ZMIZ2,,5100,5100
3348,PPIA,,15706,15706
3349,H2AFV,,18747,-1
3350,PURB,,8534,8534
3351,SNHG15,,18748,-1
3352,CCM2,,6984,6984
3353,TBRG4,,6979,6979
3354,IGFBP3,,8533,8533
3355,TNS3,,6965,6965
3356,HUS1,,6981,6981
3357,UPP1,,14519,14519
3358,FIGNL1,,6338,6338
3359,GRB10,,3152,3152
3360,SEC61G,,6336,6336
3361,EGFR,,8531,8531
3362,LANCL2,,6337,6337
3363,VOPP1,,9442,9442
3364,NIPSNAP2,,8539,8539
3365,MRPS17,,18750,-1
3366,PSPH,,8541,8541
3367,CCT6A,,8540,8540
3368,SUMF2,,5885,5885
3369,CHCHD2,,3164,3164
3370,ZNF680,,12831,12831
3371,ZNF107,,15703,15703
3372,ZNF138,,15908,15908
3373,ERV3-1,,17038,17038
3374,ZNF92,,8543,8543
3375,VKORC1L1,,15842,15842
3376,GUSB,,12164,12164
3377,ASL,,5621,5621
3378,CRCP,,17676,17676
3379,TPST1,,12157,12157
3380,RABGEF1,,9412,9412
3381,AC027644.3,,18753,-1
3382,TMEM248,,3228,3228
3383,SBDS,,5622,5622
3384,TYW1,,16418,16418
3385,POM121,,15718,15718
3386,NSUN5,,6018,6018
3387,BAZ1B,,239,239
3388,BCL7B,,3235,3235
3389,TBL2,,3237,3237
3390,DNAJC30,,13394,13394
3391,BUD23,,1116,1116
3392,STX1A,,3157,3157
3393,ABHD11,,3153,3153
3394,LIMK1,,3241,3241
3395,EIF4H,,3240,3240
3396,RFC2,,647,647
3397,GTF2IRD1,,148,148
3398,GTF2I,,18109,18109
3399,RCC1L,,18270,18270
3400,TRIM73,,13754,13754
3401,POM121C,,18228,18228
3402,HIP1,,5753,5753
3403,RHBDD2,,98,98
3404,POR,,5755,5755
3405,TMEM120A,,15584,15584
3406,STYXL1,,5757,5757
3407,MDH2,,8537,8537
3408,HSPB1,,3166,3166
3409,YWHAG,,12186,12186
3410,PTPN12,,5754,5754
3411,APTR,,18754,-1
3412,RSBN1L,,15233,15233
3413,TMEM60,,6764,6764
3414,PHTF2,,138,138
3415,MAGI2-AS3,,19230,-1
3416,GNAI1,,5759,5759
3417,SEMA3C,,1251,1251
3418,CACNA2D1,,9325,9325
3419,SEMA3A,,1249,1249
3420,DMTF1,,6760,6760
3421,TMEM243,,6762,6762
3422,TP53TG1,,19231,-1
3423,CROT,,95,95
3424,DBF4,,143,143
3425,SRI,,1246,1246
3426,STEAP1,,10941,10941
3427,STEAP2,,9683,9683
3428,GTPBP10,,3094,3094
3429,CLDN12,,9686,9686
3430,CDK14,,763,763
3431,AKAP9,,5749,5749
3432,CYP51A1,,17,17
3433,KRIT1,,18,18
3434,ANKIB1,,16,16
3435,GATAD1,,9689,9689
3436,PEX1,,5760,5760
3437,RBM48,,5763,5763
3438,FAM133B,,17527,17527
3439,CDK6,,3096,3096
3440,SAMD9L,,13542,13542
3441,VPS50,,54,54
3442,TFPI2,,3099,3099
3443,GNG11,,5750,5750
3444,BET1,,3100,3100
3445,CASD1,,5764,5764
3446,SGCE,,5762,5762
3447,PEG10,,17710,17710
3448,PPP1R9A,,9835,9835
3449,PON2,,3105,3105
3450,SLC25A13,,63,63
3451,SEM1,,5751,5751
3452,SDHAF3,,15819,15819
3453,TECPR1,,16816,16816
3454,BRI3,,10959,10959
3455,BAIAP2L1,,132,132
3456,TRRAP,,15735,15735
3457,SMURF1,,16351,16351
3458,ARPC1A,,17690,17690
3459,ARPC1B,,6040,6040
3460,PDAP1,,18755,-1
3461,BUD31,,3168,3168
3462,CPSF4,,10138,10138
3463,ATP5MF,,17682,17682
3464,ZNF394,,10137,10137
3465,ZKSCAN5,,15823,15823
3466,ZNF655,,15988,15988
3467,TRIM4,,8549,8549
3468,ZKSCAN1,,3171,3171
3469,ZNF3,,11398,11398
3470,COPS6,,11774,11774
3471,MCM7,,11394,11394
3472,AP4M1,,17283,17283
3473,TAF6,,3176,3176
3474,LAMTOR4,,15400,15400
3475,PILRB,,5018,5018
3476,MEPCE,,8550,8550
3477,PPP1R35,,10124,10124
3478,TSC22D4,,11490,11490
3479,LRCH4,,1343,1343
3480,MOSPD3,,3183,3183
3481,GNB2,,12700,12700
3482,GIGYF1,,8548,8548
3483,POP7,,12692,12692
3484,EPHB4,,15751,15751
3485,SLC12A9,,8547,8547
3486,TRIP6,,1664,1664
3487,SRRT,,1667,1667
3488,TRIM56,,12147,12147
3489,SERPINE1,,3193,3193
3490,AP1S1,,3194,3194
3491,PLOD3,,3197,3197
3492,ZNHIT1,,3199,3199
3493,FIS1,,17126,17126
3494,IFT22,,5823,5823
3495,CUX1,,18022,18022
3496,PRKRIP1,,18757,-1
3497,ORAI2,,10150,10150
3498,ALKBH4,,10151,10151
3499,LRWD1,,10159,10159
3500,POLR2J,,18758,-1
3501,POLR2J3,,18504,18504
3502,UPK3BL1,,18156,18156
3503,LRRC17,,5832,5832
3504,ARMC10,,12323,12323
3505,NAPEPLD,,10161,10161
3506,PMPCB,,3097,3097
3507,DNAJC2,,3098,3098
3508,PSMC2,,10163,10163
3509,ORC5,,10981,10981
3510,KMT2E,,97,97
3511,SRPK2,,6773,6773
3512,PUS7,,1854,1854
3513,RINT1,,6772,6772
3514,SYPL1,,206,206
3515,NAMPT,,3101,3101
3516,CCDC71L,,17886,17886
3517,PRKAR2B,,87,87
3518,HBP1,,3107,3107
3519,COG5,,10926,10926
3520,DUS4L,,3108,3108
3521,BCAP29,,1281,1281
3522,SLC26A4,,1858,1858
3523,CBLL1,,3112,3112
3524,DLD,,1860,1860
3525,LAMB1,,1857,1857
3526,PNPLA8,,6769,6769
3527,THAP5,,13592,13592
3528,DNAJB9,,5825,5825
3529,IMMP2L,,14742,14742
3530,ZNF277,,16398,16398
3531,IFRD1,,145,145
3532,AC018464.1,,19232,-1
3533,SMIM30,,17121,17121
3534,MDFIC,,6776,6776
3535,TES,,6775,6775
3536,CAV2,,3126,3126
3537,CAV1,,3127,3127
3538,MET,,3128,3128
3539,CAPZA2,,16431,16431
3540,ST7,,64,64
3541,LSM8,,5817,5817
3542,ING3,,1113,1113
3543,CPED1,,3146,3146
3544,FAM3C,,15892,15892
3545,AASS,,210,210
3546,NDUFA5,,5834,5834
3547,WASL,,3177,3177
3548,POT1,,5814,5814
3549,ZNF800,,624,624
3550,ARF5,,44,44
3551,SND1,,15952,15952
3552,RBM28,,3188,3188
3553,IMPDH1,,3190,3190
3554,HILPDA,,6770,6770
3555,METTL2B,,11042,11042
3556,CALU,,5828,5828
3557,FLNC,,5826,5826
3558,ATP6V1F,,5816,5816
3559,TNPO3,,857,857
3560,UBE2H,,15107,15107
3561,ZC3HC1,,1884,1884
3562,KLHDC10,,5833,5833
3563,CPA4,,5812,5812
3564,CEP41,,3208,3208
3565,MEST,,3211,3211
3566,COPG2,,9845,9845
3567,AUXG01000058.1,,19233,-1
3568,AC016831.7,,19234,-1
3569,AC016831.1,,19235,-1
3570,AC016831.5,,19236,-1
3571,LINC-PINT,,19237,-1
3572,MKLN1,,5824,5824
3573,PODXL,,5820,5820
3574,CHCHD3,,3220,3220
3575,EXOC4,,6229,6229
3576,SLC35B4,,16774,16774
3577,AKR1B1,,1613,1613
3578,BPGM,,12691,12691
3579,CALD1,,5137,5137
3580,CYREN,,5136,5136
3581,CNOT4,,1462,1462
3582,NUP205,,9493,9493
3583,STMP1,,17734,17734
3584,MTPN,,3114,3114
3585,PTN,,3116,3116
3586,DGKI,,9735,9735
3587,CREB3L2,,14223,14223
3588,TRIM24,,5135,5135
3589,ZC3HAV1,,3120,3120
3590,UBN2,,9739,9739
3591,FMC1,,11004,11004
3592,LUC7L2,,8565,8565
3593,HIPK2,,856,856
3594,MKRN1,,6511,6511
3595,ADCK2,,6510,6510
3596,NDUFB2,,1811,1811
3597,BRAF,,9740,9740
3598,MRPS33,,18763,-1
3599,AGK,,135,135
3600,SSBP1,,3144,3144
3601,GSTK1,,16017,16017
3602,CASP2,,3163,3163
3603,AC093673.1,,19238,-1
3604,ZYX,,9984,9984
3605,TCAF1,,16258,16258
3606,CUL1,,725,725
3607,EZH2,,3207,3207
3608,PDIA4,,9501,9501
3609,ZNF282,,12229,12229
3610,ZNF777,,15767,15767
3611,ZNF746,,14096,14096
3612,ATP6V0E2,,12425,12425
3613,REPIN1,,17104,17104
3614,ABCB8,,15950,15950
3615,CDK5,,10999,10999
3616,SLC4A2,,11000,11000
3617,FASTK,,11002,11002
3618,TMUB1,,11003,11003
3619,AGAP3,,6512,6512
3620,ABCF2,,486,486
3621,CHPF2,,487,487
3622,SMARCD3,,1507,1507
3623,NUB1,,324,324
3624,RHEB,,3229,3229
3625,PRKAG2,,3230,3230
3626,GALNT11,,13679,13679
3627,KMT2C,,732,732
3628,XRCC2,,15806,15806
3629,PAXIP1,,9682,9682
3630,INSIG1,,15089,15089
3631,RBM33,,14735,14735
3632,LMBR1,,3130,3130
3633,NOM1,,8559,8559
3634,UBE3C,,228,228
3635,DNAJB6,,3133,3133
3636,NCAPG2,,8560,8560
3637,ESYT2,,4609,4609
3638,WDR60,,5661,5661
3639,FBXO25,,8617,8617
3640,ERICH1,,2858,2858
3641,CLN8,,14270,14270
3642,AC100810.1,,18769,-1
3643,ARHGEF10,,2861,2861
3644,MCPH1,,8615,8615
3645,AGPAT5,,9461,9461
3646,MFHAS1,,8616,8616
3647,ERI1,,2848,2848
3648,TNKS,,12879,12879
3649,MSRA,,13298,13298
3650,PINX1,,17912,17912
3651,MTMR9,,2850,2850
3652,FAM167A,,9376,9376
3653,NEIL2,,9377,9377
3654,FDFT1,,1424,1424
3655,CTSB,,10962,10962
3656,DLC1,,10964,10964
3657,TUSC3,,2860,2860
3658,MICU3,,9536,9536
3659,ZDHHC2,,2798,2798
3660,CNOT7,,16369,16369
3661,VPS37A,,9538,9538
3662,PCM1,,1390,1390
3663,ASAH1,,2867,2867
3664,PSD3,,9542,9542
3665,SH2D4A,,2846,2846
3666,INTS10,,2847,2847
3667,ATP6V1B2,,8624,8624
3668,XPO7,,6006,6006
3669,FAM160B2,,9876,9876
3670,REEP4,,11852,11852
3671,BMP1,,11856,11856
3672,POLR3D,,11860,11860
3673,SLC39A14,,2849,2849
3674,PPP3CC,,4950,4950
3675,SORBS3,,4946,4946
3676,PDLIM2,,4951,4951
3677,C8orf58,,17695,17695
3678,CCAR2,,9884,9884
3679,BIN3,,8630,8630
3680,TNFRSF10B,,4945,4945
3681,TNFRSF10D,,12920,12920
3682,CHMP7,,8633,8633
3683,R3HCC1,,2853,2853
3684,LOXL2,,6560,6560
3685,ENTPD4,,15963,15963
3686,SLC25A37,,8632,8632
3687,STC1,,9903,9903
3688,DOCK5,,8634,8634
3689,KCTD9,,2865,2865
3690,CDCA2,,14705,14705
3691,PPP2R2A,,17304,17304
3692,BNIP3L,,2868,2868
3693,PNMA2,,17656,17656
3694,DPYSL2,,1930,1930
3695,SCARA3,,11770,11770
3696,CCDC25,,8625,8625
3697,ESCO2,,12471,12471
3698,PBK,,11771,11771
3699,ELP3,,6561,6561
3700,ZNF395,,15165,15165
3701,EXTL3,,309,309
3702,HMBOX1,,8626,8626
3703,KIF13B,,16128,16128
3704,DUSP4,,4943,4943
3705,SARAF,,6543,6543
3706,LEPROTL1,,2851,2851
3707,DCTN6,,2852,2852
3708,RBPMS,,9670,9670
3709,GTF2E2,,15973,15973
3710,GSR,,2854,2854
3711,UBXN8,,2856,2856
3712,PPP2CB,,2857,2857
3713,WRN,,11118,11118
3714,NRG1,,9676,9676
3715,TTI2,,5955,5955
3716,MAK16,,16170,16170
3717,ZNF703,,14543,14543
3718,ERLIN2,,8637,8637
3719,PLPBP,,8636,8636
3720,RAB11FIP1,,9621,9621
3721,EIF4EBP1,,15331,15331
3722,ASH2L,,5954,5954
3723,LSM1,,13222,13222
3724,BAG4,,9627,9627
3725,DDHD2,,1619,1619
3726,PLPP5,,8644,8644
3727,NSD3,,8646,8646
3728,LETM2,,11041,11041
3729,FGFR1,,1355,1355
3730,TACC1,,8642,8642
3731,PLEKHA2,,12076,12076
3732,TM2D2,,12074,12074
3733,ADAM9,,11886,11886
3734,SFRP1,,2813,2813
3735,GOLGA7,,8643,8643
3736,GINS4,,8645,8645
3737,GPAT4,,9848,9848
3738,KAT6A,,1540,1540
3739,AP3M2,,1090,1090
3740,PLAT,,2819,2819
3741,IKBKB,,2818,2818
3742,POLB,,1084,1084
3743,VDAC3,,1389,1389
3744,SLC20A2,,11879,11879
3745,SMIM19,,13359,13359
3746,THAP1,,6272,6272
3747,RNF170,,4953,4953
3748,HOOK3,,11789,11789
3749,FNTA,,11868,11868
3750,HGSNAT,,11054,11054
3751,SPIDR,,10980,10980
3752,PRKDC,,17902,17902
3753,MCM4,,2863,2863
3754,UBE2V2,,12000,12000
3755,SNAI2,,382,382
3756,PCMTD1,,11817,11817
3757,RB1CC1,,414,414
3758,ATP6V1H,,601,601
3759,RGS20,,8641,8641
3760,TCEA1,,18774,-1
3761,LYPLA1,,4960,4960
3762,MRPL15,,18775,-1
3763,TMEM68,,11721,11721
3764,TGS1,,7213,7213
3765,LYN,,17911,17911
3766,RPS20,,18776,-1
3767,CHCHD7,,12348,12348
3768,IMPAD1,,2812,2812
3769,UBXN2B,,17198,17198
3770,SDCBP,,7214,7214
3771,NSMAF,,508,508
3772,RAB2A,,2824,2824
3773,CHD7,,12470,12470
3774,ASPH,,16246,16246
3775,GGH,,7210,7210
3776,YTHDF3,,14919,14919
3777,ARMC1,,2833,2833
3778,MTFR1,,960,960
3779,PDE7A,,16802,16802
3780,RRS1,,13793,13793
3781,MYBL1,,14915,14915
3782,VCPIP1,,13173,13173
3783,SGK3,,2795,2795
3784,SNHG6,,18777,-1
3785,COPS5,,4962,4962
3786,CSPP1,,2797,2797
3787,ARFGEF1,,957,957
3788,SULF1,,7212,7212
3789,NCOA2,,7663,7663
3790,TRAM1,,971,971
3791,LACTB2,,8652,8652
3792,MSC-AS1,,19239,-1
3793,TERF1,,8654,8654
3794,RPL7,,18778,-1
3795,RDH10,,4963,4963
3796,STAU2,,551,551
3797,UBE2W,,2815,2815
3798,ELOC,,9400,9400
3799,TMEM70,,13273,13273
3800,ZFHX4,,1881,1881
3801,PEX2,,10970,10970
3802,PKIA,,12402,12402
3803,ZC2HC1A,,2830,2830
3804,MRPS28,,18779,-1
3805,FABP5,,10951,10951
3806,IMPA1,,6528,6528
3807,ZFAND1,,2801,2801
3808,CHMP4C,,10956,10956
3809,SNX16,,2838,2838
3810,LRRCC1,,6529,6529
3811,RBIS,,13438,13438
3812,WWP1,,5167,5167
3813,RMDN1,,13424,13424
3814,CPNE3,,1614,1614
3815,MMP16,,9553,9553
3816,AF117829.1,,18780,-1
3817,RIPK2,,2805,2805
3818,OSGIN2,,10986,10986
3819,NBN,,2807,2807
3820,DECR1,,2810,2810
3821,TMEM64,,14018,14018
3822,C8orf88,,17884,17884
3823,PIP4P2,,9456,9456
3824,OTUD6B-AS1,,18781,-1
3825,OTUD6B,,9457,9457
3826,TRIQK,,16788,16788
3827,FAM92A,,15433,15433
3828,RBM12B,,14551,14551
3829,TMEM67,,11024,11024
3830,PDP1,,11023,11023
3831,GEM,,11022,11022
3832,VIRMA,,11020,11020
3833,DPY19L4,,9560,9560
3834,INTS8,,11019,11019
3835,CCNE2,,13216,13216
3836,NDUFAF6,,9561,9561
3837,TP53INP1,,11018,11018
3838,PLEKHF2,,13312,13312
3839,GDF6,,9596,9596
3840,UQCRB,,9597,9597
3841,MTERF3,,9598,9598
3842,PTDSS1,,9599,9599
3843,SDC2,,12067,12067
3844,CPQ,,2809,2809
3845,MTDH,,8660,8660
3846,LAPTM4B,,2814,2814
3847,RPL30,,18782,-1
3848,RIDA,,6358,6358
3849,POP1,,2816,2816
3850,STK3,,2822,2822
3851,VPS13B,,6359,6359
3852,COX6C,,11009,11009
3853,POLR2K,,8664,8664
3854,SPAG1,,2835,2835
3855,RNF19A,,500,500
3856,PABPC1,,18783,-1
3857,YWHAZ,,11011,11011
3858,ZNF706,,4959,4959
3859,RRM2B,,623,623
3860,UBR5,,2840,2840
3861,KLF10,,9452,9452
3862,AZIN1,,9454,9454
3863,ATP6V1C1,,9455,9455
3864,FZD6,,11013,11013
3865,SLC25A32,,11015,11015
3866,DCAF13,,11016,11016
3867,LRP12,,8661,8661
3868,AC027031.2,,19240,-1
3869,OXR1,,10989,10989
3870,ANGPT1,,9359,9359
3871,EIF3E,,2825,2825
3872,EMC2,,2826,2826
3873,NUDCD1,,4898,4898
3874,ENY2,,4899,4899
3875,EBAG9,,8662,8662
3876,TRPS1,,2834,2834
3877,EIF3H,,8666,8666
3878,UTP23,,8667,8667
3879,RAD21,,10971,10971
3880,MED30,,10973,10973
3881,EXT1,,14236,14236
3882,CCN3,,7114,7114
3883,TAF2,,855,855
3884,DSCC1,,7111,7111
3885,MRPL13,,18784,-1
3886,DERL1,,7112,7112
3887,TBC1D31,,9629,9629
3888,C8orf76,,15640,15640
3889,ZHX1,,11067,11067
3890,ATAD2,,9631,9631
3891,WDYHV1,,9630,9630
3892,FBXO32,,9632,9632
3893,FAM91A1,,13454,13454
3894,TMEM65,,11032,11032
3895,RNF139,,12367,12367
3896,TATDN1,,8669,8669
3897,NDUFB9,,8668,8668
3898,SQLE,,2845,2845
3899,WASHC5,,11025,11025
3900,NSMCE2,,9633,9633
3901,MYC,,7113,7113
3902,PVT1,,18786,-1
3903,FAM49B,,9275,9275
3904,ASAP1,,9276,9276
3905,EFR3A,,6311,6311
3906,PHF20L1,,5909,5909
3907,NDRG1,,2829,2829
3908,ST3GAL1,,218,218
3909,KHDRBS3,,6253,6253
3910,CHRAC1,,2836,2836
3911,AGO2,,5250,5250
3912,PTK2,,12057,12057
3913,JRK,,17530,17530
3914,LY6E,,10139,10139
3915,GLI4,,17861,17861
3916,GSDMD,,2841,2841
3917,EEF1D,,18789,-1
3918,TIGD5,,13908,13908
3919,PYCR3,,2843,2843
3920,TSTA3,,2842,2842
3921,SCRIB,,14049,14049
3922,PUF60,,13925,13925
3923,NRBP2,,14811,14811
3924,PLEC,,13673,13673
3925,GRINA,,13739,13739
3926,EXOSC4,,13762,13762
3927,GPAA1,,16116,16116
3928,CYC1,,13805,13805
3929,SHARPIN,,13861,13861
3930,MAF1,,13879,13879
3931,HGH1,,17544,17544
3932,MROH1,,13899,13899
3933,BOP1,,18078,18078
3934,HSF1,,14799,14799
3935,DGAT1,,14768,14768
3936,SLC52A2,,14935,14935
3937,FBXL6,,14260,14260
3938,CPSF1,,1128,1128
3939,SLC39A4,,18530,18530
3940,VPS28,,10140,10140
3941,TONSL,,10141,10141
3942,CYHR1,,15348,15348
3943,PPP1R16A,,10148,10148
3944,MFSD3,,11667,11667
3945,C8orf82,,17047,17047
3946,RPL8,,18790,-1
3947,ZNF7,,8673,8673
3948,COMMD5,,12319,12319
3949,C8orf33,,14255,14255
3950,WASHC1,,14115,14115
3951,CBWD1,,12785,12785
3952,SMARCA2,,1451,1451
3953,VLDLR,,8676,8676
3954,PUM3,,1458,1458
3955,GLIS3,,3293,3293
3956,CDC37L1,,3271,3271
3957,AK3,,8677,8677
3958,RCL1,,4853,4853
3959,PLGRKT,,3274,3274
3960,RIC1,,3276,3276
3961,KIAA2026,,14453,14453
3962,RANBP6,,7117,7117
3963,UHRF2,,8678,8678
3964,KDM4C,,3277,3277
3965,DMAC1,,7116,7116
3966,LURAP1L,,9298,9298
3967,MPDZ,,3289,3289
3968,NFIB,,8679,8679
3969,ZDHHC21,,13310,13310
3970,SNAPC3,,11029,11029
3971,PSIP1,,11033,11033
3972,BNC2,,12834,12834
3973,CNTLN,,589,589
3974,ADAMTSL1,,13643,13643
3975,RRAGA,,9522,9522
3976,HAUS6,,8683,8683
3977,PLIN2,,8681,8681
3978,DENND4C,,7139,7139
3979,RPS6,,18791,-1
3980,MLLT3,,12588,12588
3981,FOCAD,,15434,15434
3982,KLHL9,,16312,16312
3983,MIR31HG,,19241,-1
3984,MTAP,,2051,2051
3985,CDKN2A,,8686,8686
3986,CDKN2B,,8684,8684
3987,DMRTA1,,13389,13389
3988,CAAP1,,4854,4854
3989,PLAA,,7119,7119
3990,IFT74,,18792,-1
3991,ACO1,,5129,5129
3992,DDX58,,3291,3291
3993,TOPORS,,16049,16049
3994,SMIM27,,17550,17550
3995,NDUFB6,,11093,11093
3996,APTX,,7122,7122
3997,DNAJA1,,1630,1630
3998,SMU1,,5122,5122
3999,B4GALT1,,1631,1631
4000,BAG1,,3294,3294
4001,CHMP5,,1632,1632
4002,NFX1,,1633,1633
4003,NOL6,,11095,11095
4004,UBE2R2,,3303,3303
4005,UBAP2,,7121,7121
4006,DCAF12,,16419,16419
4007,UBAP1,,11035,11035
4008,NUDT2,,11031,11031
4009,FAM219A,,11027,11027
4010,RPP25L,,11026,11026
4011,DCTN3,,7131,7131
4012,SIGMAR1,,8691,8691
4013,VCP,,11098,11098
4014,FANCG,,17280,17280
4015,PIGO,,11099,11099
4016,STOML2,,11100,11100
4017,FAM214B,,85,85
4018,RUSC2,,16407,16407
4019,TESK1,,3282,3282
4020,CCDC107,,9989,9989
4021,CA9,,3284,3284
4022,TPM2,,16269,16269
4023,TLN1,,7124,7124
4024,CREB3,,3287,3287
4025,GBA2,,1088,1088
4026,RGP1,,3288,3288
4027,HINT2,,7136,7136
4028,RECK,,5126,5126
4029,GLIPR2,,5123,5123
4030,CLTA,,5125,5125
4031,RNF38,,7123,7123
4032,MELK,,11103,11103
4033,EBLN3P,,18793,-1
4034,ZCCHC7,,8689,8689
4035,GRHPR,,7134,7134
4036,POLR1E,,7118,7118
4037,TOMM5,,13291,13291
4038,EXOSC3,,3305,3305
4039,DCAF10,,5132,5132
4040,SLC25A51,,5124,5124
4041,SHB,,3302,3302
4042,ALDH1B1,,7135,7135
4043,CNTNAP3,,3247,3247
4044,CNTNAP3B,,9396,9396
4045,CBWD5,,18795,-1
4046,PGM5,,9378,9378
4047,FAM122A,,15337,15337
4048,FXN,,11044,11044
4049,TJP2,,4718,4718
4050,PTAR1,,15487,15487
4051,SMC5,,16425,16425
4052,KLF9,,4717,4717
4053,CEMIP2,,6737,6737
4054,C9orf85,,9495,9495
4055,ZFAND5,,3306,3306
4056,ANXA1,,6735,6735
4057,C9orf40,,6734,6734
4058,CARNMT1,,9543,9543
4059,NMRK1,,3249,3249
4060,OSTF1,,6730,6730
4061,RFK,,6731,6731
4062,GCNT1,,15225,15225
4063,PRUNE2,,3251,3251
4064,VPS13A,,16151,16151
4065,GNAQ,,9549,9549
4066,CEP78,,8692,8692
4067,PSAT1,,6741,6741
4068,TLE4,,3261,3261
4069,TLE1,,15856,15856
4070,UBQLN1,,6732,6732
4071,GKAP1,,11056,11056
4072,HNRNPK,,11059,11059
4073,RMI1,,13778,13778
4074,AGTPBP1,,6738,6738
4075,NAA35,,6733,6733
4076,GOLM1,,6739,6739
4077,ISCA1,,6742,6742
4078,TUT7,,1541,1541
4079,DAPK1,,15844,15844
4080,CTSL,,6736,6736
4081,SPIN1,,3248,3248
4082,SHC3,,8695,8695
4083,CKS2,,5252,5252
4084,SECISBP2,,15304,15304
4085,NFIL3,,11040,11040
4086,SPTLC1,,1805,1805
4087,IARS,,15716,15716
4088,NOL8,,16159,16159
4089,BICD2,,14975,14975
4090,CARD19,,11087,11087
4091,NINJ1,,6238,6238
4092,FAM120AOS,,15553,15553
4093,FAM120A,,632,632
4094,AL158152.1,,18796,-1
4095,MFSD14B,,8697,8697
4096,AOPEP,,19106,-1
4097,ERCC6L2,,14221,14221
4098,SLC35D2,,6141,6141
4099,ZNF367,,11090,11090
4100,HABP4,,6139,6139
4101,CDC14B,,1491,1491
4102,PRXL2C,,9786,9786
4103,MFSD14C,,15717,15717
4104,TSTD2,,7094,7094
4105,NCBP1,,7103,7103
4106,XPA,,7102,7102
4107,TRMO,,7099,7099
4108,ANP32B,,7104,7104
4109,NANS,,1966,1966
4110,TRIM14,,3253,3253
4111,TBC1D2,,1967,1967
4112,ANKS6,,11064,11064
4113,TGFBR1,,3255,3255
4114,ALG2,,4755,4755
4115,SEC61B,,3256,3256
4116,STX17,,7083,7083
4117,ERP44,,415,415
4118,TEX10,,7090,7090
4119,MSANTD3,,954,954
4120,MRPL50,,18797,-1
4121,TMEM246,,11066,11066
4122,RNF20,,9514,9514
4123,SMC2,,7063,7063
4124,NIPSNAP3A,,7056,7056
4125,ABCA1,,11039,11039
4126,SLC44A1,,1073,1073
4127,FKTN,,3245,3245
4128,TMEM38B,,1960,1960
4129,ZNF462,,8700,8700
4130,RAD23B,,4729,4729
4131,ELP1,,1066,1066
4132,CTNNAL1,,4731,4731
4133,TMEM245,,3250,3250
4134,PALM2-AKAP2,,9733,9733
4135,TXN,,18798,-1
4136,LPAR1,,16194,16194
4137,ECPAS,,7060,7060
4138,PTGR1,,3263,3263
4139,DNAJC25,,783,783
4140,GNG10,,17719,17719
4141,UGCG,,8702,8702
4142,PTBP3,,4728,4728
4143,HSDL2,,4749,4749
4144,INIP,,8701,8701
4145,SNX30,,8704,8704
4146,FKBP15,,4730,4730
4147,SLC31A1,,7079,7079
4148,CDC26,,13384,13384
4149,PRPF4,,7084,7084
4150,ALAD,,8711,8711
4151,POLE3,,8714,8714
4152,RGS3,,7465,7465
4153,ZNF618,,9734,9734
4154,ATP6V1G1,,7089,7089
4155,TNC,,563,563
4156,PAPPA,,14337,14337
4157,TRIM32,,4739,4739
4158,TLR4,,7080,7080
4159,CDK5RAP2,,7076,7076
4160,MEGF9,,3252,3252
4161,FBXW2,,4740,4740
4162,PSMD5,,1961,1961
4163,PHF19,,4741,4741
4164,CNTRL,,4738,4738
4165,RAB14,,4737,4737
4166,GSN,,8706,8706
4167,STOM,,8705,8705
4168,DAB2IP,,7072,7072
4169,NDUFA8,,4745,4745
4170,RBM18,,4747,4747
4171,MRRF,,8707,8707
4172,PDCL,,7106,7106
4173,RC3H2,,744,744
4174,RABGAP1,,292,292
4175,DENND1A,,4754,4754
4176,NEK6,,4742,4742
4177,PSMB7,,7097,7097
4178,RPL35,,18800,-1
4179,ARPC5L,,7109,7109
4180,GOLGA1,,7101,7101
4181,PPP6C,,4744,4744
4182,RABEPK,,7100,7100
4183,HSPA5,,591,591
4184,GAPVD1,,11086,11086
4185,MAPKAP1,,4750,4750
4186,PBX3,,11522,11522
4187,ZBTB43,,12002,12002
4188,SLC2A8,,7074,7074
4189,RPL12,,18801,-1
4190,NIBAN2,,7067,7067
4191,STXBP1,,7073,7073
4192,PTRH1,,15188,15188
4193,TOR2A,,10073,10073
4194,CDK9,,7058,7058
4195,FPGS,,7085,7085
4196,AK1,,3270,3270
4197,ST6GALNAC6,,10074,10074
4198,ST6GALNAC4,,7070,7070
4199,DPM2,,7092,7092
4200,FAM102A,,11532,11532
4201,PTGES2,,8724,8724
4202,C9orf16,,12433,12433
4203,CIZ1,,8726,8726
4204,DNM1,,3268,3268
4205,GOLGA2,,11534,11534
4206,SWI5,,13303,13303
4207,TRUB2,,11535,11535
4208,COQ4,,11536,11536
4209,SLC27A4,,11537,11537
4210,URM1,,11539,11539
4211,CERCAM,,11540,11540
4212,ODF2,,7059,7059
4213,GLE1,,4736,4736
4214,SPTAN1,,16075,16075
4215,WDR34,,4733,4733
4216,SET,,4734,4734
4217,ZDHHC12,,10078,10078
4218,AL441992.1,,19242,-1
4219,TBC1D13,,3275,3275
4220,ENDOG,,11542,11542
4221,SPOUT1,,16441,16441
4222,LRRC8A,,7057,7057
4223,DOLK,,13214,13214
4224,NUP188,,1963,1963
4225,SH3GLB2,,8728,8728
4226,CRAT,,1964,1964
4227,PTPA,,4735,4735
4228,IER5L,,15451,15451
4229,LINC00963,,18802,-1
4230,NTMT1,,8725,8725
4231,ASB6,,8723,8723
4232,TOR1A,,7065,7065
4233,C9orf78,,7062,7062
4234,FNBP1,,15229,15229
4235,GPR107,,8734,8734
4236,NCS1,,3281,3281
4237,FUBP3,,3285,3285
4238,EXOSC2,,6088,6088
4239,ABL1,,2007,2007
4240,FIBCD1,,6091,6091
4241,NUP214,,5664,5664
4242,PRRC2B,,6092,6092
4243,POMT1,,6089,6089
4244,UCK1,,6090,6090
4245,RAPGEF1,,3295,3295
4246,MED27,,10087,10087
4247,SETX,,3298,3298
4248,TTF1,,5459,5459
4249,DDX31,,5461,5461
4250,GTF3C4,,5460,5460
4251,SPACA9,,11193,11193
4252,TSC1,,11194,11194
4253,GTF3C5,,8722,8722
4254,RALGDS,,10049,10049
4255,SURF6,,8719,8719
4256,MED22,,8720,8720
4257,RPL7A,,18804,-1
4258,SURF1,,8717,8717
4259,SURF2,,8718,8718
4260,SURF4,,8715,8715
4261,REXO4,,8721,8721
4262,BRD3OS,,17539,17539
4263,BRD3,,12165,12165
4264,WDR5,,15733,15733
4265,RXRA,,15058,15058
4266,C9orf116,,10066,10066
4267,MRPS2,,18805,-1
4268,CAMSAP1,,6061,6061
4269,UBAC1,,6062,6062
4270,NACC2,,8743,8743
4271,TMEM250,,17610,17610
4272,QSOX2,,11180,11180
4273,SNAPC4,,11187,11187
4274,ENTR1,,11190,11190
4275,PMPCA,,11189,11189
4276,SEC16A,,8739,8739
4277,EGFL7,,12803,12803
4278,AGPAT2,,12114,12114
4279,SNHG7,,18806,-1
4280,TMEM141,,17771,17771
4281,RABL6,,15821,15821
4282,PHPT1,,702,702
4283,EDF1,,3292,3292
4284,FBXW5,,9892,9892
4285,PAXX,,8735,8735
4286,NPDC1,,3296,3296
4287,SAPCD2,,15030,15030
4288,MAN1B1-DT,,19243,-1
4289,MAN1B1,,13521,13521
4290,DPP7,,13478,13478
4291,SSNA1,,13339,13339
4292,TPRN,,13333,13333
4293,TMEM203,,15296,15296
4294,TUBB4B,,15407,15407
4295,NELFB,,15559,15559
4296,TOR4A,,16193,16193
4297,NSMF,,11214,11214
4298,MRPL41,,18807,-1
4299,DPH7,,8740,8740
4300,ZMYND19,,11199,11199
4301,ARRDC1,,15927,15927
4302,ARRDC1-AS1,,18808,-1
4303,EHMT1,,14086,14086
4304,ZMYND11,,349,349
4305,DIP2C,,9013,9013
4306,LARP4B,,3361,3361
4307,GTPBP4,,3362,3362
4308,IDI1,,966,966
4309,WDR37,,598,598
4310,PFKP,,965,965
4311,PITRM1,,3368,3368
4312,KLF6,,968,968
4313,MANCR,,19244,-1
4314,NET1,,12981,12981
4315,LINC02657,,19245,-1
4316,TASOR2,,3375,3375
4317,GDI2,,754,754
4318,ANKRD16,,6644,6644
4319,FBH1,,6641,6641
4320,RBM17,,6642,6642
4321,PFKFB3,,12300,12300
4322,KIN,,9069,9069
4323,ATP5F1C,,11169,11169
4324,TAF3,,11171,11171
4325,SFTA1P,,19246,-1
4326,USP6NL,,8745,8745
4327,UPF2,,9039,9039
4328,DHTKD1,,14092,14092
4329,NUDT5,,11164,11164
4330,CDC123,,9040,9040
4331,CAMK1D,,14398,14398
4332,OPTN,,5184,5184
4333,MCM10,,894,894
4334,PHYH,,3314,3314
4335,SEPHS1,,1642,1642
4336,BEND7,,11168,11168
4337,PRPF18,,11170,11170
4338,FRMD4A,,9044,9044
4339,FAM107B,,918,918
4340,HSPA14_ENSG00000284024,,18810,-1
4341,HSPA14_ENSG00000187522,,18811,-1
4342,SUV39H2,,9169,9169
4343,DCLRE1C,,9170,9170
4344,RPP38,,9172,9172
4345,NMT2,,9173,9173
4346,FAM171A1,,8749,8749
4347,MINDY3,,8750,8750
4348,RSU1,,8753,8753
4349,TRDMT1,,3323,3323
4350,VIM,,441,441
4351,HACD1,,11259,11259
4352,STAM,,7051,7051
4353,ARL5B,,11260,11260
4354,MLLT10,,1382,1382
4355,DNAJC1,,7055,7055
4356,COMMD3,,8746,8746
4357,BMI1,,11811,11811
4358,PIP4K2A,,8974,8974
4359,MSRB2,,8747,8747
4360,KIAA1217,,4901,4901
4361,ARHGAP21,,3353,3353
4362,PRTFDC1,,2019,2019
4363,APBB1IP,,1342,1342
4364,PDSS1,,8748,8748
4365,ABI1,,7053,7053
4366,ANKRD26,,3358,3358
4367,YME1L1,,7054,7054
4368,MASTL,,4900,4900
4369,ACBD5,,3359,3359
4370,RAB18,,2017,2017
4371,WAC-AS1,,18812,-1
4372,WAC,,1982,1982
4373,BAMBI,,1979,1979
4374,SVIL,,15984,15984
4375,MTPAP,,3365,3365
4376,ZEB1,,8757,8757
4377,ARHGAP12,,11106,11106
4378,KIF5B,,12339,12339
4379,EPC1,,4904,4904
4380,ITGB1,,8920,8920
4381,NRP1,,2018,2018
4382,PARD3,,8755,8755
4383,CUL2,,3381,3381
4384,CREM,,1983,1983
4385,CCNY,,3382,3382
4386,FZD8,,13525,13525
4387,ZNF248,,16191,16191
4388,ZNF33A,,15604,15604
4389,ZNF37A,,1264,1264
4390,LINC00839,,19247,-1
4391,ZNF33B,,15836,15836
4392,BMS1,,11203,11203
4393,CSGALNACT2,,12138,12138
4394,HNRNPF,,12136,12136
4395,ZNF32,,12125,12125
4396,WASHC2C,,18813,-1
4397,TIMM23,,18133,18133
4398,NCOA4,,18145,18145
4399,MAPK8,,3325,3325
4400,ARHGAP22,,5855,5855
4401,ERCC6,,17377,17377
4402,PARG,,17410,17410
4403,TIMM23B,,18814,-1
4404,WASHC2A,,2023,2023
4405,CSTF2T,,13581,13581
4406,DKK1,,3371,3371
4407,ZWINT,,5151,5151
4408,CISD1,,5146,5146
4409,UBE2D1,,1151,1151
4410,TFAM,,3379,3379
4411,BICC1,,5145,5145
4412,CCDC6,,3380,3380
4413,ANK3,,9004,9004
4414,CDK1,,12243,12243
4415,ARID5B,,8929,8929
4416,RTKN2,,14198,14198
4417,ADO,,14186,14186
4418,NRBF2,,8759,8759
4419,JMJD1C,,12622,12622
4420,REEP3,,11134,11134
4421,LINC01515,,19248,-1
4422,SIRT1,,2003,2003
4423,HERC4,,8765,8765
4424,PBLD,,3387,3387
4425,HNRNPH3,,2004,2004
4426,RUFY2,,16556,16556
4427,DNA2,,7358,7358
4428,SLC25A16,,5150,5150
4429,TET1,,7357,7357
4430,CCAR1,,790,790
4431,DDX50,,3324,3324
4432,DDX21,,11202,11202
4433,KIF1BP,,16461,16461
4434,SRGN,,5143,5143
4435,VPS26A,,5152,5152
4436,SUPV3L1,,9603,9603
4437,HK1,,9607,9607
4438,COL13A1,,16023,16023
4439,H2AFY2,,2022,2022
4440,AIFM2,,567,567
4441,TYSND1,,9608,9608
4442,SAR1A,,1416,1416
4443,PPA1,,14035,14035
4444,EIF4EBP2,,8778,8778
4445,SGPL1,,11317,11317
4446,PCBD1,,11320,11320
4447,VSIR,,3333,3333
4448,PSAP,,16087,16087
4449,CHST3,,5144,5144
4450,ASCC1,,7352,7352
4451,ANAPC16,,11337,11337
4452,DDIT4,,11791,11791
4453,DNAJB12,,8777,8777
4454,MICU1,,3335,3335
4455,MCU,,9544,9544
4456,P4HA1,,5149,5149
4457,ECD,,5148,5148
4458,FAM149B1,,7351,7351
4459,DNAJC9,,17046,17046
4460,MRPS16,,18815,-1
4461,ANXA7,,7350,7350
4462,PPP3CB,,3336,3336
4463,SEC24C,,13480,13480
4464,FUT11,,15900,15900
4465,CHCHD1,,12750,12750
4466,ZSWIM8,,17159,17159
4467,NDST2,,11393,11393
4468,CAMK2G,,8767,8767
4469,PLAU,,5142,5142
4470,VCL,,505,505
4471,AP3M1,,14771,14771
4472,ADK,,9554,9554
4473,KAT6B,,9619,9619
4474,SAMD8,,9620,9620
4475,VDAC2,,11173,11173
4476,COMTD1,,11175,11175
4477,ZNF503,,11178,11178
4478,KCNMA1,,9555,9555
4479,DLG5,,9008,9008
4480,POLR3A,,8764,8764
4481,RPS24,,18816,-1
4482,ZMIZ1,,3384,3384
4483,PPIF,,3386,3386
4484,ZCCHC24,,11124,11124
4485,NUTM2B-AS1,,18817,-1
4486,TMEM254,,6522,6522
4487,PLAC9,,15592,15592
4488,ANXA11,,5081,5081
4489,PRXL2A,,5085,5085
4490,TSPAN14,,3388,3388
4491,GHITM,,11185,11185
4492,CCSER2,,3337,3337
4493,WAPL,,821,821
4494,BMPR1A,,3338,3338
4495,GLUD1,,8769,8769
4496,SHLD2,,5084,5084
4497,NUTM2A-AS1,,18818,-1
4498,LINC00863,,19249,-1
4499,MINPP1,,3339,3339
4500,PAPSS2,,16325,16325
4501,ATAD1,,7333,7333
4502,PTEN,,12595,12595
4503,STAMBPL1,,7330,7330
4504,ACTA2,,3340,3340
4505,FAS,,442,442
4506,LIPA,,3341,3341
4507,IFIT3,,4818,4818
4508,IFIT5,,9209,9209
4509,KIF20B,,7342,7342
4510,RPP30,,8772,8772
4511,ANKRD1,,8770,8770
4512,PCGF5,,14012,14012
4513,HECTD2,,11109,11109
4514,PPP1R3C,,4823,4823
4515,TNKS2,,3350,3350
4516,BTAF1,,1972,1972
4517,MARCH5,,16176,16176
4518,IDE,,4815,4815
4519,KIF11,,7335,7335
4520,EXOC6,,7344,7344
4521,MYOF,,7328,7328
4522,CEP55,,7341,7341
4523,FRA10AC1,,8773,8773
4524,SLC35G1,,13373,13373
4525,PLCE1,,7345,7345
4526,NOC3L,,12846,12846
4527,TBC1D12,,3390,3390
4528,HELLS,,4829,4829
4529,PDLIM1,,3308,3308
4530,ALDH18A1,,778,778
4531,TCTN3,,4831,4831
4532,ENTPD1-AS1,,18819,-1
4533,ZNF518A,,13616,13616
4534,TM9SF3,,1327,1327
4535,LCOR,,15698,15698
4536,ARHGAP19,,17028,17028
4537,RRP12,,683,683
4538,PGAM1,,12469,12469
4539,EXOSC1,,12468,12468
4540,ZDHHC16,,12466,12466
4541,MMS19,,9462,9462
4542,UBTD1,,11231,11231
4543,MORN4,,12434,12434
4544,PI4K2A,,9464,9464
4545,AVPI1,,4833,4833
4546,MARVELD1,,9465,9465
4547,ZFYVE27,,9466,9466
4548,R3HCC1L,,11266,11266
4549,PYROXD2,,4824,4824
4550,HPS1,,3313,3313
4551,GOT1,,4838,4838
4552,SLC25A28,,9470,9470
4553,ENTPD7,,16163,16163
4554,CUTC,,4822,4822
4555,COX15,,346,346
4556,DNMBP,,3316,3316
4557,ERLIN1,,3319,3319
4558,CHUK,,17024,17024
4559,CWF19L1,,1970,1970
4560,BLOC1S2,,15650,15650
4561,SCD,,2013,2013
4562,NDUFB8,,11289,11289
4563,HIF1AN,,11288,11288
4564,SLF2,,4814,4814
4565,MRPL43,,18820,-1
4566,TWNK,,3343,3343
4567,LZTS2,,3344,3344
4568,SFXN3,,3345,3345
4569,BTRC,,11301,11301
4570,DPCD,,11304,11304
4571,POLL,,11302,11302
4572,FBXW4,,3347,3347
4573,NPM3,,3349,3349
4574,OGA,,16256,16256
4575,ARMH3,,4835,4835
4576,HPS6,,11309,11309
4577,LDB1,,16343,16343
4578,PPRC1,,8792,8792
4579,NOLC1,,11311,11311
4580,GBF1,,3352,3352
4581,NFKB2,,1328,1328
4582,FBXL15,,3355,3355
4583,CUEDC2,,3356,3356
4584,RPARP-AS1,,18821,-1
4585,ACTR1A,,7324,7324
4586,SUFU,,3357,3357
4587,TRIM8,,12446,12446
4588,ARL3,,7340,7340
4589,WBP1L,,11332,11332
4590,BORCS7,,11333,11333
4591,NT5C2,,1311,1311
4592,PCGF6,,9585,9585
4593,TAF5,,8791,8791
4594,ATP5MD,,12992,12992
4595,PDCD11,,8795,8795
4596,SH3PXD2A,,3367,3367
4597,STN1,,3369,3369
4598,SLK,,910,910
4599,SFR1,,9587,9587
4600,GSTO1,,8790,8790
4601,ITPRIP,,8793,8793
4602,XPNPEP1,,3376,3376
4603,ADD3,,8774,8774
4604,MXI1,,4826,4826
4605,SMNDC1,,4827,4827
4606,DUSP5,,7338,7338
4607,SMC3,,3377,3377
4608,PDCD4,,8946,8946
4609,BBIP1,,17139,17139
4610,SHOC2,,3378,3378
4611,GPAM,,4821,4821
4612,ZDHHC6,,410,410
4613,VTI1A,,9052,9052
4614,TCF7L2,,8781,8781
4615,CASP7,,11217,11217
4616,DCLRE1A,,16444,16444
4617,NHLRC2,,15876,15876
4618,CCDC186,,11219,11219
4619,ABLIM1,,2015,2015
4620,FAM160B1,,9054,9054
4621,TRUB1,,11224,11224
4622,ATRNL1,,3312,3312
4623,SHTN1,,15215,15215
4624,PDZD8,,11177,11177
4625,RAB11FIP2,,3317,3317
4626,FAM204A,,11181,11181
4627,CACUL1,,9104,9104
4628,EIF3A,,3320,3320
4629,DENND10,,4832,4832
4630,SFXN4,,14494,14494
4631,PRDX3,,11183,11183
4632,RGS10,,8797,8797
4633,TIAL1,,9107,9107
4634,BAG3,,9108,9108
4635,INPP5F,,16389,16389
4636,MCMBP,,16095,16095
4637,SEC23IP,,3326,3326
4638,PLPP4,,16504,16504
4639,WDR11,,4834,4834
4640,ATE1,,3327,3327
4641,NSMCE4A,,3328,3328
4642,TACC2,,7337,7337
4643,PLEKHA1,,3329,3329
4644,HTRA1,,11268,11268
4645,C10orf88,,4828,4828
4646,PSTK,,13930,13930
4647,IKZF5,,1973,1973
4648,ACADSB,,15681,15681
4649,BUB3,,9389,9389
4650,OAT,,887,887
4651,LHPP,,3360,3360
4652,EEF1AKMT2,,16501,16501
4653,ABRAXAS2,,11179,11179
4654,ZRANB1,,385,385
4655,CTBP2,,13166,13166
4656,EDRF1,,3363,3363
4657,UROS,,15496,15496
4658,BCCIP,,3364,3364
4659,DHX32,,1799,1799
4660,ADAM12,,8796,8796
4661,DOCK1,,8965,8965
4662,PTPRE,,6320,6320
4663,MKI67,,8782,8782
4664,GLRX3,,3373,3373
4665,PPP2R2D,,13245,13245
4666,BNIP3,,18822,-1
4667,DPYSL4,,9065,9065
4668,STK32C,,11204,11204
4669,LRRC27,,8786,8786
4670,INPP5A,,1011,1011
4671,TUBGCP2,,6072,6072
4672,ZNF511,,16287,16287
4673,FUOM,,8785,8785
4674,ECHS1,,5747,5747
4675,MTG1,,8787,8787
4676,BET1L,,13630,13630
4677,RIC8A,,13631,13631
4678,PSMD13,,14897,14897
4679,IFITM2,,14813,14813
4680,IFITM3,,7894,7894
4681,SIGIRR,,14810,14810
4682,PTDSS2,,13142,13142
4683,RNH1,,412,412
4684,HRAS,,13116,13116
4685,RASSF7,,2059,2059
4686,MIR210HG,,19250,-1
4687,PHRF1,,1065,1065
4688,DEAF1,,13485,13485
4689,TMEM80,,13487,13487
4690,TALDO1,,13507,13507
4691,GATD1,,13519,13519
4692,AP006621.3,,19251,-1
4693,SLC25A22,,13568,13568
4694,RPLP2,,18823,-1
4695,PNPLA2,,13587,13587
4696,CD151,,13600,13600
4697,POLR2L,,13601,13601
4698,TSPAN4,,17109,17109
4699,CHID1,,13613,13613
4700,AP2A2,,14389,14389
4701,TOLLIP,,1401,1401
4702,MOB2,,14238,14238
4703,IFITM10,,17774,17774
4704,CTSD,,4615,4615
4705,MRPL23,,18824,-1
4706,CD81,,3671,3671
4707,TSSC4,,14628,14628
4708,KCNQ1OT1,,18826,-1
4709,PHLDA2,,14145,14145
4710,NAP1L4,,16839,16839
4711,CARS,,3669,3669
4712,ZNF195,,101,101
4713,NUP98,,3680,3680
4714,PGAP2,,8806,8806
4715,RHOG,,13498,13498
4716,STIM1,,11576,11576
4717,RRM1,,11577,11577
4718,TRIM34,,18037,18037
4719,TRIM5,,6306,6306
4720,TRIM22,,6308,6308
4721,SMPD1,,11338,11338
4722,APBB1,,11339,11339
4723,ARFIP2,,6305,6305
4724,TIMM10B,,6310,6310
4725,RRP8,,6309,6309
4726,ILK,,11345,11345
4727,TAF10,,11346,11346
4728,TPP1,,11347,11347
4729,MRPL17,,18827,-1
4730,EIF3F,,13234,13234
4731,STK33,,6037,6037
4732,RPL27A,,18828,-1
4733,ST5,,11376,11376
4734,AKIP1,,11381,11381
4735,TMEM9B,,13228,13228
4736,NRIP3,,13229,13229
4737,DENND5A,,14584,14584
4738,TMEM41B,,11384,11384
4739,IPO7,,18829,-1
4740,ZNF143,,11386,11386
4741,WEE1,,11389,11389
4742,SWAP70,,6533,6533
4743,SBF2,,6537,6537
4744,ADM,,8799,8799
4745,MTRNR2L8,,18830,-1
4746,RNF141,,3643,3643
4747,CTR9,,16345,16345
4748,EIF4G2,,3645,3645
4749,ZBED5,,17566,17566
4750,ZBED5-AS1,,19252,-1
4751,USP47,,12223,12223
4752,DKK3,,657,657
4753,MICAL2,,6538,6538
4754,PARVA,,16077,16077
4755,TEAD1,,15198,15198
4756,ARNTL,,6534,6534
4757,BTBD10,,8798,8798
4758,FAR1,,16057,16057
4759,RRAS2,,6539,6539
4760,COPB1,,5883,5883
4761,PSMA1,,5884,5884
4762,C11orf58,,3677,3677
4763,RPS13,,18832,-1
4764,PIK3C2A,,288,288
4765,NUCB2,,1067,1067
4766,SERGEF,,5890,5890
4767,SAAL1,,11443,11443
4768,HPS5,,3685,3685
4769,GTF2H1,,3686,3686
4770,LDHA,,18833,-1
4771,TSG101,,1218,1218
4772,UEVLD,,8998,8998
4773,SPTY2D1,,13811,13811
4774,ZDHHC13,,13491,13491
4775,NAV2,,11460,11460
4776,PRMT3,,14820,14820
4777,SVIP,,16205,16205
4778,LUZP2,,15243,15243
4779,CCDC34,,3593,3593
4780,LGR4,,16798,16798
4781,LIN7C,,8802,8802
4782,BDNF,,13433,13433
4783,KIF18A,,5010,5010
4784,METTL15,,12082,12082
4785,LINC02742,,19253,-1
4786,ARL14EP,,9138,9138
4787,DNAJC24,,12384,12384
4788,IMMP1L,,8804,8804
4789,ELP4,,3595,3595
4790,PAX6,,178,178
4791,RCN1,,645,645
4792,EIF3M,,8816,8816
4793,QSER1,,799,799
4794,TCP11L1,,13346,13346
4795,CSTF3,,13340,13340
4796,HIPK3,,3654,3654
4797,KIAA1549L,,3655,3655
4798,CD59,,1593,1593
4799,FBXO3,,3656,3656
4800,CAPRIN1,,6800,6800
4801,NAT10,,6796,6796
4802,CAT,,5017,5017
4803,APIP,,8813,8813
4804,PDHX,,3657,3657
4805,CD44,,444,444
4806,FJX1,,13854,13854
4807,TRIM44,,11343,11343
4808,COMMD9,,3659,3659
4809,C11orf74,,11355,11355
4810,API5,,11306,11306
4811,TTC17,,686,686
4812,HSD17B12,,8812,8812
4813,ALKBH3,,11312,11312
4814,EXT2,,9024,9024
4815,SLC35C1,,14175,14175
4816,PEX16,,5015,5015
4817,PHF21A,,6795,6795
4818,CREB3L1,,9728,9728
4819,DGKZ,,8815,8815
4820,MDK,,3664,3664
4821,ATG13,,13206,13206
4822,ARHGAP1,,13204,13204
4823,CKAP5,,13203,13203
4824,C11orf49,,8824,8824
4825,ARFGAP2,,8825,8825
4826,PACSIN3,,11238,11238
4827,DDB2,,6663,6663
4828,ACP2,,6664,6664
4829,SLC39A13,,11240,11240
4830,PSMC3,,11241,11241
4831,CELF1,,8826,8826
4832,NDUFS3,,17053,17053
4833,PTPMT1,,3667,3667
4834,KBTBD4,,5208,5208
4835,MTCH2,,3597,3597
4836,FNBP4,,3598,3598
4837,NUP160,,470,470
4838,PTPRJ,,8823,8823
4839,TNKS1BP1,,8817,8817
4840,SSRP1,,8821,8821
4841,SLC43A3,,6696,6696
4842,TIMM10,,6697,6697
4843,UBE2L6,,9614,9614
4844,CLP1,,18836,-1
4845,ZDHHC5,,9615,9615
4846,MED19,,9616,9616
4847,TMX2,,17051,17051
4848,SELENOH,,16941,16941
4849,CTNND1,,16292,16292
4850,ZFP91,,15117,15117
4851,FAM111B,,15579,15579
4852,FAM111A,,11449,11449
4853,OSBP,,3614,3614
4854,PATL1,,11479,11479
4855,STX3,,11482,11482
4856,MRPL16,,18837,-1
4857,CCDC86,,3627,3627
4858,PRPF19,,3628,3628
4859,TMEM109,,3629,3629
4860,TMEM132A,,121,121
4861,DDB1,,11742,11742
4862,CYB561A3,,10264,10264
4863,TMEM138,,8859,8859
4864,CPSF7,,8868,8868
4865,SDHAF2,,11741,11741
4866,TMEM258,,6702,6702
4867,FEN1,,11861,11861
4868,FADS2,,6701,6701
4869,FADS1,,8860,8860
4870,FADS3,,17319,17319
4871,FTH1,,11747,11747
4872,INCENP,,8863,8863
4873,AHNAK,,5409,5409
4874,EEF1G,,17934,17934
4875,MTA2,,8858,8858
4876,EML3,,18838,-1
4877,B3GAT3,,8870,8870
4878,GANAB,,1787,1787
4879,INTS5,,14791,14791
4880,CSKMT,,17171,17171
4881,UQCC3,,16744,16744
4882,UBXN1,,10268,10268
4883,BSCL2,,11748,11748
4884,HNRNPUL2,,17170,17170
4885,TTC9C,,10270,10270
4886,POLR2G,,11749,11749
4887,TMEM223,,11878,11878
4888,TMEM179B,,14866,14866
4889,NXF1,,10272,10272
4890,STX5,,10273,10273
4891,WDR74,,6490,6490
4892,SNHG1,,18839,-1
4893,SLC3A2,,11750,11750
4894,PLAAT4,,6493,6493
4895,PLAAT3,,13405,13405
4896,ATL3,,14720,14720
4897,RTN3,,6492,6492
4898,SPINDOC,,11752,11752
4899,MARK2,,1156,1156
4900,NAA40,,3668,3668
4901,COX8A,,13379,13379
4902,OTUB1,,11692,11692
4903,MACROD1,,6489,6489
4904,STIP1,,11847,11847
4905,TRPT1,,8898,8898
4906,NUDT22,,8899,8899
4907,DNAJC4,,3607,3607
4908,VEGFB,,12918,12918
4909,PPP1R14B,,12910,12910
4910,PPP1R14B-AS1,,19254,-1
4911,PLCB3,,8901,8901
4912,BAD,,20,20
4913,GPR137,,12875,12875
4914,ESRRA,,12847,12847
4915,TRMT112,,12841,12841
4916,PRDX5,,5611,5611
4917,RPS6KA4,,19174,-1
4918,SF1,,11766,11766
4919,MEN1,,6547,6547
4920,EHD1,,3613,3613
4921,ATG2A,,3612,3612
4922,ARL2,,17040,17040
4923,SNX15,,3609,3609
4924,SAC3D1,,11763,11763
4925,CDCA5,,8532,8532
4926,ZFPL1,,10277,10277
4927,VPS51,,8904,8904
4928,TM7SF2,,8903,8903
4929,ZNHIT2,,13044,13044
4930,FAU,,18840,-1
4931,SYVN1,,10276,10276
4932,MRPL49,,18841,-1
4933,CAPN1,,341,341
4934,POLA2,,339,339
4935,DPF2,,6546,6546
4936,NEAT1,,18842,-1
4937,MALAT1,,18843,-1
4938,SCYL1,,7903,7903
4939,LTBP3,,11761,11761
4940,ZNRD2,,12912,12912
4941,FAM89B,,13476,13476
4942,EHBP1L1,,12906,12906
4943,MAP3K11,,12886,12886
4944,PCNX3,,15946,15946
4945,RELA,,12829,12829
4946,KAT5,,12820,12820
4947,RNASEH2C,,12807,12807
4948,AP5B1,,18844,-1
4949,CFL1,,12776,12776
4950,MUS81,,12770,12770
4951,EFEMP2,,12754,12754
4952,FIBP,,12735,12735
4953,CCDC85B,,13272,13272
4954,FOSL1,,13269,13269
4955,C11orf68,,13265,13265
4956,DRAP1,,13261,13261
4957,SART1,,13244,13244
4958,EIF1AD,,13232,13232
4959,BANF1,,13225,13225
4960,SF3B2,,1691,1691
4961,PACS1,,13182,13182
4962,KLC2,,13163,13163
4963,RAB1B,,13140,13140
4964,YIF1A,,13133,13133
4965,RIN1,,13120,13120
4966,BRMS1,,13114,13114
4967,B4GAT1,,13105,13105
4968,MRPL11,,18845,-1
4969,DPP3,,17939,17939
4970,ZDHHC24,,13029,13029
4971,CCS,,13005,13005
4972,RBM14,,17615,17615
4973,RBM4,,12998,12998
4974,RBM4B,,12991,12991
4975,RCE1,,12949,12949
4976,LRFN4,,12944,12944
4977,RHOD,,12848,12848
4978,KDM2A,,12843,12843
4979,GRK2,,12828,12828
4980,ANKRD13D,,12809,12809
4981,POLD4,,13247,13247
4982,CLCF1,,13251,13251
4983,PPP1CA,,12739,12739
4984,RPS6KB2,,18846,-1
4985,CORO1B,,12767,12767
4986,TMEM134,,12757,12757
4987,AIP,,3679,3679
4988,PITPNM1,,3678,3678
4989,CDK2AP2,,11702,11702
4990,GSTP1,,1574,1574
4991,NDUFV1,,11701,11701
4992,UNC93B1,,3615,3615
4993,ALDH3B1,,136,136
4994,NDUFS8,,3681,3681
4995,CHKA,,3683,3683
4996,KMT5B,,3618,3618
4997,C11orf24,,12412,12412
4998,LRP5,,10278,10278
4999,PPP6R3,,3620,3620
5000,CPT1A,,3625,3625
5001,MRPL21,,18847,-1
5002,IGHMBP2,,18848,-1
5003,MYEOV,,12808,12808
5004,CCND1,,3626,3626
5005,LTO1,,8895,8895
5006,FADD,,11760,11760
5007,PPFIA1,,18849,-1
5008,CTTN,,1616,1616
5009,DHCR7,,12804,12804
5010,NADSYN1,,18851,-1
5011,RNF121,,7207,7207
5012,NUMA1,,7199,7199
5013,LAMTOR1,,8848,8848
5014,ANAPC15,,3635,3635
5015,INPPL1,,11129,11129
5016,CLPB,,10262,10262
5017,STARD10,,17150,17150
5018,FCHSD2,,7193,7193
5019,FAM168A,,719,719
5020,RAB6A,,13267,13267
5021,MRPL48,,18852,-1
5022,COA4,,14187,14187
5023,PAAF1,,13266,13266
5024,UCP2,,13264,13264
5025,PPME1,,17148,17148
5026,PGM2L1,,11125,11125
5027,POLD3,,1347,1347
5028,RNF169,,11375,11375
5029,XRRA1,,11373,11373
5030,SPCS2,,4647,4647
5031,RPS3,,18853,-1
5032,SERPINH1,,8834,8834
5033,UVRAG,,16250,16250
5034,THAP12,,7196,7196
5035,AP002360.1,,18854,-1
5036,EMSY,,9846,9846
5037,TSKU,,14330,14330
5038,ACER3,,1369,1369
5039,PAK1,,8837,8837
5040,CLNS1A,,1212,1212
5041,RSF1,,629,629
5042,AAMDC,,1701,1701
5043,INTS4,,8836,8836
5044,NDUFC2,,9029,9029
5045,ALG8,,9891,9891
5046,NARS2,,7206,7206
5047,PRCP,,7205,7205
5048,DDIAS,,11138,11138
5049,RAB30,,7202,7202
5050,RAB30-DT,,18855,-1
5051,PCF11,,11139,11139
5052,CCDC90B,,7200,7200
5053,TMEM126B,,12445,12445
5054,TMEM126A,,12444,12444
5055,CREBZF,,7203,7203
5056,PICALM,,1207,1207
5057,EED,,1215,1215
5058,HIKESHI,,8827,8827
5059,ME3,,9030,9030
5060,PRSS23,,8959,8959
5061,RAB38,,5248,5248
5062,CTSC,,3592,3592
5063,CHORDC1,,3633,3633
5064,SLC36A4,,14027,14027
5065,CEP295,,11262,11262
5066,TAF1D,,11264,11264
5067,C11orf54,,14367,14367
5068,MED17,,570,570
5069,PANX1,,3637,3637
5070,MRE11,,392,392
5071,AMOTL1,,11267,11267
5072,CWC15,,8927,8927
5073,SRSF8,,18116,18116
5074,ENDOD1,,8830,8830
5075,FAM76B,,1344,1344
5076,CEP57,,11270,11270
5077,MTMR2,,1661,1661
5078,MAML2,,14652,14652
5079,CCDC82,,8831,8831
5080,JRKL,,14450,14450
5081,CEP126,,3644,3644
5082,CFAP300,,7225,7225
5083,YAP1,,7227,7227
5084,BIRC2,,3648,3648
5085,TMEM123,,9184,9184
5086,DCUN1D5,,7226,7226
5087,DYNC2H1,,15230,15230
5088,CASP4,,15897,15897
5089,MSANTD4,,12373,12373
5090,AASDHPPT,,8845,8845
5091,CWF19L2,,9160,9160
5092,SLC35F2,,3672,3672
5093,CUL5,,11330,11330
5094,ACAT1,,1253,1253
5095,NPAT,,8843,8843
5096,ATM,,8844,8844
5097,POGLUT3,,13672,13672
5098,DDX10,,13656,13656
5099,RDX,,7232,7232
5100,ZC3H12C,,8838,8838
5101,FDX1,,7234,7234
5102,LAYN,,16616,16616
5103,SIK2,,12206,12206
5104,PPP2R1B,,7233,7233
5105,ALG9,,1657,1657
5106,C11orf1,,7235,7235
5107,CRYAB,,3589,3589
5108,DIXDC1,,8966,8966
5109,DLAT,,8967,8967
5110,NKAPD1,,8969,8969
5111,TIMM8B,,8970,8970
5112,SDHD,,18857,-1
5113,PTS,,8973,8973
5114,LINC02762,,19255,-1
5115,ZW10,,1656,1656
5116,USP28,,618,618
5117,NNMT,,11436,11436
5118,RBM7,,1292,1292
5119,REXO2,,1291,1291
5120,BUD13,,7220,7220
5121,ZPR1,,3596,3596
5122,SIK3,,10089,10089
5123,PAFAH1B2,,11775,11775
5124,TAGLN,,8881,8881
5125,PCSK7,,10094,10094
5126,RNF214,,11562,11562
5127,BACE1,,15052,15052
5128,CEP164,,3642,3642
5129,UBE4A,,3649,3649
5130,ATP5MG,,11569,11569
5131,KMT2A,,4620,4620
5132,TMEM25,,8880,8880
5133,IFT46,,4622,4622
5134,ARCN1,,1958,1958
5135,PHLDB1,,377,377
5136,DDX6,,3650,3650
5137,BCL9L,,15023,15023
5138,CCDC84,,15022,15022
5139,RPS25,,18858,-1
5140,TRAPPC4,,15825,15825
5141,SLC37A4,,7229,7229
5142,HYOU1,,8852,8852
5143,VPS11,,10103,10103
5144,HMBS,,17985,17985
5145,H2AFX,,15452,15452
5146,DPAGT1,,12679,12679
5147,CBL,,3652,3652
5148,RNF26,,12909,12909
5149,THY1,,9341,9341
5150,OAF,,14621,14621
5151,TLCD5,,14100,14100
5152,ARHGEF12,,15886,15886
5153,SC5D,,3600,3600
5154,MIR100HG,,19256,-1
5155,UBASH3B,,9348,9348
5156,HSPA8,,3604,3604
5157,CLMP,,11323,11323
5158,TBRG1,,9352,9352
5159,SPA17,,847,847
5160,NRGN,,9353,9353
5161,MSANTD2,,4892,4892
5162,TMEM218,,8934,8934
5163,EI24,,8871,8871
5164,STT3A,,6720,6720
5165,CHEK1,,8873,8873
5166,PUS3,,3616,3616
5167,RPUSD4,,11149,11149
5168,FAM118B,,16104,16104
5169,SRPRA,,14370,14370
5170,FOXRED1,,3619,3619
5171,DCPS,,3617,3617
5172,ST3GAL4,,3624,3624
5173,ETS1,,6723,6723
5174,NFRKB,,12245,12245
5175,APLP2,,1575,1575
5176,ZBTB44,,15719,15719
5177,SNX19,,4890,4890
5178,NTM,,14322,14322
5179,JAM3,,11276,11276
5180,NCAPD3,,9051,9051
5181,VPS26B,,9050,9050
5182,THYN1,,9049,9049
5183,ACAD8,,9048,9048
5184,KDM5A,,1194,1194
5185,CCDC77,,4906,4906
5186,WNK1,,789,789
5187,ERC1,,1532,1532
5188,WNT5B,,3730,3730
5189,ADIPOR2,,157,157
5190,DCP1B,,8993,8993
5191,FKBP4,,49,49
5192,ITFG2,,3733,3733
5193,FOXM1,,3734,3734
5194,RHNO1,,12573,12573
5195,TULP3,,1374,1374
5196,TEAD4,,16132,16132
5197,TSPAN9,,274,274
5198,TIGAR,,1373,1373
5199,C12orf4,,611,611
5200,RAD51AP1,,3742,3742
5201,DYRK4,,244,244
5202,NDUFA9,,7492,7492
5203,CD9,,248,248
5204,TNFRSF1A,,973,973
5205,LTBR,,3757,3757
5206,MRPL51,,18859,-1
5207,NCAPD2,,250,250
5208,GAPDH,,18860,-1
5209,IFFO1,,251,251
5210,NOP2,,3790,3790
5211,CHD4,,3791,3791
5212,ING4,,3794,3794
5213,ZNF384,,5637,5637
5214,COPS7A,,3793,3793
5215,MLF2,,1792,1792
5216,PTMS,,9932,9932
5217,P3H3,,3691,3691
5218,CDCA3,,3796,3796
5219,USP5,,3798,3798
5220,TPI1,,18861,-1
5221,SPSB2,,3800,3800
5222,LRRC23,,262,262
5223,ENO2,,3801,3801
5224,ATN1,,3802,3802
5225,C12orf57,,3803,3803
5226,PHB2,,17194,17194
5227,EMG1,,5638,5638
5228,LPCAT3,,3805,3805
5229,C1RL,,7491,7491
5230,SLC2A3,,784,784
5231,FOXJ2,,924,924
5232,NECAP1,,1796,1796
5233,PHC1,,3822,3822
5234,M6PR,,31,31
5235,GABARAPL1,,7475,7475
5236,MAGOHB,,3731,3731
5237,YBX3,,787,787
5238,PRH1,,18532,18532
5239,SMIM10L1,,17992,17992
5240,ETV6,,7474,7474
5241,LRP6,,1062,1062
5242,MANSC1,,3746,3746
5243,BORCS5,,11197,11197
5244,CREBL2,,3749,3749
5245,CDKN1B,,3752,3752
5246,APOLD1,,13760,13760
5247,GPRC5A,,334,334
5248,HEBP1,,333,333
5249,EMP1,,6653,6653
5250,ATF7IP,,12550,12550
5251,H2AFJ,,17800,17800
5252,WBP11,,1578,1578
5253,ARHGDIB,,3765,3765
5254,EPS8,,9047,9047
5255,STRAP,,422,422
5256,DERA,,421,421
5257,MGST1,,214,214
5258,PLEKHA5,,680,680
5259,AEBP2,,7484,7484
5260,PYROXD1,,4989,4989
5261,RECQL,,53,53
5262,GOLT1B,,3811,3811
5263,LDHB,,3813,3813
5264,CMAS,,3815,3815
5265,C2CD5,,3819,3819
5266,ETNK1,,7487,7487
5267,BCAT1,,802,802
5268,ETFRF1,,18864,-1
5269,KRAS,,6524,6524
5270,RASSF8-AS1,,19257,-1
5271,RASSF8,,5162,5162
5272,BHLHE41,,5163,5163
5273,SSPN,,5164,5164
5274,ITPR2,,5165,5165
5275,INTS13,,844,844
5276,FGFR1OP2,,3827,3827
5277,TM7SF3,,845,845
5278,MED21,,9226,9226
5279,STK38L,,16943,16943
5280,ARNTL2,,462,462
5281,PPFIBP1,,3692,3692
5282,MRPS35,,18865,-1
5283,KLHL42,,1692,1692
5284,CCDC91,,5166,5166
5285,FAR2,,871,871
5286,ERGIC2,,1696,1696
5287,IPO8,,6525,6525
5288,CAPRIN2,,3702,3702
5289,AC010198.2,,19258,-1
5290,DDX11,,332,332
5291,SINHCAF,,7482,7482
5292,DENND5B,,12278,12278
5293,AMN1,,9084,9084
5294,RESF1,,13109,13109
5295,BICD1,,9085,9085
5296,AC026356.2,,19259,-1
5297,FGD4,,7479,7479
5298,DNM1L,,1693,1693
5299,YARS2,,7478,7478
5300,PKP2,,751,751
5301,KIF21A,,7476,7476
5302,GXYLT1,,9011,9011
5303,YAF2,,348,348
5304,PPHLN1,,6612,6612
5305,ZCRB1,,7488,7488
5306,PUS7L,,5912,5912
5307,IRAK4,,16160,16160
5308,TWF1,,9012,9012
5309,ANO6,,13501,13501
5310,ARID2,,15585,15585
5311,SCAF11,,7503,7503
5312,SLC38A1,,3769,3769
5313,SLC38A2,,6616,6616
5314,AMIGO2,,7502,7502
5315,RPAP3,,80,80
5316,SLC48A1,,16946,16946
5317,HDAC7,,803,803
5318,TMEM106C,,6615,6615
5319,SENP1,,1420,1420
5320,PFKM,,9183,9183
5321,ASB8,,13633,13633
5322,KANSL2,,7558,7558
5323,CCNT1,,5911,5911
5324,ADCY6,,13039,13039
5325,CACNB3,,11613,11613
5326,DDX23,,13042,13042
5327,FKBP11,,6613,6613
5328,ARF3,,6614,6614
5329,PRKAG1,,14189,14189
5330,KMT2D,,11616,11616
5331,LMBR1L,,7564,7564
5332,TUBA1B,,5206,5206
5333,TUBA1A,,11619,11619
5334,TUBA1C,,11620,11620
5335,TROAP,,6819,6819
5336,DNAJC22,,13700,13700
5337,SPATS2,,5193,5193
5338,MCRS1,,15314,15314
5339,FMNL3,,10213,10213
5340,TMBIM6,,7567,7567
5341,NCKAP5L,,11625,11625
5342,RACGAP1,,10215,10215
5343,SMARCD1,,932,932
5344,COX14,,13706,13706
5345,CERS5,,7559,7559
5346,LIMA1,,661,661
5347,LARP4,,10217,10217
5348,DIP2B,,931,931
5349,ATF1,,5186,5186
5350,SLC11A2,,3705,3705
5351,LETMD1,,662,662
5352,TFCP2,,6822,6822
5353,DAZAP2,,14436,14436
5354,SMAGP,,12304,12304
5355,SCN8A,,15880,15880
5356,ATG101,,5201,5201
5357,KRT80,,11689,11689
5358,KRT7,,6827,6827
5359,KRT81,,16826,16826
5360,KRT8,,12268,12268
5361,KRT18,,3721,3721
5362,EIF4B,,826,826
5363,TNS2,,3723,3723
5364,SPRYD3,,11696,11696
5365,IGFBP6,,11697,11697
5366,CSAD,,7563,7563
5367,RARG,,12792,12792
5368,MFSD5,,14296,14296
5369,PFDN5,,5192,5192
5370,AC073611.1,,19260,-1
5371,C12orf10,,7565,7565
5372,AAAS,,1949,1949
5373,SP1,,14889,14889
5374,PRR13,,18868,-1
5375,PCBP2,,15936,15936
5376,TARBP2,,7548,7548
5377,ATF7,,12327,12327
5378,ATP5MC2,,6801,6801
5379,CALCOCO1,,314,314
5380,SMUG1,,5205,5205
5381,CBX5,,1950,1950
5382,HNRNPA1,,18869,-1
5383,COPZ1,,3778,3778
5384,ITGA5,,10198,10198
5385,ITGA7,,6810,6810
5386,BLOC1S1,,6815,6815
5387,RDH5,,6813,6813
5388,CD63,,6803,6803
5389,GDF11,,6808,6808
5390,SARNP,,16810,16810
5391,ORMDL2,,5194,5194
5392,DNAJC14,,6802,6802
5393,PYM1,,12285,12285
5394,DGKA,,895,895
5395,CDK2,,5198,5198
5396,RAB5B,,3783,3783
5397,RPS26,,18870,-1
5398,PA2G4,,12296,12296
5399,RPL41,,18871,-1
5400,ESYT1,,7566,7566
5401,MYL6B,,15773,15773
5402,MYL6,,1923,1923
5403,SMARCC2,,7556,7556
5404,RNF41,,14177,14177
5405,NABP2,,7553,7553
5406,ANKRD52,,7568,7568
5407,CS,,818,818
5408,CNPY2,,18020,18020
5409,STAT2,,12311,12311
5410,TIMELESS,,3787,3787
5411,SPRYD4,,13395,13395
5412,RBMS2,,1293,1293
5413,BAZ2A,,1294,1294
5414,ATP5F1B,,3712,3712
5415,PTGES3,,3713,3713
5416,NACA,,18872,-1
5417,PRIM1,,16175,16175
5418,NEMP1,,11474,11474
5419,NAB2,,11476,11476
5420,STAT6,,11478,11478
5421,LRP1,,5199,5199
5422,SHMT2,,14237,14237
5423,R3HDM2,,13912,13912
5424,MARS,,11509,11509
5425,DDIT3,,13196,13196
5426,MBD6,,11510,11510
5427,DCTN2,,13199,13199
5428,PIP4K2C,,11483,11483
5429,B4GALNT1,,6821,6821
5430,OS9,,6831,6831
5431,AGAP2-AS1,,19261,-1
5432,TSPAN31,,6820,6820
5433,CDK4,,6817,6817
5434,MARCH9,,7509,7509
5435,METTL1,,528,528
5436,TSFM,,5187,5187
5437,CTDSP2,,13202,13202
5438,GIHCG,,18873,-1
5439,SLC16A7,,4676,4676
5440,USP15,,6858,6858
5441,MON2,,812,812
5442,AC048341.1,,19262,-1
5443,RXYLT1,,4677,4677
5444,SRGAP1,,15891,15891
5445,XPOT,,14690,14690
5446,TBK1,,14530,14530
5447,RASSF3,,9257,9257
5448,GNS,,6859,6859
5449,LEMD3,,13018,13018
5450,MSRB3,,13017,13017
5451,AC026124.1,,19263,-1
5452,LINC02454,,19264,-1
5453,HMGA2,,8912,8912
5454,LLPH,,7507,7507
5455,TMBIM4,,9531,9531
5456,CAND1,,3780,3780
5457,DYRK2,,5698,5698
5458,RAP1B,,18874,-1
5459,NUP107,,3785,3785
5460,SLC35E3,,13293,13293
5461,MDM2,,6861,6861
5462,CPSF6,,3788,3788
5463,YEATS4,,5699,5699
5464,FRS2,,11318,11318
5465,CCT2,,11319,11319
5466,RAB3IP,,5696,5696
5467,AC025159.1,,18875,-1
5468,CNOT2,,3786,3786
5469,PTPRB,,5697,5697
5470,ZFC3H1,,6541,6541
5471,TMEM19,,7514,7514
5472,RAB21,,1449,1449
5473,TBC1D15,,5022,5022
5474,TRHDE,,1159,1159
5475,TRHDE-AS1,,19265,-1
5476,ATXN7L3B,,17901,17901
5477,GLIPR1,,7511,7511
5478,KRR1,,3789,3789
5479,PHLDA1,,7513,7513
5480,NAP1L1,,18877,-1
5481,OSBPL8,,1851,1851
5482,ZDHHC17,,15163,15163
5483,CSRP2,,13193,13193
5484,E2F7,,11233,11233
5485,NAV3,,990,990
5486,SYT1,,989,989
5487,PAWR,,13544,13544
5488,PPP1R12A,,765,765
5489,CCDC59,,6532,6532
5490,SLC6A15,,1133,1133
5491,C12orf29,,6518,6518
5492,CEP290,,16333,16333
5493,TMTC3,,7519,7519
5494,KITLG,,635,635
5495,DUSP6,,7517,7517
5496,POC1B,,7518,7518
5497,GALNT4,,18018,18018
5498,ATP2B1,,1104,1104
5499,BTG1,,6516,6516
5500,EEA1,,2560,2560
5501,NUDT4,,12938,12938
5502,UBE2N,,13624,13624
5503,MRPL42,,18878,-1
5504,CEP83,,12936,12936
5505,TMCC3,,757,757
5506,NDUFA12,,14721,14721
5507,NR2C1,,4933,4933
5508,FGD6,,13965,13965
5509,VEZT,,457,457
5510,METAP2,,3726,3726
5511,NTN4,,1223,1223
5512,SNRPF,,7522,7522
5513,LTA4H,,3727,3727
5514,ELK3,,3728,3728
5515,CDK17,,782,782
5516,NEDD1,,7524,7524
5517,TMPO-AS1,,18879,-1
5518,TMPO,,4935,4935
5519,SLC25A3,,1266,1266
5520,IKBIP,,11286,11286
5521,APAF1,,4942,4942
5522,UHRF1BP1L,,3792,3792
5523,ACTR6,,1244,1244
5524,SCYL2,,6929,6929
5525,GAS2L3,,7527,7527
5526,UTP20,,4934,4934
5527,ARL1,,4936,4936
5528,CHPT1,,3797,3797
5529,GNPTAB,,3799,3799
5530,DRAM1,,6934,6934
5531,WASHC3,,4941,4941
5532,NUP37,,1248,1248
5533,PARPBP,,14869,14869
5534,HELLPAR,,18880,-1
5535,NT5DC3,,3806,3806
5536,HSP90B1,,11418,11418
5537,C12orf73,,16754,16754
5538,TDG,,7530,7530
5539,HCFC2,,3816,3816
5540,NFYB,,4940,4940
5541,TXNRD1,,16260,16260
5542,AC089983.1,,19266,-1
5543,CHST11,,12467,12467
5544,C12orf45,,9000,9000
5545,WASHC4,,6935,6935
5546,APPL2,,6932,6932
5547,C12orf75,,17542,17542
5548,NUAK1,,1225,1225
5549,CKAP4,,6930,6930
5550,POLR3B,,328,328
5551,RIC8B,,3825,3825
5552,TMEM263,,9001,9001
5553,CRY1,,215,215
5554,PWP1,,6933,6933
5555,PRDM4,,3695,3695
5556,FICD,,16409,16409
5557,SART3,,1283,1283
5558,ISCU,,6925,6925
5559,CORO1C,,3699,3699
5560,SSH1,,1573,1573
5561,ALKBH2,,15575,15575
5562,UNG,,1297,1297
5563,KCTD10,,3704,3704
5564,UBE3B,,9003,9003
5565,MMAB,,7533,7533
5566,GLTP,,7534,7534
5567,TCHP,,7536,7536
5568,GIT2,,7535,7535
5569,ANKRD13A,,1304,1304
5570,C12orf76,,13071,13071
5571,IFT81,,5155,5155
5572,ATP2A2,,13065,13065
5573,ANAPC7,,15787,15787
5574,ARPC3,,3737,3737
5575,GPN3,,3738,3738
5576,FAM216A,,16730,16730
5577,VPS29,,3739,3739
5578,PPTC7,,15872,15872
5579,TCTN1,,16729,16729
5580,PPP1CC,,15047,15047
5581,SH2B3,,3744,3744
5582,ATXN2,,16725,16725
5583,BRAP,,1774,1774
5584,ALDH2,,3751,3751
5585,MAPKAPK5-AS1,,18881,-1
5586,MAPKAPK5,,1751,1751
5587,ERP29,,1775,1775
5588,NAA25,,3754,3754
5589,TRAFD1,,6759,6759
5590,HECTD4,,12832,12832
5591,RPL6,,18882,-1
5592,PTPN11,,13837,13837
5593,DDX54,,5158,5158
5594,RITA1,,7531,7531
5595,TPCN1,,15141,15141
5596,PLBD2,,9007,9007
5597,SDSL,,7532,7532
5598,RBM19,,5153,5153
5599,MED13L,,5159,5159
5600,C12orf49,,3772,3772
5601,FBXW8,,13160,13160
5602,FBXO21,,6751,6751
5603,RFC5,,3775,3775
5604,WSB2,,13455,13455
5605,VSIG10,,13451,13451
5606,PEBP1,,1772,1772
5607,TAOK3,,6746,6746
5608,SUDS3,,3810,3810
5609,TMEM233,,19267,-1
5610,CIT,,5154,5154
5611,RAB35,,3821,3821
5612,GCN1,,1765,1765
5613,RPLP0,,18883,-1
5614,PXN,,1766,1766
5615,COX6A1,,3823,3823
5616,TRIAP1,,12362,12362
5617,GATC,,18012,18012
5618,SRSF9,,3826,3826
5619,DYNLL1,,1747,1747
5620,NRAV,,19268,-1
5621,COQ5,,3697,3697
5622,RNF10,,408,408
5623,POP5,,11566,11566
5624,MLEC,,3706,3706
5625,UNC119B,,13320,13320
5626,SPPL3,,9750,9750
5627,C12orf43,,9759,9759
5628,CAMKK2,,3709,3709
5629,ANAPC5,,1755,1755
5630,RNF34,,12324,12324
5631,KDM2B,,1760,1760
5632,ORAI1,,18317,18317
5633,TMEM120B,,15507,15507
5634,RHOF,,7581,7581
5635,PSMD9,,3690,3690
5636,BCL7A,,3715,3715
5637,MLXIP,,13286,13286
5638,VPS33A,,7579,7579
5639,CLIP1,,6112,6112
5640,ZCCHC8,,485,485
5641,RSRC2,,3716,3716
5642,KNTC1,,14662,14662
5643,DENR,,7582,7582
5644,VPS37B,,7580,7580
5645,ARL6IP4,,14235,14235
5646,MPHOSPH9,,679,679
5647,C12orf65,,6132,6132
5648,CDK2AP1,,3759,3759
5649,SBNO1,,7576,7576
5650,KMT5A,,14574,14574
5651,RILPL2,,8981,8981
5652,SNRNP35,,14614,14614
5653,RILPL1,,15364,15364
5654,TMED2,,1648,1648
5655,DDX55,,3768,3768
5656,EIF2B1,,3767,3767
5657,GTF2H3,,3766,3766
5658,ATP6V0A2,,14846,14846
5659,CCDC92,,4724,4724
5660,ZNF664,,13824,13824
5661,NCOR2,,15781,15781
5662,SCARB1,,1178,1178
5663,UBC,,8983,8983
5664,DHX37,,8982,8982
5665,BRI3BP,,14765,14765
5666,AACS,,1496,1496
5667,SLC15A4,,7529,7529
5668,STX2,,3776,3776
5669,RAN,,18888,-1
5670,SFSWAP,,810,810
5671,ULK1,,13508,13508
5672,PUS1,,13514,13514
5673,EP400,,14475,14475
5674,DDX51,,14807,14807
5675,NOC4L,,14757,14757
5676,FBRSL1,,3976,3976
5677,POLE,,13494,13494
5678,PXMP2,,13459,13459
5679,PGAM5,,17802,17802
5680,ANKLE2,,13466,13466
5681,GOLGA3,,1832,1832
5682,CHFR,,1158,1158
5683,ZNF605,,15770,15770
5684,ZNF26,,16252,16252
5685,ZNF84,,16169,16169
5686,ZNF268,,1831,1831
5687,MPHOSPH8,,15688,15688
5688,PSPC1,,4994,4994
5689,ZMYM5,,6431,6431
5690,ZMYM2,,5019,5019
5691,CRYL1,,11133,11133
5692,IFT88,,483,483
5693,AL161772.1,,19269,-1
5694,EEF1AKMT1,,8936,8936
5695,XPO4,,6433,6433
5696,LATS2,,8937,8937
5697,SAP18,,8938,8938
5698,SKA3,,11136,11136
5699,MRPL57,,18890,-1
5700,ZDHHC20,,14028,14028
5701,MICU2,,11137,11137
5702,SACS,,9095,9095
5703,MIPEP,,449,449
5704,PARP4,,2609,2609
5705,CENPJ,,9098,9098
5706,MTMR6,,7540,7540
5707,NUP58,,7539,7539
5708,SHISA2,,14021,14021
5709,RNF6,,5746,5746
5710,CDK8,,6436,6436
5711,WASF3,,6438,6438
5712,USP12,,9176,9176
5713,RPL21,,18891,-1
5714,GTF3A,,5057,5057
5715,MTIF3,,5056,5056
5716,POLR1D,,15024,15024
5717,POMP,,6435,6435
5718,SLC7A1,,7542,7542
5719,UBL3,,5059,5059
5720,KATNAL1,,2617,2617
5721,HMGB1,,18892,-1
5722,USPL1,,6432,6432
5723,HSPH1,,4918,4918
5724,B3GLCT,,15288,15288
5725,BRCA2,,7557,7557
5726,N4BP2L2,,17797,17797
5727,PDS5B,,1551,1551
5728,STARD13,,6468,6468
5729,RFC3,,6467,6467
5730,NBEA,,12806,12806
5731,MAB21L1,,14016,14016
5732,SPART,,6458,6458
5733,SMAD9,,4917,4917
5734,ALG5,,4920,4920
5735,EXOSC8,,4921,4921
5736,SUPT20H,,2610,2610
5737,UFM1,,4914,4914
5738,PROSER1,,4913,4913
5739,NHLRC3,,15527,15527
5740,LHFPL6,,14524,14524
5741,COG6,,6457,6457
5742,MRPS31,,18894,-1
5743,SLC25A15,,2611,2611
5744,ELF1,,4916,4916
5745,WBP4,,4915,4915
5746,NAA16,,12778,12778
5747,VWA8,,2615,2615
5748,DGKH,,2616,2616
5749,AKAP11,,418,418
5750,DNAJC15,,4912,4912
5751,TSC22D1,,2622,2622
5752,NUFIP1,,1550,1550
5753,GPALPP1,,6464,6464
5754,GTF2F2,,15432,15432
5755,TPT1,,18895,-1
5756,TPT1-AS1,,18896,-1
5757,COG3,,6953,6953
5758,ZC3H13,,5181,5181
5759,LRCH1,,6948,6948
5760,ESD,,7574,7574
5761,SUCLA2,,6949,6949
5762,NUDT15,,6958,6958
5763,MED4,,6951,6951
5764,ITM2B,,6956,6956
5765,RB1,,7575,7575
5766,FNDC3A,,2597,2597
5767,PHF11,,6952,6952
5768,RCBTB1,,6950,6950
5769,EBPL,,5179,5179
5770,KPNA3,,2612,2612
5771,SPRYD7,,5178,5178
5772,DLEU2,,18897,-1
5773,TRIM13,,16763,16763
5774,DLEU1,,18898,-1
5775,RNASEH2B,,6942,6942
5776,INTS6,,2618,2618
5777,WDFY2,,7572,7572
5778,VPS36,,6941,6941
5779,CKAP2,,6943,6943
5780,SUGT1,,11122,11122
5781,DIAPH3,,7583,7583
5782,TDRD3,,1549,1549
5783,PCDH9,,14619,14619
5784,MZT1,,16740,16740
5785,DIS3,,1547,1547
5786,PIBF1,,1548,1548
5787,KLF5,,2601,2601
5788,KLF12,,4700,4700
5789,TBC1D4,,6945,6945
5790,COMMD6,,15409,15409
5791,UCHL3,,4701,4701
5792,LMO7,,6954,6954
5793,CLN5,,2623,2623
5794,FBXL3,,103,103
5795,MYCBP2,,102,102
5796,OBI1,,9132,9132
5797,RBM26,,7585,7585
5798,NDFIP2,,2595,2595
5799,SPRY2,,6957,6957
5800,GPC6,,14407,14407
5801,GPR180,,9204,9204
5802,ABCC4,,5428,5428
5803,DZIP1,,6711,6711
5804,DNAJC3,,2604,2604
5805,UGGT2,,2605,2605
5806,MBNL2,,7588,7588
5807,RAP2A,,5426,5426
5808,IPO5,,886,886
5809,FARP1,,9208,9208
5810,STK24,,2602,2602
5811,UBAC2,,6712,6712
5812,TM9SF2,,5431,5431
5813,PCCA-DT,,18902,-1
5814,PCCA,,13197,13197
5815,ITGBL1,,16286,16286
5816,TPP2,,6716,6716
5817,TEX30,,9016,9016
5818,POGLUT2,,6717,6717
5819,BIVM,,6714,6714
5820,ERCC5,,6715,6715
5821,EFNB2,,5429,5429
5822,ARGLU1,,6713,6713
5823,FAM155A,,16638,16638
5824,LIG4,,13061,13061
5825,ABHD13,,7591,7591
5826,AL161431.1,,19270,-1
5827,IRS2,,14970,14970
5828,COL4A1,,15250,15250
5829,COL4A2,,6709,6709
5830,NAXD,,17099,17099
5831,CARS2,,6718,6718
5832,ING1,,9286,9286
5833,ANKRD10,,1721,1721
5834,ARHGEF7,,2606,2606
5835,TUBGCP3,,5588,5588
5836,ATP11A,,1017,1017
5837,PCID2,,5591,5591
5838,CUL4A,,7594,7594
5839,LAMP1,,14956,14956
5840,TMCO3,,8933,8933
5841,TFDP1,,16209,16209
5842,TMEM255B,,14674,14674
5843,GAS6,,14403,14403
5844,GAS6-DT,,19271,-1
5845,RASA3,,14983,14983
5846,CDC16,,5996,5996
5847,UPF3A,,11982,11982
5848,CHAMP1,,16388,16388
5849,TTC5,,6989,6989
5850,CCNB1IP1,,2314,2314
5851,PARP2,,5930,5930
5852,OSGEP,,1898,1898
5853,APEX1,,2316,2316
5854,PIP4P1,,11208,11208
5855,PNP,,16379,16379
5856,RNASE4,,18040,18040
5857,METTL17,,11209,11209
5858,ARHGEF40,,11213,11213
5859,HNRNPC,,1904,1904
5860,SUPT16H,,1906,1906
5861,CHD8,,2323,2323
5862,RAB2B,,5926,5926
5863,TOX4,,1907,1907
5864,METTL3,,11221,11221
5865,DAD1,,5940,5940
5866,OXA1L,,9484,9484
5867,MRPL52,,18904,-1
5868,MMP14,,9687,9687
5869,LRP10,,15986,15986
5870,RBM23,,2244,2244
5871,PRMT5,,2245,2245
5872,HAUS4,,1893,1893
5873,AJUBA,,5928,5928
5874,PSMB5,,2311,2311
5875,ACIN1,,2313,2313
5876,C14orf119,,13921,13921
5877,BCL2L2,,5927,5927
5878,PABPN1,,18905,-1
5879,NGDN,,5923,5923
5880,DHRS4-AS1,,18906,-1
5881,DHRS4,,9693,9693
5882,DHRS4L2,,15281,15281
5883,DCAF11,,2326,2326
5884,PSME1,,1891,1891
5885,EMC9,,2328,2328
5886,PSME2,,2329,2329
5887,RNF31,,1900,1900
5888,IRF9,,17087,17087
5889,IPO4,,15780,15780
5890,TM9SF1,,2332,2332
5891,CHMP4A,,17922,17922
5892,MDP1,,17083,17083
5893,NEDD8,,5939,5939
5894,GMPR2,,2334,2334
5895,TINF2,,1910,1910
5896,RABGGTA,,2336,2336
5897,DHRS1,,9701,9701
5898,KHNYN,,2238,2238
5899,SDR39U1,,2240,2240
5900,NOVA1,,7601,7601
5901,G2E3,,1902,1902
5902,SCFD1,,1901,1901
5903,STRN3,,15859,15859
5904,HECTD1,,1903,1903
5905,HEATR5A,,5931,5931
5906,DTD2,,5929,5929
5907,NUBPL,,9033,9033
5908,ARHGAP5,,2318,2318
5909,SPTSSA,,11117,11117
5910,EAPP,,5934,5934
5911,SNX6,,5933,5933
5912,CFL2,,11121,11121
5913,BAZ1A,,16305,16305
5914,SRP54,,2321,2321
5915,FAM177A1,,9021,9021
5916,PPP2R3C,,1892,1892
5917,PRORP,,2325,2325
5918,PSMA6,,18908,-1
5919,NFKBIA,,2327,2327
5920,RALGAPA1,,13060,13060
5921,BRMS1L,,2330,2330
5922,MBIP,,9022,9022
5923,MIPOL1,,9023,9023
5924,SEC23A,,2333,2333
5925,GEMIN2,,1908,1908
5926,TRAPPC6B,,14275,14275
5927,PNN,,2335,2335
5928,MIA2,,8942,8942
5929,FBXO33,,11111,11111
5930,TOGARAM1,,16336,16336
5931,PRPF39,,14821,14821
5932,FKBP3,,2239,2239
5933,FANCM,,15316,15316
5934,MIS18BP1,,5936,5936
5935,RPS29,,18910,-1
5936,LRR1,,11141,11141
5937,RPL36AL,,18911,-1
5938,MGAT2,,11810,11810
5939,DNAAF2,,11142,11142
5940,POLE2,,2248,2248
5941,KLHDC2,,11146,11146
5942,NEMF,,11148,11148
5943,AL627171.2,,18912,-1
5944,ARF6,,11150,11150
5945,SOS2,,2250,2250
5946,DMAC2L,,5441,5441
5947,MAP4K5,,316,316
5948,SAV1,,9086,9086
5949,NIN,,2252,2252
5950,PYGL,,2253,2253
5951,TMX1,,7604,7604
5952,FRMD6,,7605,7605
5953,FRMD6-AS1,,19272,-1
5954,RTRAF,,1688,1688
5955,NID2,,1689,1689
5956,ERO1A,,16138,16138
5957,AL133453.1,,19273,-1
5958,PSMC6,,2255,2255
5959,STYX,,16224,16224
5960,GNPNAT1,,2256,2256
5961,FERMT2,,1197,1197
5962,DDHD1,,2257,2257
5963,BMP4,,5442,5442
5964,CDKN3,,2258,2258
5965,CNIH1,,2259,2259
5966,GMFB,,15918,15918
5967,CGRRF1,,2260,2260
5968,SAMD4A,,390,390
5969,WDHD1,,16290,16290
5970,SOCS4,,13931,13931
5971,MAPK1IP1L,,11790,11790
5972,LGALS3,,6280,6280
5973,DLGAP5,,5649,5649
5974,FBXO34,,13780,13780
5975,ATG14,,5645,5645
5976,KTN1,,5646,5646
5977,OTX2,,11161,11161
5978,EXOC5,,1076,1076
5979,AP5M1,,697,697
5980,NAA30,,7611,7611
5981,ACTR10,,6277,6277
5982,PSMA3,,2266,2266
5983,PSMA3-AS1,,18913,-1
5984,ARID4A,,480,480
5985,TIMM9,,2268,2268
5986,KIAA0586,,2270,2270
5987,DAAM1,,2274,2274
5988,GPR135,,14140,14140
5989,L3HYPDH,,5650,5650
5990,JKAMP,,656,656
5991,PCNX4,,5644,5644
5992,DHRS7,,2283,2283
5993,PPM1A,,2284,2284
5994,SIX1,,5647,5647
5995,SIX4,,2285,2285
5996,MNAT1,,389,389
5997,TRMT5,,5653,5653
5998,SLC38A6,,7610,7610
5999,HIF1A,,2290,2290
6000,SNAPC1,,420,420
6001,RHOJ,,5648,5648
6002,PPP2R5E,,9331,9331
6003,SGPP1,,5654,5654
6004,SYNE2,,713,713
6005,MTHFD1,,2299,2299
6006,ZBTB25,,1795,1795
6007,ZBTB1,,5652,5652
6008,PLEKHG3,,5655,5655
6009,CHURC1,,18028,18028
6010,MAX,,5559,5559
6011,FUT8,,489,489
6012,MPP5,,1152,1152
6013,ATP6V1D,,2261,2261
6014,EIF2S1,,6558,6558
6015,PIGH,,2264,2264
6016,VTI1B,,2267,2267
6017,RDH11,,1134,1134
6018,ZFP36L1,,14902,14902
6019,ACTN1,,1138,1138
6020,DCAF5,,7614,7614
6021,ERH,,2289,2289
6022,SLC39A9,,464,464
6023,SRSF5,,2292,2292
6024,COX16,,6555,6555
6025,SYNJ2BP,,17039,17039
6026,MED6,,6557,6557
6027,PCNX1,,2303,2303
6028,SIPA1L1,,16039,16039
6029,ZFYVE1,,11227,11227
6030,RBM25,,4787,4787
6031,PSEN1,,1463,1463
6032,NUMB,,6552,6552
6033,DNAL1,,4773,4773
6034,PNMA1,,13463,13463
6035,ELMSAN1,,9545,9545
6036,ZNF410,,4794,4794
6037,COQ6,,4793,4793
6038,ABCD4,,4781,4781
6039,NPC2,,4772,4772
6040,ISCA2,,11235,11235
6041,LTBP2,,4776,4776
6042,AREL1,,4777,4777
6043,FCF1,,4765,4765
6044,YLPM1,,18914,-1
6045,DLST,,4782,4782
6046,EIF2B2,,4791,4791
6047,MLH3,,4778,4778
6048,ACYP1,,4770,4770
6049,NEK9,,4769,4769
6050,TMED10,,12251,12251
6051,TTLL5,,4779,4779
6052,ERG28,,6548,6548
6053,IFT43,,4771,4771
6054,GPATCH2L,,1801,1801
6055,IRF2BPL,,4774,4774
6056,POMT2,,236,236
6057,GSTZ1,,2269,2269
6058,TMED8,,2271,2271
6059,VIPAS39,,9037,9037
6060,AHSA1,,2273,2273
6061,SPTLC2,,2276,2276
6062,SLIRP,,4786,4786
6063,SNW1,,2280,2280
6064,DIO2,,16940,16940
6065,CEP128,,2288,2288
6066,GTF2A1,,11123,11123
6067,SEL1L,,1117,1117
6068,SPATA7,,569,569
6069,PTPN21,,1096,1096
6070,ZC3H14,,2301,2301
6071,TTC8,,11151,11151
6072,FOXN3,,689,689
6073,EFCAB11,,7619,7619
6074,TDP1,,566,566
6075,PSMC1,,2307,2307
6076,NRDE2,,4792,4792
6077,CALM1,,16318,16318
6078,DGLUCY,,6550,6550
6079,PPP4R3A,,2309,2309
6080,TRIP11,,2315,2315
6081,ATXN3,,946,946
6082,NDUFB1,,14506,14506
6083,CPSF2,,11245,11245
6084,LGMN,,2278,2278
6085,GOLGA5,,947,947
6086,MOAP1,,11247,11247
6087,TMEM251,,9285,9285
6088,GON7,,12231,12231
6089,UBR7,,315,315
6090,BTBD7,,275,275
6091,DDX24,,1794,1794
6092,IFI27L1,,11248,11248
6093,IFI27L2,,4767,4767
6094,DICER1,,2297,2297
6095,SNHG10,,18916,-1
6096,GLRX5,,14291,14291
6097,ATG2B,,956,956
6098,GSKIP,,2305,2305
6099,PAPOLA,,1806,1806
6100,VRK1,,2306,2306
6101,SETD3,,14489,14489
6102,CCNK,,1807,1807
6103,CCDC85C,,16833,16833
6104,EML1,,951,951
6105,EVL,,15747,15747
6106,YY1,,2312,2312
6107,SLC25A29,,15938,15938
6108,WARS,,7629,7629
6109,WDR25,,13403,13403
6110,MEG3,,19274,-1
6111,MEG8,,19275,-1
6112,PPP2R5C,,1377,1377
6113,DYNC1H1,,15933,15933
6114,HSP90AA1,,1467,1467
6115,WDR20,,7631,7631
6116,MOK,,1466,1466
6117,ZNF839,,409,409
6118,CINP,,2319,2319
6119,TECPR2,,15828,15828
6120,ANKRD9,,9586,9586
6121,RCOR1,,1800,1800
6122,TRAF3,,6195,6195
6123,CDC42BPB,,16354,16354
6124,EIF5,,2294,2294
6125,MARK3,,1265,1265
6126,TRMT61A,,11300,11300
6127,BAG5,,11303,11303
6128,KLC1,,5586,5586
6129,COA8,,17976,17976
6130,ZFYVE21,,2298,2298
6131,ATP5MPL,,9590,9590
6132,INF2,,16469,16469
6133,SIVA1,,14764,14764
6134,AKT1,,7908,7908
6135,CEP170B,,2053,2053
6136,AHNAK2,,14887,14887
6137,CDCA4,,12343,12343
6138,NUDT14,,14555,14555
6139,BRF1,,14777,14777
6140,BTBD6,,14737,14737
6141,PACS2,,13846,13846
6142,MTA1,,14380,14380
6143,CRIP2,,14346,14346
6144,TEDC1,,14848,14848
6145,NIPA1,,12201,12201
6146,NIPA2,,7632,7632
6147,CYFIP1,,18250,18250
6148,TUBGCP5,,18310,18310
6149,SNRPN,,5852,5852
6150,SNHG14,,19276,-1
6151,UBE3A,,4116,4116
6152,HERC2,,5851,5851
6153,APBA2,,495,495
6154,NSMCE3,,14798,14798
6155,TJP1,,2783,2783
6156,AC127502.2,,19277,-1
6157,FAN1,,16327,16327
6158,ARHGAP11A,,16390,16390
6159,SCG5,,11487,11487
6160,GREM1,,11488,11488
6161,AVEN,,12144,12144
6162,EMC7,,6583,6583
6163,KATNBL1,,6582,6582
6164,EMC4,,5809,5809
6165,NOP10,,14215,14215
6166,LPCAT4,,13400,13400
6167,AQR,,400,400
6168,ZNF770,,16201,16201
6169,DPH6,,6581,6581
6170,MEIS2,,6580,6580
6171,SPRED1,,11273,11273
6172,FAM98B,,12460,12460
6173,THBS1,,7249,7249
6174,AC037198.1,,19278,-1
6175,GPR176,,11275,11275
6176,EIF2AK4,,5857,5857
6177,SRP14,,18918,-1
6178,BUB1B,,9651,9651
6179,CCDC9B,,15464,15464
6180,KNSTRN,,5870,5870
6181,IVD,,5869,5869
6182,CHST14,,11992,11992
6183,CCDC32,,5863,5863
6184,RPUSD2,,11287,11287
6185,KNL1,,7255,7255
6186,RAD51,,673,673
6187,RMDN3,,7262,7262
6188,DNAJC17,,18920,-1
6189,VPS18,,2790,2790
6190,INO80,,5864,5864
6191,CHP1,,15245,15245
6192,OIP5-AS1,,18921,-1
6193,OIP5,,2791,2791
6194,NUSAP1,,7251,7251
6195,NDUFAF1,,7252,7252
6196,RTF1,,7257,7257
6197,RPAP1,,2771,2771
6198,TYRO3,,1915,1915
6199,MGA,,13033,13033
6200,MAPKBP1,,7250,7250
6201,EHD4,,2773,2773
6202,VPS39,,11477,11477
6203,TMEM87A,,2774,2774
6204,ZNF106,,2775,2775
6205,SNAP23,,1918,1918
6206,LRRC57,,14063,14063
6207,HAUS2,,7256,7256
6208,TTBK2,,5861,5861
6209,UBR1,,18922,-1
6210,CCNDBP1,,11496,11496
6211,ADAL,,11922,11922
6212,TUBGCP4,,7261,7261
6213,TP53BP1,,981,981
6214,MAP1A,,11503,11503
6215,PDIA3,,11512,11512
6216,SERF2,,7638,7638
6217,MFAP1,,7635,7635
6218,WDR76,,1916,1916
6219,CASC4,,11434,11434
6220,CTDSPL2,,7247,7247
6221,EIF3J-DT,,18923,-1
6222,EIF3J,,2787,2787
6223,SPG11,,2788,2788
6224,B2M,,11432,11432
6225,SORD,,7637,7637
6226,SPATA5L1,,12565,12565
6227,BLOC1S6,,2793,2793
6228,SQOR,,7246,7246
6229,MYEF2,,2794,2794
6230,DUT,,5871,5871
6231,FBN1,,11293,11293
6232,CEP152,,2776,2776
6233,EID1,,17953,17953
6234,SECISBP2L,,7394,7394
6235,COPS2,,11313,11313
6236,GALK2,,9647,9647
6237,DTWD1,,2779,2779
6238,GABPB1,,2782,2782
6239,GABPB1-IT1,,18924,-1
6240,GABPB1-AS1,,18925,-1
6241,USP8,,7393,7393
6242,TRPM7,,1914,1914
6243,SPPL2A,,7396,7396
6244,AP4E1,,1473,1473
6245,DMXL2,,2785,2785
6246,LYSMD2,,7642,7642
6247,TMOD3,,7395,7395
6248,LEO1,,11385,11385
6249,MAPK6,,1057,1057
6250,GNB5,,1058,1058
6251,MYO5A,,16036,16036
6252,ARPP19,,5874,5874
6253,FAM214A,,603,603
6254,RSL24D1,,7276,7276
6255,RAB27A,,1059,1059
6256,PIGBOS1,,17383,17383
6257,CCPG1,,18074,18074
6258,DNAAF4,,17978,17978
6259,NEDD4,,1055,1055
6260,RFX7,,14174,14174
6261,TEX9,,9056,9056
6262,MNS1,,7392,7392
6263,ZNF280D,,7273,7273
6264,TCF12,,7636,7636
6265,POLR2M,,17963,17963
6266,ADAM10,,7269,7269
6267,MINDY2,,5868,5868
6268,RNF111,,9709,9709
6269,SLTM,,7248,7248
6270,CCNB2,,9710,9710
6271,MYO1E,,9712,9712
6272,GTF2A2,,7648,7648
6273,BNIP2,,7647,7647
6274,ANXA2,,14332,14332
6275,ICE2,,5865,5865
6276,VPS13C,,5875,5875
6277,TLN2,,12604,12604
6278,TPM1,,7667,7667
6279,LACTB,,2755,2755
6280,RPS27L,,18926,-1
6281,RAB8B,,11285,11285
6282,APH1B,,7399,7399
6283,USP3,,7671,7671
6284,HERC1,,2758,2758
6285,CIAO2A,,11447,11447
6286,SNX1,,460,460
6287,PPIB,,11445,11445
6288,CSNK1G1,,11994,11994
6289,PCLAF,,11450,11450
6290,TRIP4,,2759,2759
6291,ZNF609,,13981,13981
6292,OAZ2,,13969,13969
6293,PIF1,,7670,7670
6294,SPG21,,1822,1822
6295,MTFMT,,2760,2760
6296,PDCD7,,1821,1821
6297,CLPX,,11467,11467
6298,DPP8,,1226,1226
6299,HACD3,,1230,1230
6300,INTS14,,7400,7400
6301,DENND4A,,13077,13077
6302,RAB11A,,2765,2765
6303,DIS3L,,11495,11495
6304,TIPIN,,1245,1245
6305,MAP2K1,,11977,11977
6306,SNAPC5,,13067,13067
6307,RPL4,,18927,-1
6308,ZWILCH,,13066,13066
6309,SMAD6,,7265,7265
6310,SMAD3,,11499,11499
6311,AAGAB,,2753,2753
6312,C15orf61,,15612,15612
6313,MAP2K5,,7244,7244
6314,PIAS1,,493,493
6315,CLN6,,5873,5873
6316,FEM1B,,11971,11971
6317,ITGA11,,7254,7254
6318,ANP32A,,7653,7653
6319,GLCE,,7397,7397
6320,KIF23,,7253,7253
6321,RPLP1,,18929,-1
6322,TLE3,,7652,7652
6323,UACA,,7264,7264
6324,LARP6,,11305,11305
6325,LRRC49,,7260,7260
6326,THSD4,,15299,15299
6327,MYO9A,,963,963
6328,PKM,,977,977
6329,HEXA,,17052,17052
6330,ARIH1,,11321,11321
6331,BBS4,,7673,7673
6332,ADPGK,,9931,9931
6333,NPTN,,9618,9618
6334,CD276,,2768,2768
6335,LOXL1-AS1,,19279,-1
6336,LOXL1,,5879,5879
6337,PML,,7674,7674
6338,SEMA7A,,7405,7405
6339,UBL7,,7406,7406
6340,CLK3,,13842,13842
6341,EDC3,,13817,13817
6342,CSK,,2757,2757
6343,SCAMP2,,7683,7683
6344,MPI,,13752,13752
6345,FAM219B,,13744,13744
6346,COX5A,,18931,-1
6347,PPCDC,,7403,7403
6348,COMMD4,,7654,7654
6349,MAN2C1,,18932,-1
6350,SIN3A,,12052,12052
6351,PTPN9,,12060,12060
6352,SNUPN,,12050,12050
6353,IMP3,,13632,13632
6354,CSPG4,,12926,12926
6355,UBE2Q2,,7655,7655
6356,FBXO22,,11553,11553
6357,ETFA,,7657,7657
6358,SCAPER,,7660,7660
6359,RCN2,,4612,4612
6360,TSPAN3,,7661,7661
6361,PEAK1,,12919,12919
6362,HMG20A,,7659,7659
6363,TBC1D2B,,11554,11554
6364,IDH3A,,11368,11368
6365,WDR61,,7662,7662
6366,IREB2,,6996,6996
6367,PSMA4,,559,559
6368,CHRNA5,,12111,12111
6369,MORF4L1,,14931,14931
6370,CTSH,,2766,2766
6371,TMED3,,11405,11405
6372,MTHFS,,6993,6993
6373,AC015871.1,,14059,14059
6374,ZFAND6,,1650,1650
6375,FAH,,2769,2769
6376,ABHD17C,,6995,6995
6377,MESD,,4611,4611
6378,TLNRD1,,7666,7666
6379,EFL1,,7704,7704
6380,RPS17,,18934,-1
6381,SNHG21,,18935,-1
6382,WHAMM,,9569,9569
6383,RAMAC,,12101,12101
6384,C15orf40,,12100,12100
6385,BTBD1,,870,870
6386,HDGFL3,,11392,11392
6387,WDR73,,13493,13493
6388,NMB,,16076,16076
6389,SEC11A,,7706,7706
6390,ZNF592,,11433,11433
6391,PDE8A,,1187,1187
6392,AKAP13,,12341,12341
6393,MRPL46,,18936,-1
6394,MRPS11,,18937,-1
6395,AEN,,14074,14074
6396,MFGE8,,7696,7696
6397,ABHD2,,7691,7691
6398,FANCI,,7690,7690
6399,POLG,,7688,7688
6400,AP3S2,,9747,9747
6401,ARPIN,,17715,17715
6402,IDH2,,14205,14205
6403,SEMA4B,,14779,14779
6404,CIB1,,14782,14782
6405,NGRN,,14339,14339
6406,IQGAP1,,7702,7702
6407,CRTC3,,7703,7703
6408,BLM,,15980,15980
6409,FURIN,,7701,7701
6410,HDDC3,,14678,14678
6411,UNC45A,,7698,7698
6412,RCCD1,,11504,11504
6413,PRC1,,16434,16434
6414,SLCO3A1,,13401,13401
6415,LINC01578,,18938,-1
6416,CHD2,,12932,12932
6417,NR2F2-AS1,,19280,-1
6418,NR2F2,,14883,14883
6419,IGF1R,,7668,7668
6420,SYNM,,14246,14246
6421,LRRC28,,11946,11946
6422,MEF2A,,1006,1006
6423,ALDH1A3,,14622,14622
6424,CHSY1,,6267,6267
6425,SELENOS,,6266,6266
6426,SNRPA1,,6268,6268
6427,TM2D3,,14627,14627
6428,TARSL2,,14857,14857
6429,POLR3K,,10239,10239
6430,SNRNP25,,10240,10240
6431,RHBDF1,,180,180
6432,MPG,,2683,2683
6433,NPRL3,,2681,2681
6434,LUC7L,,181,181
6435,FAM234A,,11727,11727
6436,AXIN1,,2679,2679
6437,MRPL28,,18941,-1
6438,TMEM8A,,5962,5962
6439,NME4,,2695,2695
6440,DECR2,,17718,17718
6441,RAB11FIP3,,1829,1829
6442,CAPN15,,2715,2715
6443,PIGQ,,185,185
6444,METTL26,,6096,6096
6445,MCRIP2,,12704,12704
6446,RHOT2,,7749,7749
6447,STUB1,,2707,2707
6448,JMJD8,,10243,10243
6449,METRN,,2705,2705
6450,ANTKMT,,2703,2703
6451,HAGHL,,2702,2702
6452,CIAO3,,2699,2699
6453,RPUSD1,,179,179
6454,CHTF18,,5730,5730
6455,UBE2I,,2710,2710
6456,TSR3,,184,184
6457,GNPTG,,1830,1830
6458,UNKL,,18942,-1
6459,C16orf91,,13019,13019
6460,CLCN7,,2701,2701
6461,TELO2,,2302,2302
6462,JPT2,,16899,16899
6463,NME3,,2661,2661
6464,MRPS34,,18943,-1
6465,SPSB3,,10247,10247
6466,NUBP2,,1984,1984
6467,HAGH,,840,840
6468,FAHD1,,13953,13953
6469,MSRB1,,16348,16348
6470,NDUFB10,,7751,7751
6471,RPS2,,18944,-1
6472,SNHG9,,18945,-1
6473,TBL3,,14534,14534
6474,GFER,,5724,5724
6475,ZNF598,,11729,11729
6476,SLC9A3R2,,882,882
6477,NTHL1,,883,883
6478,TSC2,,2693,2693
6479,PKD1,,221,221
6480,SNHG19,,18946,-1
6481,TRAF7,,6236,6236
6482,MLST8,,11731,11731
6483,PGP,,14613,14613
6484,E4F1,,11732,11732
6485,ECI1,,11734,11734
6486,RNPS1,,16891,16891
6487,CCNF,,10251,10251
6488,ATP6V0C,,14953,14953
6489,AMDHD2,,10253,10253
6490,PDPK1,,7752,7752
6491,KCTD5,,11737,11737
6492,SRRM2,,11738,11738
6493,ELOB,,2723,2723
6494,FLYWCH2,,10257,10257
6495,FLYWCH1,,19127,-1
6496,PKMYT1,,5726,5726
6497,PAQR4,,10256,10256
6498,TNFRSF12A,,128,128
6499,HCFC1R1,,2680,2680
6500,THOC6,,6235,6235
6501,ZNF205,,5086,5086
6502,ZNF263,,124,124
6503,ZNF75A,,10259,10259
6504,NAA60,,5087,5087
6505,CLUAP1,,2719,2719
6506,TRAP1,,5630,5630
6507,CREBBP,,89,89
6508,PAM16,,17256,17256
6509,VASN,,11783,11783
6510,DNAJA3,,2729,2729
6511,NMRAL1,,9282,9282
6512,HMOX2,,2728,2728
6513,UBALD1,,9283,9283
6514,MGRN1,,2626,2626
6515,NUDT16L1,,11777,11777
6516,ANKS3,,11776,11776
6517,ROGDI,,992,992
6518,GLYR1,,7708,7708
6519,UBN1,,4699,4699
6520,NAGPA,,2687,2687
6521,ALG1,,484,484
6522,EEF2KMT,,4697,4697
6523,METTL22,,980,980
6524,TMEM186,,14733,14733
6525,PMM2,,7709,7709
6526,CARHSP1,,9240,9240
6527,USP7,,15264,15264
6528,C16orf72,,14350,14350
6529,EMP2,,17074,17074
6530,NUBP1,,2709,2709
6531,DEXI,,14213,14213
6532,RMI2,,13275,13275
6533,LITAF,,15582,15582
6534,TXNDC11,,9243,9243
6535,ZC3H7A,,5078,5078
6536,RSL1D1,,12510,12510
6537,GSPT1,,2717,2717
6538,SNX29,,626,626
6539,ERCC4,,13270,13270
6540,MRTFB,,15039,15039
6541,PARN,,7715,7715
6542,BFAR,,2730,2730
6543,PDXDC1,,13909,13909
6544,NTAN1,,9661,9661
6545,RRN3,,1615,1615
6546,BMERB1,,11441,11441
6547,MARF1,,11442,11442
6548,NDE1,,1172,1172
6549,FOPNL,,6496,6496
6550,ABCC1,,2696,2696
6551,XYLT1,,2735,2735
6552,RPS15A,,18950,-1
6553,ARL6IP1,,12302,12302
6554,SMG1,,9668,9668
6555,COQ7,,11549,11549
6556,ITPRIPL2,,16861,16861
6557,GDE1,,111,111
6558,CCP110,,2747,2747
6559,VPS35L,,2748,2748
6560,KNOP1,,2751,2751
6561,IQCK,,13099,13099
6562,THUMPD1,,953,953
6563,ERI2,,15832,15832
6564,LYRM1,,2636,2636
6565,METTL9,,15907,15907
6566,UQCRC2,,7717,7717
6567,MOSMO,,14916,14916
6568,EEF2K,,2714,2714
6569,POLR3E,,769,769
6570,CDR2,,7718,7718
6571,NPIPB5,,18952,-1
6572,COG7,,11845,11845
6573,GGA2,,2724,2724
6574,UBFD1,,2720,2720
6575,NDUFAB1,,57,57
6576,PALB2,,1536,1536
6577,DCTN5,,11464,11464
6578,PLK1,,11466,11466
6579,RBBP6,,5077,5077
6580,TNRC6A,,1843,1843
6581,ARHGAP17,,7720,7720
6582,LCMT1,,16848,16848
6583,NSMCE1,,12009,12009
6584,IL4R,,1333,1333
6585,GTF3C1,,1332,1332
6586,XPO6,,12005,12005
6587,CLN3,,15475,15475
6588,NUPR1,,13330,13330
6589,ATXN2L,,11857,11857
6590,TUFM,,13776,13776
6591,SH2B1,,13669,13669
6592,RABEP2,,13569,13569
6593,NFATC2IP,,13473,13473
6594,SPNS1,,12109,12109
6595,BOLA2,,18956,-1
6596,KIF22,,1428,1428
6597,MAZ,,2738,2738
6598,PAGR1,,18411,18411
6599,MVP,,323,323
6600,CDIPT,,2740,2740
6601,SEZ6L2,,13146,13146
6602,ASPHD1,,13147,13147
6603,KCTD13,,13148,13148
6604,TMEM219,,8911,8911
6605,TAOK2,,8910,8910
6606,HIRIP3,,8909,8909
6607,INO80E,,12093,12093
6608,ALDOA,,18957,-1
6609,PPP4C,,8906,8906
6610,YPEL3,,1810,1810
6611,MAPK3,,2631,2631
6612,BOLA2B,,19281,-1
6613,CD2BP2,,12015,12015
6614,TBC1D10B,,12018,12018
6615,SEPTIN1,,13944,13944
6616,ZNF771,,13928,13928
6617,DCTPP1,,13927,13927
6618,SEPHS2,,13916,13916
6619,ZNF768,,12171,12171
6620,ZNF688,,17443,17443
6621,PRR14,,9635,9635
6622,FBRS,,9636,9636
6623,SRCAP,,1457,1457
6624,PHKG2,,9638,9638
6625,RNF40,,2750,2750
6626,ZNF629,,2627,2627
6627,BCL7C,,2035,2035
6628,ORAI3,,13318,13318
6629,SETD1A,,2034,2034
6630,STX4,,2739,2739
6631,ZNF668,,11590,11590
6632,VKORC1,,11592,11592
6633,BCKDK,,2741,2741
6634,KAT8,,2742,2742
6635,FUS,,1777,1777
6636,TGFB1I1,,7712,7712
6637,C16orf58,,7713,7713
6638,ZNF720,,15981,15981
6639,ZNF267,,14969,14969
6640,SHCBP1,,12457,12457
6641,VPS35,,1040,1040
6642,ORC6,,1880,1880
6643,C16orf87,,9476,9476
6644,GPT2,,11283,11283
6645,DNAJA2,,1041,1041
6646,NETO2,,12447,12447
6647,ITFG1,,5945,5945
6648,PHKB,,2635,2635
6649,LONP2,,2642,2642
6650,SIAH1,,15776,15776
6651,N4BP1,,2643,2643
6652,HEATR3,,9482,9482
6653,TENT4B,,4981,4981
6654,BRD7,,11298,11298
6655,CYLD,,1555,1555
6656,HNRNPA1P48,,18958,-1
6657,CHD9,,13515,13515
6658,RBL2,,2733,2733
6659,AKTIP,,11505,11505
6660,RPGRIP1L,,2737,2737
6661,FTO,,7716,7716
6662,CRNDE,,18959,-1
6663,MMP2,,1678,1678
6664,LPCAT2,,1680,1680
6665,AC007336.1,,19282,-1
6666,AMFR,,9952,9952
6667,NUDT21,,11513,11513
6668,OGFOD1,,1682,1682
6669,BBS2,,5416,5416
6670,MT2A,,5418,5418
6671,MT1E,,12119,12119
6672,MT1M,,16821,16821
6673,MT1X,,15224,15224
6674,NUP93,,2638,2638
6675,HERPUD1,,671,671
6676,CPNE2,,7730,7730
6677,FAM192A,,12782,12782
6678,RSPRY1,,9959,9959
6679,ARL2BP,,2645,2645
6680,CIAPIN1,,83,83
6681,COQ9,,1725,1725
6682,POLR2C,,2653,2653
6683,CCDC102A,,6870,6870
6684,KATNB1,,7732,7732
6685,KIFC3,,7733,7733
6686,USB1,,2657,2657
6687,CFAP20,,1094,1094
6688,AC009107.2,,19283,-1
6689,CSNK2A2,,1095,1095
6690,CNOT1,,5414,5414
6691,SLC38A7,,2665,2665
6692,GOT2,,5420,5420
6693,TK2,,11404,11404
6694,CKLF,,17255,17255
6695,CMTM3,,7737,7737
6696,CMTM4,,14525,14525
6697,DYNC1LI2,,6867,6867
6698,NAE1,,9962,9962
6699,PDP2,,12797,12797
6700,CIAO2B,,11416,11416
6701,CES2,,12796,12796
6702,CBFB,,996,996
6703,B3GNT9,,17585,17585
6704,TRADD,,2628,2628
6705,NOL3,,7740,7740
6706,E2F4,,16801,16801
6707,TMEM208,,11901,11901
6708,FHOD1,,6869,6869
6709,ATP6V0D1,,9975,9975
6710,RIPOR1,,544,544
6711,CTCF,,2651,2651
6712,ACD,,2652,2652
6713,ENKD1,,5262,5262
6714,GFOD2,,7769,7769
6715,CENPT,,2639,2639
6716,THAP11,,11812,11812
6717,NUTF2,,2637,2637
6718,EDC4,,535,535
6719,PSKH1,,9983,9983
6720,PSMB10,,16799,16799
6721,SLC12A4,,5261,5261
6722,DDX28,,14347,14347
6723,NFATC3,,1162,1162
6724,PLA2G15,,2673,2673
6725,SLC7A6,,2672,2672
6726,SLC7A6OS,,2671,2671
6727,PRMT7,,6367,6367
6728,ZFP90,,14752,14752
6729,UTP4,,7765,7765
6730,SNTB2,,11924,11924
6731,VPS4A,,6370,6370
6732,COG8,,17027,17027
6733,NIP7,,6368,6368
6734,TERF2,,6369,6369
6735,CYB5B,,2658,2658
6736,NFAT5,,2641,2641
6737,NQO1,,14072,14072
6738,NOB1,,7770,7770
6739,PDPR,,1839,1839
6740,EXOSC6,,17340,17340
6741,AARS,,1840,1840
6742,DDX19B,,9697,9697
6743,DDX19A,,11934,11934
6744,ST3GAL2,,9698,9698
6745,COG4,,2669,2669
6746,SF3B3,,15586,15586
6747,VAC14,,2666,2666
6748,CMTR2,,14053,14053
6749,ZNF23,,11585,11585
6750,AP1G1,,11438,11438
6751,IST1,,14220,14220
6752,DHODH,,2649,2649
6753,TXNL4B,,7725,7725
6754,DHX38,,7724,7724
6755,ZFHX3,,7728,7728
6756,PSMD7,,2663,2663
6757,GLG1,,1841,1841
6758,RFWD3,,11840,11840
6759,MLKL,,11839,11839
6760,WDR59,,2676,2676
6761,ZNRF1,,15026,15026
6762,BCAR1,,669,669
6763,CFDP1,,9301,9301
6764,TMEM170A,,11455,11455
6765,GABARAPL2,,18529,18529
6766,ADAT1,,900,900
6767,KARS,,899,899
6768,TERF2IP,,11465,11465
6769,MON1B,,2677,2677
6770,CMC2,,2678,2678
6771,CENPN,,11380,11380
6772,ATMIN,,11382,11382
6773,GCSH,,7736,7736
6774,CMIP,,9308,9308
6775,PLCG2,,16143,16143
6776,MPHOSPH6,,6864,6864
6777,CDH13,,7743,7743
6778,HSBP1,,17468,17468
6779,MBTPS1,,7742,7742
6780,HSDL1,,2685,2685
6781,MEAK7,,7745,7745
6782,COTL1,,2690,2690
6783,KLHL36,,6862,6862
6784,USP10,,2691,2691
6785,ZDHHC7,,9303,9303
6786,GSE1,,6178,6178
6787,GINS2,,6179,6179
6788,C16orf74,,9343,9343
6789,EMC8,,6177,6177
6790,COX4I1,,6176,6176
6791,FOXC2,,13431,13431
6792,C16orf95,,18068,18068
6793,MAP1LC3B,,7741,7741
6794,ZCCHC14,,7744,7744
6795,KLHDC4,,2862,2862
6796,SLC7A5,,2704,2704
6797,BANP,,12738,12738
6798,ZFPM1,,18960,-1
6799,ZC3H18,,9836,9836
6800,MVD,,11605,11605
6801,RNF166,,9856,9856
6802,CTU2,,13032,13032
6803,PIEZO1,,2716,2716
6804,CDT1,,11606,11606
6805,APRT,,16448,16448
6806,TRAPPC2L,,11607,11607
6807,ACSF3,,13435,13435
6808,ANKRD11,,11608,11608
6809,SPG7,,16133,16133
6810,RPL13,,18961,-1
6811,CPNE7,,13747,13747
6812,CHMP1A,,6180,6180
6813,SPATA33,,11609,11609
6814,CDK10,,18962,-1
6815,FANCA,,15303,15303
6816,TCF25,,7755,7755
6817,TUBB3,,18044,18044
6818,DEF8,,7754,7754
6819,DBNDD1,,35,35
6820,RFLNB,,14515,14515
6821,VPS53,,7779,7779
6822,TLCD3A,,11665,11665
6823,GEMIN4,,13853,13853
6824,GLOD4,,11666,11666
6825,MRM3,,12594,12594
6826,TIMM22,,13537,13537
6827,ABR,,9985,9985
6828,YWHAE,,3494,3494
6829,CRK,,11551,11551
6830,MYO1C,,16122,16122
6831,PITPNA-AS1,,18963,-1
6832,PITPNA,,13041,13041
6833,PRPF8,,13038,13038
6834,MIR22HG,,19284,-1
6835,SMYD4,,15100,15100
6836,RPA1,,6327,6327
6837,SMG6,,1075,1075
6838,SRR,,11674,11674
6839,TSR1,,11675,11675
6840,SGSM2,,7781,7781
6841,MNT,,18964,-1
6842,METTL16,,5740,5740
6843,PAFAH1B1,,165,165
6844,CLUH,,6324,6324
6845,TAX1BP3,,17096,17096
6846,EMC6,,5738,5738
6847,ITGAE,,18965,-1
6848,NCBP3,,1219,1219
6849,ZZEF1,,1232,1232
6850,CYB5D2,,11678,11678
6851,ANKFY1,,14918,14918
6852,UBE2G1,,6329,6329
6853,MYBBP1A,,6326,6326
6854,PELP1,,7816,7816
6855,ARRB2,,7819,7819
6856,MED11,,10229,10229
6857,PSMB6,,7930,7930
6858,MINK1,,7823,7823
6859,SLC25A11,,3430,3430
6860,RNF167,,3429,3429
6861,PFN1,,3428,3428
6862,SPAG7,,1879,1879
6863,CAMTA2,,3424,3424
6864,KIF1C,,5907,5907
6865,AC012146.1,,18966,-1
6866,RABEP1,,468,468
6867,NUP88,,3434,3434
6868,RPAIN,,5898,5898
6869,AC004148.1,,18967,-1
6870,C1QBP,,3435,3435
6871,DHX33,,76,76
6872,DERL2,,1170,1170
6873,MIS12,,11709,11709
6874,PIMREG,,5897,5897
6875,KIAA0753,,16443,16443
6876,TXNDC17,,5904,5904
6877,MED31,,3441,3441
6878,RNASEK,,17264,17264
6879,C17orf49,,18029,18029
6880,ACADVL,,1164,1164
6881,DVL2,,69,69
6882,PHF23,,555,555
6883,GABARAP,,12240,12240
6884,CTDNEP1,,13301,13301
6885,ELP5,,12238,12238
6886,EIF5A,,18969,-1
6887,GPS2,,6355,6355
6888,PLSCR3,,15330,15330
6889,TMEM256,,16841,16841
6890,NLGN2,,12180,12180
6891,ZBTB4,,13046,13046
6892,POLR2A,,14097,14097
6893,EIF4A1,,10237,10237
6894,CD68,,5903,5903
6895,MPDU1,,5908,5908
6896,FXR2,,5906,5906
6897,SAT2,,7824,7824
6898,TP53,,7827,7827
6899,WRAP53,,7822,7822
6900,KDM6B,,6352,6352
6901,NAA38,,14386,14386
6902,CHD3,,12182,12182
6903,TRAPPC1,,12189,12189
6904,VAMP2,,17273,17273
6905,TMEM107,,13792,13792
6906,AURKB,,13786,13786
6907,PFAS,,13767,13767
6908,RANGRF,,3496,3496
6909,RPL26,,18971,-1
6910,NDEL1,,11412,11412
6911,MYH10,,6443,6443
6912,STX8,,12242,12242
6913,SCO1,,6445,6445
6914,MAP2K4,,907,907
6915,ELAC2,,152,152
6916,HS3ST3A1,,9327,9327
6917,COX10,,147,147
6918,PMP22,,3512,3512
6919,TRIM16,,17307,17307
6920,ZNF286A,,15274,15274
6921,ADORA2B,,12270,12270
6922,ZSWIM7,,17184,17184
6923,TTC19,,283,283
6924,NCOR1,,7759,7759
6925,PIGL,,3421,3421
6926,CENPV,,11413,11413
6927,UBB,,12244,12244
6928,SNHG29,,18972,-1
6929,LRRC75A,,14109,14109
6930,MPRIP,,6446,6446
6931,FLCN,,9424,9424
6932,COPS3,,7760,7760
6933,PEMT,,6444,6444
6934,RAI1,,3433,3433
6935,SREBF1,,1148,1148
6936,TOM1L2,,13277,13277
6937,ATPAF2,,12614,12614
6938,GID4,,7761,7761
6939,DRG2,,3442,3442
6940,ALKBH5,,1875,1875
6941,FLII,,13607,13607
6942,MIEF2,,13546,13546
6943,TOP3A,,13530,13530
6944,SMCR8,,13482,13482
6945,SHMT1,,13477,13477
6946,TRIM16L,,3417,3417
6947,TVP23B,,12606,12606
6948,PRPSAP2,,7771,7771
6949,EPN2,,1140,1140
6950,B9D1,,3449,3449
6951,MAPK7,,11390,11390
6952,ALDH3A2,,1146,1146
6953,AKAP10,,3444,3444
6954,SPECC1,,5811,5811
6955,USP22,,5333,5333
6956,DHRS7B,,3499,3499
6957,TMEM11,,13688,13688
6958,MAP2K3,,496,496
6959,LINC02693,,16974,16974
6960,WSB1,,3500,3500
6961,TMEM97,,3510,3510
6962,IFT20,,3509,3509
6963,TNFAIP1,,3508,3508
6964,POLDIP2,,46,46
6965,TMEM199,,17766,17766
6966,UNC119,,3514,3514
6967,PIGS,,1670,1670
6968,SPAG5,,1303,1303
6969,KIAA0100,,168,168
6970,SDF2,,6364,6364
6971,SUPT6H,,3516,3516
6972,RAB34,,3517,3517
6973,RPL23A,,18973,-1
6974,TLCD1,,10093,10093
6975,TRAF4,,1307,1307
6976,FAM222B,,12833,12833
6977,ERAL1,,6366,6366
6978,FLOT2,,6365,6365
6979,PHF12,,3518,3518
6980,MYO18A,,15791,15791
6981,NUFIP2,,3394,3394
6982,TAOK1,,10086,10086
6983,TP53I13,,11615,11615
6984,GIT1,,3395,3395
6985,SSH2,,7786,7786
6986,NSRP1,,5632,5632
6987,BLMH,,3437,3437
6988,CPD,,3438,3438
6989,GOSR1,,3439,3439
6990,AC005562.1,,19285,-1
6991,ATAD5,,13358,13358
6992,TEFM,,12658,12658
6993,RNF135,,14125,14125
6994,NF1,,15841,15841
6995,COPRS,,12685,12685
6996,UTP6,,3450,3450
6997,SUZ12,,13734,13734
6998,RHOT1,,5658,5658
6999,C17orf75,,3452,3452
7000,ZNF207,,245,245
7001,PSMD11,,3454,3454
7002,TMEM98,,115,115
7003,CCL2,,3458,3458
7004,ZNF830,,16365,16365
7005,LIG3,,79,79
7006,RFFL,,1927,1927
7007,RAD51D,,14853,14853
7008,NLE1,,1189,1189
7009,SLFN5,,11439,11439
7010,SLFN12,,12647,12647
7011,SNHG30,,18974,-1
7012,AP2B1,,122,122
7013,TAF15,,18210,18210
7014,ZNHIT3,,18975,-1
7015,MYO19,,18367,18367
7016,PIGW,,18339,18339
7017,GGNBP2,,18368,18368
7018,AATF,,18303,18303
7019,ACACA,,18373,18373
7020,TADA2A,,18324,18324
7021,DUSP14,,18314,18314
7022,SYNRG,,18285,18285
7023,DDX52,,18363,18363
7024,MRPL45,,18976,-1
7025,ARHGAP23,,18309,18309
7026,MLLT6,,18283,18283
7027,CISD3,,18361,18361
7028,PCGF2,,18341,18341
7029,PSMB3,,18357,18357
7030,PIP4K2B,,18327,18327
7031,CWC25,,18246,18246
7032,RPL23,,18978,-1
7033,LASP1,,28,28
7034,RPL19,,18979,-1
7035,FBXL20,,3396,3396
7036,MED1,,5490,5490
7037,CDK12,,11563,11563
7038,STARD3,,6250,6250
7039,ERBB2,,7865,7865
7040,MIEN1,,7867,7867
7041,ORMDL3,,12637,12637
7042,PSMD3,,3400,3400
7043,MED24,,223,223
7044,THRA,,5607,5607
7045,NR1D1,,5609,5609
7046,MSL1,,15543,15543
7047,CASC3,,3401,3401
7048,WIPF2,,12504,12504
7049,CDC6,,1946,1946
7050,RARA,,6251,6251
7051,TOP2A,,6249,6249
7052,SMARCE1,,1191,1191
7053,KRT10,,15065,15065
7054,TMEM99,,11725,11725
7055,KRTAP2-3,,16977,16977
7056,KRT15,,12473,12473
7057,EIF1,,12974,12974
7058,JUP,,12971,12971
7059,P3H4,,7862,7862
7060,FKBP10,,7872,7872
7061,NT5C3B,,7863,7863
7062,ACLY,,6219,6219
7063,CNP,,12970,12970
7064,DNAJC7,,11801,11801
7065,NKIRAS2,,11800,11800
7066,KAT2A,,3464,3464
7067,RAB5C,,3465,3465
7068,STAT3,,11884,11884
7069,CAVIN1,,13556,13556
7070,ATP6V0A1,,492,492
7071,NAGLU,,3466,3466
7072,COASY,,1004,1004
7073,MLX,,3468,3468
7074,PSMC3IP,,6217,6217
7075,RETREG3,,7864,7864
7076,TUBG1,,6215,6215
7077,PLEKHH3,,1005,1005
7078,EZH1,,3471,3471
7079,VPS25,,6220,6220
7080,COA3,,14579,14579
7081,BECN1,,5628,5628
7082,PSME3,,6216,6216
7083,AARSD1,,18150,18150
7084,RUNDC1,,16414,16414
7085,RPL27,,18981,-1
7086,IFI35,,1002,1002
7087,VAT1,,3476,3476
7088,BRCA1,,302,302
7089,NBR1,,15465,15465
7090,ARL4D,,13314,13314
7091,DHX8,,985,985
7092,DUSP3,,3486,3486
7093,TMEM101,,1887,1887
7094,LSM12,,10205,10205
7095,G6PC3,,7791,7791
7096,HDAC5,,3480,3480
7097,TMUB2,,11882,11882
7098,ATXN7L3,,1673,1673
7099,UBTF,,3398,3398
7100,SLC25A39,,322,322
7101,GRN,,474,474
7102,GPATCH8,,15102,15102
7103,FZD2,,13976,13976
7104,CCDC43,,13973,13973
7105,DBF4B,,10211,10211
7106,GJC1,,14376,14376
7107,EFTUD2,,3488,3488
7108,C1QL1,,6166,6166
7109,NMT1,,7002,7002
7110,PLCD3,,10212,10212
7111,HEXIM1,,15145,15145
7112,PLEKHM1,,17365,17365
7113,KANSL1,,4844,4844
7114,KANSL1-AS1,,19286,-1
7115,ARL17A,,14943,14943
7116,FAM215B,,19287,-1
7117,NSF,,1208,1208
7118,GOSR2,,3415,3415
7119,AC005670.3,,18984,-1
7120,CDC27,,65,65
7121,NPEPPS,,7782,7782
7122,KPNB1,,3414,3414
7123,MRPL10,,18986,-1
7124,SCRN2,,7785,7785
7125,AC018521.5,,18987,-1
7126,SP2,,11547,11547
7127,PNPO,,3416,3416
7128,CDK5RAP3,,3418,3418
7129,COPZ2,,86,86
7130,NFE2L1,,1528,1528
7131,CBX1,,3419,3419
7132,SNX11,,29,29
7133,CALCOCO2,,7000,7000
7134,ATP5MC1,,9910,9910
7135,UBE2Z,,9912,9912
7136,SNF8,,9914,9914
7137,IGF2BP1,,9918,9918
7138,ZNF652,,16350,16350
7139,PHB,,11524,11524
7140,SPOP,,4969,4969
7141,SLC35B1,,4971,4971
7142,KAT7,,7014,7014
7143,ITGA3,,106,106
7144,PDK2,,105,105
7145,PPP1R9B,,3473,3473
7146,COL1A1,,3474,3474
7147,XYLT2,,354,354
7148,MRPL27,,18989,-1
7149,LRRC59,,3477,3477
7150,RSAD1,,7001,7001
7151,SPATA20,,126,126
7152,ANKRD40,,9439,9439
7153,LUC7L3,,3482,3482
7154,TOB1,,7778,7778
7155,SPAG9,,208,208
7156,NME1,,17623,17623
7157,NME2,,17749,17749
7158,UTP18,,281,281
7159,TOM1L1,,7775,7775
7160,COX11,,11325,11325
7161,STXBP4,,11328,11328
7162,DGKE,,9322,9322
7163,TRIM25,,4967,4967
7164,COIL,,4966,4966
7165,SCPEP1,,4968,4968
7166,AKAP1,,4965,4965
7167,MSI2,,9324,9324
7168,MRPS23,,18991,-1
7169,CUEDC1,,14048,14048
7170,VEZF1,,7005,7005
7171,SRSF1,,7004,7004
7172,DYNLL2,,18126,18126
7173,SUPT4H1,,17018,17018
7174,MTMR4,,3408,3408
7175,RAD51C,,3406,3406
7176,TRIM37,,3409,3409
7177,SKA2,,14316,14316
7178,PRR11,,1015,1015
7179,SMG8,,11596,11596
7180,DHX40,,3411,3411
7181,CLTC,,7792,7792
7182,PTRH2,,7795,7795
7183,VMP1,,822,822
7184,RPS6KB1,,18994,-1
7185,HEATR6,,1003,1003
7186,USP32,,12354,12354
7187,APPBP2,,823,823
7188,PPM1D,,12356,12356
7189,BRIP1,,7013,7013
7190,INTS2,,3423,3423
7191,MED13,,3425,3425
7192,METTL2A,,1703,1703
7193,TLK2,,8557,8557
7194,MRC2,,272,272
7195,TANC2,,12378,12378
7196,CYB561,,207,207
7197,DCAF7,,7009,7009
7198,TACO1,,7007,7007
7199,MAP3K3,,16435,16435
7200,STRADA,,18142,18142
7201,CCDC47,,3440,3440
7202,DDX42,,16222,16222
7203,FTSJ3,,3443,3443
7204,PSMC5,,1675,1675
7205,SMARCD2,,3446,3446
7206,SNHG25,,18996,-1
7207,TEX2,,7008,7008
7208,DDX5,,3451,3451
7209,CEP95,,18043,18043
7210,SMURF2,,3485,3485
7211,GNA13,,4842,4842
7212,CEP112,,9365,9365
7213,PRKCA,,9363,9363
7214,HELZ,,16226,16226
7215,PSMD12,,15955,15955
7216,NOL11,,6133,6133
7217,BPTF,,12545,12545
7218,C17orf58,,15118,15118
7219,KPNA2,,14285,14285
7220,AMZ2,,15838,15838
7221,WIPI1,,1086,1086
7222,PRKAR1A,,3491,3491
7223,SOX9,,5446,5446
7224,LINC00511,,19288,-1
7225,COG1,,11428,11428
7226,FAM104A,,6476,6476
7227,C17orf80,,7777,7777
7228,RPL38,,18997,-1
7229,GPRC5C,,12265,12265
7230,SLC9A3R1,,3503,3503
7231,NAT9,,3505,3505
7232,FDXR,,10186,10186
7233,CDR2L,,3511,3511
7234,MRPL58,,18998,-1
7235,ATP5PD,,11714,11714
7236,NT5C,,5456,5456
7237,JPT1,,15599,15599
7238,SUMO2,,15478,15478
7239,NUP85,,5453,5453
7240,GGA3,,5451,5451
7241,MRPS7,,18999,-1
7242,MIF4GD,,5455,5455
7243,GRB2,,13622,13622
7244,TSEN54,,14227,14227
7245,SAP30BP,,10187,10187
7246,GALK1,,3422,3422
7247,H3F3B,,6348,6348
7248,UNK,,6349,6349
7249,WBP2,,6347,6347
7250,MRPL38,,19000,-1
7251,ACOX1,,10188,10188
7252,TEN1,,18023,18023
7253,SRP68,,11717,11717
7254,EXOC7,,14284,14284
7255,UBALD2,,14826,14826
7256,PRPSAP1,,10189,10189
7257,SPHK1,,13351,13351
7258,UBE2O,,13317,13317
7259,SNHG16,,19001,-1
7260,MXRA7,,14294,14294
7261,JMJD6,,1083,1083
7262,METTL23,,14080,14080
7263,SRSF2,,10191,10191
7264,MFSD11,,1929,1929
7265,SEC14L1,,5948,5948
7266,SEPTIN9,,14701,14701
7267,SYNGR2,,3448,3448
7268,TK1,,11720,11720
7269,AFMID,,19003,-1
7270,BIRC5,,1790,1790
7271,PGS1,,1674,1674
7272,USP36,,731,731
7273,TIMP2,,511,511
7274,LGALS3BP,,3455,3455
7275,CANT1,,12464,12464
7276,CBX4,,7850,7850
7277,TBC1D16,,11571,11571
7278,EIF4A3,,7835,7835
7279,RNF213,,12976,12976
7280,ENDOV,,12975,12975
7281,CHMP6,,13342,13342
7282,BAIAP2,,13305,13305
7283,NDUFAF8,,17360,17360
7284,SLC38A10,,9731,9731
7285,ACTG1,,14582,14582
7286,FAAP100,,14873,14873
7287,NPLOC4,,14278,14278
7288,TSPAN10,,14313,14313
7289,OXLD1,,16580,16580
7290,CCDC137,,14837,14837
7291,ARL16,,17111,17111
7292,HGS,,14850,14850
7293,MRPL12,,19005,-1
7294,SLC25A10,,14397,14397
7295,MCRIP1,,17372,17372
7296,P4HB,,14896,14896
7297,ARHGDIA,,7829,7829
7298,ALYREF,,14514,14514
7299,ANAPC11,,7837,7837
7300,PCYT2,,14938,14938
7301,SIRT7,,15256,15256
7302,MAFG,,15926,15926
7303,PYCR1,,14385,14385
7304,ASPSCR1,,12115,12115
7305,CENPX,,12113,12113
7306,LRRC45,,12110,12110
7307,RAC3,,12127,12127
7308,DCXR,,12124,12124
7309,RFNG,,12123,12123
7310,GPS1,,12122,12122
7311,DUS1L,,12121,12121
7312,FASN,,12117,12117
7313,SLC16A3,,7831,7831
7314,CSNK1D,,7836,7836
7315,OGFOD3,,14114,14114
7316,HEXD,,12106,12106
7317,CYBC1,,13769,13769
7318,NARF,,7840,7840
7319,FOXK2,,7842,7842
7320,WDR45B,,7849,7849
7321,RAB40B,,7834,7834
7322,FN3KRP,,7839,7839
7323,TBCD,,7838,7838
7324,METRNL,,13453,13453
7325,USP14,,2470,2470
7326,THOC1,,1406,1406
7327,TYMSOS,,19006,-1
7328,TYMS,,13457,13457
7329,ENOSF1,,6303,6303
7330,YES1,,13341,13341
7331,METTL4,,2472,2472
7332,NDC80,,1472,1472
7333,SMCHD1,,2474,2474
7334,LPIN2,,2473,2473
7335,MYL12A,,2476,2476
7336,MYL12B,,4681,4681
7337,TGIF1,,13545,13545
7338,DLGAP1-AS1,,19289,-1
7339,LINC00667,,19008,-1
7340,EPB41L3,,1520,1520
7341,PTPRM,,12916,12916
7342,RAB12,,16923,16923
7343,MTCL1,,11863,11863
7344,NDUFV2,,13659,13659
7345,ANKRD12,,2485,2485
7346,TWSG1,,5854,5854
7347,RALBP1,,366,366
7348,PPP4R1,,9430,9430
7349,RAB31,,11851,11851
7350,VAPA,,2471,2471
7351,NAPG,,6610,6610
7352,CHMP1B,,17944,17944
7353,MPPE1,,9433,9433
7354,IMPA2,,7800,7800
7355,TUBB6,,13324,13324
7356,AFG3L2,,7798,7798
7357,SPIRE1,,6611,6611
7358,PSMG2,,5853,5853
7359,PTPN2,,13230,13230
7360,SEH1L,,1603,1603
7361,CEP192,,2479,2479
7362,FAM210A,,13505,13505
7363,RNMT,,2480,2480
7364,ROCK1,,995,995
7365,ESCO1,,7811,7811
7366,SNRPD1,,11525,11525
7367,MIB1,,2488,2488
7368,GATA6,,7813,7813
7369,RBBP8,,2489,2489
7370,RIOK3,,2490,2490
7371,NPC1,,7817,7817
7372,TTC39C,,11796,11796
7373,OSBPL1A,,7812,7812
7374,IMPACT,,9337,9337
7375,SS18,,7796,7796
7376,KCTD1,,6650,6650
7377,CDH2,,12306,12306
7378,DSC3,,6690,6690
7379,DSG2,,592,592
7380,TRAPPC8,,9277,9277
7381,RNF138,,6687,6687
7382,MAPRE2,,11506,11506
7383,ZNF397,,15139,15139
7384,ZSCAN30,,15140,15140
7385,ZNF24,,12726,12726
7386,INO80C,,9279,9279
7387,GALNT1,,7805,7805
7388,C18orf21,,7804,7804
7389,RPRD1A,,7803,7803
7390,SLC39A6,,7802,7802
7391,ELP2,,6688,6688
7392,FHOD3,,6693,6693
7393,TPGS2,,6694,6694
7394,PIK3C3,,1371,1371
7395,EPG5,,9139,9139
7396,PSTPIP2,,9140,9140
7397,ATP5F1A,,9141,9141
7398,HAUS1,,9142,9142
7399,C18orf25,,9143,9143
7400,PIAS2,,1362,1362
7401,HDHD2,,11559,11559
7402,IER3IP1,,6567,6567
7403,SMAD2,,13233,13233
7404,CTIF,,6564,6564
7405,SMAD7,,2481,2481
7406,DYM,,7852,7852
7407,C18orf32,,13576,13576
7408,RPL17,,19011,-1
7409,ACAA2,,11575,11575
7410,MBD1,,7855,7855
7411,CXXC1,,9428,9428
7412,SKA1,,9429,9429
7413,ME2,,1515,1515
7414,ELAC1,,7854,7854
7415,SMAD4,,7856,7856
7416,MEX3C,,13425,13425
7417,MBD2,,6566,6566
7418,POLI,,2487,2487
7419,C18orf54,,11463,11463
7420,RAB27B,,558,558
7421,TCF4,,15817,15817
7422,TXNL1,,1862,1862
7423,FECH,,962,962
7424,NARS,,6638,6638
7425,ATP8B1,,1505,1505
7426,NEDD4L,,650,650
7427,MALT1,,12659,12659
7428,ZNF532,,1227,1227
7429,SEC11C,,11407,11407
7430,LMAN1,,1229,1229
7431,CCBE1,,14437,14437
7432,PMAIP1,,7861,7861
7433,PIGN,,16044,16044
7434,RELCH,,6640,6640
7435,TNFRSF11A,,7857,7857
7436,ZCCHC2,,7858,7858
7437,PHLPP1,,1504,1504
7438,KDSR,,4757,4757
7439,VPS4B,,4758,4758
7440,SERPINB2,,16065,16065
7441,SERPINB8,,11364,11364
7442,DSEL,,12496,12496
7443,TMX3,,11387,11387
7444,RTTN,,13362,13362
7445,SOCS6,,12329,12329
7446,TIMM21,,1259,1259
7447,CYB5A,,11351,11351
7448,CNDP2,,6488,6488
7449,LINC00909,,19290,-1
7450,ZNF407,,17223,17223
7451,ZADH2,,13932,13932
7452,ZNF236,,6129,6129
7453,MBP,,16152,16152
7454,CTDP1,,786,786
7455,SLC66A2,,5097,5097
7456,HSBP1L1,,17395,17395
7457,TXNL4A,,7873,7873
7458,RBFA,,2469,2469
7459,ADNP2,,2468,2468
7460,PLPP2,,7879,7879
7461,MIER2,,3037,3037
7462,TPGS1,,7878,7878
7463,CDC34,,2050,2050
7464,BSG,,12680,12680
7465,POLRMT,,2055,2055
7466,RNF126,,1081,1081
7467,FSTL3,,1079,1079
7468,PTBP1,,284,284
7469,MED16,,13205,13205
7470,R3HDM4,,16411,16411
7471,WDR18,,890,890
7472,TMEM259,,14208,14208
7473,CNN2,,866,866
7474,POLR2E,,2054,2054
7475,GPX4,,11599,11599
7476,STK11,,4619,4619
7477,ATP5F1D,,2039,2039
7478,MIDN,,11600,11600
7479,CIRBP,,2038,2038
7480,FAM174C,,17422,17422
7481,PWWP3A,,10143,10143
7482,NDUFS7,,4260,4260
7483,GAMT,,5972,5972
7484,DAZAP1,,1122,1122
7485,RPS15,,19013,-1
7486,C19orf25,,4760,4760
7487,MEX3D,,14136,14136
7488,MBD3,,1123,1123
7489,UQCR11,,5723,5723
7490,TCF3,,1120,1120
7491,REXO1,,1415,1415
7492,KLF16,,5961,5961
7493,ABHD17A,,5967,5967
7494,SCAMP4,,17412,17412
7495,CSNK1G2,,6486,6486
7496,BTBD2,,6480,6480
7497,MKNK2,,2063,2063
7498,MOB3A,,12642,12642
7499,AP3D1,,880,880
7500,DOT1L,,2897,2897
7501,PLEKHJ1,,2898,2898
7502,SF3A2,,2903,2903
7503,OAZ1,,2907,2907
7504,LSM7,,6023,6023
7505,SPPL2B,,84,84
7506,TIMM13,,2049,2049
7507,LMNB2,,13423,13423
7508,GADD45B,,2060,2060
7509,SLC39A3,,7876,7876
7510,SGTA,,2922,2922
7511,THOP1,,12629,12629
7512,TLE5,,2920,2920
7513,GNA11,,1711,1711
7514,NCLN,,5555,5555
7515,NFIC,,7877,7877
7516,DOHH,,5963,5963
7517,FZR1,,2981,2981
7518,MFSD12,,10165,10165
7519,HMG20B,,876,876
7520,PIP5K1C,,15008,15008
7521,MRPL54,,19015,-1
7522,DAPK3,,11655,11655
7523,EEF2,,11656,11656
7524,PIAS4,,2963,2963
7525,ZBTB7A,,13775,13775
7526,MAP2K2,,5668,5668
7527,SIRT6,,1345,1345
7528,YJU2,,2966,2966
7529,FSD1,,2969,2969
7530,SH3GL1,,7886,7886
7531,CHAF1A,,11658,11658
7532,UBXN6,,11659,11659
7533,HDGFL2,,11660,11660
7534,TNFAIP8L1,,14851,14851
7535,MYDGF,,1236,1236
7536,DPP9,,7888,7888
7537,FEM1A,,7882,7882
7538,PLIN3,,2987,2987
7539,UHRF1,,18316,18316
7540,KDM4B,,5734,5734
7541,SAFB2,,6009,6009
7542,SAFB,,10095,10095
7543,RPL36,,19016,-1
7544,MICOS13,,13143,13143
7545,HSD11B1L,,11677,11677
7546,LONP1,,15734,15734
7547,NDUFA11,,13136,13136
7548,RANBP3,,479,479
7549,MLLT1,,6032,6032
7550,CLPP,,5486,5486
7551,ALKBH7,,5485,5485
7552,GTF2F1,,5484,5484
7553,KHSRP,,1710,1710
7554,SLC25A23,,5482,5482
7555,GPR108,,5496,5496
7556,TRIP10,,5495,5495
7557,ARHGEF18,,2893,2893
7558,ZNF358,,16384,16384
7559,MCOLN1,,1836,1836
7560,PNPLA6,,482,482
7561,XAB2,,1317,1317
7562,PET100,,17444,17444
7563,TRAPPC5,,14076,14076
7564,MAP2K7,,1320,1320
7565,TGFBR3L,,18059,18059
7566,SNAPC2,,2926,2926
7567,CTXN1,,13714,13714
7568,TIMM44,,2928,2928
7569,ELAVL1,,929,929
7570,CD320,,11695,11695
7571,NDUFA7,,18166,18166
7572,RPS28,,19017,-1
7573,ANGPTL4,,11694,11694
7574,RAB11B,,14819,14819
7575,MARCH2,,2046,2046
7576,HNRNPM,,2045,2045
7577,ZNF414,,6483,6483
7578,ZNF699,,15661,15661
7579,ZNF426,,6121,6121
7580,ZNF121,,16149,16149
7581,ZNF561,,12503,12503
7582,ZNF561-AS1,,19291,-1
7583,ZNF562,,12501,12501
7584,FBXL12,,5709,5709
7585,UBL5,,16225,16225
7586,PIN1,,5708,5708
7587,SHFL,,6119,6119
7588,PPAN,,6116,6116
7589,EIF3G,,6117,6117
7590,DNMT1,,6120,6120
7591,MRPL4,,19018,-1
7592,FDX2,,18161,18161
7593,RAVER1,,10219,10219
7594,ICAM3,,1310,1310
7595,TYK2,,3001,3001
7596,CDC37,,3003,3003
7597,KEAP1,,1439,1439
7598,ATG4D,,6098,6098
7599,KRI1,,5913,5913
7600,CDKN2D,,5917,5917
7601,AP1M2,,5916,5916
7602,SLC44A2,,5915,5915
7603,ILF3-DT,,19019,-1
7604,ILF3,,5914,5914
7605,QTRT1,,17023,17023
7606,DNM2,,1433,1433
7607,TMED1,,2014,2014
7608,CARM1,,7926,7926
7609,YIPF2,,6097,6097
7610,TIMM29,,7924,7924
7611,SMARCA4,,5733,5733
7612,LDLR,,5990,5990
7613,SPC24,,10223,10223
7614,KANK2,,15971,15971
7615,TMEM205,,3029,3029
7616,PLPPR2,,3031,3031
7617,PRKCSH,,5994,5994
7618,ECSIT,,5989,5989
7619,ELOF1,,5991,5991
7620,ZNF433-AS1,,19021,-1
7621,ZNF791,,12984,12984
7622,MAN2B1,,2869,2869
7623,WDR83,,5174,5174
7624,WDR83OS,,3041,3041
7625,DHPS,,1955,1955
7626,FBXW9,,6284,6284
7627,TNPO2,,3040,3040
7628,TRIR,,5172,5172
7629,GET3,,16245,16245
7630,HOOK2,,1956,1956
7631,JUNB,,12452,12452
7632,PRDX2,,11705,11705
7633,DNASE2,,3046,3046
7634,GCDH,,3043,3043
7635,FARSA,,13810,13810
7636,CALR,,13826,13826
7637,RAD23A,,13832,13832
7638,GADD45GIP1,,13834,13834
7639,NFIX,,217,217
7640,TRMT1,,2908,2908
7641,NACC1,,10132,10132
7642,STX10,,2909,2909
7643,IER2,,10136,10136
7644,CCDC130,,2918,2918
7645,MRI1,,527,527
7646,C19orf53,,2927,2927
7647,AC020916.1,,19292,-1
7648,CC2D1A,,6289,6289
7649,DCAF15,,6288,6288
7650,RFX1,,6285,6285
7651,SAMD1,,7874,7874
7652,PRKACA,,1135,1135
7653,ASF1B,,2931,2931
7654,ADGRE5,,5173,5173
7655,DDX39A,,5170,5170
7656,PKN1,,5171,5171
7657,GIPC1,,5175,5175
7658,DNAJB1,,6282,6282
7659,TECR,,2048,2048
7660,NDUFB7,,2047,2047
7661,SYDE1,,2944,2944
7662,ILVBL,,2942,2942
7663,BRD4,,7875,7875
7664,AKAP8,,2940,2940
7665,AKAP8L,,279,279
7666,WIZ,,291,291
7667,TPM4,,11597,11597
7668,RAB8A,,11598,11598
7669,FAM32A,,2934,2934
7670,AP1M1,,1175,1175
7671,KLF2,,5719,5719
7672,EPS15L1,,5718,5718
7673,CHERP,,1624,1624
7674,SLC35E1,,5717,5717
7675,SMIM7,,17107,17107
7676,SIN3B,,5715,5715
7677,HAUS8,,6196,6196
7678,MYO9B,,2027,2027
7679,USE1,,694,694
7680,OCEL1,,2026,2026
7681,NR2F6,,10013,10013
7682,BABAM1,,3000,3000
7683,ABHD8,,5688,5688
7684,MRPL34,,19023,-1
7685,DDA1,,6021,6021
7686,GTPBP3,,6014,6014
7687,MVB12A,,7884,7884
7688,PGLS,,6022,6022
7689,COLGALT1,,6020,6020
7690,MAP1S,,6045,6045
7691,RPL18A,,19024,-1
7692,CCDC124,,163,163
7693,PIK3R2,,3055,3055
7694,MPV17L2,,17937,17937
7695,JUND,,6053,6053
7696,LSM4,,6052,6052
7697,PGPEP1,,6050,6050
7698,SSBP4,,6048,6048
7699,ELL,,3059,3059
7700,FKBP8,,3075,3075
7701,KXD1,,3074,3074
7702,UBA52,,17323,17323
7703,REX1BD,,112,112
7704,UPF1,,71,71
7705,COPE,,3063,3063
7706,DDX49,,3064,3064
7707,HOMER3,,672,672
7708,SUGP2,,862,862
7709,ARMC6,,3067,3067
7710,TMEM161A,,859,859
7711,BORCS8,,17938,17938
7712,RFXANK,,858,858
7713,NR2C2AP,,14602,14602
7714,SUGP1,,3076,3076
7715,MAU2,,5964,5964
7716,GATAD2A,,11604,11604
7717,NDUFA13,,14987,14987
7718,ATP13A1,,3083,3083
7719,ZNF430,,4678,4678
7720,ZNF714,,10068,10068
7721,ZNF431,,15839,15839
7722,ZNF708,,14219,14219
7723,ZNF91,,11560,11560
7724,ZNF675,,15996,15996
7725,ZNF254,,17001,17001
7726,LINC00662,,19026,-1
7727,UQCRFS1,,11974,11974
7728,POP4,,2948,2948
7729,C19orf12,,6274,6274
7730,URI1,,2950,2950
7731,ZNF507,,11926,11926
7732,PDCD5,,2951,2951
7733,NUDT19,,17093,17093
7734,CEP89,,4983,4983
7735,GPATCH1,,1309,1309
7736,CEBPG,,9314,9314
7737,PEPD,,5319,5319
7738,LSM14A,,18008,18008
7739,KIAA0355,,11363,11363
7740,GPI,,2959,2959
7741,PDCD2L,,5597,5597
7742,UBA2,,5601,5601
7743,WTIP,,7915,7915
7744,ZNF302,,1780,1780
7745,GRAMD1A,,1781,1781
7746,FXYD5,,1779,1779
7747,LSR,,3073,3073
7748,USF2,,3072,3072
7749,DMKN,,10174,10174
7750,TMEM147,,3068,3068
7751,RBM42,,5599,5599
7752,COX6B1,,5605,5605
7753,KMT2B,,18227,18227
7754,PSENEN,,16791,16791
7755,LIN37,,18165,18165
7756,PROSER3,,11629,11629
7757,APLP1,,2977,2977
7758,SDHAF1,,16789,16789
7759,CLIP3,,2972,2972
7760,WDR62,,1278,1278
7761,POLR2I,,2970,2970
7762,TBCB,,2968,2968
7763,CAPNS1,,5596,5596
7764,ZNF146,,11645,11645
7765,ZNF260,,17910,17910
7766,ZNF567,,15572,15572
7767,ZNF585A,,15899,15899
7768,SIPA1L3,,3086,3086
7769,SPINT2,,11648,11648
7770,YIF1B,,11650,11650
7771,KCNK6,,2028,2028
7772,PSMD8,,2030,2030
7773,SPRED3,,15514,15514
7774,FAM98C,,6008,6008
7775,EIF3K,,13782,13782
7776,ACTN4,,6036,6036
7777,ECH1,,2876,2876
7778,HNRNPL,,2877,2877
7779,SIRT2,,1027,1027
7780,NFKBIB,,2878,2878
7781,SARS2,,2882,2882
7782,MRPS12,,19031,-1
7783,FBXO17,,18188,18188
7784,PAK4,,6077,6077
7785,SAMD4B,,13813,13813
7786,PAF1,,149,149
7787,MED29,,834,834
7788,RPS16,,19032,-1
7789,SUPT5H,,15699,15699
7790,TIMM50,,2953,2953
7791,EID2B,,13390,13390
7792,EID2,,13388,13388
7793,DYRK1B,,2956,2956
7794,FBL,,2955,2955
7795,PSMC4,,318,318
7796,AKT2,,2960,2960
7797,PLD3,,2961,2961
7798,SERTAD1,,15911,15911
7799,SERTAD3,,11624,11624
7800,BLVRB,,1803,1803
7801,SHKBP1,,10075,10075
7802,LTBP4,,1802,1802
7803,NUMBL,,2964,2964
7804,SNRPA,,1338,1338
7805,RAB4B,,11626,11626
7806,EGLN2,,18203,18203
7807,AXL,,11631,11631
7808,HNRNPUL1,,2980,2980
7809,TGFB1,,2983,2983
7810,B9D2,,5243,5243
7811,EXOSC5,,1340,1340
7812,BCKDHA,,17808,17808
7813,DMAC2,,2985,2985
7814,RPS19,,19033,-1
7815,ARHGEF1,,1318,1318
7816,RABAC1,,3005,3005
7817,GRIK5,,3085,3085
7818,ZNF574,,3084,3084
7819,DEDD2,,10088,10088
7820,GSK3A,,3082,3082
7821,ERF,,3081,3081
7822,CIC,,1422,1422
7823,PAFAH1B3,,1425,1425
7824,MEGF8,,3011,3011
7825,ETHE1,,3088,3088
7826,XRCC1,,1177,1177
7827,IRGQ,,11586,11586
7828,ZNF576,,5336,5336
7829,ZNF428,,6172,6172
7830,PLAUR,,289,289
7831,SMG9,,3090,3090
7832,KCNN4,,2870,2870
7833,ZNF226,,11587,11587
7834,PVR,,1176,1176
7835,NECTIN2,,5999,5999
7836,TOMM40,,6001,6001
7837,CLPTM1,,2885,2885
7838,CLASRP,,2887,2887
7839,GEMIN7,,7913,7913
7840,MARK4,,161,161
7841,PPP1R37,,2889,2889
7842,ERCC2,,2896,2896
7843,PPP1R13L,,2894,2894
7844,CD3EAP,,4610,4610
7845,ERCC1,,303,303
7846,VASP,,5503,5503
7847,OPA3,,5499,5499
7848,SNRPD2,,5500,5500
7849,DMWD,,14934,14934
7850,SYMPK,,5504,5504
7851,IRF2BP1,,12313,12313
7852,PPP5C,,295,295
7853,CALM3,,10000,10000
7854,PRKD2,,2975,2975
7855,STRN4,,1815,1815
7856,FKRP,,14075,14075
7857,SLC1A5,,2974,2974
7858,AP2S1,,573,573
7859,ARHGAP35,,9998,9998
7860,TMEM160,,6100,6100
7861,ZC3H4,,6101,6101
7862,SAE1,,7911,7911
7863,BBC3,,2982,2982
7864,NAPA,,3004,3004
7865,EHD2,,428,428
7866,NOP53,,2993,2993
7867,SELENOW,,13781,13781
7868,LIG1,,3020,3020
7869,EMP3,,7910,7910
7870,KDELR1,,3012,3012
7871,GRWD1,,3014,3014
7872,CYTH2,,3013,3013
7873,RPL18,,19036,-1
7874,BCAT2,,3036,3036
7875,PPP1R15A,,1662,1662
7876,NUCB1,,2872,2872
7877,BAX,,1668,1668
7878,FTL,,1666,1666
7879,GYS1,,2874,2874
7880,RUVBL2,,14426,14426
7881,SNRNP70,,2884,2884
7882,LIN7B,,2888,2888
7883,TEAD2,,1214,1214
7884,PIH1D1,,2891,2891
7885,ALDH16A1,,10196,10196
7886,RPL13A,,19037,-1
7887,RPS11,,19038,-1
7888,FCGRT,,2890,2890
7889,NOSIP,,7939,7939
7890,PRR12,,5618,5618
7891,RRAS,,5615,5615
7892,SCAF1,,5617,5617
7893,IRF3,,5613,5613
7894,BCL2L12,,5612,5612
7895,PRMT1,,5614,5614
7896,AP2A1,,15898,15898
7897,MED25,,2924,2924
7898,PTOV1,,2919,2919
7899,PNKP,,19039,-1
7900,AKT1S1,,16704,16704
7901,TBC1D17,,2915,2915
7902,NUP62,,16994,16994
7903,ATF5,,11999,11999
7904,VRK3,,2933,2933
7905,NR1H2,,6209,6209
7906,POLD1,,824,824
7907,EMC10,,10207,10207
7908,JOSD2,,10208,10208
7909,C19orf48,,11680,11680
7910,CTU1,,7938,7938
7911,ETFB,,2996,2996
7912,ZNF175,,3022,3022
7913,PPP2R1A,,3039,3039
7914,ZNF766,,15691,15691
7915,ZNF480,,16267,16267
7916,ZNF83,,11688,11688
7917,ZNF160,,12386,12386
7918,MYADM,,13897,13897
7919,CACNG8,,7922,7922
7920,NDUFA3,,12374,12374
7921,TFPT,,3050,3050
7922,PRPF31,,3049,3049
7923,CNOT3,,1706,1706
7924,LENG1,,3048,3048
7925,MBOAT7,,5465,5465
7926,TSEN34,,12370,12370
7927,RPS9,,19041,-1
7928,LENG8,,11637,11637
7929,PPP1R12C,,5464,5464
7930,TNNT1,,2932,2932
7931,PPP6R1,,2935,2935
7932,HSPBP1,,6485,6485
7933,IL11,,1980,1980
7934,RPL28,,19042,-1
7935,UBE2S,,3383,3383
7936,ISOC2,,831,831
7937,NAT14,,1846,1846
7938,ZNF579,,17262,17262
7939,ZNF524,,12491,12491
7940,ZNF580,,16990,16990
7941,ZNF581,,12486,12486
7942,CCDC106,,12934,12934
7943,U2AF2,,832,832
7944,EPN1,,833,833
7945,ZNF787,,7923,7923
7946,ZNF444,,11663,11663
7947,ZNF667,,16171,16171
7948,ZNF667-AS1,,19293,-1
7949,ZIM3,,7880,7880
7950,ZNF264,,1562,1562
7951,AC005261.1,,19043,-1
7952,TRAPPC2B,,17977,17977
7953,ZNF749,,19044,-1
7954,ZNF587,,16268,16268
7955,AC008969.1,,19294,-1
7956,ZNF274,,12538,12538
7957,ZNF544,,16198,16198
7958,ERVK3-1,,7920,7920
7959,AC010642.2,,19045,-1
7960,A1BG,,19046,-1
7961,RPS5,,19047,-1
7962,SLC27A5,,1556,1556
7963,ZBTB45,,4761,4761
7964,TRIM28,,6095,6095
7965,CHMP2A,,6093,6093
7966,UBE2M,,6094,6094
7967,ZCCHC3,,17803,17803
7968,SOX12,,13608,13608
7969,NRSN2,,5528,5528
7970,TRIB3,,2405,2405
7971,RBCK1,,5523,5523
7972,TBC1D20,,5544,5544
7973,CSNK2A1,,2407,2407
7974,SRXN1,,18216,18216
7975,PSMF1,,5519,5519
7976,FKBP1A,,1735,1735
7977,NSFL1C,,1736,1736
7978,SIRPA,,16173,16173
7979,STK35,,5526,5526
7980,SNRPB,,5527,5527
7981,NOP56,,2431,2431
7982,IDH3B,,2433,2433
7983,VPS16,,17217,17217
7984,PTPRA,,6382,6382
7985,MRPS26,,19049,-1
7986,FASTKD5,,17210,17210
7987,DDRGK1,,16207,16207
7988,ITPA,,5545,5545
7989,ATRN,,1732,1732
7990,C20orf27,,2397,2397
7991,CENPB,,5518,5518
7992,CDC25B,,2399,2399
7993,AP5S1,,5529,5529
7994,MAVS,,1742,1742
7995,PANK2,,5507,5507
7996,RNF24,,2401,2401
7997,SMOX,,1733,1733
7998,PRNP,,12598,12598
7999,SLC23A2,,1756,1756
8000,TMEM230,,1758,1758
8001,PCNA,,6378,6378
8002,CDS2,,2411,2411
8003,GPCPD1,,5505,5505
8004,TRMT6,,1770,1770
8005,MCM8,,5548,5548
8006,CRLS1,,1729,1729
8007,BMP2,,5531,5531
8008,TMX4,,5524,5524
8009,PLCB1,,14315,14315
8010,PLCB4,,2421,2421
8011,MKKS,,5537,5537
8012,JAG1,,2435,2435
8013,BTBD3,,6377,6377
8014,ESF1,,1753,1753
8015,NDUFAF5,,2403,2403
8016,KIF16B,,1769,1769
8017,SNRPB2,,5541,5541
8018,DSTN,,5539,5539
8019,RRBP1,,5530,5530
8020,SNX5,,1749,1749
8021,MGME1,,5542,5542
8022,PET117,,17500,17500
8023,POLR3F,,6380,6380
8024,RBBP9,,1754,1754
8025,SEC23B,,2416,2416
8026,SMIM26,,17493,17493
8027,DTD1,,5521,5521
8028,RIN2,,6381,6381
8029,NAA20,,12901,12901
8030,CRNKL1,,2426,2426
8031,XRN2,,1745,1745
8032,THBD,,13740,13740
8033,NXT1,,6379,6379
8034,GZF1,,5513,5513
8035,CST3,,2447,2447
8036,APMAP,,2464,2464
8037,ENTPD6,,16052,16052
8038,PYGB,,2344,2344
8039,ABHD12,,2345,2345
8040,GINS1,,2347,2347
8041,HM13,,2412,2412
8042,ID1,,5564,5564
8043,BCL2L1,,12526,12526
8044,TPX2,,1716,1716
8045,PDRG1,,1717,1717
8046,TM9SF4,,2424,2424
8047,POFUT1,,2427,2427
8048,KIF3B,,2430,2430
8049,ASXL1,,12498,12498
8050,NOL4L,,15959,15959
8051,COMMD7,,8884,8884
8052,MAPRE1,,2434,2434
8053,CDK5RAP1,,2436,2436
8054,E2F1,,2440,2440
8055,CHMP4B,,2443,2443
8056,RALY,,5565,5565
8057,EIF2S2,,5568,5568
8058,AHCY,,2452,2452
8059,ITCH,,1394,1394
8060,DYNLRB1,,5566,5566
8061,PIGU,,2461,2461
8062,NCOA6,,16314,16314
8063,GSS,,2340,2340
8064,TRPC4AP,,2343,2343
8065,EDEM2,,1713,1713
8066,PROCR,,2346,2346
8067,MMP24OS,,5575,5575
8068,EIF6,,17712,17712
8069,UQCC1,,2350,2350
8070,CEP250,,5573,5573
8071,ERGIC3,,5569,5569
8072,SPAG4,,807,807
8073,CPNE1,,17110,17110
8074,RBM12,,17781,17781
8075,NFS1,,17762,17762
8076,ROMO1,,5570,5570
8077,RBM39,,6157,6157
8078,PHF20,,433,433
8079,SCAND1,,12451,12451
8080,NORAD,,19051,-1
8081,EPB41L1,,1718,1718
8082,AAR2,,6154,6154
8083,DLGAP4,,1469,1469
8084,MYL9,,2422,2422
8085,TGIF2,,4686,4686
8086,RAB5IF,,2359,2359
8087,NDRG3,,2357,2357
8088,DSN1,,8888,8888
8089,SOGA1,,8889,8889
8090,SAMHD1,,2428,2428
8091,RBL1,,1468,1468
8092,RPN2,,4685,4685
8093,MANBAL,,2432,2432
8094,BLCAP,,11420,11420
8095,CTNNBL1,,6406,6406
8096,TTI1,,2439,2439
8097,RPRD1B,,2441,2441
8098,TGM2,,16462,16462
8099,SNHG17,,19052,-1
8100,SNHG11,,19053,-1
8101,RALGAPB,,12284,12284
8102,FAM83D,,2455,2455
8103,TOP1,,16433,16433
8104,ZHX3,,13048,13048
8105,CHD6,,5285,5285
8106,SRSF6,,5288,5288
8107,IFT52,,2353,2353
8108,MYBL2,,2354,2354
8109,TOX2,,5287,5287
8110,OSER1,,6411,6411
8111,TTPAL,,5272,5272
8112,SERINC3,,6412,6412
8113,PKIG,,11906,11906
8114,YWHAB,,11485,11485
8115,TOMM34,,438,438
8116,STK4,,2363,2363
8117,SDC4,,5277,5277
8118,SYS1,,16546,16546
8119,DBNDD2,,17775,17775
8120,PIGT,,5279,5279
8121,DNTTIP1,,2458,2458
8122,UBE2C,,13170,13170
8123,SNX21,,5269,5269
8124,ACOT8,,2463,2463
8125,CTSA,,861,861
8126,PCIF1,,2339,2339
8127,NCOA5,,5281,5281
8128,SLC35C2,,1443,1443
8129,TP53RK,,12686,12686
8130,ZMYND8,,2351,2351
8131,NCOA3,,5278,5278
8132,ARFGEF2,,5291,5291
8133,CSE1L,,5295,5295
8134,STAU1,,5298,5298
8135,DDX27,,5306,5306
8136,ZNFX1,,5292,5292
8137,ZFAS1,,19054,-1
8138,B4GALT5,,9821,9821
8139,RNF114,,5304,5304
8140,SNAI1,,5300,5300
8141,UBE2V1,,17793,17793
8142,TMEM189,,17661,17661
8143,CEBPB,,12668,12668
8144,PTPN1,,15746,15746
8145,BCAS4,,5310,5310
8146,ADNP,,2365,2365
8147,DPM1,,2,2
8148,ZFP64,,388,388
8149,ZNF217,,12609,12609
8150,PFDN4,,2366,2366
8151,FAM210B,,5266,5266
8152,AURKA,,1698,1698
8153,CSTF1,,2368,2368
8154,RTF2,,404,404
8155,RAE1,,2370,2370
8156,PMEPA1,,5303,5303
8157,RAB22A,,5296,5296
8158,VAPB,,5282,5282
8159,STX16,,5302,5302
8160,NPEPL1,,17224,17224
8161,GNAS,,19055,-1
8162,NELFCD,,2373,2373
8163,CTSZ,,2374,2374
8164,ATP5F1E,,5284,5284
8165,PRELID3B,,2377,2377
8166,FAM217B,,15695,15695
8167,LSM14B,,8892,8892
8168,PSMA7,,2380,2380
8169,MTG2,,2379,2379
8170,OSBPL2,,6085,6085
8171,ADRM1,,6086,6086
8172,RPS21,,19056,-1
8173,MRGBP,,2383,2383
8174,OGFR,,791,791
8175,TCFL5,,2384,2384
8176,DIDO1,,2385,2385
8177,GID8,,2386,2386
8178,YTHDF1,,8893,8893
8179,ARFGAP1,,2390,2390
8180,PPDPF,,5472,5472
8181,MHENCR,,19057,-1
8182,ARFRP1,,2402,2402
8183,ZGPAT,,15937,15937
8184,SLC2A4RG,,5468,5468
8185,TPD52L2,,2371,2371
8186,DNAJC5,,2372,2372
8187,UCKL1,,16229,16229
8188,ZNF512B,,15837,15837
8189,PRPF6,,2375,2375
8190,TCEA2,,12553,12553
8191,PCMTD2,,16513,16513
8192,CU638689.4,,19059,-1
8193,HSPA13,,9471,9471
8194,NRIP1,,14000,14000
8195,USP25,,9473,9473
8196,BTG3,,9405,9405
8197,MIR155HG,,19295,-1
8198,MRPL39,,19063,-1
8199,ATP5PF,,9414,9414
8200,GABPA,,9415,9415
8201,APP,,7905,7905
8202,ADAMTS1,,9416,9416
8203,N6AMT1,,9571,9571
8204,LTN1,,16413,16413
8205,RWDD2B,,9572,9572
8206,USP16,,9573,9573
8207,CCT8,,9574,9574
8208,BACH1,,9577,9577
8209,SOD1,,7899,7899
8210,SCAF4,,9582,9582
8211,MIS18A,,9890,9890
8212,URB1,,7907,7907
8213,CFAP298,,9893,9893
8214,PAXBP1,,9895,9895
8215,IFNAR2,,9896,9896
8216,IL10RB,,17745,17745
8217,IFNAR1,,7898,7898
8218,IFNGR2,,9897,9897
8219,TMEM50B,,7904,7904
8220,GART,,9898,9898
8221,SON,,9899,9899
8222,DONSON,,9900,9900
8223,CRYZL1,,16864,16864
8224,ITSN1,,16860,16860
8225,ATP5PO,,17693,17693
8226,MRPS6,,19065,-1
8227,SLC5A3,,16352,16352
8228,RCAN1,,9911,9911
8229,RUNX1,,9917,9917
8230,SETD4,,14961,14961
8231,CBR1,,9920,9920
8232,CBR3,,9921,9921
8233,DOP1B,,7906,7906
8234,MORC3,,9924,9924
8235,CHAF1B,,9925,9925
8236,SIM2,,9927,9927
8237,HLCS,,9928,9928
8238,PIGP,,14936,14936
8239,TTC3,,14323,14323
8240,VPS26C,,9717,9717
8241,DYRK1A,,9718,9718
8242,ETS2,,9722,9722
8243,PSMG1,,14480,14480
8244,BRWD1,,14905,14905
8245,HMGN1,,16844,16844
8246,GET1,,14209,14209
8247,BACE2,,14244,14244
8248,C2CD2,,9729,9729
8249,ZBTB21,,12881,12881
8250,WDR4,,10028,10028
8251,NDUFV3,,10029,10029
8252,PKNOX1,,10030,10030
8253,HSF2BP,,10033,10033
8254,RRP1B,,10034,10034
8255,PDXK,,10035,10035
8256,CSTB,,10037,10037
8257,RRP1,,10038,10038
8258,AGPAT3,,10039,10039
8259,TRAPPC10,,10040,10040
8260,PFKL,,19068,-1
8261,CFAP410,,10044,10044
8262,UBE2G2,,14724,14724
8263,SUMO3,,14741,14741
8264,PTTG1IP,,14430,14430
8265,FAM207A,,10048,10048
8266,POFUT2,,15152,15152
8267,SLC19A1,,12947,12947
8268,SPATC1L,,10051,10051
8269,MCM3AP,,10054,10054
8270,YBEY,,14269,14269
8271,C21orf58,,10055,10055
8272,PCNT,,10056,10056
8273,DIP2A,,10057,10057
8274,PRMT2,,10059,10059
8275,IL17RA,,13586,13586
8276,HDHD5,,1060,1060
8277,ATP6V1E1,,6170,6170
8278,BCL2L13,,2079,2079
8279,BID,,352,352
8280,MICAL3,,17730,17730
8281,PEX26,,17206,17206
8282,DGCR2,,1080,1080
8283,ESS2,,2104,2104
8284,SLC25A1,,2108,2108
8285,HIRA,,2113,2113
8286,C22orf39,,17709,17709
8287,MRPL40,,19074,-1
8288,UFD1,,1061,1061
8289,CDC45,,1934,1934
8290,RTL10,,17192,17192
8291,TXNRD2,,14667,14667
8292,COMT,,1935,1935
8293,TANGO2,,14493,14493
8294,DGCR8,,5777,5777
8295,TRMT2A,,2065,2065
8296,RANBP1,,19075,-1
8297,ZDHHC8,,2066,2066
8298,DGCR6L,,5776,5776
8299,MED15,,2068,2068
8300,PI4KA,,17698,17698
8301,SNAP29,,2070,2070
8302,CRKL,,2071,2071
8303,THAP7,,14661,14661
8304,UBE2L3,,14903,14903
8305,YDJC,,10167,10167
8306,SDF2L1,,5780,5780
8307,PPIL2,,2092,2092
8308,MAPK1,,2097,2097
8309,PPM1F,,2099,2099
8310,BCR,,15125,15125
8311,SMARCB1,,2075,2075
8312,SLC2A11,,6503,6503
8313,MIF,,17665,17665
8314,GSTT2B,,6501,6501
8315,DDT,,2081,2081
8316,CABIN1,,2083,2083
8317,SPECC1L,,2091,2091
8318,GUCD1,,7466,7466
8319,SNRPD3,,2095,2095
8320,KIAA1671,,15928,15928
8321,HPS4,,2117,2117
8322,SRRD,,2119,2119
8323,TFIP11,,2122,2122
8324,TPST2,,5794,5794
8325,LINC01638,,19296,-1
8326,MN1,,12007,12007
8327,PITPNB,,14060,14060
8328,TTC28-AS1,,19079,-1
8329,HSCB,,2146,2146
8330,CCDC117,,9987,9987
8331,XBP1,,2150,2150
8332,RHBDD3,,2166,2166
8333,EWSR1,,14372,14372
8334,GAS2L1,,14845,14845
8335,AP1B1,,2170,2170
8336,THOC5,,2178,2178
8337,NIPSNAP1,,14594,14594
8338,NF2,,15104,15104
8339,ZMAT5,,2188,2188
8340,UQCR10,,14590,14590
8341,ASCC2,,2192,2192
8342,LIF,,5803,5803
8343,SF3A1,,2086,2086
8344,RNF215,,2088,2088
8345,SEC14L2,,2089,2089
8346,MTFP1,,17702,17702
8347,PES1,,2096,2096
8348,SLC35E4,,2100,2100
8349,MORC2,,6499,6499
8350,TUG1,,19080,-1
8351,SMTN,,14576,14576
8352,SELENOM,,16392,16392
8353,RNF185,,7468,7468
8354,LIMK2,,14295,14295
8355,DRG1,,14917,14917
8356,EIF4ENIF1,,14712,14712
8357,SFI1,,16185,16185
8358,PISD,,17696,17696
8359,PRR14L,,14481,14481
8360,YWHAH,,5782,5782
8361,RTCB,,2151,2151
8362,FBXO7,,2153,2153
8363,TIMP3,,2157,2157
8364,HMGXB4,,2171,2171
8365,TOM1,,2172,2172
8366,HMOX1,,2176,2176
8367,MCM5,,2179,2179
8368,RBFOX2,,2189,2189
8369,APOL2,,5801,5801
8370,MYH9,,2199,2199
8371,TXN2,,2202,2202
8372,EIF3D,,2205,2205
8373,IFT27,,2208,2208
8374,TST,,5798,5798
8375,MPST,,5796,5796
8376,KCTD17,,2216,2216
8377,CARD10,,2106,2106
8378,CDC42EP1,,5791,5791
8379,GGA1,,2112,2112
8380,PDXP,,17678,17678
8381,LGALS1,,2116,2116
8382,NOL12,,18255,18255
8383,TRIOBP,,2121,2121
8384,GCAT,,2123,2123
8385,ANKRD54,,2126,2126
8386,EIF3L,,2127,2127
8387,AL022311.1,,19081,-1
8388,MICALL1,,2129,2129
8389,POLR2F,,2130,2130
8390,PICK1,,2134,2134
8391,MAFF,,14776,14776
8392,TMEM184B,,16370,16370
8393,CSNK1E,,17085,17085
8394,KDELR3,,2141,2141
8395,DDX17,,2143,2143
8396,CBY1,,2147,2147
8397,TOMM22,,2148,2148
8398,JOSD1,,2152,2152
8399,GTPBP1,,2154,2154
8400,SUN2,,2160,2160
8401,DNAL4,,2162,2162
8402,CBX6,,14531,14531
8403,RPL3,,19082,-1
8404,SYNGR1,,2190,2190
8405,MIEF1,,2194,2194
8406,ATF4,,5788,5788
8407,RPS19BP1,,19083,-1
8408,TNRC6B,,2206,2206
8409,ADSL,,17633,17633
8410,SGSM3,,2207,2207
8411,MRTFA,,15808,15808
8412,SLC25A17,,2213,2213
8413,ST13,,2217,2217
8414,XPNPEP3,,15700,15700
8415,RBX1,,2219,2219
8416,EP300,,2220,2220
8417,L3MBTL2,,2221,2221
8418,RANGAP1,,2223,2223
8419,ZC3H7B,,2224,2224
8420,TOB2,,14565,14565
8421,PHF5A,,2225,2225
8422,ACO2,,2226,2226
8423,POLR3H,,2227,2227
8424,PMM1,,2229,2229
8425,DESI1,,2230,2230
8426,XRCC6,,15755,15755
8427,SNU13,,2128,2128
8428,CENPM,,2137,2137
8429,SMDT1,,14421,14421
8430,NDUFA6,,14759,14759
8431,TCF20,,2145,2145
8432,RRP7A,,15624,15624
8433,POLDIP3,,2155,2155
8434,CYB5R3,,2161,2161
8435,ARFGAP3,,17707,17707
8436,PACSIN2,,2167,2167
8437,MCAT,,2177,2177
8438,TSPO,,2182,2182
8439,TTLL12,,2184,2184
8440,SAMM50,,2201,2201
8441,PARVB,,15494,15494
8442,RTL6,,15484,15484
8443,NUP50,,1933,1933
8444,KIAA0930,,2210,2210
8445,Z95331.1,,19084,-1
8446,ATXN10,,6071,6071
8447,PRR34-AS1,,19297,-1
8448,MIRLET7BHG,,19298,-1
8449,GTSE1,,1250,1250
8450,TRMU,,2228,2228
8451,CERK,,2231,2231
8452,TBC1D22A,,712,712
8453,BRD1,,2232,2232
8454,ZBED4,,2233,2233
8455,ALG12,,14354,14354
8456,CRELD2,,14604,14604
8457,PIM3,,16244,16244
8458,TRABD,,12326,12326
8459,SELENOO,,1183,1183
8460,MAPK12,,15386,15386
8461,PLXNB2,,15803,15803
8462,PPP6R2,,2158,2158
8463,SBF1,,2159,2159
8464,LMF2,,2165,2165
8465,NCAPH2,,437,437
8466,SCO2,,18463,18463
8467,CHKB,,2174,2174
8468,RABL2B,,1438,1438
8469,PLCXD1,,14271,14271
8470,GTPBP6,,13726,13726
8471,PPP2R3B,,11589,11589
8472,SLC25A6,,11991,11991
8473,ASMTL,,11990,11990
8474,AKAP17A,,16153,16153
8475,DHRSX,,11987,11987
8476,ZBED1,,17167,17167
8477,CD99,,22,22
8478,PRKX,,14573,14573
8479,BX890604.2,,19089,-1
8480,PUDP,,5973,5973
8481,ANOS1,,278,278
8482,TBL1X,,2498,2498
8483,WWC3,,613,613
8484,MID1,,2502,2502
8485,HCCS,,68,68
8486,MSL3,,88,88
8487,PRPS2,,2509,2509
8488,TMSB4X,,16840,16840
8489,RAB9A,,5228,5228
8490,TRAPPC2,,15771,15771
8491,OFD1,,594,594
8492,GEMIN8,,593,593
8493,FANCB,,14131,14131
8494,MOSPD2,,5987,5987
8495,PIR,,1700,1700
8496,ZRSR2,,12030,12030
8497,AP1S2,,14254,14254
8498,CTPS2,,600,600
8499,SYAP1,,12154,12154
8500,TXLNG,,1652,1652
8501,RBBP7,,2539,2539
8502,SCML1,,612,612
8503,PDHA1,,6259,6259
8504,SH3KBP1,,8568,8568
8505,EIF1AX,,12953,12953
8506,RPS6KA3,,19090,-1
8507,MBTPS2,,306,306
8508,SMS,,2556,2556
8509,PRDX4,,5169,5169
8510,ACOT9,,5168,5168
8511,SAT1,,5984,5984
8512,APOO,,14729,14729
8513,EIF2S3,,6099,6099
8514,ZFX,,107,107
8515,POLA1,,2501,2501
8516,DMD,,16457,16457
8517,TMEM47,,8569,8569
8518,DYNLT3,,11070,11070
8519,SRPX,,2517,2517
8520,RPGR,,9583,9583
8521,MID1IP1,,11072,11072
8522,BCOR,,14449,14449
8523,ATP6AP2,,14240,14240
8524,CXorf38,,14926,14926
8525,MED14,,13952,13952
8526,USP9X,,5342,5342
8527,DDX3X,,17216,17216
8528,CASK,,8572,8572
8529,FUNDC1,,1047,1047
8530,KDM6A,,8573,8573
8531,MIR222HG,,19299,-1
8532,CHST7,,8582,8582
8533,SLC9A7,,923,923
8534,NDUFB11,,8584,8584
8535,RBM10,,14358,14358
8536,UBA1,,6143,6143
8537,CDK16,,2563,2563
8538,USP11,,2564,2564
8539,ARAF,,1364,1364
8540,TIMP1,,2570,2570
8541,ELK1,,5642,5642
8542,UXT,,5640,5640
8543,FTSJ1,,1014,1014
8544,PORCN,,2576,2576
8545,EBP,,8593,8593
8546,RBM3,,2579,2579
8547,WDR13,,2514,2514
8548,PCSK1N,,2550,2550
8549,PQBP1,,2548,2548
8550,TIMM17B,,5643,5643
8551,SLC35A2,,2547,2547
8552,OTUD5,,1007,1007
8553,GRIPAP1,,1013,1013
8554,TFE3,,1008,1008
8555,PRAF2,,17732,17732
8556,WDR45,,15906,15906
8557,GPKOW,,1012,1012
8558,PLP2,,2528,2528
8559,CCDC22,,2525,2525
8560,GSPT2,,15638,15638
8561,MAGED1,,13827,13827
8562,TSPYL2,,14611,14611
8563,KDM5C,,5577,5577
8564,SMC1A,,1154,1154
8565,HSD17B10,,1155,1155
8566,HUWE1,,1655,1655
8567,FAM120C,,14591,14591
8568,WNK3,,15818,15818
8569,TSR2,,9834,9834
8570,GNL3L,,5985,5985
8571,MAGED2,,2578,2578
8572,APEX2,,12008,12008
8573,FAM104B,,14292,14292
8574,RRAGB,,1553,1553
8575,UBQLN2,,15363,15363
8576,NBDY,,16588,16588
8577,LINC01278,,19300,-1
8578,ARHGEF9,,6165,6165
8579,LAS1L,,12,12
8580,MSN,,8574,8574
8581,OPHN1,,1426,1426
8582,YIPF6,,14152,14152
8583,IGBP1,,1778,1778
8584,PDZD11,,4896,4896
8585,KIF4A,,1842,1842
8586,DLG3,,1522,1522
8587,SNX12,,8596,8596
8588,ZMYM3,,8587,8587
8589,NONO,,8590,8590
8590,TAF1,,8588,8588
8591,OGT,,8595,8595
8592,PIN4,,2575,2575
8593,ERCC6L,,15155,15155
8594,RPS4X,,19092,-1
8595,HDAC8,,8577,8577
8596,XIST,,19093,-1
8597,FTX,,19094,-1
8598,JPX,,19095,-1
8599,SLC16A2,,8578,8578
8600,RLIM,,6192,6192
8601,ABCB7,,6194,6194
8602,PBDC1,,2587,2587
8603,ATRX,,1596,1596
8604,MAGT1,,2555,2555
8605,COX7B,,6182,6182
8606,PGK1,,2553,2553
8607,TAF9B,,15240,15240
8608,BRWD3,,11101,11101
8609,SH3BGRL,,6181,6181
8610,APOOL,,9444,9444
8611,CHM,,15447,15447
8612,KLHL4,,2571,2571
8613,DIAPH2,,8602,8602
8614,TSPAN6,,0,0
8615,SRPX2,,2581,2581
8616,CSTF2,,2491,2491
8617,CENPI,,2584,2584
8618,TIMM8A,,5673,5673
8619,RPL36A,,19096,-1
8620,GLA,,2588,2588
8621,HNRNPH2,,5669,5669
8622,ARMCX1,,5670,5670
8623,ARMCX6,,16463,16463
8624,ARMCX3,,2589,2589
8625,ARMCX2,,14736,14736
8626,TMSB15A,,9792,9792
8627,BEX1,,6475,6475
8628,BEX4,,2590,2590
8629,TCEAL8,,14061,14061
8630,TCEAL9,,14817,14817
8631,BEX3,,11426,11426
8632,TCEAL4,,6474,6474
8633,TCEAL3,,15786,15786
8634,TCEAL1,,12725,12725
8635,MORF4L2,,5221,5221
8636,FAM199X,,5225,5225
8637,NRK,,5224,5224
8638,TBC1D8B,,6473,6473
8639,MORC4,,6470,6470
8640,RBM41,,1789,1789
8641,PRPS1,,8605,8605
8642,TSC22D3,,9716,9716
8643,PSMD10,,2495,2495
8644,ATG4A,,2496,2496
8645,COL4A5,,15389,15389
8646,ACSL4,,1010,1010
8647,TMEM164,,9726,9726
8648,AMMECR1,,2512,2512
8649,CHRDL1,,2513,2513
8650,ALG13,,2508,2508
8651,PLS3,,2531,2531
8652,WDR44,,6243,6243
8653,IL13RA1,,6242,6242
8654,PGRMC1,,2500,2500
8655,SLC25A5,,73,73
8656,UBE2A,,1354,1354
8657,NKRF,,15069,15069
8658,SEPTIN6,,5437,5437
8659,RPL39,,19098,-1
8660,UPF3B,,5435,5435
8661,RNF113A,,5436,5436
8662,NDUFA1,,5439,5439
8663,NKAP,,2503,2503
8664,LAMP2,,108,108
8665,CUL4B,,9803,9803
8666,MCTS1,,17486,17486
8667,C1GALT1C1,,12432,12432
8668,THOC2,,5489,5489
8669,XIAP,,2519,2519
8670,STAG2,,2520,2520
8671,SMARCA1,,2535,2535
8672,OCRL,,5064,5064
8673,ZDHHC9,,15499,15499
8674,UTP14A,,9624,9624
8675,AIFM1,,9625,9625
8676,SLC25A14,,2543,2543
8677,RBMX2,,6669,6669
8678,ENOX2,,11184,11184
8679,STK26,,6670,6670
8680,RAP2C,,5240,5240
8681,PHF6,,9609,9609
8682,HPRT1,,11196,11196
8683,FAM122B,,9604,9604
8684,MOSPD1,,2511,2511
8685,SMIM10,,14722,14722
8686,RTL8C,,6666,6666
8687,RTL8A,,16524,16524
8688,MMGT1,,12069,12069
8689,MAP7D3,,5952,5952
8690,HTATSF1,,2567,2567
8691,RBMX,,8614,8614
8692,ATP11C,,2521,2521
8693,LDOC1,,14234,14234
8694,FMR1,,2544,2544
8695,IDS,,258,258
8696,CXorf40B,,15913,15913
8697,MTMR1,,838,838
8698,CD99L2,,2559,2559
8699,HMGB3,,469,469
8700,VMA21,,10016,10016
8701,CETN2,,8622,8622
8702,NSDHL,,8620,8620
8703,ZNF185,,8621,8621
8704,CCNQ,,18108,18108
8705,SLC6A8,,6122,6122
8706,BCAP31,,14942,14942
8707,IDH3G,,991,991
8708,SSR4,,14045,14045
8709,NAA10,,2532,2532
8710,HCFC1,,12740,12740
8711,IRAK1,,14616,14616
8712,MECP2,,11980,11980
8713,FLNA,,15889,15889
8714,EMD,,2551,2551
8715,RPL10,,19099,-1
8716,DNASE1L1,,331,331
8717,TAZ,,2552,2552
8718,ATP6AP1,,1119,1119
8719,GDI1,,16512,16512
8720,FAM50A,,1126,1126
8721,PLXNA3,,6125,6125
8722,LAGE3,,15903,15903
8723,UBL4A,,2558,2558
8724,SLC10A3,,5667,5667
8725,FAM3A,,1127,1127
8726,G6PD,,10036,10036
8727,IKBKG,,18190,18190
8728,DKC1,,6124,6124
8729,MPP1,,6127,6127
8730,F8A1,,18340,18340
8731,FUNDC2,,11207,11207
8732,CMC4,,14331,14331
8733,BRCC3,,14876,14876
8734,VBP1,,9532,9532
8735,VAMP7,,5322,5322
8736,MT-ND1,,16426,16426
8737,MT-ND2,,16359,16359
8738,MT-CO1,,16378,16378
8739,MT-CO2,,16334,16334
8740,MT-ATP8,,19100,-1
8741,MT-ATP6,,16432,16432
8742,MT-CO3,,16453,16453
8743,MT-ND3,,16399,16399
8744,MT-ND4L,,16984,16984
8745,MT-ND4,,16424,16424
8746,MT-ND5,,16367,16367
8747,MT-ND6,,16330,16330
8748,MT-CYB,,16342,16342
